{"result": 1, "total": 1, "records": 98, "thead": ["省份", "流域", "断面名称", "监测时间", "水质类别", "水温<br/><span class='unit'>(℃)</span>", "pH<br/><span class='unit'>(无量纲)</span>", "溶解氧<br/><span class='unit'>(mg/L)</span>", "电导率<br/><span class='unit'>(μS/cm)</span>", "浊度<br/><span class='unit'>(NTU)</span>", "高锰酸盐指数<br/><span class='unit'>(mg/L)</span>", "氨氮<br/><span class='unit'>(mg/L)</span>", "总磷<br/><span class='unit'>(mg/L)</span>", "总氮<br/><span class='unit'>(mg/L)</span>", "叶绿素α<br/><span class='unit'>(mg/L)</span>", "藻密度<br/><span class='unit'>(cells/L)</span>", "站点情况"], "tbody": [["北京市", "海河流域", "<span data-toggle='tooltip' data-placement='right' title='所在地市:门头沟区&#10;所属河流:永定河'>沿河城</span>", null, "", "--", "--", "--", "--", "--", "--", "--", "--", "--", "*", "*", "停站"], ["北京市", "海河流域", "<span data-toggle='tooltip' data-placement='right' title='所在地市:密云区&#10;所属河流:潮河'>古北口</span>", null, "", "--", "--", "--", "--", "--", "--", "--", "--", "--", "*", "*", "停站"], ["天津市", "海河流域", "<span data-toggle='tooltip' data-placement='right' title='所在地市:河北区&#10;所属河流:海河'>三岔口</span>", "01-02 08:00", "Ⅰ", "<span data-toggle='tooltip' data-placement='right' title='原始值：2.8714'>2.9</span>", "<span data-toggle='tooltip' data-placement='right' title='原始值：8.2698'>8.27</span>", "<span data-toggle='tooltip' data-placement='right' title='原始值：12.943'>12.94</span>", "<span data-toggle='tooltip' data-placement='right' title='原始值：506.59'>506.6</span>", "<span data-toggle='tooltip' data-placement='right' title='原始值：6.7'>6.7</span>", "<span data-toggle='tooltip' data-placement='right' title='原始值：1.63'>1.63</span>", "<span data-toggle='tooltip' data-placement='right' title='原始值：0.15'>0.150</span>", "<span data-toggle='tooltip' data-placement='right' title='原始值：0.0021'>0.002</span>", "<span data-toggle='tooltip' data-placement='right' title='原始值：1.8728'>1.87</span>", "*", "*", "正常"], ["天津市", "海河流域", "<span data-toggle='tooltip' data-placement='right' title='所在地市:蓟州区&#10;所属河流:果河'>果河桥</span>", "01-02 08:00", "劣Ⅴ", "<span data-toggle='tooltip' data-placement='right' title='原始值：5.8'>5.8</span>", "<span data-toggle='tooltip' data-placement='right' title='原始值：9.01'>9.01</span>", "<span data-toggle='tooltip' data-placement='right' title='原始值：15.218'>15.22</span>", "<span data-toggle='tooltip' data-placement='right' title='原始值：658.24'>658.2</span>", "<span data-toggle='tooltip' data-placement='right' title='原始值：4'>4.0</span>", "<span data-toggle='tooltip' data-placement='right' title='原始值：3.3529'>3.35</span>", "<span data-toggle='tooltip' data-placement='right' title='原始值：0.21'>0.210</span>", "<span data-toggle='tooltip' data-placement='right' title='原始值：0.0292'>0.029</span>", "<span data-toggle='tooltip' data-placement='right' title='原始值：4.6715'>4.67</span>", "*", "*", "正常"], ["河北省", "海河流域", "<span data-toggle='tooltip' data-placement='right' title='所在地市:石家庄市&#10;所属河流:滹沱河'>岗南水库</span>", "01-02 08:00", "Ⅱ", "<span data-toggle='tooltip' data-placement='right' title='原始值：9.3965'>9.4</span>", "<span data-toggle='tooltip' data-placement='right' title='原始值：8.75381'>8.75</span>", "<span data-toggle='tooltip' data-placement='right' title='原始值：11.59816'>11.60</span>", "<span data-toggle='tooltip' data-placement='right' title='原始值：463.1531'>463.2</span>", "<span data-toggle='tooltip' data-placement='right' title='原始值：3.04444'>3.0</span>", "<span data-toggle='tooltip' data-placement='right' title='原始值：2.3377'>2.34</span>", "<span data-toggle='tooltip' data-placement='right' title='原始值：0.09'>0.090</span>", "<span data-toggle='tooltip' data-placement='right' title='原始值：0.01739'>0.017</span>", "<span data-toggle='tooltip' data-placement='right' title='原始值：1.48533'>1.49</span>", "*", "*", "正常"], ["河北省", "海河流域", "<span data-toggle='tooltip' data-placement='right' title='所在地市:张家口市&#10;所属河流:永定河'>八号桥</span>", "01-02 08:00", "Ⅳ", "<span data-toggle='tooltip' data-placement='right' title='原始值：1.20817'>1.2</span>", "<span data-toggle='tooltip' data-placement='right' title='原始值：8.49797'>8.50</span>", "<span data-toggle='tooltip' data-placement='right' title='原始值：11.65585'>11.66</span>", "<span data-toggle='tooltip' data-placement='right' title='原始值：1314.886'>1314.9</span>", "<span data-toggle='tooltip' data-placement='right' title='原始值：30.00938'>30.0</span>", "<span data-toggle='tooltip' data-placement='right' title='原始值：5.36'>5.36</span>", "<span data-toggle='tooltip' data-placement='right' title='原始值：0.58'>0.580</span>", "<span data-toggle='tooltip' data-placement='right' title='原始值：0.2585'>0.258</span>", "<span data-toggle='tooltip' data-placement='right' title='原始值：7.365'>7.36</span>", "*", "*", "正常"], ["山西省", "黄河流域", "<span data-toggle='tooltip' data-placement='right' title='所在地市:运城市&#10;所属河流:汾河'>河津大桥</span>", "01-02 08:00", "Ⅴ", "<span data-toggle='tooltip' data-placement='right' title='原始值：9.39785'>9.4</span>", "<span data-toggle='tooltip' data-placement='right' title='原始值：7.9854'>7.99</span>", "<span data-toggle='tooltip' data-placement='right' title='原始值：11.01067'>11.01</span>", "<span data-toggle='tooltip' data-placement='right' title='原始值：1906.374'>1906.4</span>", "<span data-toggle='tooltip' data-placement='right' title='原始值：33.45007'>33.5</span>", "<span data-toggle='tooltip' data-placement='right' title='原始值：7.175'>7.18</span>", "<span data-toggle='tooltip' data-placement='right' title='原始值：1.78'>1.780</span>", "*", "*", "*", "*", "正常"], ["山西省", "黄河流域", "<span data-toggle='tooltip' data-placement='right' title='所在地市:忻州市&#10;所属河流:黄河'>万家寨水库</span>", null, "", "--", "--", "--", "--", "--", "--", "--", "--", "--", "*", "*", "停站"], ["内蒙古自治区", "黄河流域", "<span data-toggle='tooltip' data-placement='right' title='所在地市:包头市&#10;所属河流:黄河'>画匠营子</span>", null, "", "--", "--", "--", "--", "--", "--", "--", "--", "--", "*", "*", "停站"], ["内蒙古自治区", "黄河流域", "<span data-toggle='tooltip' data-placement='right' title='所在地市:乌海市&#10;所属河流:黄河'>海勃湾</span>", "01-02 08:00", "Ⅱ", "<span data-toggle='tooltip' data-placement='right' title='原始值：3.78513'>3.8</span>", "<span data-toggle='tooltip' data-placement='right' title='原始值：8.40589'>8.41</span>", "<span data-toggle='tooltip' data-placement='right' title='原始值：10.2153'>10.22</span>", "<span data-toggle='tooltip' data-placement='right' title='原始值：867.5072'>867.5</span>", "<span data-toggle='tooltip' data-placement='right' title='原始值：25.07436'>25.1</span>", "<span data-toggle='tooltip' data-placement='right' title='原始值：1.34'>1.34</span>", "<span data-toggle='tooltip' data-placement='right' title='原始值：0.21'>0.210</span>", "*", "*", "*", "*", "正常"], ["内蒙古自治区", "松花江流域", "<span data-toggle='tooltip' data-placement='right' title='所在地市:呼伦贝尔市&#10;所属河流:额尔古纳河'>黑山头</span>", null, "", "--", "--", "--", "--", "--", "--", "--", "--", "--", "*", "*", "停站"], ["辽宁省", "辽河流域", "<span data-toggle='tooltip' data-placement='right' title='所在地市:抚顺市&#10;所属河流:浑河'>大伙房水库</span>", "01-02 04:00", "", "<span data-toggle='tooltip' data-placement='right' title='原始值：4.92154'>4.9</span>", "<span data-toggle='tooltip' data-placement='right' title='原始值：7.77838'>7.78</span>", "<span data-toggle='tooltip' data-placement='right' title='原始值：11.03563'>11.04</span>", "<span data-toggle='tooltip' data-placement='right' title='原始值：299.386'>299.4</span>", "<span data-toggle='tooltip' data-placement='right' title='原始值：12.86567'>12.9</span>", "<span data-toggle='tooltip' data-placement='right' title='极值过滤'>--</span>", "<span data-toggle='tooltip' data-placement='right' title='原始值：0.13'>0.130</span>", "<span data-toggle='tooltip' data-placement='right' title='原始值：0.02079'>0.021</span>", "<span data-toggle='tooltip' data-placement='right' title='原始值：2.98241'>2.98</span>", "<span data-toggle='tooltip' data-placement='right' title='原始值：0.00072'>0.001</span>", "*", "维护"], ["辽宁省", "辽河流域", "<span data-toggle='tooltip' data-placement='right' title='所在地市:丹东市&#10;所属河流:鸭绿江'>江桥</span>", null, "", "--", "--", "--", "--", "--", "--", "--", "--", "--", "*", "*", "停站"], ["辽宁省", "辽河流域", "<span data-toggle='tooltip' data-placement='right' title='所在地市:营口市&#10;所属河流:大辽河'>辽河公园</span>", null, "", "--", "--", "--", "--", "--", "--", "--", "--", "--", "*", "*", "停站"], ["辽宁省", "辽河流域", "<span data-toggle='tooltip' data-placement='right' title='所在地市:辽阳市&#10;所属河流:太子河'>汤河水库</span>", null, "", "--", "--", "--", "--", "--", "--", "--", "--", "--", "*", "*", "停站"], ["辽宁省", "辽河流域", "<span data-toggle='tooltip' data-placement='right' title='所在地市:盘锦市&#10;所属河流:辽河'>盘锦兴安(兴安)</span>", null, "", "--", "--", "--", "--", "--", "--", "--", "--", "--", "*", "*", "停站"], ["辽宁省", "辽河流域", "<span data-toggle='tooltip' data-placement='right' title='所在地市:铁岭市&#10;所属河流:辽河'>珠尔山</span>", null, "", "--", "--", "--", "--", "--", "--", "--", "--", "--", "*", "*", "停站"], ["吉林省", "松花江流域", "<span data-toggle='tooltip' data-placement='right' title='所在地市:长春市&#10;所属河流:松花江'>松花江村</span>", null, "", "--", "--", "--", "--", "--", "--", "--", "--", "--", "*", "*", "停站"], ["吉林省", "松花江流域", "<span data-toggle='tooltip' data-placement='right' title='所在地市:白城市&#10;所属河流:嫩江'>白沙滩</span>", "01-02 08:00", "Ⅳ", "<span data-toggle='tooltip' data-placement='right' title='原始值：3.07022'>3.1</span>", "<span data-toggle='tooltip' data-placement='right' title='原始值：7.13113'>7.13</span>", "<span data-toggle='tooltip' data-placement='right' title='原始值：12.88306'>12.88</span>", "<span data-toggle='tooltip' data-placement='right' title='原始值：403.5503'>403.6</span>", "<span data-toggle='tooltip' data-placement='right' title='原始值：29.16199'>29.2</span>", "<span data-toggle='tooltip' data-placement='right' title='原始值：6.84677'>6.85</span>", "<span data-toggle='tooltip' data-placement='right' title='原始值：0.23642'>0.236</span>", "<span data-toggle='tooltip' data-placement='right' title='原始值：0.06587'>0.066</span>", "<span data-toggle='tooltip' data-placement='right' title='原始值：1.68522'>1.69</span>", "*", "*", "正常"], ["吉林省", "松花江流域", "<span data-toggle='tooltip' data-placement='right' title='所在地市:延边朝鲜族自治州&#10;所属河流:图们江'>圈河</span>", null, "", "--", "--", "--", "--", "--", "--", "--", "--", "--", "*", "*", "停站"], ["黑龙江省", "松花江流域", "<span data-toggle='tooltip' data-placement='right' title='所在地市:大庆市&#10;所属河流:松花江'>肇源</span>", null, "", "--", "--", "--", "--", "--", "--", "--", "--", "--", "*", "*", "停站"], ["黑龙江省", "松花江流域", "<span data-toggle='tooltip' data-placement='right' title='所在地市:佳木斯市&#10;所属河流:乌苏里江'>乌苏镇</span>", null, "", "--", "--", "--", "--", "--", "--", "--", "--", "--", "*", "*", "停站"], ["黑龙江省", "松花江流域", "<span data-toggle='tooltip' data-placement='right' title='所在地市:佳木斯市&#10;所属河流:松花江'>同江</span>", "01-02 04:00", "Ⅲ", "<span data-toggle='tooltip' data-placement='right' title='原始值：3.04415'>3.0</span>", "<span data-toggle='tooltip' data-placement='right' title='原始值：7.31251'>7.31</span>", "<span data-toggle='tooltip' data-placement='right' title='原始值：11.31252'>11.31</span>", "<span data-toggle='tooltip' data-placement='right' title='原始值：388.6724'>388.7</span>", "<span data-toggle='tooltip' data-placement='right' title='原始值：18.00053'>18.0</span>", "<span data-toggle='tooltip' data-placement='right' title='原始值：5.46883'>5.47</span>", "<span data-toggle='tooltip' data-placement='right' title='原始值：0.30877'>0.309</span>", "<span data-toggle='tooltip' data-placement='right' title='原始值：0.05322'>0.053</span>", "<span data-toggle='tooltip' data-placement='right' title='原始值：3.44727'>3.45</span>", "*", "*", "正常"], ["黑龙江省", "松花江流域", "<span data-toggle='tooltip' data-placement='right' title='所在地市:黑河市&#10;所属河流:黑龙江'>黑河下(黑河)</span>", null, "", "--", "--", "--", "--", "--", "--", "--", "--", "--", "*", "*", "停站"], ["上海市", "长江流域", "<span data-toggle='tooltip' data-placement='right' title='所在地市:青浦区&#10;所属河流:淀山湖'>急水港桥</span>", null, "", "--", "--", "--", "--", "--", "--", "--", "--", "--", "--", "--", "停站"], ["江苏省", "长江流域", "<span data-toggle='tooltip' data-placement='right' title='所在地市:南京市&#10;所属河流:长江'>林山</span>", "01-02 08:00", "Ⅰ", "<span data-toggle='tooltip' data-placement='right' title='原始值：9.35767'>9.4</span>", "<span data-toggle='tooltip' data-placement='right' title='原始值：8.35363'>8.35</span>", "<span data-toggle='tooltip' data-placement='right' title='原始值：10.4597'>10.46</span>", "<span data-toggle='tooltip' data-placement='right' title='原始值：369.764'>369.8</span>", "<span data-toggle='tooltip' data-placement='right' title='原始值：33.5942'>33.6</span>", "<span data-toggle='tooltip' data-placement='right' title='原始值：1.38'>1.38</span>", "<span data-toggle='tooltip' data-placement='right' title='原始值：0.118'>0.118</span>", "*", "*", "*", "*", "正常"], ["江苏省", "太湖流域", "<span data-toggle='tooltip' data-placement='right' title='所在地市:无锡市&#10;所属河流:太湖'>沙渚</span>", null, "", "--", "--", "--", "--", "--", "--", "--", "--", "--", "--", "*", "维护"], ["江苏省", "淮河流域", "<span data-toggle='tooltip' data-placement='right' title='所在地市:徐州市&#10;所属河流:武河'>小红圈</span>", "01-02 08:00", "Ⅱ", "<span data-toggle='tooltip' data-placement='right' title='原始值：4.36'>4.4</span>", "<span data-toggle='tooltip' data-placement='right' title='原始值：8.28'>8.28</span>", "<span data-toggle='tooltip' data-placement='right' title='原始值：13.64'>13.64</span>", "<span data-toggle='tooltip' data-placement='right' title='原始值：647.1'>647.1</span>", "<span data-toggle='tooltip' data-placement='right' title='原始值：3.25'>3.2</span>", "<span data-toggle='tooltip' data-placement='right' title='原始值：2.35'>2.35</span>", "<span data-toggle='tooltip' data-placement='right' title='原始值：0.058'>0.058</span>", "*", "*", "*", "*", "正常"], ["江苏省", "淮河流域", "<span data-toggle='tooltip' data-placement='right' title='所在地市:徐州市&#10;所属河流:沿河'>李集桥</span>", "01-02 08:00", "Ⅲ", "<span data-toggle='tooltip' data-placement='right' title='原始值：4.43'>4.4</span>", "<span data-toggle='tooltip' data-placement='right' title='原始值：7.97'>7.97</span>", "<span data-toggle='tooltip' data-placement='right' title='原始值：9.85'>9.85</span>", "<span data-toggle='tooltip' data-placement='right' title='原始值：1235.2'>1235.2</span>", "<span data-toggle='tooltip' data-placement='right' title='原始值：28.35'>28.4</span>", "<span data-toggle='tooltip' data-placement='right' title='原始值：4.91'>4.91</span>", "<span data-toggle='tooltip' data-placement='right' title='原始值：0.392'>0.392</span>", "<span data-toggle='tooltip' data-placement='right' title='原始值：0.039'>0.039</span>", "<span data-toggle='tooltip' data-placement='right' title='原始值：3.241'>3.24</span>", "*", "*", "正常"], ["江苏省", "淮河流域", "<span data-toggle='tooltip' data-placement='right' title='所在地市:徐州市&#10;所属河流:邳苍分洪道'>艾山西大桥</span>", "01-02 08:00", "Ⅱ", "<span data-toggle='tooltip' data-placement='right' title='原始值：0.96368'>1.0</span>", "<span data-toggle='tooltip' data-placement='right' title='原始值：8.62718'>8.63</span>", "<span data-toggle='tooltip' data-placement='right' title='原始值：15.5434'>15.54</span>", "<span data-toggle='tooltip' data-placement='right' title='原始值：911.462'>911.5</span>", "<span data-toggle='tooltip' data-placement='right' title='原始值：5.33412'>5.3</span>", "<span data-toggle='tooltip' data-placement='right' title='原始值：3.21'>3.21</span>", "<span data-toggle='tooltip' data-placement='right' title='原始值：0.1'>0.100</span>", "<span data-toggle='tooltip' data-placement='right' title='原始值：0.03099'>0.031</span>", "<span data-toggle='tooltip' data-placement='right' title='原始值：14.82414'>14.82</span>", "*", "*", "正常"], ["江苏省", "太湖流域", "<span data-toggle='tooltip' data-placement='right' title='所在地市:苏州市&#10;所属河流:太湖'>兰山嘴(老)</span>", null, "", "--", "--", "--", "--", "--", "--", "--", "--", "--", "--", "*", "维护"], ["江苏省", "太湖流域", "<span data-toggle='tooltip' data-placement='right' title='所在地市:苏州市&#10;所属河流:太湖'>西山</span>", null, "", "--", "--", "--", "--", "--", "--", "--", "--", "--", "--", "*", "维护"], ["江苏省", "淮河流域", "<span data-toggle='tooltip' data-placement='right' title='所在地市:连云港市&#10;所属河流:新沭河'>大兴桥</span>", "01-02 08:00", "Ⅲ", "<span data-toggle='tooltip' data-placement='right' title='原始值：2.8'>2.8</span>", "<span data-toggle='tooltip' data-placement='right' title='原始值：7.47'>7.47</span>", "<span data-toggle='tooltip' data-placement='right' title='原始值：15.18'>15.18</span>", "<span data-toggle='tooltip' data-placement='right' title='原始值：1047.6'>1047.6</span>", "<span data-toggle='tooltip' data-placement='right' title='原始值：38.67'>38.7</span>", "<span data-toggle='tooltip' data-placement='right' title='原始值：5.89'>5.89</span>", "<span data-toggle='tooltip' data-placement='right' title='原始值：0.529'>0.529</span>", "*", "*", "*", "*", "正常"], ["江苏省", "淮河流域", "<span data-toggle='tooltip' data-placement='right' title='所在地市:淮安市&#10;所属河流:淮河'>淮河大桥</span>", null, "", "--", "--", "--", "--", "--", "--", "--", "--", "--", "*", "*", "维护"], ["江苏省", "长江流域", "<span data-toggle='tooltip' data-placement='right' title='所在地市:扬州市&#10;所属河流:夹江'>三江营</span>", "01-02 08:00", "Ⅱ", "<span data-toggle='tooltip' data-placement='right' title='原始值：9.51'>9.5</span>", "<span data-toggle='tooltip' data-placement='right' title='原始值：7.99'>7.99</span>", "<span data-toggle='tooltip' data-placement='right' title='原始值：10.72'>10.72</span>", "<span data-toggle='tooltip' data-placement='right' title='原始值：365.34'>365.3</span>", "<span data-toggle='tooltip' data-placement='right' title='原始值：60.73'>60.7</span>", "<span data-toggle='tooltip' data-placement='right' title='原始值：1.764'>1.76</span>", "<span data-toggle='tooltip' data-placement='right' title='原始值：0.071'>0.071</span>", "<span data-toggle='tooltip' data-placement='right' title='原始值：0.072'>0.072</span>", "<span data-toggle='tooltip' data-placement='right' title='原始值：2'>2.00</span>", "*", "*", "正常"], ["江苏省", "淮河流域", "<span data-toggle='tooltip' data-placement='right' title='所在地市:宿迁市&#10;所属河流:新濉河'>大屈</span>", "01-02 08:00", "Ⅲ", "<span data-toggle='tooltip' data-placement='right' title='原始值：6.7'>6.7</span>", "<span data-toggle='tooltip' data-placement='right' title='原始值：7.6'>7.60</span>", "<span data-toggle='tooltip' data-placement='right' title='原始值：11.6'>11.60</span>", "<span data-toggle='tooltip' data-placement='right' title='原始值：1072.2'>1072.2</span>", "<span data-toggle='tooltip' data-placement='right' title='原始值：29.15'>29.2</span>", "<span data-toggle='tooltip' data-placement='right' title='原始值：5.8'>5.80</span>", "<span data-toggle='tooltip' data-placement='right' title='原始值：0.09'>0.090</span>", "<span data-toggle='tooltip' data-placement='right' title='原始值：0.06'>0.060</span>", "<span data-toggle='tooltip' data-placement='right' title='原始值：4.059'>4.06</span>", "*", "*", "正常"], ["浙江省", "浙闽片河流", "<span data-toggle='tooltip' data-placement='right' title='所在地市:杭州市&#10;所属河流:新安江'>街口(鸠坑口)</span>", "01-02 08:00", "Ⅰ", "<span data-toggle='tooltip' data-placement='right' title='原始值：12.72'>12.7</span>", "<span data-toggle='tooltip' data-placement='right' title='原始值：7.21'>7.21</span>", "<span data-toggle='tooltip' data-placement='right' title='原始值：8.27'>8.27</span>", "<span data-toggle='tooltip' data-placement='right' title='原始值：165.53'>165.5</span>", "<span data-toggle='tooltip' data-placement='right' title='原始值：14.26'>14.3</span>", "<span data-toggle='tooltip' data-placement='right' title='原始值：1.012'>1.01</span>", "<span data-toggle='tooltip' data-placement='right' title='原始值：0.014'>0.014</span>", "<span data-toggle='tooltip' data-placement='right' title='原始值：0.017'>0.017</span>", "<span data-toggle='tooltip' data-placement='right' title='原始值：1.413'>1.41</span>", "*", "*", "正常"], ["浙江省", "太湖流域", "<span data-toggle='tooltip' data-placement='right' title='所在地市:嘉兴市&#10;所属河流:斜路港河'>斜路港</span>", null, "", "--", "--", "--", "--", "--", "--", "--", "--", "--", "*", "*", "维护"], ["浙江省", "太湖流域", "<span data-toggle='tooltip' data-placement='right' title='所在地市:嘉兴市&#10;所属河流:京杭运河'>王江泾</span>", null, "", "--", "--", "--", "--", "--", "--", "--", "--", "--", "*", "*", "维护"], ["浙江省", "太湖流域", "<span data-toggle='tooltip' data-placement='right' title='所在地市:湖州市&#10;所属河流:西苕溪'>新港口(新塘港)</span>", "01-02 08:00", "Ⅱ", "<span data-toggle='tooltip' data-placement='right' title='原始值：4.4032'>4.4</span>", "<span data-toggle='tooltip' data-placement='right' title='原始值：7.95497'>7.95</span>", "<span data-toggle='tooltip' data-placement='right' title='原始值：13.1683'>13.17</span>", "<span data-toggle='tooltip' data-placement='right' title='原始值：438.312'>438.3</span>", "<span data-toggle='tooltip' data-placement='right' title='原始值：158.025'>158.0</span>", "<span data-toggle='tooltip' data-placement='right' title='原始值：2.206'>2.21</span>", "<span data-toggle='tooltip' data-placement='right' title='原始值：0.15541'>0.155</span>", "<span data-toggle='tooltip' data-placement='right' title='原始值：0.09961'>0.100</span>", "<span data-toggle='tooltip' data-placement='right' title='原始值：3.79187'>3.79</span>", "<span data-toggle='tooltip' data-placement='right' title='原始值：0.0192'>0.019</span>", "*", "正常"], ["安徽省", "巢湖流域", "<span data-toggle='tooltip' data-placement='right' title='所在地市:合肥市&#10;所属河流:巢湖'>湖滨(老)</span>", "01-02 08:00", "Ⅳ", "<span data-toggle='tooltip' data-placement='right' title='原始值：5.64174'>5.6</span>", "<span data-toggle='tooltip' data-placement='right' title='原始值：6.82179'>6.82</span>", "<span data-toggle='tooltip' data-placement='right' title='原始值：12.33535'>12.34</span>", "<span data-toggle='tooltip' data-placement='right' title='原始值：339.1173'>339.1</span>", "<span data-toggle='tooltip' data-placement='right' title='原始值：52.90375'>52.9</span>", "<span data-toggle='tooltip' data-placement='right' title='原始值：4.87'>4.87</span>", "<span data-toggle='tooltip' data-placement='right' title='原始值：0.42'>0.420</span>", "<span data-toggle='tooltip' data-placement='right' title='原始值：0.0675'>0.068</span>", "<span data-toggle='tooltip' data-placement='right' title='原始值：2.635'>2.64</span>", "<span data-toggle='tooltip' data-placement='right' title='原始值：0.01614'>0.016</span>", "*", "正常"], ["安徽省", "巢湖流域", "<span data-toggle='tooltip' data-placement='right' title='所在地市:芜湖市&#10;所属河流:巢湖'>裕溪口(老)</span>", "01-02 08:00", "Ⅴ", "<span data-toggle='tooltip' data-placement='right' title='原始值：7.33428'>7.3</span>", "<span data-toggle='tooltip' data-placement='right' title='原始值：7.68098'>7.68</span>", "<span data-toggle='tooltip' data-placement='right' title='原始值：10.15336'>10.15</span>", "<span data-toggle='tooltip' data-placement='right' title='原始值：293.5466'>293.5</span>", "<span data-toggle='tooltip' data-placement='right' title='原始值：139.6962'>139.7</span>", "<span data-toggle='tooltip' data-placement='right' title='原始值：1.89'>1.89</span>", "<span data-toggle='tooltip' data-placement='right' title='原始值：0.05'>0.050</span>", "<span data-toggle='tooltip' data-placement='right' title='原始值：0.1173'>0.117</span>", "<span data-toggle='tooltip' data-placement='right' title='原始值：4.749'>4.75</span>", "<span data-toggle='tooltip' data-placement='right' title='原始值：0.02031'>0.020</span>", "*", "正常"], ["安徽省", "淮河流域", "<span data-toggle='tooltip' data-placement='right' title='所在地市:蚌埠市&#10;所属河流:淮河'>蚌埠闸上(蚌埠闸)</span>", "01-02 08:00", "", "<span data-toggle='tooltip' data-placement='right' title='原始值：10.62'>10.6</span>", "<span data-toggle='tooltip' data-placement='right' title='原始值：8.12'>8.12</span>", "<span data-toggle='tooltip' data-placement='right' title='原始值：11.62'>11.62</span>", "<span data-toggle='tooltip' data-placement='right' title='原始值：541.92'>541.9</span>", "<span data-toggle='tooltip' data-placement='right' title='原始值：44.85'>44.8</span>", "<span data-toggle='tooltip' data-placement='right' title='极值过滤'>--</span>", "<span data-toggle='tooltip' data-placement='right' title='原始值：0.165'>0.165</span>", "<span data-toggle='tooltip' data-placement='right' title='原始值：0.055'>0.055</span>", "<span data-toggle='tooltip' data-placement='right' title='原始值：2.105'>2.10</span>", "*", "*", "维护"], ["安徽省", "淮河流域", "<span data-toggle='tooltip' data-placement='right' title='所在地市:淮南市&#10;所属河流:淮河'>石头埠(老)</span>", "01-02 08:00", "", "<span data-toggle='tooltip' data-placement='right' title='原始值：4.94437'>4.9</span>", "<span data-toggle='tooltip' data-placement='right' title='原始值：7.78511'>7.79</span>", "<span data-toggle='tooltip' data-placement='right' title='原始值：8.00036'>8.00</span>", "<span data-toggle='tooltip' data-placement='right' title='原始值：366.8973'>366.9</span>", "<span data-toggle='tooltip' data-placement='right' title='原始值：17.82751'>17.8</span>", "<span data-toggle='tooltip' data-placement='right' title='极值过滤'>--</span>", "<span data-toggle='tooltip' data-placement='right' title='原始值：0.39'>0.390</span>", "*", "*", "*", "*", "维护"], ["安徽省", "淮河流域", "<span data-toggle='tooltip' data-placement='right' title='所在地市:淮北市&#10;所属河流:沱河'>小王桥</span>", "01-02 08:00", "Ⅳ", "<span data-toggle='tooltip' data-placement='right' title='原始值：4.16'>4.2</span>", "<span data-toggle='tooltip' data-placement='right' title='原始值：8.29'>8.29</span>", "<span data-toggle='tooltip' data-placement='right' title='原始值：11.44'>11.44</span>", "<span data-toggle='tooltip' data-placement='right' title='原始值：1750.56'>1750.6</span>", "<span data-toggle='tooltip' data-placement='right' title='原始值：20.35'>20.4</span>", "<span data-toggle='tooltip' data-placement='right' title='原始值：7.615'>7.62</span>", "<span data-toggle='tooltip' data-placement='right' title='原始值：0.148'>0.148</span>", "<span data-toggle='tooltip' data-placement='right' title='原始值：0.094'>0.094</span>", "<span data-toggle='tooltip' data-placement='right' title='原始值：3.183'>3.18</span>", "*", "*", "正常"], ["安徽省", "长江流域", "<span data-toggle='tooltip' data-placement='right' title='所在地市:安庆市&#10;所属河流:长江'>皖河口</span>", "01-02 08:00", "Ⅱ", "<span data-toggle='tooltip' data-placement='right' title='原始值：10.82'>10.8</span>", "<span data-toggle='tooltip' data-placement='right' title='原始值：7.563'>7.56</span>", "<span data-toggle='tooltip' data-placement='right' title='原始值：9.07'>9.07</span>", "<span data-toggle='tooltip' data-placement='right' title='原始值：320.84'>320.8</span>", "<span data-toggle='tooltip' data-placement='right' title='原始值：35.96'>36.0</span>", "<span data-toggle='tooltip' data-placement='right' title='原始值：1.393'>1.39</span>", "<span data-toggle='tooltip' data-placement='right' title='原始值：0.1'>0.100</span>", "<span data-toggle='tooltip' data-placement='right' title='原始值：0.0694'>0.069</span>", "<span data-toggle='tooltip' data-placement='right' title='原始值：2.265'>2.26</span>", "*", "*", "正常"], ["安徽省", "淮河流域", "<span data-toggle='tooltip' data-placement='right' title='所在地市:滁州市&#10;所属河流:淮河'>小柳巷</span>", null, "", "--", "--", "--", "--", "--", "--", "--", "--", "--", "*", "*", "维护"], ["安徽省", "淮河流域", "<span data-toggle='tooltip' data-placement='right' title='所在地市:阜阳市&#10;所属河流:黑茨河'>张大桥</span>", null, "", "--", "--", "--", "--", "--", "--", "--", "--", "--", "*", "*", "停站"], ["安徽省", "淮河流域", "<span data-toggle='tooltip' data-placement='right' title='所在地市:阜阳市&#10;所属河流:淮河'>王家坝</span>", "01-02 08:00", "Ⅲ", "<span data-toggle='tooltip' data-placement='right' title='原始值：4.61'>4.6</span>", "<span data-toggle='tooltip' data-placement='right' title='原始值：7.46624'>7.47</span>", "<span data-toggle='tooltip' data-placement='right' title='原始值：12.62767'>12.63</span>", "<span data-toggle='tooltip' data-placement='right' title='原始值：454.6624'>454.7</span>", "<span data-toggle='tooltip' data-placement='right' title='原始值：14.28951'>14.3</span>", "<span data-toggle='tooltip' data-placement='right' title='原始值：4.19'>4.19</span>", "<span data-toggle='tooltip' data-placement='right' title='原始值：0.487'>0.487</span>", "<span data-toggle='tooltip' data-placement='right' title='原始值：0.07521'>0.075</span>", "<span data-toggle='tooltip' data-placement='right' title='原始值：2.37568'>2.38</span>", "*", "*", "正常"], ["安徽省", "淮河流域", "<span data-toggle='tooltip' data-placement='right' title='所在地市:阜阳市&#10;所属河流:颍河'>界首七渡口(七渡口)</span>", "01-02 08:00", "Ⅴ", "<span data-toggle='tooltip' data-placement='right' title='原始值：6.11652'>6.1</span>", "<span data-toggle='tooltip' data-placement='right' title='原始值：6.64678'>6.65</span>", "<span data-toggle='tooltip' data-placement='right' title='原始值：2.50447'>2.50</span>", "<span data-toggle='tooltip' data-placement='right' title='原始值：945.1891'>945.2</span>", "<span data-toggle='tooltip' data-placement='right' title='原始值：8.01898'>8.0</span>", "<span data-toggle='tooltip' data-placement='right' title='原始值：4.1'>4.10</span>", "<span data-toggle='tooltip' data-placement='right' title='原始值：1.16'>1.160</span>", "<span data-toggle='tooltip' data-placement='right' title='原始值：0.12289'>0.123</span>", "<span data-toggle='tooltip' data-placement='right' title='原始值：6.05165'>6.05</span>", "*", "*", "正常"], ["安徽省", "淮河流域", "<span data-toggle='tooltip' data-placement='right' title='所在地市:阜阳市&#10;所属河流:泉河'>许庄(徐庄)</span>", "01-02 08:00", "Ⅲ", "<span data-toggle='tooltip' data-placement='right' title='原始值：2.6'>2.6</span>", "<span data-toggle='tooltip' data-placement='right' title='原始值：8.15'>8.15</span>", "<span data-toggle='tooltip' data-placement='right' title='原始值：12.78'>12.78</span>", "<span data-toggle='tooltip' data-placement='right' title='原始值：1044.2'>1044.2</span>", "<span data-toggle='tooltip' data-placement='right' title='原始值：227.23'>227.2</span>", "<span data-toggle='tooltip' data-placement='right' title='原始值：4.28'>4.28</span>", "<span data-toggle='tooltip' data-placement='right' title='原始值：0.04'>0.040</span>", "<span data-toggle='tooltip' data-placement='right' title='原始值：0.057'>0.057</span>", "<span data-toggle='tooltip' data-placement='right' title='原始值：3.033'>3.03</span>", "*", "*", "正常"], ["安徽省", "淮河流域", "<span data-toggle='tooltip' data-placement='right' title='所在地市:宿州市&#10;所属河流:奎河'>杨庄</span>", "01-02 08:00", "Ⅴ", "<span data-toggle='tooltip' data-placement='right' title='原始值：5.43'>5.4</span>", "<span data-toggle='tooltip' data-placement='right' title='原始值：7.97'>7.97</span>", "<span data-toggle='tooltip' data-placement='right' title='原始值：11.31'>11.31</span>", "<span data-toggle='tooltip' data-placement='right' title='原始值：989.4'>989.4</span>", "<span data-toggle='tooltip' data-placement='right' title='原始值：56.92'>56.9</span>", "<span data-toggle='tooltip' data-placement='right' title='原始值：3.78'>3.78</span>", "<span data-toggle='tooltip' data-placement='right' title='原始值：1.581'>1.581</span>", "*", "*", "*", "*", "正常"], ["安徽省", "淮河流域", "<span data-toggle='tooltip' data-placement='right' title='所在地市:宿州市&#10;所属河流:新汴河'>泗县公路桥</span>", "01-02 08:00", "Ⅲ", "<span data-toggle='tooltip' data-placement='right' title='原始值：4.16'>4.2</span>", "<span data-toggle='tooltip' data-placement='right' title='原始值：8.31'>8.31</span>", "<span data-toggle='tooltip' data-placement='right' title='原始值：12.31'>12.31</span>", "<span data-toggle='tooltip' data-placement='right' title='原始值：957.3'>957.3</span>", "<span data-toggle='tooltip' data-placement='right' title='原始值：15'>15.0</span>", "<span data-toggle='tooltip' data-placement='right' title='原始值：5.62'>5.62</span>", "<span data-toggle='tooltip' data-placement='right' title='原始值：0.092'>0.092</span>", "*", "*", "*", "*", "正常"], ["安徽省", "淮河流域", "<span data-toggle='tooltip' data-placement='right' title='所在地市:亳州市&#10;所属河流:包河'>颜集</span>", null, "", "--", "--", "--", "--", "--", "--", "--", "--", "--", "*", "*", "维护"], ["福建省", "浙闽片河流", "<span data-toggle='tooltip' data-placement='right' title='所在地市:福州市&#10;所属河流:闽江'>白岩潭</span>", "01-02 08:00", "", "<span data-toggle='tooltip' data-placement='right' title='原始值：15.18'>15.2</span>", "<span data-toggle='tooltip' data-placement='right' title='原始值：7.35'>7.35</span>", "<span data-toggle='tooltip' data-placement='right' title='原始值：8.06'>8.06</span>", "<span data-toggle='tooltip' data-placement='right' title='极值过滤'>--</span>", "<span data-toggle='tooltip' data-placement='right' title='原始值：97.01'>97.0</span>", "<span data-toggle='tooltip' data-placement='right' title='极值过滤'>--</span>", "<span data-toggle='tooltip' data-placement='right' title='原始值：0.295'>0.295</span>", "*", "*", "*", "*", "维护"], ["江西省", "长江流域", "<span data-toggle='tooltip' data-placement='right' title='所在地市:南昌市&#10;所属河流:赣江南支'>滁槎</span>", "01-02 08:00", "Ⅲ", "<span data-toggle='tooltip' data-placement='right' title='原始值：10.84021'>10.8</span>", "<span data-toggle='tooltip' data-placement='right' title='原始值：7.56344'>7.56</span>", "<span data-toggle='tooltip' data-placement='right' title='原始值：8.18131'>8.18</span>", "<span data-toggle='tooltip' data-placement='right' title='原始值：164.1982'>164.2</span>", "<span data-toggle='tooltip' data-placement='right' title='原始值：72.89526'>72.9</span>", "<span data-toggle='tooltip' data-placement='right' title='原始值：5.71'>5.71</span>", "<span data-toggle='tooltip' data-placement='right' title='原始值：0.35'>0.350</span>", "<span data-toggle='tooltip' data-placement='right' title='原始值：0.08775'>0.088</span>", "<span data-toggle='tooltip' data-placement='right' title='原始值：1.1275'>1.13</span>", "*", "*", "正常"], ["江西省", "长江流域", "<span data-toggle='tooltip' data-placement='right' title='所在地市:九江市&#10;所属河流:长江'>姚港(河西水厂)</span>", "01-02 08:00", "Ⅱ", "<span data-toggle='tooltip' data-placement='right' title='原始值：10.21'>10.2</span>", "<span data-toggle='tooltip' data-placement='right' title='原始值：7.63'>7.63</span>", "<span data-toggle='tooltip' data-placement='right' title='原始值：11.89'>11.89</span>", "<span data-toggle='tooltip' data-placement='right' title='原始值：375.56'>375.6</span>", "<span data-toggle='tooltip' data-placement='right' title='原始值：36.17'>36.2</span>", "<span data-toggle='tooltip' data-placement='right' title='原始值：1.132'>1.13</span>", "<span data-toggle='tooltip' data-placement='right' title='原始值：0.092'>0.092</span>", "<span data-toggle='tooltip' data-placement='right' title='原始值：0.098'>0.098</span>", "<span data-toggle='tooltip' data-placement='right' title='原始值：2.09'>2.09</span>", "*", "*", "正常"], ["江西省", "长江流域", "<span data-toggle='tooltip' data-placement='right' title='所在地市:九江市&#10;所属河流:鄱阳湖'>蛤蟆石</span>", "01-02 08:00", "Ⅳ", "<span data-toggle='tooltip' data-placement='right' title='原始值：8.02'>8.0</span>", "<span data-toggle='tooltip' data-placement='right' title='原始值：7.45'>7.45</span>", "<span data-toggle='tooltip' data-placement='right' title='原始值：11.66'>11.66</span>", "<span data-toggle='tooltip' data-placement='right' title='原始值：217.94'>217.9</span>", "<span data-toggle='tooltip' data-placement='right' title='原始值：38.82'>38.8</span>", "<span data-toggle='tooltip' data-placement='right' title='原始值：1.214'>1.21</span>", "<span data-toggle='tooltip' data-placement='right' title='原始值：0.193'>0.193</span>", "<span data-toggle='tooltip' data-placement='right' title='原始值：0.0506'>0.051</span>", "<span data-toggle='tooltip' data-placement='right' title='原始值：1.823'>1.82</span>", "<span data-toggle='tooltip' data-placement='right' title='原始值：0.00334'>0.003</span>", "<span data-toggle='tooltip' data-placement='right' title='原始值：1052117'>1052117</span>", "正常"], ["山东省", "黄河流域", "<span data-toggle='tooltip' data-placement='right' title='所在地市:济南市&#10;所属河流:黄河'>泺口</span>", "01-02 08:00", "Ⅱ", "<span data-toggle='tooltip' data-placement='right' title='原始值：1.44833'>1.4</span>", "<span data-toggle='tooltip' data-placement='right' title='原始值：8.45172'>8.45</span>", "<span data-toggle='tooltip' data-placement='right' title='原始值：14.537'>14.54</span>", "<span data-toggle='tooltip' data-placement='right' title='原始值：856.002'>856.0</span>", "<span data-toggle='tooltip' data-placement='right' title='原始值：393.722'>393.7</span>", "<span data-toggle='tooltip' data-placement='right' title='原始值：3.46'>3.46</span>", "<span data-toggle='tooltip' data-placement='right' title='原始值：0.15221'>0.152</span>", "<span data-toggle='tooltip' data-placement='right' title='原始值：0.02348'>0.023</span>", "<span data-toggle='tooltip' data-placement='right' title='原始值：3.228'>3.23</span>", "*", "*", "正常"], ["山东省", "淮河流域", "<span data-toggle='tooltip' data-placement='right' title='所在地市:枣庄市&#10;所属河流:京杭大运河（韩庄运河）'>台儿庄大桥</span>", "01-02 08:00", "Ⅱ", "<span data-toggle='tooltip' data-placement='right' title='原始值：18.29'>18.3</span>", "<span data-toggle='tooltip' data-placement='right' title='原始值：8.23558'>8.24</span>", "<span data-toggle='tooltip' data-placement='right' title='原始值：9.94456'>9.94</span>", "<span data-toggle='tooltip' data-placement='right' title='原始值：951.0369'>951.0</span>", "<span data-toggle='tooltip' data-placement='right' title='原始值：7.87437'>7.9</span>", "<span data-toggle='tooltip' data-placement='right' title='原始值：3.03559'>3.04</span>", "<span data-toggle='tooltip' data-placement='right' title='原始值：0.06511'>0.065</span>", "<span data-toggle='tooltip' data-placement='right' title='原始值：0.07961'>0.080</span>", "<span data-toggle='tooltip' data-placement='right' title='原始值：6.66894'>6.67</span>", "*", "*", "正常"], ["山东省", "淮河流域", "<span data-toggle='tooltip' data-placement='right' title='所在地市:临沂市&#10;所属河流:沭河'>清泉寺</span>", null, "", "--", "--", "--", "--", "--", "--", "--", "--", "--", "*", "*", "停站"], ["山东省", "淮河流域", "<span data-toggle='tooltip' data-placement='right' title='所在地市:临沂市&#10;所属河流:沂河'>重坊桥</span>", "01-02 08:00", "Ⅲ", "<span data-toggle='tooltip' data-placement='right' title='原始值：2.54112'>2.5</span>", "<span data-toggle='tooltip' data-placement='right' title='原始值：7.96001'>7.96</span>", "<span data-toggle='tooltip' data-placement='right' title='原始值：13.11608'>13.12</span>", "<span data-toggle='tooltip' data-placement='right' title='原始值：835.6262'>835.6</span>", "<span data-toggle='tooltip' data-placement='right' title='原始值：6.46822'>6.5</span>", "<span data-toggle='tooltip' data-placement='right' title='原始值：2.8'>2.80</span>", "<span data-toggle='tooltip' data-placement='right' title='原始值：0.89375'>0.894</span>", "*", "*", "*", "*", "正常"], ["山东省", "淮河流域", "<span data-toggle='tooltip' data-placement='right' title='所在地市:临沂市&#10;所属河流:白马河'>捷庄(涝沟桥)</span>", "01-02 08:00", "Ⅲ", "<span data-toggle='tooltip' data-placement='right' title='原始值：4.4'>4.4</span>", "<span data-toggle='tooltip' data-placement='right' title='原始值：8.11992'>8.12</span>", "<span data-toggle='tooltip' data-placement='right' title='原始值：17.38552'>17.39</span>", "<span data-toggle='tooltip' data-placement='right' title='原始值：883.0078'>883.0</span>", "<span data-toggle='tooltip' data-placement='right' title='原始值：21.4468'>21.4</span>", "<span data-toggle='tooltip' data-placement='right' title='原始值：4.43'>4.43</span>", "<span data-toggle='tooltip' data-placement='right' title='原始值：0.002'>0.002</span>", "<span data-toggle='tooltip' data-placement='right' title='原始值：0.04914'>0.049</span>", "<span data-toggle='tooltip' data-placement='right' title='原始值：7.31294'>7.31</span>", "*", "*", "正常"], ["山东省", "海河流域", "<span data-toggle='tooltip' data-placement='right' title='所在地市:聊城市&#10;所属河流:卫运河'>秤勾湾(秤钩湾)</span>", null, "", "--", "--", "--", "--", "--", "--", "--", "--", "--", "*", "*", "停站"], ["河南省", "长江流域", "<span data-toggle='tooltip' data-placement='right' title='所在地市:南阳市&#10;所属河流:丹江口水库'>陶岔</span>", "01-02 08:00", "Ⅰ", "<span data-toggle='tooltip' data-placement='right' title='原始值：15.51'>15.5</span>", "<span data-toggle='tooltip' data-placement='right' title='原始值：7.88491'>7.88</span>", "<span data-toggle='tooltip' data-placement='right' title='原始值：9.03042'>9.03</span>", "<span data-toggle='tooltip' data-placement='right' title='原始值：275.3333'>275.3</span>", "<span data-toggle='tooltip' data-placement='right' title='原始值：2.73281'>2.7</span>", "<span data-toggle='tooltip' data-placement='right' title='原始值：1.71'>1.71</span>", "<span data-toggle='tooltip' data-placement='right' title='原始值：0.02656'>0.027</span>", "<span data-toggle='tooltip' data-placement='right' title='原始值：0.00893'>0.009</span>", "<span data-toggle='tooltip' data-placement='right' title='原始值：1.0285'>1.03</span>", "<span data-toggle='tooltip' data-placement='right' title='原始值：0.00489'>0.005</span>", "<span data-toggle='tooltip' data-placement='right' title='原始值：160601.6'>160602</span>", "正常"], ["河南省", "淮河流域", "<span data-toggle='tooltip' data-placement='right' title='所在地市:商丘市&#10;所属河流:浍河'>黄口</span>", "01-02 08:00", "Ⅱ", "<span data-toggle='tooltip' data-placement='right' title='原始值：4.50002'>4.5</span>", "<span data-toggle='tooltip' data-placement='right' title='原始值：7.37'>7.37</span>", "<span data-toggle='tooltip' data-placement='right' title='原始值：13.32975'>13.33</span>", "<span data-toggle='tooltip' data-placement='right' title='原始值：1564.5'>1564.5</span>", "<span data-toggle='tooltip' data-placement='right' title='原始值：60.74538'>60.7</span>", "<span data-toggle='tooltip' data-placement='right' title='原始值：0.51'>0.51</span>", "<span data-toggle='tooltip' data-placement='right' title='原始值：0.16789'>0.168</span>", "<span data-toggle='tooltip' data-placement='right' title='原始值：0.0632'>0.063</span>", "<span data-toggle='tooltip' data-placement='right' title='原始值：9.18702'>9.19</span>", "*", "*", "正常"], ["河南省", "淮河流域", "<span data-toggle='tooltip' data-placement='right' title='所在地市:信阳市&#10;所属河流:史灌河'>蒋集</span>", "01-02 08:00", "Ⅱ", "<span data-toggle='tooltip' data-placement='right' title='原始值：3.7114'>3.7</span>", "<span data-toggle='tooltip' data-placement='right' title='原始值：7.2135'>7.21</span>", "<span data-toggle='tooltip' data-placement='right' title='原始值：8.80499'>8.80</span>", "<span data-toggle='tooltip' data-placement='right' title='原始值：232.9922'>233.0</span>", "<span data-toggle='tooltip' data-placement='right' title='原始值：120.9473'>120.9</span>", "<span data-toggle='tooltip' data-placement='right' title='原始值：3.69'>3.69</span>", "<span data-toggle='tooltip' data-placement='right' title='原始值：0.39459'>0.395</span>", "*", "*", "*", "*", "正常"], ["河南省", "淮河流域", "<span data-toggle='tooltip' data-placement='right' title='所在地市:信阳市&#10;所属河流:淮河'>淮滨水文站(淮滨)</span>", "01-02 08:00", "Ⅲ", "<span data-toggle='tooltip' data-placement='right' title='原始值：6.6'>6.6</span>", "<span data-toggle='tooltip' data-placement='right' title='原始值：7.35'>7.35</span>", "<span data-toggle='tooltip' data-placement='right' title='原始值：11.22937'>11.23</span>", "<span data-toggle='tooltip' data-placement='right' title='原始值：298'>298.0</span>", "<span data-toggle='tooltip' data-placement='right' title='原始值：54.38198'>54.4</span>", "<span data-toggle='tooltip' data-placement='right' title='原始值：3.14285'>3.14</span>", "<span data-toggle='tooltip' data-placement='right' title='原始值：0.29894'>0.299</span>", "<span data-toggle='tooltip' data-placement='right' title='原始值：0.10185'>0.102</span>", "<span data-toggle='tooltip' data-placement='right' title='原始值：1.98757'>1.99</span>", "*", "*", "正常"], ["河南省", "淮河流域", "<span data-toggle='tooltip' data-placement='right' title='所在地市:周口市&#10;所属河流:沙河'>沈丘闸</span>", "01-02 08:00", "Ⅲ", "<span data-toggle='tooltip' data-placement='right' title='原始值：5.14944'>5.1</span>", "<span data-toggle='tooltip' data-placement='right' title='原始值：7.94934'>7.95</span>", "<span data-toggle='tooltip' data-placement='right' title='原始值：10.89848'>10.90</span>", "<span data-toggle='tooltip' data-placement='right' title='原始值：1040'>1040.0</span>", "<span data-toggle='tooltip' data-placement='right' title='原始值：7.15804'>7.2</span>", "<span data-toggle='tooltip' data-placement='right' title='原始值：5.61'>5.61</span>", "<span data-toggle='tooltip' data-placement='right' title='原始值：0.3'>0.300</span>", "*", "*", "*", "*", "正常"], ["河南省", "淮河流域", "<span data-toggle='tooltip' data-placement='right' title='所在地市:周口市&#10;所属河流:涡河'>鹿邑付桥(鹿邑付桥闸)</span>", "01-02 08:00", "Ⅲ", "<span data-toggle='tooltip' data-placement='right' title='原始值：6.86498'>6.9</span>", "<span data-toggle='tooltip' data-placement='right' title='原始值：8.70284'>8.70</span>", "<span data-toggle='tooltip' data-placement='right' title='原始值：9.21947'>9.22</span>", "<span data-toggle='tooltip' data-placement='right' title='原始值：1550.459'>1550.5</span>", "<span data-toggle='tooltip' data-placement='right' title='原始值：4.61732'>4.6</span>", "<span data-toggle='tooltip' data-placement='right' title='原始值：4.1'>4.10</span>", "<span data-toggle='tooltip' data-placement='right' title='原始值：0.47'>0.470</span>", "<span data-toggle='tooltip' data-placement='right' title='原始值：0.0465'>0.046</span>", "<span data-toggle='tooltip' data-placement='right' title='原始值：1.5612'>1.56</span>", "*", "*", "正常"], ["河南省", "淮河流域", "<span data-toggle='tooltip' data-placement='right' title='所在地市:驻马店市&#10;所属河流:洪河'>新蔡班台(班台)</span>", "01-02 08:00", "Ⅳ", "<span data-toggle='tooltip' data-placement='right' title='原始值：5.53317'>5.5</span>", "<span data-toggle='tooltip' data-placement='right' title='原始值：7.72832'>7.73</span>", "<span data-toggle='tooltip' data-placement='right' title='原始值：14.37423'>14.37</span>", "<span data-toggle='tooltip' data-placement='right' title='原始值：653.3355'>653.3</span>", "<span data-toggle='tooltip' data-placement='right' title='原始值：21.17371'>21.2</span>", "<span data-toggle='tooltip' data-placement='right' title='原始值：8.53'>8.53</span>", "<span data-toggle='tooltip' data-placement='right' title='原始值：0.55'>0.550</span>", "<span data-toggle='tooltip' data-placement='right' title='原始值：0.10236'>0.102</span>", "<span data-toggle='tooltip' data-placement='right' title='原始值：5.1708'>5.17</span>", "*", "*", "正常"], ["河南省", "黄河流域", "<span data-toggle='tooltip' data-placement='right' title='所在地市:济源市&#10;所属河流:黄河'>小浪底水库(小浪底)</span>", "01-02 08:00", "", "<span data-toggle='tooltip' data-placement='right' title='极值过滤'>--</span>", "<span data-toggle='tooltip' data-placement='right' title='极值过滤'>--</span>", "<span data-toggle='tooltip' data-placement='right' title='极值过滤'>--</span>", "<span data-toggle='tooltip' data-placement='right' title='极值过滤'>--</span>", "<span data-toggle='tooltip' data-placement='right' title='极值过滤'>--</span>", "<span data-toggle='tooltip' data-placement='right' title='原始值：2.0275'>2.03</span>", "<span data-toggle='tooltip' data-placement='right' title='原始值：0.29'>0.290</span>", "<span data-toggle='tooltip' data-placement='right' title='原始值：0.018'>0.018</span>", "<span data-toggle='tooltip' data-placement='right' title='原始值：3.0475'>3.05</span>", "*", "*", "维护"], ["湖北省", "长江流域", "<span data-toggle='tooltip' data-placement='right' title='所在地市:武汉市&#10;所属河流:汉江'>宗关</span>", "01-02 08:00", "", "<span data-toggle='tooltip' data-placement='right' title='原始值：8.48'>8.5</span>", "<span data-toggle='tooltip' data-placement='right' title='原始值：7.936152'>7.94</span>", "<span data-toggle='tooltip' data-placement='right' title='原始值：11.6523'>11.65</span>", "<span data-toggle='tooltip' data-placement='right' title='原始值：385.1952'>385.2</span>", "<span data-toggle='tooltip' data-placement='right' title='原始值：16.51649'>16.5</span>", "<span data-toggle='tooltip' data-placement='right' title='原始值：3.11'>3.11</span>", "--", "<span data-toggle='tooltip' data-placement='right' title='原始值：0.079'>0.079</span>", "<span data-toggle='tooltip' data-placement='right' title='原始值：3.225376'>3.23</span>", "<span data-toggle='tooltip' data-placement='right' title='原始值：0.0024531'>0.002</span>", "*", "维护"], ["湖北省", "长江流域", "<span data-toggle='tooltip' data-placement='right' title='所在地市:十堰市&#10;所属河流:丹江口水库'>坝上中(胡家岭)</span>", "01-02 08:00", "Ⅱ", "<span data-toggle='tooltip' data-placement='right' title='原始值：13.04'>13.0</span>", "<span data-toggle='tooltip' data-placement='right' title='原始值：7.748009'>7.75</span>", "<span data-toggle='tooltip' data-placement='right' title='原始值：8.261456'>8.26</span>", "<span data-toggle='tooltip' data-placement='right' title='原始值：269.233'>269.2</span>", "<span data-toggle='tooltip' data-placement='right' title='原始值：3.571759'>3.6</span>", "<span data-toggle='tooltip' data-placement='right' title='原始值：2.1'>2.10</span>", "<span data-toggle='tooltip' data-placement='right' title='原始值：0.094'>0.094</span>", "<span data-toggle='tooltip' data-placement='right' title='原始值：0.02'>0.020</span>", "<span data-toggle='tooltip' data-placement='right' title='原始值：1.229'>1.23</span>", "<span data-toggle='tooltip' data-placement='right' title='原始值：0.0067535'>0.007</span>", "<span data-toggle='tooltip' data-placement='right' title='原始值：7100000'>7100000</span>", "正常"], ["湖北省", "长江流域", "<span data-toggle='tooltip' data-placement='right' title='所在地市:宜昌市&#10;所属河流:长江'>南津关</span>", "01-02 08:00", "Ⅱ", "<span data-toggle='tooltip' data-placement='right' title='原始值：16.13'>16.1</span>", "<span data-toggle='tooltip' data-placement='right' title='原始值：7.879763'>7.88</span>", "<span data-toggle='tooltip' data-placement='right' title='原始值：8.693676'>8.69</span>", "<span data-toggle='tooltip' data-placement='right' title='原始值：391.8'>391.8</span>", "<span data-toggle='tooltip' data-placement='right' title='原始值：3.906964'>3.9</span>", "<span data-toggle='tooltip' data-placement='right' title='原始值：2.06'>2.06</span>", "<span data-toggle='tooltip' data-placement='right' title='原始值：0.07'>0.070</span>", "<span data-toggle='tooltip' data-placement='right' title='原始值：0.046'>0.046</span>", "<span data-toggle='tooltip' data-placement='right' title='原始值：1.3759'>1.38</span>", "<span data-toggle='tooltip' data-placement='right' title='原始值：0.0035615'>0.004</span>", "*", "正常"], ["湖南省", "长江流域", "<span data-toggle='tooltip' data-placement='right' title='所在地市:长沙市&#10;所属河流:湘江'>新港</span>", "01-02 08:00", "Ⅱ", "<span data-toggle='tooltip' data-placement='right' title='原始值：10.59'>10.6</span>", "<span data-toggle='tooltip' data-placement='right' title='原始值：7.72'>7.72</span>", "<span data-toggle='tooltip' data-placement='right' title='原始值：9.92'>9.92</span>", "<span data-toggle='tooltip' data-placement='right' title='原始值：287.49'>287.5</span>", "<span data-toggle='tooltip' data-placement='right' title='原始值：24.64'>24.6</span>", "<span data-toggle='tooltip' data-placement='right' title='原始值：1.68'>1.68</span>", "<span data-toggle='tooltip' data-placement='right' title='原始值：0.2'>0.200</span>", "<span data-toggle='tooltip' data-placement='right' title='原始值：0.045'>0.045</span>", "<span data-toggle='tooltip' data-placement='right' title='原始值：3.35'>3.35</span>", "*", "*", "正常"], ["湖南省", "长江流域", "<span data-toggle='tooltip' data-placement='right' title='所在地市:岳阳市&#10;所属河流:洞庭湖'>岳阳楼</span>", "01-02 08:00", "Ⅴ", "<span data-toggle='tooltip' data-placement='right' title='原始值：7.44'>7.4</span>", "<span data-toggle='tooltip' data-placement='right' title='原始值：8.051644'>8.05</span>", "<span data-toggle='tooltip' data-placement='right' title='原始值：10.31858'>10.32</span>", "<span data-toggle='tooltip' data-placement='right' title='原始值：295.7473'>295.7</span>", "<span data-toggle='tooltip' data-placement='right' title='原始值：40.11927'>40.1</span>", "<span data-toggle='tooltip' data-placement='right' title='原始值：1.87'>1.87</span>", "<span data-toggle='tooltip' data-placement='right' title='原始值：0.106'>0.106</span>", "<span data-toggle='tooltip' data-placement='right' title='原始值：0.111'>0.111</span>", "<span data-toggle='tooltip' data-placement='right' title='原始值：2.707'>2.71</span>", "<span data-toggle='tooltip' data-placement='right' title='原始值：0.0034219'>0.003</span>", "<span data-toggle='tooltip' data-placement='right' title='原始值：272.199'>272</span>", "正常"], ["湖南省", "长江流域", "<span data-toggle='tooltip' data-placement='right' title='所在地市:岳阳市&#10;所属河流:长江'>城陵矶</span>", "01-02 08:00", "Ⅲ", "<span data-toggle='tooltip' data-placement='right' title='原始值：10.22'>10.2</span>", "<span data-toggle='tooltip' data-placement='right' title='原始值：7.823083'>7.82</span>", "<span data-toggle='tooltip' data-placement='right' title='原始值：10.55566'>10.56</span>", "<span data-toggle='tooltip' data-placement='right' title='原始值：365.262'>365.3</span>", "<span data-toggle='tooltip' data-placement='right' title='原始值：30.69521'>30.7</span>", "<span data-toggle='tooltip' data-placement='right' title='原始值：2.38'>2.38</span>", "<span data-toggle='tooltip' data-placement='right' title='原始值：0.015'>0.015</span>", "<span data-toggle='tooltip' data-placement='right' title='原始值：0.118'>0.118</span>", "<span data-toggle='tooltip' data-placement='right' title='原始值：1.7657'>1.77</span>", "*", "*", "正常"], ["广东省", "珠江流域", "<span data-toggle='tooltip' data-placement='right' title='所在地市:清远市&#10;所属河流:北江'>七星岗</span>", "01-02 08:00", "Ⅱ", "<span data-toggle='tooltip' data-placement='right' title='原始值：15.45081'>15.5</span>", "<span data-toggle='tooltip' data-placement='right' title='原始值：7.88127'>7.88</span>", "<span data-toggle='tooltip' data-placement='right' title='原始值：10.62254'>10.62</span>", "<span data-toggle='tooltip' data-placement='right' title='原始值：305.5947'>305.6</span>", "<span data-toggle='tooltip' data-placement='right' title='原始值：8.0952'>8.1</span>", "<span data-toggle='tooltip' data-placement='right' title='原始值：1.35'>1.35</span>", "<span data-toggle='tooltip' data-placement='right' title='原始值：0.11009'>0.110</span>", "<span data-toggle='tooltip' data-placement='right' title='原始值：0.03129'>0.031</span>", "<span data-toggle='tooltip' data-placement='right' title='原始值：2.6775'>2.68</span>", "*", "*", "正常"], ["广东省", "珠江流域", "<span data-toggle='tooltip' data-placement='right' title='所在地市:中山市&#10;所属河流:西江'>横栏</span>", "01-02 08:00", "Ⅰ", "<span data-toggle='tooltip' data-placement='right' title='原始值：15.4'>15.4</span>", "<span data-toggle='tooltip' data-placement='right' title='原始值：7.63'>7.63</span>", "<span data-toggle='tooltip' data-placement='right' title='原始值：8.52'>8.52</span>", "<span data-toggle='tooltip' data-placement='right' title='原始值：334'>334.0</span>", "<span data-toggle='tooltip' data-placement='right' title='原始值：13.6'>13.6</span>", "<span data-toggle='tooltip' data-placement='right' title='原始值：1.5'>1.50</span>", "<span data-toggle='tooltip' data-placement='right' title='原始值：0.13104'>0.131</span>", "*", "*", "*", "*", "正常"], ["广西壮族自治区", "珠江流域", "<span data-toggle='tooltip' data-placement='right' title='所在地市:南宁市&#10;所属河流:邕江'>老口</span>", "01-02 08:00", "Ⅱ", "<span data-toggle='tooltip' data-placement='right' title='原始值：17.54614'>17.5</span>", "<span data-toggle='tooltip' data-placement='right' title='原始值：8.10633'>8.11</span>", "<span data-toggle='tooltip' data-placement='right' title='原始值：9.34018'>9.34</span>", "<span data-toggle='tooltip' data-placement='right' title='原始值：309.8501'>309.9</span>", "<span data-toggle='tooltip' data-placement='right' title='原始值：4.91463'>4.9</span>", "<span data-toggle='tooltip' data-placement='right' title='原始值：1.64117'>1.64</span>", "<span data-toggle='tooltip' data-placement='right' title='原始值：0.01236'>0.012</span>", "<span data-toggle='tooltip' data-placement='right' title='原始值：0.02003'>0.020</span>", "<span data-toggle='tooltip' data-placement='right' title='极值过滤'>--</span>", "*", "*", "维护"], ["广西壮族自治区", "珠江流域", "<span data-toggle='tooltip' data-placement='right' title='所在地市:桂林市&#10;所属河流:漓江'>阳朔</span>", null, "", "--", "--", "--", "--", "--", "--", "--", "--", "--", "*", "*", "停站"], ["广西壮族自治区", "珠江流域", "<span data-toggle='tooltip' data-placement='right' title='所在地市:梧州市&#10;所属河流:浔江'>界首</span>", null, "", "--", "--", "--", "--", "--", "--", "--", "--", "--", "*", "*", "停站"], ["广西壮族自治区", "珠江流域", "<span data-toggle='tooltip' data-placement='right' title='所在地市:贵港市&#10;所属河流:浔江'>石嘴</span>", null, "", "--", "--", "--", "--", "--", "--", "--", "--", "--", "*", "*", "停站"], ["广西壮族自治区", "珠江流域", "<span data-toggle='tooltip' data-placement='right' title='所在地市:崇左市&#10;所属河流:平而河'>平而关</span>", "01-02 08:00", "Ⅰ", "<span data-toggle='tooltip' data-placement='right' title='原始值：16.48586'>16.5</span>", "<span data-toggle='tooltip' data-placement='right' title='原始值：8.09153'>8.09</span>", "<span data-toggle='tooltip' data-placement='right' title='原始值：9.72638'>9.73</span>", "<span data-toggle='tooltip' data-placement='right' title='原始值：263.5607'>263.6</span>", "<span data-toggle='tooltip' data-placement='right' title='原始值：17.94644'>17.9</span>", "<span data-toggle='tooltip' data-placement='right' title='原始值：1.12635'>1.13</span>", "<span data-toggle='tooltip' data-placement='right' title='原始值：0.14'>0.140</span>", "*", "*", "*", "*", "正常"], ["重庆市", "长江流域", "<span data-toggle='tooltip' data-placement='right' title='所在地市:永川区&#10;所属河流:长江'>朱沱</span>", "01-02 08:00", "Ⅱ", "<span data-toggle='tooltip' data-placement='right' title='原始值：10.36'>10.4</span>", "<span data-toggle='tooltip' data-placement='right' title='原始值：7.47'>7.47</span>", "<span data-toggle='tooltip' data-placement='right' title='原始值：15.69'>15.69</span>", "<span data-toggle='tooltip' data-placement='right' title='原始值：395.67'>395.7</span>", "<span data-toggle='tooltip' data-placement='right' title='原始值：27.33'>27.3</span>", "<span data-toggle='tooltip' data-placement='right' title='原始值：0.86'>0.86</span>", "<span data-toggle='tooltip' data-placement='right' title='原始值：0.014'>0.014</span>", "<span data-toggle='tooltip' data-placement='right' title='原始值：0.052'>0.052</span>", "<span data-toggle='tooltip' data-placement='right' title='原始值：1.481'>1.48</span>", "*", "*", "正常"], ["四川省", "长江流域", "<span data-toggle='tooltip' data-placement='right' title='所在地市:攀枝花市&#10;所属河流:金沙江'>龙洞</span>", "01-02 08:00", "Ⅰ", "<span data-toggle='tooltip' data-placement='right' title='原始值：14.18'>14.2</span>", "<span data-toggle='tooltip' data-placement='right' title='原始值：8.307049'>8.31</span>", "<span data-toggle='tooltip' data-placement='right' title='原始值：8.593227'>8.59</span>", "<span data-toggle='tooltip' data-placement='right' title='原始值：881.325'>881.3</span>", "<span data-toggle='tooltip' data-placement='right' title='原始值：7.149422'>7.1</span>", "<span data-toggle='tooltip' data-placement='right' title='原始值：0.85'>0.85</span>", "<span data-toggle='tooltip' data-placement='right' title='原始值：0.019'>0.019</span>", "<span data-toggle='tooltip' data-placement='right' title='原始值：0.010507'>0.011</span>", "<span data-toggle='tooltip' data-placement='right' title='原始值：2.374444'>2.37</span>", "*", "*", "正常"], ["四川省", "长江流域", "<span data-toggle='tooltip' data-placement='right' title='所在地市:泸州市&#10;所属河流:沱江'>沱江大桥(沱江二桥)</span>", "01-02 08:00", "Ⅱ", "<span data-toggle='tooltip' data-placement='right' title='原始值：10.76'>10.8</span>", "<span data-toggle='tooltip' data-placement='right' title='原始值：8.236742'>8.24</span>", "<span data-toggle='tooltip' data-placement='right' title='原始值：10.77121'>10.77</span>", "<span data-toggle='tooltip' data-placement='right' title='原始值：629.3353'>629.3</span>", "<span data-toggle='tooltip' data-placement='right' title='原始值：5.508214'>5.5</span>", "<span data-toggle='tooltip' data-placement='right' title='原始值：1.98'>1.98</span>", "<span data-toggle='tooltip' data-placement='right' title='原始值：0.003'>0.003</span>", "<span data-toggle='tooltip' data-placement='right' title='原始值：0.0984379'>0.098</span>", "<span data-toggle='tooltip' data-placement='right' title='原始值：4.13144'>4.13</span>", "*", "*", "正常"], ["四川省", "长江流域", "<span data-toggle='tooltip' data-placement='right' title='所在地市:广元市&#10;所属河流:嘉陵江'>清风峡</span>", "01-02 08:00", "Ⅰ", "<span data-toggle='tooltip' data-placement='right' title='原始值：4.55741'>4.6</span>", "<span data-toggle='tooltip' data-placement='right' title='原始值：8.37'>8.37</span>", "<span data-toggle='tooltip' data-placement='right' title='原始值：11.95648'>11.96</span>", "<span data-toggle='tooltip' data-placement='right' title='原始值：423.1574'>423.2</span>", "<span data-toggle='tooltip' data-placement='right' title='原始值：77.45648'>77.5</span>", "<span data-toggle='tooltip' data-placement='right' title='原始值：0.54'>0.54</span>", "<span data-toggle='tooltip' data-placement='right' title='原始值：0.07144'>0.071</span>", "*", "*", "*", "*", "正常"], ["四川省", "长江流域", "<span data-toggle='tooltip' data-placement='right' title='所在地市:乐山市&#10;所属河流:岷江'>岷江大桥</span>", null, "", "--", "--", "--", "--", "--", "--", "--", "--", "--", "*", "*", "停站"], ["四川省", "长江流域", "<span data-toggle='tooltip' data-placement='right' title='所在地市:宜宾市&#10;所属河流:岷江'>凉姜沟</span>", "01-02 08:00", "Ⅲ", "<span data-toggle='tooltip' data-placement='right' title='原始值：11.38'>11.4</span>", "<span data-toggle='tooltip' data-placement='right' title='原始值：8.123369'>8.12</span>", "<span data-toggle='tooltip' data-placement='right' title='原始值：9.808584'>9.81</span>", "<span data-toggle='tooltip' data-placement='right' title='原始值：325.3095'>325.3</span>", "<span data-toggle='tooltip' data-placement='right' title='原始值：34.48161'>34.5</span>", "<span data-toggle='tooltip' data-placement='right' title='原始值：1.43'>1.43</span>", "<span data-toggle='tooltip' data-placement='right' title='原始值：0.128'>0.128</span>", "<span data-toggle='tooltip' data-placement='right' title='原始值：0.126969'>0.127</span>", "<span data-toggle='tooltip' data-placement='right' title='原始值：1.9047'>1.90</span>", "*", "*", "正常"], ["云南省", "滇池流域", "<span data-toggle='tooltip' data-placement='right' title='所在地市:昆明市&#10;所属河流:滇池'>西苑隧道</span>", "01-02 08:00", "Ⅱ", "<span data-toggle='tooltip' data-placement='right' title='原始值：12.45'>12.4</span>", "<span data-toggle='tooltip' data-placement='right' title='原始值：7.93245'>7.93</span>", "<span data-toggle='tooltip' data-placement='right' title='原始值：9.382'>9.38</span>", "<span data-toggle='tooltip' data-placement='right' title='原始值：769.18'>769.2</span>", "<span data-toggle='tooltip' data-placement='right' title='原始值：32.012'>32.0</span>", "<span data-toggle='tooltip' data-placement='right' title='原始值：3.89675'>3.90</span>", "<span data-toggle='tooltip' data-placement='right' title='原始值：0.05356'>0.054</span>", "<span data-toggle='tooltip' data-placement='right' title='原始值：0.02347'>0.023</span>", "<span data-toggle='tooltip' data-placement='right' title='原始值：5.46448'>5.46</span>", "<span data-toggle='tooltip' data-placement='right' title='原始值：0.03586'>0.036</span>", "<span data-toggle='tooltip' data-placement='right' title='原始值：2.960833E+07'>29608330</span>", "正常"], ["云南省", "滇池流域", "<span data-toggle='tooltip' data-placement='right' title='所在地市:昆明市&#10;所属河流:滇池'>观音山</span>", "01-02 08:00", "Ⅴ", "<span data-toggle='tooltip' data-placement='right' title='原始值：11.05374'>11.1</span>", "<span data-toggle='tooltip' data-placement='right' title='原始值：8.97794'>8.98</span>", "<span data-toggle='tooltip' data-placement='right' title='原始值：6.45'>6.45</span>", "<span data-toggle='tooltip' data-placement='right' title='原始值：420.269'>420.3</span>", "<span data-toggle='tooltip' data-placement='right' title='原始值：50.198'>50.2</span>", "<span data-toggle='tooltip' data-placement='right' title='原始值：7.93049'>7.93</span>", "<span data-toggle='tooltip' data-placement='right' title='原始值：0.95'>0.950</span>", "<span data-toggle='tooltip' data-placement='right' title='原始值：0.1043'>0.104</span>", "<span data-toggle='tooltip' data-placement='right' title='原始值：1.638'>1.64</span>", "<span data-toggle='tooltip' data-placement='right' title='原始值：0.00212'>0.002</span>", "<span data-toggle='tooltip' data-placement='right' title='原始值：6314390'>6314390</span>", "正常"], ["云南省", "西南诸河", "<span data-toggle='tooltip' data-placement='right' title='所在地市:红河哈尼族彝族自治州&#10;所属河流:红河'>河口县医院(河口)</span>", "01-02 08:00", "Ⅱ", "<span data-toggle='tooltip' data-placement='right' title='原始值：18.7388'>18.7</span>", "<span data-toggle='tooltip' data-placement='right' title='原始值：7.75998'>7.76</span>", "<span data-toggle='tooltip' data-placement='right' title='原始值：8.01592'>8.02</span>", "<span data-toggle='tooltip' data-placement='right' title='原始值：261.8649'>261.9</span>", "<span data-toggle='tooltip' data-placement='right' title='原始值：34.95654'>35.0</span>", "<span data-toggle='tooltip' data-placement='right' title='原始值：1.22867'>1.23</span>", "<span data-toggle='tooltip' data-placement='right' title='原始值：0.05628'>0.056</span>", "<span data-toggle='tooltip' data-placement='right' title='原始值：0.04673'>0.047</span>", "<span data-toggle='tooltip' data-placement='right' title='原始值：0.81077'>0.81</span>", "*", "*", "正常"], ["云南省", "西南诸河", "<span data-toggle='tooltip' data-placement='right' title='所在地市:西双版纳傣族自治州&#10;所属河流:澜沧江'>橄榄坝</span>", "01-02 08:00", "Ⅰ", "<span data-toggle='tooltip' data-placement='right' title='原始值：17.722'>17.7</span>", "<span data-toggle='tooltip' data-placement='right' title='原始值：7.609'>7.61</span>", "<span data-toggle='tooltip' data-placement='right' title='原始值：10.24'>10.24</span>", "<span data-toggle='tooltip' data-placement='right' title='原始值：514.067'>514.1</span>", "<span data-toggle='tooltip' data-placement='right' title='原始值：7.52'>7.5</span>", "<span data-toggle='tooltip' data-placement='right' title='原始值：0.69'>0.69</span>", "<span data-toggle='tooltip' data-placement='right' title='原始值：0.145'>0.145</span>", "*", "*", "*", "*", "正常"], ["陕西省", "黄河流域", "<span data-toggle='tooltip' data-placement='right' title='所在地市:渭南市&#10;所属河流:渭河'>潼关吊桥</span>", null, "", "--", "--", "--", "--", "--", "--", "--", "--", "--", "*", "*", "停站"], ["甘肃省", "黄河流域", "<span data-toggle='tooltip' data-placement='right' title='所在地市:兰州市&#10;所属河流:黄河'>新城桥</span>", null, "", "--", "--", "--", "--", "--", "--", "--", "--", "--", "*", "*", "停站"], ["宁夏回族自治区", "黄河流域", "<span data-toggle='tooltip' data-placement='right' title='所在地市:中卫市&#10;所属河流:黄河'>中卫下河沿(新墩)</span>", "01-02 08:00", "Ⅱ", "<span data-toggle='tooltip' data-placement='right' title='原始值：3.47733'>3.5</span>", "<span data-toggle='tooltip' data-placement='right' title='原始值：7.50276'>7.50</span>", "<span data-toggle='tooltip' data-placement='right' title='原始值：11.30977'>11.31</span>", "<span data-toggle='tooltip' data-placement='right' title='原始值：732.2744'>732.3</span>", "<span data-toggle='tooltip' data-placement='right' title='原始值：17.73'>17.7</span>", "<span data-toggle='tooltip' data-placement='right' title='原始值：1.25'>1.25</span>", "<span data-toggle='tooltip' data-placement='right' title='原始值：0.16'>0.160</span>", "<span data-toggle='tooltip' data-placement='right' title='原始值：0.0076'>0.008</span>", "<span data-toggle='tooltip' data-placement='right' title='原始值：2.3721'>2.37</span>", "*", "*", "正常"]]}