{"result": 1, "total": 2, "records": 100, "thead": ["省份", "流域", "断面名称", "监测时间", "水质类别", "水温<br/><span class='unit'>(℃)</span>", "pH<br/><span class='unit'>(无量纲)</span>", "溶解氧<br/><span class='unit'>(mg/L)</span>", "电导率<br/><span class='unit'>(μS/cm)</span>", "浊度<br/><span class='unit'>(NTU)</span>", "高锰酸盐指数<br/><span class='unit'>(mg/L)</span>", "氨氮<br/><span class='unit'>(mg/L)</span>", "总磷<br/><span class='unit'>(mg/L)</span>", "总氮<br/><span class='unit'>(mg/L)</span>", "叶绿素α<br/><span class='unit'>(mg/L)</span>", "藻密度<br/><span class='unit'>(cells/L)</span>", "站点情况"], "tbody": [["北京市", "海河流域", "<span data-toggle='tooltip' data-placement='right' title='所在地市:门头沟区&#10;所属河流:永定河'>沿河城</span>", null, "", "--", "--", "--", "--", "--", "--", "--", "--", "--", "*", "*", "停站"], ["北京市", "淮河流域", "<span data-toggle='tooltip' data-placement='right' title='所在地市:房山区&#10;所属河流:小清河'>八间房漫水桥</span>", null, "", "*", "*", "*", "*", "*", "*", "*", "*", "*", "*", "*", "维护"], ["北京市", "海河流域", "<span data-toggle='tooltip' data-placement='right' title='所在地市:密云区&#10;所属河流:潮河'>古北口</span>", null, "", "--", "--", "--", "--", "--", "--", "--", "--", "--", "*", "*", "停站"], ["天津市", "海河流域", "<span data-toggle='tooltip' data-placement='right' title='所在地市:河北区&#10;所属河流:海河'>三岔口</span>", "01-07 08:00", "Ⅰ", "<span data-toggle='tooltip' data-placement='right' title='原始值：3.262'>3.3</span>", "<span data-toggle='tooltip' data-placement='right' title='原始值：8.1182'>8.12</span>", "<span data-toggle='tooltip' data-placement='right' title='原始值：12.116'>12.12</span>", "<span data-toggle='tooltip' data-placement='right' title='原始值：553.6224'>553.6</span>", "<span data-toggle='tooltip' data-placement='right' title='原始值：6.682'>6.7</span>", "<span data-toggle='tooltip' data-placement='right' title='原始值：1.16'>1.16</span>", "<span data-toggle='tooltip' data-placement='right' title='原始值：0.14'>0.140</span>", "<span data-toggle='tooltip' data-placement='right' title='原始值：0.0078'>0.008</span>", "<span data-toggle='tooltip' data-placement='right' title='原始值：1.9368'>1.94</span>", "*", "*", "正常"], ["天津市", "海河流域", "<span data-toggle='tooltip' data-placement='right' title='所在地市:蓟州区&#10;所属河流:果河'>果河桥</span>", "01-07 08:00", "Ⅱ", "<span data-toggle='tooltip' data-placement='right' title='原始值：5.3'>5.3</span>", "<span data-toggle='tooltip' data-placement='right' title='原始值：8.94'>8.94</span>", "<span data-toggle='tooltip' data-placement='right' title='原始值：14.983'>14.98</span>", "<span data-toggle='tooltip' data-placement='right' title='原始值：681.668'>681.7</span>", "<span data-toggle='tooltip' data-placement='right' title='原始值：4.4'>4.4</span>", "<span data-toggle='tooltip' data-placement='right' title='原始值：3.4352'>3.44</span>", "<span data-toggle='tooltip' data-placement='right' title='原始值：0.23'>0.230</span>", "<span data-toggle='tooltip' data-placement='right' title='原始值：0.0276'>0.028</span>", "<span data-toggle='tooltip' data-placement='right' title='原始值：5.2601'>5.26</span>", "*", "*", "正常"], ["河北省", "海河流域", "<span data-toggle='tooltip' data-placement='right' title='所在地市:石家庄市&#10;所属河流:滹沱河'>岗南水库</span>", "01-07 08:00", "Ⅱ", "<span data-toggle='tooltip' data-placement='right' title='原始值：8.13201'>8.1</span>", "<span data-toggle='tooltip' data-placement='right' title='原始值：8.78569'>8.79</span>", "<span data-toggle='tooltip' data-placement='right' title='原始值：11.91309'>11.91</span>", "<span data-toggle='tooltip' data-placement='right' title='原始值：560.5433'>560.5</span>", "<span data-toggle='tooltip' data-placement='right' title='原始值：1.60826'>1.6</span>", "<span data-toggle='tooltip' data-placement='right' title='原始值：2.29415'>2.29</span>", "<span data-toggle='tooltip' data-placement='right' title='原始值：0.02'>0.020</span>", "<span data-toggle='tooltip' data-placement='right' title='原始值：0.01596'>0.016</span>", "<span data-toggle='tooltip' data-placement='right' title='原始值：1.35297'>1.35</span>", "*", "*", "正常"], ["河北省", "海河流域", "<span data-toggle='tooltip' data-placement='right' title='所在地市:张家口市&#10;所属河流:永定河'>八号桥</span>", "01-07 08:00", "", "<span data-toggle='tooltip' data-placement='right' title='原始值：0.9978'>1.0</span>", "<span data-toggle='tooltip' data-placement='right' title='原始值：8.36251'>8.36</span>", "<span data-toggle='tooltip' data-placement='right' title='原始值：11.72108'>11.72</span>", "<span data-toggle='tooltip' data-placement='right' title='原始值：1692.445'>1692.4</span>", "<span data-toggle='tooltip' data-placement='right' title='原始值：15.12759'>15.1</span>", "<span data-toggle='tooltip' data-placement='right' title='极值过滤'>--</span>", "<span data-toggle='tooltip' data-placement='right' title='原始值：0.54'>0.540</span>", "<span data-toggle='tooltip' data-placement='right' title='原始值：0.1425'>0.142</span>", "<span data-toggle='tooltip' data-placement='right' title='原始值：7.895'>7.90</span>", "*", "*", "维护"], ["山西省", "黄河流域", "<span data-toggle='tooltip' data-placement='right' title='所在地市:运城市&#10;所属河流:汾河'>河津大桥</span>", "01-07 08:00", "Ⅲ", "<span data-toggle='tooltip' data-placement='right' title='原始值：11.30595'>11.3</span>", "<span data-toggle='tooltip' data-placement='right' title='原始值：7.71403'>7.71</span>", "<span data-toggle='tooltip' data-placement='right' title='原始值：9.77497'>9.77</span>", "<span data-toggle='tooltip' data-placement='right' title='原始值：1804.728'>1804.7</span>", "<span data-toggle='tooltip' data-placement='right' title='原始值：14.51048'>14.5</span>", "<span data-toggle='tooltip' data-placement='right' title='原始值：4.825'>4.82</span>", "<span data-toggle='tooltip' data-placement='right' title='原始值：0.16'>0.160</span>", "*", "*", "*", "*", "正常"], ["山西省", "黄河流域", "<span data-toggle='tooltip' data-placement='right' title='所在地市:忻州市&#10;所属河流:黄河'>万家寨水库</span>", null, "", "--", "--", "--", "--", "--", "--", "--", "--", "--", "*", "*", "停站"], ["内蒙古自治区", "黄河流域", "<span data-toggle='tooltip' data-placement='right' title='所在地市:包头市&#10;所属河流:黄河'>画匠营子</span>", null, "", "--", "--", "--", "--", "--", "--", "--", "--", "--", "*", "*", "停站"], ["内蒙古自治区", "黄河流域", "<span data-toggle='tooltip' data-placement='right' title='所在地市:乌海市&#10;所属河流:黄河'>海勃湾</span>", "01-07 08:00", "Ⅱ", "<span data-toggle='tooltip' data-placement='right' title='原始值：3.72046'>3.7</span>", "<span data-toggle='tooltip' data-placement='right' title='原始值：8.61727'>8.62</span>", "<span data-toggle='tooltip' data-placement='right' title='原始值：10.15537'>10.16</span>", "<span data-toggle='tooltip' data-placement='right' title='原始值：814.3726'>814.4</span>", "<span data-toggle='tooltip' data-placement='right' title='原始值：21.50581'>21.5</span>", "<span data-toggle='tooltip' data-placement='right' title='原始值：1.14'>1.14</span>", "<span data-toggle='tooltip' data-placement='right' title='原始值：0.24'>0.240</span>", "*", "*", "*", "*", "正常"], ["内蒙古自治区", "松花江流域", "<span data-toggle='tooltip' data-placement='right' title='所在地市:呼伦贝尔市&#10;所属河流:额尔古纳河'>黑山头</span>", null, "", "--", "--", "--", "--", "--", "--", "--", "--", "--", "*", "*", "停站"], ["辽宁省", "辽河流域", "<span data-toggle='tooltip' data-placement='right' title='所在地市:抚顺市&#10;所属河流:浑河'>大伙房水库</span>", "01-07 08:00", "", "<span data-toggle='tooltip' data-placement='right' title='原始值：4.89516'>4.9</span>", "<span data-toggle='tooltip' data-placement='right' title='原始值：7.75981'>7.76</span>", "<span data-toggle='tooltip' data-placement='right' title='原始值：10.61925'>10.62</span>", "<span data-toggle='tooltip' data-placement='right' title='原始值：310.0411'>310.0</span>", "<span data-toggle='tooltip' data-placement='right' title='原始值：6.41715'>6.4</span>", "<span data-toggle='tooltip' data-placement='right' title='原始值：2.68332'>2.68</span>", "<span data-toggle='tooltip' data-placement='right' title='极值过滤'>--</span>", "<span data-toggle='tooltip' data-placement='right' title='原始值：0.01721'>0.017</span>", "<span data-toggle='tooltip' data-placement='right' title='原始值：3.54998'>3.55</span>", "<span data-toggle='tooltip' data-placement='right' title='原始值：0.00154'>0.002</span>", "*", "维护"], ["辽宁省", "辽河流域", "<span data-toggle='tooltip' data-placement='right' title='所在地市:丹东市&#10;所属河流:鸭绿江'>江桥</span>", null, "", "--", "--", "--", "--", "--", "--", "--", "--", "--", "*", "*", "停站"], ["辽宁省", "辽河流域", "<span data-toggle='tooltip' data-placement='right' title='所在地市:营口市&#10;所属河流:大辽河'>辽河公园</span>", null, "", "--", "--", "--", "--", "--", "--", "--", "--", "--", "*", "*", "停站"], ["辽宁省", "辽河流域", "<span data-toggle='tooltip' data-placement='right' title='所在地市:辽阳市&#10;所属河流:太子河'>汤河水库</span>", null, "", "--", "--", "--", "--", "--", "--", "--", "--", "--", "*", "*", "停站"], ["辽宁省", "辽河流域", "<span data-toggle='tooltip' data-placement='right' title='所在地市:盘锦市&#10;所属河流:辽河'>盘锦兴安(兴安)</span>", null, "", "--", "--", "--", "--", "--", "--", "--", "--", "--", "*", "*", "停站"], ["辽宁省", "辽河流域", "<span data-toggle='tooltip' data-placement='right' title='所在地市:铁岭市&#10;所属河流:辽河'>珠尔山</span>", null, "", "--", "--", "--", "--", "--", "--", "--", "--", "--", "*", "*", "停站"], ["吉林省", "松花江流域", "<span data-toggle='tooltip' data-placement='right' title='所在地市:长春市&#10;所属河流:松花江'>松花江村</span>", null, "", "--", "--", "--", "--", "--", "--", "--", "--", "--", "*", "*", "停站"], ["吉林省", "松花江流域", "<span data-toggle='tooltip' data-placement='right' title='所在地市:白城市&#10;所属河流:嫩江'>白沙滩</span>", "01-07 08:00", "Ⅳ", "<span data-toggle='tooltip' data-placement='right' title='原始值：2.99739'>3.0</span>", "<span data-toggle='tooltip' data-placement='right' title='原始值：6.58812'>6.59</span>", "<span data-toggle='tooltip' data-placement='right' title='原始值：12.92091'>12.92</span>", "<span data-toggle='tooltip' data-placement='right' title='原始值：404.9208'>404.9</span>", "<span data-toggle='tooltip' data-placement='right' title='原始值：29.6085'>29.6</span>", "<span data-toggle='tooltip' data-placement='right' title='原始值：7.10692'>7.11</span>", "<span data-toggle='tooltip' data-placement='right' title='原始值：0.1649'>0.165</span>", "<span data-toggle='tooltip' data-placement='right' title='原始值：0.06965'>0.070</span>", "<span data-toggle='tooltip' data-placement='right' title='极值过滤'>--</span>", "*", "*", "维护"], ["吉林省", "松花江流域", "<span data-toggle='tooltip' data-placement='right' title='所在地市:延边朝鲜族自治州&#10;所属河流:图们江'>圈河</span>", null, "", "--", "--", "--", "--", "--", "--", "--", "--", "--", "*", "*", "停站"], ["黑龙江省", "松花江流域", "<span data-toggle='tooltip' data-placement='right' title='所在地市:大庆市&#10;所属河流:松花江'>肇源</span>", null, "", "--", "--", "--", "--", "--", "--", "--", "--", "--", "*", "*", "停站"], ["黑龙江省", "松花江流域", "<span data-toggle='tooltip' data-placement='right' title='所在地市:佳木斯市&#10;所属河流:乌苏里江'>乌苏镇</span>", null, "", "--", "--", "--", "--", "--", "--", "--", "--", "--", "*", "*", "停站"], ["黑龙江省", "松花江流域", "<span data-toggle='tooltip' data-placement='right' title='所在地市:佳木斯市&#10;所属河流:松花江'>同江</span>", "01-07 08:00", "Ⅲ", "<span data-toggle='tooltip' data-placement='right' title='原始值：3.0714'>3.1</span>", "<span data-toggle='tooltip' data-placement='right' title='原始值：7.09376'>7.09</span>", "<span data-toggle='tooltip' data-placement='right' title='原始值：12.25002'>12.25</span>", "<span data-toggle='tooltip' data-placement='right' title='原始值：382.813'>382.8</span>", "<span data-toggle='tooltip' data-placement='right' title='原始值：18.62553'>18.6</span>", "<span data-toggle='tooltip' data-placement='right' title='原始值：5.4551'>5.46</span>", "<span data-toggle='tooltip' data-placement='right' title='原始值：0.31311'>0.313</span>", "<span data-toggle='tooltip' data-placement='right' title='原始值：0.05029'>0.050</span>", "<span data-toggle='tooltip' data-placement='right' title='原始值：3.08858'>3.09</span>", "*", "*", "正常"], ["黑龙江省", "松花江流域", "<span data-toggle='tooltip' data-placement='right' title='所在地市:黑河市&#10;所属河流:黑龙江'>黑河下(黑河)</span>", null, "", "--", "--", "--", "--", "--", "--", "--", "--", "--", "*", "*", "停站"], ["上海市", "长江流域", "<span data-toggle='tooltip' data-placement='right' title='所在地市:青浦区&#10;所属河流:淀山湖'>急水港桥</span>", null, "", "--", "--", "--", "--", "--", "--", "--", "--", "--", "--", "--", "停站"], ["江苏省", "长江流域", "<span data-toggle='tooltip' data-placement='right' title='所在地市:南京市&#10;所属河流:长江'>林山</span>", "01-07 08:00", "Ⅱ", "<span data-toggle='tooltip' data-placement='right' title='原始值：8.39743'>8.4</span>", "<span data-toggle='tooltip' data-placement='right' title='原始值：8.00078'>8.00</span>", "<span data-toggle='tooltip' data-placement='right' title='原始值：11.0171'>11.02</span>", "<span data-toggle='tooltip' data-placement='right' title='原始值：362.405'>362.4</span>", "<span data-toggle='tooltip' data-placement='right' title='原始值：51.861'>51.9</span>", "<span data-toggle='tooltip' data-placement='right' title='原始值：1.25'>1.25</span>", "<span data-toggle='tooltip' data-placement='right' title='原始值：0.166'>0.166</span>", "*", "*", "*", "*", "正常"], ["江苏省", "太湖流域", "<span data-toggle='tooltip' data-placement='right' title='所在地市:无锡市&#10;所属河流:太湖'>沙渚</span>", null, "", "--", "--", "--", "--", "--", "--", "--", "--", "--", "--", "*", "维护"], ["江苏省", "淮河流域", "<span data-toggle='tooltip' data-placement='right' title='所在地市:徐州市&#10;所属河流:武河'>小红圈</span>", "01-07 08:00", "Ⅱ", "<span data-toggle='tooltip' data-placement='right' title='原始值：7.78'>7.8</span>", "<span data-toggle='tooltip' data-placement='right' title='原始值：8.21'>8.21</span>", "<span data-toggle='tooltip' data-placement='right' title='原始值：11.18'>11.18</span>", "<span data-toggle='tooltip' data-placement='right' title='原始值：747.7'>747.7</span>", "<span data-toggle='tooltip' data-placement='right' title='原始值：3.12'>3.1</span>", "<span data-toggle='tooltip' data-placement='right' title='原始值：3.33'>3.33</span>", "<span data-toggle='tooltip' data-placement='right' title='原始值：0.049'>0.049</span>", "*", "*", "*", "*", "正常"], ["江苏省", "淮河流域", "<span data-toggle='tooltip' data-placement='right' title='所在地市:徐州市&#10;所属河流:沿河'>李集桥</span>", "01-07 08:00", "", "<span data-toggle='tooltip' data-placement='right' title='原始值：17.25'>17.2</span>", "<span data-toggle='tooltip' data-placement='right' title='原始值：7.48'>7.48</span>", "<span data-toggle='tooltip' data-placement='right' title='原始值：8.73'>8.73</span>", "<span data-toggle='tooltip' data-placement='right' title='原始值：1231.2'>1231.2</span>", "<span data-toggle='tooltip' data-placement='right' title='原始值：4.58'>4.6</span>", "<span data-toggle='tooltip' data-placement='right' title='原始值：4.22'>4.22</span>", "<span data-toggle='tooltip' data-placement='right' title='原始值：0.02'>0.020</span>", "<span data-toggle='tooltip' data-placement='right' title='极值过滤'>--</span>", "<span data-toggle='tooltip' data-placement='right' title='原始值：4.116'>4.12</span>", "*", "*", "维护"], ["江苏省", "淮河流域", "<span data-toggle='tooltip' data-placement='right' title='所在地市:徐州市&#10;所属河流:邳苍分洪道'>艾山西大桥</span>", "01-07 08:00", "Ⅱ", "<span data-toggle='tooltip' data-placement='right' title='原始值：1.41827'>1.4</span>", "<span data-toggle='tooltip' data-placement='right' title='原始值：8.59759'>8.60</span>", "<span data-toggle='tooltip' data-placement='right' title='原始值：14.3342'>14.33</span>", "<span data-toggle='tooltip' data-placement='right' title='原始值：951.907'>951.9</span>", "<span data-toggle='tooltip' data-placement='right' title='原始值：4.40618'>4.4</span>", "<span data-toggle='tooltip' data-placement='right' title='原始值：2.69'>2.69</span>", "<span data-toggle='tooltip' data-placement='right' title='原始值：0.11'>0.110</span>", "<span data-toggle='tooltip' data-placement='right' title='原始值：0.04081'>0.041</span>", "<span data-toggle='tooltip' data-placement='right' title='原始值：13.5073'>13.51</span>", "*", "*", "正常"], ["江苏省", "太湖流域", "<span data-toggle='tooltip' data-placement='right' title='所在地市:苏州市&#10;所属河流:太湖'>兰山嘴(老)</span>", null, "", "--", "--", "--", "--", "--", "--", "--", "--", "--", "--", "*", "维护"], ["江苏省", "太湖流域", "<span data-toggle='tooltip' data-placement='right' title='所在地市:苏州市&#10;所属河流:太湖'>西山</span>", null, "", "--", "--", "--", "--", "--", "--", "--", "--", "--", "--", "*", "维护"], ["江苏省", "淮河流域", "<span data-toggle='tooltip' data-placement='right' title='所在地市:连云港市&#10;所属河流:新沭河'>大兴桥</span>", "01-07 08:00", "Ⅲ", "<span data-toggle='tooltip' data-placement='right' title='原始值：2.6'>2.6</span>", "<span data-toggle='tooltip' data-placement='right' title='原始值：7.37'>7.37</span>", "<span data-toggle='tooltip' data-placement='right' title='原始值：13.71'>13.71</span>", "<span data-toggle='tooltip' data-placement='right' title='原始值：994.7'>994.7</span>", "<span data-toggle='tooltip' data-placement='right' title='原始值：26.52'>26.5</span>", "<span data-toggle='tooltip' data-placement='right' title='原始值：4.6'>4.60</span>", "<span data-toggle='tooltip' data-placement='right' title='原始值：0.401'>0.401</span>", "*", "*", "*", "*", "正常"], ["江苏省", "淮河流域", "<span data-toggle='tooltip' data-placement='right' title='所在地市:淮安市&#10;所属河流:淮河'>淮河大桥</span>", null, "", "--", "--", "--", "--", "--", "--", "--", "--", "--", "*", "*", "维护"], ["江苏省", "长江流域", "<span data-toggle='tooltip' data-placement='right' title='所在地市:扬州市&#10;所属河流:夹江'>三江营</span>", "01-07 08:00", "Ⅱ", "<span data-toggle='tooltip' data-placement='right' title='原始值：8.69'>8.7</span>", "<span data-toggle='tooltip' data-placement='right' title='原始值：7.99'>7.99</span>", "<span data-toggle='tooltip' data-placement='right' title='原始值：10.87'>10.87</span>", "<span data-toggle='tooltip' data-placement='right' title='原始值：370.42'>370.4</span>", "<span data-toggle='tooltip' data-placement='right' title='原始值：34.25'>34.2</span>", "<span data-toggle='tooltip' data-placement='right' title='原始值：1.509'>1.51</span>", "<span data-toggle='tooltip' data-placement='right' title='原始值：0.128'>0.128</span>", "<span data-toggle='tooltip' data-placement='right' title='原始值：0.07'>0.070</span>", "<span data-toggle='tooltip' data-placement='right' title='原始值：2'>2.00</span>", "*", "*", "正常"], ["江苏省", "淮河流域", "<span data-toggle='tooltip' data-placement='right' title='所在地市:宿迁市&#10;所属河流:新濉河'>大屈</span>", "01-07 08:00", "Ⅲ", "<span data-toggle='tooltip' data-placement='right' title='原始值：5.7'>5.7</span>", "<span data-toggle='tooltip' data-placement='right' title='原始值：7.5'>7.50</span>", "<span data-toggle='tooltip' data-placement='right' title='原始值：11.84'>11.84</span>", "<span data-toggle='tooltip' data-placement='right' title='原始值：1023.3'>1023.3</span>", "<span data-toggle='tooltip' data-placement='right' title='原始值：13.8'>13.8</span>", "<span data-toggle='tooltip' data-placement='right' title='原始值：5.36'>5.36</span>", "<span data-toggle='tooltip' data-placement='right' title='原始值：0.08'>0.080</span>", "<span data-toggle='tooltip' data-placement='right' title='原始值：0.064'>0.064</span>", "<span data-toggle='tooltip' data-placement='right' title='原始值：4.314'>4.31</span>", "*", "*", "正常"], ["浙江省", "浙闽片河流", "<span data-toggle='tooltip' data-placement='right' title='所在地市:杭州市&#10;所属河流:新安江'>街口(鸠坑口)</span>", "01-07 08:00", "", "<span data-toggle='tooltip' data-placement='right' title='原始值：12.47'>12.5</span>", "<span data-toggle='tooltip' data-placement='right' title='原始值：7.26'>7.26</span>", "<span data-toggle='tooltip' data-placement='right' title='原始值：8.24'>8.24</span>", "<span data-toggle='tooltip' data-placement='right' title='原始值：165.4'>165.4</span>", "<span data-toggle='tooltip' data-placement='right' title='原始值：14.15'>14.2</span>", "<span data-toggle='tooltip' data-placement='right' title='原始值：1.068'>1.07</span>", "<span data-toggle='tooltip' data-placement='right' title='原始值：0.01'>0.010</span>", "<span data-toggle='tooltip' data-placement='right' title='原始值：0.018'>0.018</span>", "<span data-toggle='tooltip' data-placement='right' title='原始值：1.458'>1.46</span>", "*", "*", "维护"], ["浙江省", "太湖流域", "<span data-toggle='tooltip' data-placement='right' title='所在地市:嘉兴市&#10;所属河流:斜路港河'>斜路港</span>", null, "", "--", "--", "--", "--", "--", "--", "--", "--", "--", "*", "*", "维护"], ["浙江省", "太湖流域", "<span data-toggle='tooltip' data-placement='right' title='所在地市:嘉兴市&#10;所属河流:京杭运河'>王江泾</span>", null, "", "--", "--", "--", "--", "--", "--", "--", "--", "--", "*", "*", "维护"], ["浙江省", "太湖流域", "<span data-toggle='tooltip' data-placement='right' title='所在地市:湖州市&#10;所属河流:西苕溪'>新港口(新塘港)</span>", "01-07 08:00", "Ⅲ", "<span data-toggle='tooltip' data-placement='right' title='原始值：4.26422'>4.3</span>", "<span data-toggle='tooltip' data-placement='right' title='原始值：8.11133'>8.11</span>", "<span data-toggle='tooltip' data-placement='right' title='原始值：12.7246'>12.72</span>", "<span data-toggle='tooltip' data-placement='right' title='原始值：408.467'>408.5</span>", "<span data-toggle='tooltip' data-placement='right' title='原始值：318.757'>318.8</span>", "<span data-toggle='tooltip' data-placement='right' title='原始值：3.16503'>3.17</span>", "<span data-toggle='tooltip' data-placement='right' title='原始值：0.11765'>0.118</span>", "<span data-toggle='tooltip' data-placement='right' title='原始值：0.1453'>0.145</span>", "<span data-toggle='tooltip' data-placement='right' title='原始值：5.52987'>5.53</span>", "<span data-toggle='tooltip' data-placement='right' title='原始值：0.01919'>0.019</span>", "*", "正常"], ["安徽省", "巢湖流域", "<span data-toggle='tooltip' data-placement='right' title='所在地市:合肥市&#10;所属河流:巢湖'>湖滨(老)</span>", "01-07 08:00", "Ⅳ", "<span data-toggle='tooltip' data-placement='right' title='原始值：4.98746'>5.0</span>", "<span data-toggle='tooltip' data-placement='right' title='原始值：6.77921'>6.78</span>", "<span data-toggle='tooltip' data-placement='right' title='原始值：11.55134'>11.55</span>", "<span data-toggle='tooltip' data-placement='right' title='原始值：324.2295'>324.2</span>", "<span data-toggle='tooltip' data-placement='right' title='原始值：43.53939'>43.5</span>", "<span data-toggle='tooltip' data-placement='right' title='原始值：4.35'>4.35</span>", "<span data-toggle='tooltip' data-placement='right' title='原始值：0.44'>0.440</span>", "<span data-toggle='tooltip' data-placement='right' title='原始值：0.0536'>0.054</span>", "<span data-toggle='tooltip' data-placement='right' title='原始值：2.452'>2.45</span>", "<span data-toggle='tooltip' data-placement='right' title='原始值：0.01416'>0.014</span>", "*", "正常"], ["安徽省", "巢湖流域", "<span data-toggle='tooltip' data-placement='right' title='所在地市:芜湖市&#10;所属河流:巢湖'>裕溪口(老)</span>", "01-07 08:00", "Ⅳ", "<span data-toggle='tooltip' data-placement='right' title='原始值：7.38699'>7.4</span>", "<span data-toggle='tooltip' data-placement='right' title='原始值：7.7113'>7.71</span>", "<span data-toggle='tooltip' data-placement='right' title='原始值：10.07827'>10.08</span>", "<span data-toggle='tooltip' data-placement='right' title='原始值：261.8895'>261.9</span>", "<span data-toggle='tooltip' data-placement='right' title='原始值：67.93932'>67.9</span>", "<span data-toggle='tooltip' data-placement='right' title='原始值：1.31'>1.31</span>", "<span data-toggle='tooltip' data-placement='right' title='原始值：0.16'>0.160</span>", "<span data-toggle='tooltip' data-placement='right' title='原始值：0.0738'>0.074</span>", "<span data-toggle='tooltip' data-placement='right' title='原始值：3.14'>3.14</span>", "<span data-toggle='tooltip' data-placement='right' title='原始值：0.01471'>0.015</span>", "*", "正常"], ["安徽省", "淮河流域", "<span data-toggle='tooltip' data-placement='right' title='所在地市:蚌埠市&#10;所属河流:淮河'>蚌埠闸上(蚌埠闸)</span>", "01-07 08:00", "Ⅱ", "<span data-toggle='tooltip' data-placement='right' title='原始值：6.75'>6.8</span>", "<span data-toggle='tooltip' data-placement='right' title='原始值：8.25'>8.25</span>", "<span data-toggle='tooltip' data-placement='right' title='原始值：13.11'>13.11</span>", "<span data-toggle='tooltip' data-placement='right' title='原始值：586.58'>586.6</span>", "<span data-toggle='tooltip' data-placement='right' title='原始值：47.97'>48.0</span>", "<span data-toggle='tooltip' data-placement='right' title='原始值：3.75'>3.75</span>", "<span data-toggle='tooltip' data-placement='right' title='原始值：0.247'>0.247</span>", "<span data-toggle='tooltip' data-placement='right' title='原始值：0.084'>0.084</span>", "<span data-toggle='tooltip' data-placement='right' title='原始值：2.356'>2.36</span>", "*", "*", "正常"], ["安徽省", "淮河流域", "<span data-toggle='tooltip' data-placement='right' title='所在地市:淮南市&#10;所属河流:淮河'>石头埠(老)</span>", "01-07 08:00", "Ⅲ", "<span data-toggle='tooltip' data-placement='right' title='原始值：8.03708'>8.0</span>", "<span data-toggle='tooltip' data-placement='right' title='原始值：7.65076'>7.65</span>", "<span data-toggle='tooltip' data-placement='right' title='原始值：7.16087'>7.16</span>", "<span data-toggle='tooltip' data-placement='right' title='原始值：310.344'>310.3</span>", "<span data-toggle='tooltip' data-placement='right' title='原始值：156.8082'>156.8</span>", "<span data-toggle='tooltip' data-placement='right' title='原始值：4.66'>4.66</span>", "<span data-toggle='tooltip' data-placement='right' title='原始值：0.28'>0.280</span>", "*", "*", "*", "*", "正常"], ["安徽省", "淮河流域", "<span data-toggle='tooltip' data-placement='right' title='所在地市:淮北市&#10;所属河流:沱河'>小王桥</span>", "01-07 08:00", "Ⅳ", "<span data-toggle='tooltip' data-placement='right' title='原始值：3.49'>3.5</span>", "<span data-toggle='tooltip' data-placement='right' title='原始值：8.22'>8.22</span>", "<span data-toggle='tooltip' data-placement='right' title='原始值：13.93'>13.93</span>", "<span data-toggle='tooltip' data-placement='right' title='原始值：1485.65'>1485.6</span>", "<span data-toggle='tooltip' data-placement='right' title='原始值：29.04'>29.0</span>", "<span data-toggle='tooltip' data-placement='right' title='原始值：7.986'>7.99</span>", "<span data-toggle='tooltip' data-placement='right' title='原始值：0.088'>0.088</span>", "<span data-toggle='tooltip' data-placement='right' title='原始值：0.13'>0.130</span>", "<span data-toggle='tooltip' data-placement='right' title='原始值：3.146'>3.15</span>", "*", "*", "正常"], ["安徽省", "长江流域", "<span data-toggle='tooltip' data-placement='right' title='所在地市:安庆市&#10;所属河流:长江'>皖河口</span>", "01-07 08:00", "Ⅱ", "<span data-toggle='tooltip' data-placement='right' title='原始值：9.88'>9.9</span>", "<span data-toggle='tooltip' data-placement='right' title='原始值：7.648'>7.65</span>", "<span data-toggle='tooltip' data-placement='right' title='原始值：9.42'>9.42</span>", "<span data-toggle='tooltip' data-placement='right' title='原始值：311.91'>311.9</span>", "<span data-toggle='tooltip' data-placement='right' title='原始值：37.85'>37.8</span>", "<span data-toggle='tooltip' data-placement='right' title='原始值：1.562'>1.56</span>", "<span data-toggle='tooltip' data-placement='right' title='原始值：0.093'>0.093</span>", "<span data-toggle='tooltip' data-placement='right' title='原始值：0.0745'>0.074</span>", "<span data-toggle='tooltip' data-placement='right' title='原始值：2.168'>2.17</span>", "*", "*", "正常"], ["安徽省", "淮河流域", "<span data-toggle='tooltip' data-placement='right' title='所在地市:滁州市&#10;所属河流:淮河'>小柳巷</span>", null, "", "--", "--", "--", "--", "--", "--", "--", "--", "--", "*", "*", "维护"], ["安徽省", "淮河流域", "<span data-toggle='tooltip' data-placement='right' title='所在地市:阜阳市&#10;所属河流:黑茨河'>张大桥</span>", null, "", "--", "--", "--", "--", "--", "--", "--", "--", "--", "*", "*", "停站"], ["安徽省", "淮河流域", "<span data-toggle='tooltip' data-placement='right' title='所在地市:阜阳市&#10;所属河流:淮河'>王家坝</span>", "01-07 08:00", "Ⅱ", "<span data-toggle='tooltip' data-placement='right' title='原始值：10.00999'>10.0</span>", "<span data-toggle='tooltip' data-placement='right' title='原始值：7.22886'>7.23</span>", "<span data-toggle='tooltip' data-placement='right' title='原始值：11.3402'>11.34</span>", "<span data-toggle='tooltip' data-placement='right' title='原始值：431.399'>431.4</span>", "<span data-toggle='tooltip' data-placement='right' title='原始值：3.52094'>3.5</span>", "<span data-toggle='tooltip' data-placement='right' title='原始值：3.67'>3.67</span>", "<span data-toggle='tooltip' data-placement='right' title='原始值：0.385'>0.385</span>", "<span data-toggle='tooltip' data-placement='right' title='原始值：0.05323'>0.053</span>", "<span data-toggle='tooltip' data-placement='right' title='原始值：2.52612'>2.53</span>", "*", "*", "正常"], ["安徽省", "淮河流域", "<span data-toggle='tooltip' data-placement='right' title='所在地市:阜阳市&#10;所属河流:颍河'>界首七渡口(七渡口)</span>", "01-07 08:00", "", "<span data-toggle='tooltip' data-placement='right' title='原始值：16.39383'>16.4</span>", "<span data-toggle='tooltip' data-placement='right' title='原始值：6.28824'>6.29</span>", "<span data-toggle='tooltip' data-placement='right' title='原始值：6.48557'>6.49</span>", "<span data-toggle='tooltip' data-placement='right' title='原始值：900.8364'>900.8</span>", "<span data-toggle='tooltip' data-placement='right' title='原始值：2.28332'>2.3</span>", "<span data-toggle='tooltip' data-placement='right' title='原始值：4.24'>4.24</span>", "<span data-toggle='tooltip' data-placement='right' title='原始值：0.08'>0.080</span>", "<span data-toggle='tooltip' data-placement='right' title='极值过滤'>--</span>", "<span data-toggle='tooltip' data-placement='right' title='原始值：5.89784'>5.90</span>", "*", "*", "维护"], ["安徽省", "淮河流域", "<span data-toggle='tooltip' data-placement='right' title='所在地市:阜阳市&#10;所属河流:泉河'>许庄(徐庄)</span>", "01-07 04:00", "", "<span data-toggle='tooltip' data-placement='right' title='原始值：3.3'>3.3</span>", "<span data-toggle='tooltip' data-placement='right' title='原始值：8.16'>8.16</span>", "<span data-toggle='tooltip' data-placement='right' title='原始值：12.25'>12.25</span>", "<span data-toggle='tooltip' data-placement='right' title='原始值：944.1'>944.1</span>", "<span data-toggle='tooltip' data-placement='right' title='原始值：302.78'>302.8</span>", "<span data-toggle='tooltip' data-placement='right' title='极值过滤'>--</span>", "<span data-toggle='tooltip' data-placement='right' title='原始值：0.83'>0.830</span>", "<span data-toggle='tooltip' data-placement='right' title='原始值：0.026'>0.026</span>", "<span data-toggle='tooltip' data-placement='right' title='原始值：2.765'>2.76</span>", "*", "*", "维护"], ["安徽省", "淮河流域", "<span data-toggle='tooltip' data-placement='right' title='所在地市:宿州市&#10;所属河流:奎河'>杨庄</span>", "01-07 08:00", "Ⅳ", "<span data-toggle='tooltip' data-placement='right' title='原始值：4.04'>4.0</span>", "<span data-toggle='tooltip' data-placement='right' title='原始值：8.02'>8.02</span>", "<span data-toggle='tooltip' data-placement='right' title='原始值：11.21'>11.21</span>", "<span data-toggle='tooltip' data-placement='right' title='原始值：987.6'>987.6</span>", "<span data-toggle='tooltip' data-placement='right' title='原始值：84.58'>84.6</span>", "<span data-toggle='tooltip' data-placement='right' title='原始值：4.79'>4.79</span>", "<span data-toggle='tooltip' data-placement='right' title='原始值：1.255'>1.255</span>", "*", "*", "*", "*", "正常"], ["安徽省", "淮河流域", "<span data-toggle='tooltip' data-placement='right' title='所在地市:宿州市&#10;所属河流:新汴河'>泗县公路桥</span>", null, "", "--", "--", "--", "--", "--", "--", "--", "*", "*", "*", "*", "维护"], ["安徽省", "淮河流域", "<span data-toggle='tooltip' data-placement='right' title='所在地市:亳州市&#10;所属河流:包河'>颜集</span>", null, "", "--", "--", "--", "--", "--", "--", "--", "--", "--", "*", "*", "维护"], ["福建省", "浙闽片河流", "<span data-toggle='tooltip' data-placement='right' title='所在地市:福州市&#10;所属河流:闽江'>白岩潭</span>", "01-07 08:00", "Ⅳ", "<span data-toggle='tooltip' data-placement='right' title='原始值：15.47'>15.5</span>", "<span data-toggle='tooltip' data-placement='right' title='原始值：7.27'>7.27</span>", "<span data-toggle='tooltip' data-placement='right' title='原始值：7.78'>7.78</span>", "<span data-toggle='tooltip' data-placement='right' title='原始值：7220.9'>7220.9</span>", "<span data-toggle='tooltip' data-placement='right' title='原始值：205.43'>205.4</span>", "<span data-toggle='tooltip' data-placement='right' title='原始值：6.12'>6.12</span>", "<span data-toggle='tooltip' data-placement='right' title='原始值：0.177'>0.177</span>", "*", "*", "*", "*", "正常"], ["江西省", "长江流域", "<span data-toggle='tooltip' data-placement='right' title='所在地市:南昌市&#10;所属河流:赣江南支'>滁槎</span>", "01-07 08:00", "Ⅲ", "<span data-toggle='tooltip' data-placement='right' title='原始值：10.0335'>10.0</span>", "<span data-toggle='tooltip' data-placement='right' title='原始值：6.64345'>6.64</span>", "<span data-toggle='tooltip' data-placement='right' title='原始值：10.15208'>10.15</span>", "<span data-toggle='tooltip' data-placement='right' title='原始值：151.2252'>151.2</span>", "<span data-toggle='tooltip' data-placement='right' title='原始值：117.1418'>117.1</span>", "<span data-toggle='tooltip' data-placement='right' title='原始值：2.15'>2.15</span>", "<span data-toggle='tooltip' data-placement='right' title='原始值：0.37'>0.370</span>", "<span data-toggle='tooltip' data-placement='right' title='原始值：0.13101'>0.131</span>", "<span data-toggle='tooltip' data-placement='right' title='原始值：1.5425'>1.54</span>", "*", "*", "正常"], ["江西省", "长江流域", "<span data-toggle='tooltip' data-placement='right' title='所在地市:九江市&#10;所属河流:长江'>姚港(河西水厂)</span>", "01-07 08:00", "Ⅱ", "<span data-toggle='tooltip' data-placement='right' title='原始值：10.36'>10.4</span>", "<span data-toggle='tooltip' data-placement='right' title='原始值：7.64'>7.64</span>", "<span data-toggle='tooltip' data-placement='right' title='原始值：10.92'>10.92</span>", "<span data-toggle='tooltip' data-placement='right' title='原始值：382.22'>382.2</span>", "<span data-toggle='tooltip' data-placement='right' title='原始值：33.21'>33.2</span>", "<span data-toggle='tooltip' data-placement='right' title='原始值：1.286'>1.29</span>", "<span data-toggle='tooltip' data-placement='right' title='原始值：0.061'>0.061</span>", "<span data-toggle='tooltip' data-placement='right' title='原始值：0.094'>0.094</span>", "<span data-toggle='tooltip' data-placement='right' title='原始值：2'>2.00</span>", "*", "*", "正常"], ["江西省", "长江流域", "<span data-toggle='tooltip' data-placement='right' title='所在地市:九江市&#10;所属河流:鄱阳湖'>蛤蟆石</span>", "01-07 08:00", "Ⅳ", "<span data-toggle='tooltip' data-placement='right' title='原始值：7.46'>7.5</span>", "<span data-toggle='tooltip' data-placement='right' title='原始值：7.5'>7.50</span>", "<span data-toggle='tooltip' data-placement='right' title='原始值：11.73'>11.73</span>", "<span data-toggle='tooltip' data-placement='right' title='原始值：217.79'>217.8</span>", "<span data-toggle='tooltip' data-placement='right' title='原始值：44.69'>44.7</span>", "<span data-toggle='tooltip' data-placement='right' title='原始值：2.997'>3.00</span>", "<span data-toggle='tooltip' data-placement='right' title='原始值：0.169'>0.169</span>", "<span data-toggle='tooltip' data-placement='right' title='原始值：0.0509'>0.051</span>", "<span data-toggle='tooltip' data-placement='right' title='原始值：1.882'>1.88</span>", "<span data-toggle='tooltip' data-placement='right' title='原始值：0.00264'>0.003</span>", "<span data-toggle='tooltip' data-placement='right' title='原始值：1042768'>1042768</span>", "正常"], ["山东省", "黄河流域", "<span data-toggle='tooltip' data-placement='right' title='所在地市:济南市&#10;所属河流:黄河'>泺口</span>", null, "", "--", "--", "--", "--", "--", "--", "--", "--", "--", "*", "*", "停站"], ["山东省", "淮河流域", "<span data-toggle='tooltip' data-placement='right' title='所在地市:枣庄市&#10;所属河流:京杭大运河（韩庄运河）'>台儿庄大桥</span>", "01-07 08:00", "Ⅱ", "<span data-toggle='tooltip' data-placement='right' title='原始值：17.40091'>17.4</span>", "<span data-toggle='tooltip' data-placement='right' title='原始值：8.2078'>8.21</span>", "<span data-toggle='tooltip' data-placement='right' title='原始值：10.14248'>10.14</span>", "<span data-toggle='tooltip' data-placement='right' title='原始值：920.1313'>920.1</span>", "<span data-toggle='tooltip' data-placement='right' title='原始值：8.20583'>8.2</span>", "<span data-toggle='tooltip' data-placement='right' title='原始值：2.87809'>2.88</span>", "<span data-toggle='tooltip' data-placement='right' title='原始值：0.0698'>0.070</span>", "<span data-toggle='tooltip' data-placement='right' title='原始值：0.07286'>0.073</span>", "<span data-toggle='tooltip' data-placement='right' title='原始值：5.61835'>5.62</span>", "*", "*", "正常"], ["山东省", "淮河流域", "<span data-toggle='tooltip' data-placement='right' title='所在地市:临沂市&#10;所属河流:沭河'>清泉寺</span>", "01-07 08:00", "Ⅲ", "<span data-toggle='tooltip' data-placement='right' title='原始值：5.42255'>5.4</span>", "<span data-toggle='tooltip' data-placement='right' title='原始值：8.80987'>8.81</span>", "<span data-toggle='tooltip' data-placement='right' title='原始值：11.44731'>11.45</span>", "<span data-toggle='tooltip' data-placement='right' title='原始值：1337.255'>1337.3</span>", "<span data-toggle='tooltip' data-placement='right' title='原始值：4.34236'>4.3</span>", "<span data-toggle='tooltip' data-placement='right' title='原始值：5.89001'>5.89</span>", "<span data-toggle='tooltip' data-placement='right' title='原始值：0.17'>0.170</span>", "*", "*", "*", "*", "正常"], ["山东省", "淮河流域", "<span data-toggle='tooltip' data-placement='right' title='所在地市:临沂市&#10;所属河流:沂河'>重坊桥</span>", null, "", "--", "--", "--", "--", "--", "--", "--", "--", "--", "*", "*", "停站"], ["山东省", "淮河流域", "<span data-toggle='tooltip' data-placement='right' title='所在地市:临沂市&#10;所属河流:白马河'>捷庄(涝沟桥)</span>", "01-07 08:00", "Ⅲ", "<span data-toggle='tooltip' data-placement='right' title='原始值：4.1'>4.1</span>", "<span data-toggle='tooltip' data-placement='right' title='原始值：7.9'>7.90</span>", "<span data-toggle='tooltip' data-placement='right' title='原始值：19.13795'>19.14</span>", "<span data-toggle='tooltip' data-placement='right' title='原始值：890.0615'>890.1</span>", "<span data-toggle='tooltip' data-placement='right' title='原始值：8.51876'>8.5</span>", "<span data-toggle='tooltip' data-placement='right' title='原始值：4.27'>4.27</span>", "<span data-toggle='tooltip' data-placement='right' title='原始值：0.07793'>0.078</span>", "<span data-toggle='tooltip' data-placement='right' title='原始值：0.05986'>0.060</span>", "<span data-toggle='tooltip' data-placement='right' title='原始值：8.08994'>8.09</span>", "*", "*", "正常"], ["山东省", "海河流域", "<span data-toggle='tooltip' data-placement='right' title='所在地市:聊城市&#10;所属河流:卫运河'>秤勾湾(秤钩湾)</span>", null, "", "--", "--", "--", "--", "--", "--", "--", "--", "--", "*", "*", "停站"], ["河南省", "长江流域", "<span data-toggle='tooltip' data-placement='right' title='所在地市:南阳市&#10;所属河流:丹江口水库'>陶岔</span>", "01-07 08:00", "Ⅱ", "<span data-toggle='tooltip' data-placement='right' title='原始值：12.65'>12.6</span>", "<span data-toggle='tooltip' data-placement='right' title='原始值：7.83231'>7.83</span>", "<span data-toggle='tooltip' data-placement='right' title='原始值：9.9675'>9.97</span>", "<span data-toggle='tooltip' data-placement='right' title='原始值：277.7334'>277.7</span>", "<span data-toggle='tooltip' data-placement='right' title='原始值：4.10583'>4.1</span>", "<span data-toggle='tooltip' data-placement='right' title='原始值：2.01'>2.01</span>", "<span data-toggle='tooltip' data-placement='right' title='原始值：0.02749'>0.027</span>", "<span data-toggle='tooltip' data-placement='right' title='原始值：0.0072'>0.007</span>", "<span data-toggle='tooltip' data-placement='right' title='原始值：1.07465'>1.07</span>", "<span data-toggle='tooltip' data-placement='right' title='原始值：0.005'>0.005</span>", "<span data-toggle='tooltip' data-placement='right' title='原始值：133098.5'>133098</span>", "正常"], ["河南省", "淮河流域", "<span data-toggle='tooltip' data-placement='right' title='所在地市:商丘市&#10;所属河流:浍河'>黄口</span>", "01-07 08:00", "Ⅱ", "<span data-toggle='tooltip' data-placement='right' title='原始值：3.10001'>3.1</span>", "<span data-toggle='tooltip' data-placement='right' title='原始值：7.76'>7.76</span>", "<span data-toggle='tooltip' data-placement='right' title='原始值：14.36363'>14.36</span>", "<span data-toggle='tooltip' data-placement='right' title='原始值：1504.002'>1504.0</span>", "<span data-toggle='tooltip' data-placement='right' title='原始值：32.23693'>32.2</span>", "<span data-toggle='tooltip' data-placement='right' title='原始值：2.83'>2.83</span>", "<span data-toggle='tooltip' data-placement='right' title='原始值：0.002'>0.002</span>", "<span data-toggle='tooltip' data-placement='right' title='原始值：0.0534'>0.053</span>", "<span data-toggle='tooltip' data-placement='right' title='原始值：7.24883'>7.25</span>", "*", "*", "正常"], ["河南省", "淮河流域", "<span data-toggle='tooltip' data-placement='right' title='所在地市:信阳市&#10;所属河流:史灌河'>蒋集</span>", "01-07 08:00", "Ⅱ", "<span data-toggle='tooltip' data-placement='right' title='原始值：3.59102'>3.6</span>", "<span data-toggle='tooltip' data-placement='right' title='原始值：7.24544'>7.25</span>", "<span data-toggle='tooltip' data-placement='right' title='原始值：9.165'>9.16</span>", "<span data-toggle='tooltip' data-placement='right' title='原始值：204.5151'>204.5</span>", "<span data-toggle='tooltip' data-placement='right' title='原始值：463.4681'>463.5</span>", "<span data-toggle='tooltip' data-placement='right' title='原始值：3.2'>3.20</span>", "<span data-toggle='tooltip' data-placement='right' title='原始值：0.16476'>0.165</span>", "*", "*", "*", "*", "正常"], ["河南省", "淮河流域", "<span data-toggle='tooltip' data-placement='right' title='所在地市:信阳市&#10;所属河流:淮河'>息县大埠口</span>", null, "", "*", "*", "*", "*", "*", "*", "*", "*", "*", "*", "*", "维护"], ["河南省", "淮河流域", "<span data-toggle='tooltip' data-placement='right' title='所在地市:信阳市&#10;所属河流:淮河'>淮滨水文站(淮滨)</span>", "01-07 08:00", "", "<span data-toggle='tooltip' data-placement='right' title='原始值：8.9'>8.9</span>", "<span data-toggle='tooltip' data-placement='right' title='原始值：7.73'>7.73</span>", "<span data-toggle='tooltip' data-placement='right' title='原始值：11.40754'>11.41</span>", "<span data-toggle='tooltip' data-placement='right' title='原始值：299'>299.0</span>", "<span data-toggle='tooltip' data-placement='right' title='原始值：720.923'>720.9</span>", "<span data-toggle='tooltip' data-placement='right' title='极值过滤'>--</span>", "<span data-toggle='tooltip' data-placement='right' title='原始值：0.54315'>0.543</span>", "<span data-toggle='tooltip' data-placement='right' title='原始值：0.06882'>0.069</span>", "<span data-toggle='tooltip' data-placement='right' title='原始值：2.17551'>2.18</span>", "*", "*", "维护"], ["河南省", "淮河流域", "<span data-toggle='tooltip' data-placement='right' title='所在地市:周口市&#10;所属河流:沙河'>沈丘闸</span>", "01-07 08:00", "Ⅲ", "<span data-toggle='tooltip' data-placement='right' title='原始值：6.87089'>6.9</span>", "<span data-toggle='tooltip' data-placement='right' title='原始值：7.86'>7.86</span>", "<span data-toggle='tooltip' data-placement='right' title='原始值：11.28323'>11.28</span>", "<span data-toggle='tooltip' data-placement='right' title='原始值：1034.836'>1034.8</span>", "<span data-toggle='tooltip' data-placement='right' title='原始值：5.96563'>6.0</span>", "<span data-toggle='tooltip' data-placement='right' title='原始值：4.985'>4.98</span>", "<span data-toggle='tooltip' data-placement='right' title='原始值：0.57'>0.570</span>", "*", "*", "*", "*", "正常"], ["河南省", "淮河流域", "<span data-toggle='tooltip' data-placement='right' title='所在地市:周口市&#10;所属河流:涡河'>鹿邑付桥(鹿邑付桥闸)</span>", "01-07 08:00", "", "<span data-toggle='tooltip' data-placement='right' title='原始值：12.70406'>12.7</span>", "<span data-toggle='tooltip' data-placement='right' title='原始值：8.92854'>8.93</span>", "<span data-toggle='tooltip' data-placement='right' title='原始值：10.23798'>10.24</span>", "<span data-toggle='tooltip' data-placement='right' title='极值过滤'>--</span>", "<span data-toggle='tooltip' data-placement='right' title='原始值：0.92574'>0.9</span>", "<span data-toggle='tooltip' data-placement='right' title='极值过滤'>--</span>", "<span data-toggle='tooltip' data-placement='right' title='原始值：2.49'>2.490</span>", "<span data-toggle='tooltip' data-placement='right' title='极值过滤'>--</span>", "<span data-toggle='tooltip' data-placement='right' title='极值过滤'>--</span>", "*", "*", "维护"], ["河南省", "淮河流域", "<span data-toggle='tooltip' data-placement='right' title='所在地市:驻马店市&#10;所属河流:洪河'>新蔡班台(班台)</span>", "01-07 08:00", "Ⅳ", "<span data-toggle='tooltip' data-placement='right' title='原始值：7.51309'>7.5</span>", "<span data-toggle='tooltip' data-placement='right' title='原始值：7.51437'>7.51</span>", "<span data-toggle='tooltip' data-placement='right' title='原始值：15.5229'>15.52</span>", "<span data-toggle='tooltip' data-placement='right' title='原始值：604.8572'>604.9</span>", "<span data-toggle='tooltip' data-placement='right' title='原始值：12.36119'>12.4</span>", "<span data-toggle='tooltip' data-placement='right' title='原始值：6.48'>6.48</span>", "<span data-toggle='tooltip' data-placement='right' title='原始值：0.26'>0.260</span>", "<span data-toggle='tooltip' data-placement='right' title='原始值：0.10538'>0.105</span>", "<span data-toggle='tooltip' data-placement='right' title='原始值：5.34537'>5.35</span>", "*", "*", "正常"], ["河南省", "黄河流域", "<span data-toggle='tooltip' data-placement='right' title='所在地市:济源市&#10;所属河流:黄河'>小浪底水库(小浪底)</span>", "01-07 08:00", "Ⅱ", "<span data-toggle='tooltip' data-placement='right' title='原始值：6.04465'>6.0</span>", "<span data-toggle='tooltip' data-placement='right' title='原始值：8.75147'>8.75</span>", "<span data-toggle='tooltip' data-placement='right' title='原始值：11.07343'>11.07</span>", "<span data-toggle='tooltip' data-placement='right' title='原始值：714.2177'>714.2</span>", "<span data-toggle='tooltip' data-placement='right' title='原始值：7.69165'>7.7</span>", "<span data-toggle='tooltip' data-placement='right' title='原始值：0.0025'>0.002</span>", "<span data-toggle='tooltip' data-placement='right' title='原始值：0.35'>0.350</span>", "<span data-toggle='tooltip' data-placement='right' title='原始值：0.0105'>0.010</span>", "<span data-toggle='tooltip' data-placement='right' title='原始值：3.145'>3.14</span>", "*", "*", "正常"], ["湖北省", "长江流域", "<span data-toggle='tooltip' data-placement='right' title='所在地市:武汉市&#10;所属河流:汉江'>宗关</span>", "01-07 08:00", "Ⅱ", "<span data-toggle='tooltip' data-placement='right' title='原始值：7.74'>7.7</span>", "<span data-toggle='tooltip' data-placement='right' title='原始值：8.005308'>8.01</span>", "<span data-toggle='tooltip' data-placement='right' title='原始值：11.63392'>11.63</span>", "<span data-toggle='tooltip' data-placement='right' title='原始值：359.5155'>359.5</span>", "<span data-toggle='tooltip' data-placement='right' title='原始值：12.95163'>13.0</span>", "<span data-toggle='tooltip' data-placement='right' title='原始值：2.41'>2.41</span>", "<span data-toggle='tooltip' data-placement='right' title='原始值：0.096'>0.096</span>", "<span data-toggle='tooltip' data-placement='right' title='原始值：0.065'>0.065</span>", "<span data-toggle='tooltip' data-placement='right' title='原始值：2.816815'>2.82</span>", "<span data-toggle='tooltip' data-placement='right' title='原始值：0.0054375'>0.005</span>", "*", "正常"], ["湖北省", "长江流域", "<span data-toggle='tooltip' data-placement='right' title='所在地市:十堰市&#10;所属河流:丹江口水库'>坝上中(胡家岭)</span>", "01-07 08:00", "Ⅱ", "<span data-toggle='tooltip' data-placement='right' title='原始值：12.45'>12.4</span>", "<span data-toggle='tooltip' data-placement='right' title='原始值：7.718079'>7.72</span>", "<span data-toggle='tooltip' data-placement='right' title='原始值：8.028023'>8.03</span>", "<span data-toggle='tooltip' data-placement='right' title='原始值：271.589'>271.6</span>", "<span data-toggle='tooltip' data-placement='right' title='原始值：3.87349'>3.9</span>", "<span data-toggle='tooltip' data-placement='right' title='原始值：1.88'>1.88</span>", "<span data-toggle='tooltip' data-placement='right' title='原始值：0.068'>0.068</span>", "<span data-toggle='tooltip' data-placement='right' title='原始值：0.017'>0.017</span>", "<span data-toggle='tooltip' data-placement='right' title='原始值：1.234'>1.23</span>", "<span data-toggle='tooltip' data-placement='right' title='原始值：0.0058598'>0.006</span>", "<span data-toggle='tooltip' data-placement='right' title='原始值：6383000'>6383000</span>", "正常"], ["湖北省", "长江流域", "<span data-toggle='tooltip' data-placement='right' title='所在地市:宜昌市&#10;所属河流:长江'>南津关</span>", "01-07 08:00", "Ⅱ", "<span data-toggle='tooltip' data-placement='right' title='原始值：15.93'>15.9</span>", "<span data-toggle='tooltip' data-placement='right' title='原始值：7.903241'>7.90</span>", "<span data-toggle='tooltip' data-placement='right' title='原始值：8.66183'>8.66</span>", "<span data-toggle='tooltip' data-placement='right' title='原始值：401.694'>401.7</span>", "<span data-toggle='tooltip' data-placement='right' title='原始值：4.411082'>4.4</span>", "<span data-toggle='tooltip' data-placement='right' title='原始值：1.23'>1.23</span>", "<span data-toggle='tooltip' data-placement='right' title='原始值：0.105'>0.105</span>", "<span data-toggle='tooltip' data-placement='right' title='原始值：0.042'>0.042</span>", "<span data-toggle='tooltip' data-placement='right' title='原始值：1.336'>1.34</span>", "<span data-toggle='tooltip' data-placement='right' title='原始值：0.0031869'>0.003</span>", "*", "正常"], ["湖南省", "长江流域", "<span data-toggle='tooltip' data-placement='right' title='所在地市:长沙市&#10;所属河流:湘江'>新港</span>", "01-07 08:00", "Ⅱ", "<span data-toggle='tooltip' data-placement='right' title='原始值：10.19'>10.2</span>", "<span data-toggle='tooltip' data-placement='right' title='原始值：7.72'>7.72</span>", "<span data-toggle='tooltip' data-placement='right' title='原始值：9.31'>9.31</span>", "<span data-toggle='tooltip' data-placement='right' title='原始值：294.13'>294.1</span>", "<span data-toggle='tooltip' data-placement='right' title='原始值：23.56'>23.6</span>", "<span data-toggle='tooltip' data-placement='right' title='原始值：0.74'>0.74</span>", "<span data-toggle='tooltip' data-placement='right' title='原始值：0.18'>0.180</span>", "<span data-toggle='tooltip' data-placement='right' title='原始值：0.036'>0.036</span>", "<span data-toggle='tooltip' data-placement='right' title='原始值：1.47'>1.47</span>", "*", "*", "正常"], ["湖南省", "长江流域", "<span data-toggle='tooltip' data-placement='right' title='所在地市:岳阳市&#10;所属河流:洞庭湖'>岳阳楼</span>", "01-07 08:00", "Ⅴ", "<span data-toggle='tooltip' data-placement='right' title='原始值：6.83'>6.8</span>", "<span data-toggle='tooltip' data-placement='right' title='原始值：8.06411'>8.06</span>", "<span data-toggle='tooltip' data-placement='right' title='原始值：10.51894'>10.52</span>", "<span data-toggle='tooltip' data-placement='right' title='原始值：298.7639'>298.8</span>", "<span data-toggle='tooltip' data-placement='right' title='原始值：35.89395'>35.9</span>", "<span data-toggle='tooltip' data-placement='right' title='原始值：1.98'>1.98</span>", "<span data-toggle='tooltip' data-placement='right' title='原始值：0.096'>0.096</span>", "<span data-toggle='tooltip' data-placement='right' title='原始值：0.114'>0.114</span>", "<span data-toggle='tooltip' data-placement='right' title='原始值：2.997'>3.00</span>", "<span data-toggle='tooltip' data-placement='right' title='原始值：0.0032344'>0.003</span>", "<span data-toggle='tooltip' data-placement='right' title='原始值：308.569'>309</span>", "正常"], ["湖南省", "长江流域", "<span data-toggle='tooltip' data-placement='right' title='所在地市:岳阳市&#10;所属河流:长江'>城陵矶</span>", "01-07 08:00", "Ⅲ", "<span data-toggle='tooltip' data-placement='right' title='原始值：9.12'>9.1</span>", "<span data-toggle='tooltip' data-placement='right' title='原始值：7.848648'>7.85</span>", "<span data-toggle='tooltip' data-placement='right' title='原始值：10.845'>10.84</span>", "<span data-toggle='tooltip' data-placement='right' title='原始值：358.451'>358.5</span>", "<span data-toggle='tooltip' data-placement='right' title='原始值：37.81933'>37.8</span>", "<span data-toggle='tooltip' data-placement='right' title='原始值：2.8'>2.80</span>", "<span data-toggle='tooltip' data-placement='right' title='原始值：0.002'>0.002</span>", "<span data-toggle='tooltip' data-placement='right' title='原始值：0.115'>0.115</span>", "<span data-toggle='tooltip' data-placement='right' title='原始值：1.8924'>1.89</span>", "*", "*", "正常"], ["广东省", "珠江流域", "<span data-toggle='tooltip' data-placement='right' title='所在地市:清远市&#10;所属河流:北江'>七星岗</span>", "01-07 08:00", "Ⅱ", "<span data-toggle='tooltip' data-placement='right' title='原始值：15.89268'>15.9</span>", "<span data-toggle='tooltip' data-placement='right' title='原始值：7.79796'>7.80</span>", "<span data-toggle='tooltip' data-placement='right' title='原始值：10.50317'>10.50</span>", "<span data-toggle='tooltip' data-placement='right' title='原始值：285.9492'>285.9</span>", "<span data-toggle='tooltip' data-placement='right' title='原始值：31.93276'>31.9</span>", "<span data-toggle='tooltip' data-placement='right' title='原始值：2.7'>2.70</span>", "<span data-toggle='tooltip' data-placement='right' title='原始值：0.05837'>0.058</span>", "<span data-toggle='tooltip' data-placement='right' title='原始值：0.05328'>0.053</span>", "<span data-toggle='tooltip' data-placement='right' title='原始值：3.1592'>3.16</span>", "*", "*", "正常"], ["广东省", "珠江流域", "<span data-toggle='tooltip' data-placement='right' title='所在地市:中山市&#10;所属河流:西江'>横栏</span>", "01-07 08:00", "Ⅰ", "<span data-toggle='tooltip' data-placement='right' title='原始值：17.3'>17.3</span>", "<span data-toggle='tooltip' data-placement='right' title='原始值：7.63'>7.63</span>", "<span data-toggle='tooltip' data-placement='right' title='原始值：9.03'>9.03</span>", "<span data-toggle='tooltip' data-placement='right' title='原始值：340'>340.0</span>", "<span data-toggle='tooltip' data-placement='right' title='原始值：2.1'>2.1</span>", "<span data-toggle='tooltip' data-placement='right' title='原始值：1.43'>1.43</span>", "<span data-toggle='tooltip' data-placement='right' title='原始值：0.12673'>0.127</span>", "*", "*", "*", "*", "正常"], ["广西壮族自治区", "珠江流域", "<span data-toggle='tooltip' data-placement='right' title='所在地市:南宁市&#10;所属河流:邕江'>老口</span>", "01-07 08:00", "Ⅰ", "<span data-toggle='tooltip' data-placement='right' title='原始值：17.64149'>17.6</span>", "<span data-toggle='tooltip' data-placement='right' title='原始值：7.9601'>7.96</span>", "<span data-toggle='tooltip' data-placement='right' title='原始值：9.81853'>9.82</span>", "<span data-toggle='tooltip' data-placement='right' title='原始值：311.0443'>311.0</span>", "<span data-toggle='tooltip' data-placement='right' title='原始值：4.58724'>4.6</span>", "<span data-toggle='tooltip' data-placement='right' title='原始值：0.80147'>0.80</span>", "<span data-toggle='tooltip' data-placement='right' title='原始值：0.04326'>0.043</span>", "<span data-toggle='tooltip' data-placement='right' title='原始值：0.01747'>0.017</span>", "<span data-toggle='tooltip' data-placement='right' title='原始值：1.37046'>1.37</span>", "*", "*", "正常"], ["广西壮族自治区", "珠江流域", "<span data-toggle='tooltip' data-placement='right' title='所在地市:桂林市&#10;所属河流:漓江'>阳朔</span>", null, "", "--", "--", "--", "--", "--", "--", "--", "--", "--", "*", "*", "停站"], ["广西壮族自治区", "珠江流域", "<span data-toggle='tooltip' data-placement='right' title='所在地市:梧州市&#10;所属河流:浔江'>界首</span>", null, "", "--", "--", "--", "--", "--", "--", "--", "--", "--", "*", "*", "停站"], ["广西壮族自治区", "珠江流域", "<span data-toggle='tooltip' data-placement='right' title='所在地市:贵港市&#10;所属河流:浔江'>石嘴</span>", null, "", "--", "--", "--", "--", "--", "--", "--", "--", "--", "*", "*", "停站"], ["广西壮族自治区", "珠江流域", "<span data-toggle='tooltip' data-placement='right' title='所在地市:崇左市&#10;所属河流:平而河'>平而关</span>", "01-07 04:00", "Ⅱ", "<span data-toggle='tooltip' data-placement='right' title='原始值：16.67466'>16.7</span>", "<span data-toggle='tooltip' data-placement='right' title='原始值：7.97611'>7.98</span>", "<span data-toggle='tooltip' data-placement='right' title='原始值：9.84305'>9.84</span>", "<span data-toggle='tooltip' data-placement='right' title='原始值：256.7556'>256.8</span>", "<span data-toggle='tooltip' data-placement='right' title='原始值：32.46081'>32.5</span>", "<span data-toggle='tooltip' data-placement='right' title='原始值：0.9373'>0.94</span>", "<span data-toggle='tooltip' data-placement='right' title='原始值：0.16'>0.160</span>", "*", "*", "*", "*", "正常"], ["重庆市", "长江流域", "<span data-toggle='tooltip' data-placement='right' title='所在地市:永川区&#10;所属河流:长江'>朱沱</span>", "01-07 08:00", "Ⅱ", "<span data-toggle='tooltip' data-placement='right' title='原始值：8.55'>8.6</span>", "<span data-toggle='tooltip' data-placement='right' title='原始值：7.44'>7.44</span>", "<span data-toggle='tooltip' data-placement='right' title='原始值：14.87'>14.87</span>", "<span data-toggle='tooltip' data-placement='right' title='原始值：400.21'>400.2</span>", "<span data-toggle='tooltip' data-placement='right' title='原始值：36.9'>36.9</span>", "<span data-toggle='tooltip' data-placement='right' title='原始值：0.73'>0.73</span>", "<span data-toggle='tooltip' data-placement='right' title='原始值：0.007'>0.007</span>", "<span data-toggle='tooltip' data-placement='right' title='原始值：0.063'>0.063</span>", "<span data-toggle='tooltip' data-placement='right' title='原始值：1.627'>1.63</span>", "*", "*", "正常"], ["四川省", "长江流域", "<span data-toggle='tooltip' data-placement='right' title='所在地市:攀枝花市&#10;所属河流:金沙江'>龙洞</span>", "01-07 08:00", "Ⅰ", "<span data-toggle='tooltip' data-placement='right' title='原始值：13.91'>13.9</span>", "<span data-toggle='tooltip' data-placement='right' title='原始值：8.323596'>8.32</span>", "<span data-toggle='tooltip' data-placement='right' title='原始值：8.608108'>8.61</span>", "<span data-toggle='tooltip' data-placement='right' title='原始值：896.651'>896.7</span>", "<span data-toggle='tooltip' data-placement='right' title='原始值：5.868363'>5.9</span>", "<span data-toggle='tooltip' data-placement='right' title='原始值：1.03'>1.03</span>", "<span data-toggle='tooltip' data-placement='right' title='原始值：0.007'>0.007</span>", "<span data-toggle='tooltip' data-placement='right' title='原始值：0.0090143'>0.009</span>", "<span data-toggle='tooltip' data-placement='right' title='原始值：2.256879'>2.26</span>", "*", "*", "正常"], ["四川省", "长江流域", "<span data-toggle='tooltip' data-placement='right' title='所在地市:泸州市&#10;所属河流:沱江'>沱江大桥(沱江二桥)</span>", "01-07 08:00", "Ⅱ", "<span data-toggle='tooltip' data-placement='right' title='原始值：10.5'>10.5</span>", "<span data-toggle='tooltip' data-placement='right' title='原始值：8.272132'>8.27</span>", "<span data-toggle='tooltip' data-placement='right' title='原始值：10.9557'>10.96</span>", "<span data-toggle='tooltip' data-placement='right' title='原始值：647.8807'>647.9</span>", "<span data-toggle='tooltip' data-placement='right' title='原始值：6.224146'>6.2</span>", "<span data-toggle='tooltip' data-placement='right' title='原始值：1.92'>1.92</span>", "<span data-toggle='tooltip' data-placement='right' title='原始值：0.011'>0.011</span>", "<span data-toggle='tooltip' data-placement='right' title='原始值：0.0973947'>0.097</span>", "<span data-toggle='tooltip' data-placement='right' title='原始值：3.900093'>3.90</span>", "*", "*", "正常"], ["四川省", "长江流域", "<span data-toggle='tooltip' data-placement='right' title='所在地市:广元市&#10;所属河流:嘉陵江'>清风峡</span>", "01-07 08:00", "", "<span data-toggle='tooltip' data-placement='right' title='原始值：4.51944'>4.5</span>", "<span data-toggle='tooltip' data-placement='right' title='原始值：8.58871'>8.59</span>", "<span data-toggle='tooltip' data-placement='right' title='原始值：14.78491'>14.78</span>", "<span data-toggle='tooltip' data-placement='right' title='原始值：427.0092'>427.0</span>", "<span data-toggle='tooltip' data-placement='right' title='原始值：86.55185'>86.6</span>", "<span data-toggle='tooltip' data-placement='right' title='原始值：0.58'>0.58</span>", "<span data-toggle='tooltip' data-placement='right' title='极值过滤'>--</span>", "*", "*", "*", "*", "维护"], ["四川省", "长江流域", "<span data-toggle='tooltip' data-placement='right' title='所在地市:乐山市&#10;所属河流:岷江'>岷江大桥</span>", null, "", "--", "--", "--", "--", "--", "--", "--", "--", "--", "*", "*", "停站"], ["四川省", "长江流域", "<span data-toggle='tooltip' data-placement='right' title='所在地市:宜宾市&#10;所属河流:岷江'>凉姜沟</span>", "01-07 08:00", "Ⅲ", "<span data-toggle='tooltip' data-placement='right' title='原始值：10.71'>10.7</span>", "<span data-toggle='tooltip' data-placement='right' title='原始值：7.830222'>7.83</span>", "<span data-toggle='tooltip' data-placement='right' title='原始值：9.709606'>9.71</span>", "<span data-toggle='tooltip' data-placement='right' title='原始值：326.6548'>326.7</span>", "<span data-toggle='tooltip' data-placement='right' title='原始值：24.6801'>24.7</span>", "<span data-toggle='tooltip' data-placement='right' title='原始值：1.54'>1.54</span>", "<span data-toggle='tooltip' data-placement='right' title='原始值：0.265'>0.265</span>", "<span data-toggle='tooltip' data-placement='right' title='原始值：0.15726'>0.157</span>", "<span data-toggle='tooltip' data-placement='right' title='原始值：2.184319'>2.18</span>", "*", "*", "正常"], ["云南省", "滇池流域", "<span data-toggle='tooltip' data-placement='right' title='所在地市:昆明市&#10;所属河流:滇池'>西苑隧道</span>", "01-07 08:00", "Ⅱ", "<span data-toggle='tooltip' data-placement='right' title='原始值：13.52'>13.5</span>", "<span data-toggle='tooltip' data-placement='right' title='原始值：8.13693'>8.14</span>", "<span data-toggle='tooltip' data-placement='right' title='原始值：9.865'>9.86</span>", "<span data-toggle='tooltip' data-placement='right' title='原始值：713.757'>713.8</span>", "<span data-toggle='tooltip' data-placement='right' title='原始值：55.789'>55.8</span>", "<span data-toggle='tooltip' data-placement='right' title='原始值：3.93494'>3.93</span>", "<span data-toggle='tooltip' data-placement='right' title='原始值：0.01267'>0.013</span>", "<span data-toggle='tooltip' data-placement='right' title='原始值：0.02299'>0.023</span>", "<span data-toggle='tooltip' data-placement='right' title='原始值：5.23801'>5.24</span>", "<span data-toggle='tooltip' data-placement='right' title='原始值：0.00696'>0.007</span>", "<span data-toggle='tooltip' data-placement='right' title='原始值：7381583'>7381583</span>", "正常"], ["云南省", "滇池流域", "<span data-toggle='tooltip' data-placement='right' title='所在地市:昆明市&#10;所属河流:滇池'>观音山</span>", "01-07 08:00", "Ⅴ", "<span data-toggle='tooltip' data-placement='right' title='原始值：12.18408'>12.2</span>", "<span data-toggle='tooltip' data-placement='right' title='原始值：8.87654'>8.88</span>", "<span data-toggle='tooltip' data-placement='right' title='原始值：6.001'>6.00</span>", "<span data-toggle='tooltip' data-placement='right' title='原始值：413.679'>413.7</span>", "<span data-toggle='tooltip' data-placement='right' title='原始值：43.932'>43.9</span>", "<span data-toggle='tooltip' data-placement='right' title='原始值：6.87473'>6.87</span>", "<span data-toggle='tooltip' data-placement='right' title='原始值：0.36'>0.360</span>", "<span data-toggle='tooltip' data-placement='right' title='原始值：0.1147'>0.115</span>", "<span data-toggle='tooltip' data-placement='right' title='原始值：1.381'>1.38</span>", "<span data-toggle='tooltip' data-placement='right' title='原始值：0.0022'>0.002</span>", "<span data-toggle='tooltip' data-placement='right' title='原始值：8075935'>8075935</span>", "正常"], ["云南省", "西南诸河", "<span data-toggle='tooltip' data-placement='right' title='所在地市:红河哈尼族彝族自治州&#10;所属河流:红河'>河口县医院(河口)</span>", "01-07 08:00", "Ⅱ", "<span data-toggle='tooltip' data-placement='right' title='原始值：18.12949'>18.1</span>", "<span data-toggle='tooltip' data-placement='right' title='原始值：7.60123'>7.60</span>", "<span data-toggle='tooltip' data-placement='right' title='原始值：7.72068'>7.72</span>", "<span data-toggle='tooltip' data-placement='right' title='原始值：211.4586'>211.5</span>", "<span data-toggle='tooltip' data-placement='right' title='原始值：30.80008'>30.8</span>", "<span data-toggle='tooltip' data-placement='right' title='原始值：1.4055'>1.41</span>", "<span data-toggle='tooltip' data-placement='right' title='原始值：0.05347'>0.053</span>", "<span data-toggle='tooltip' data-placement='right' title='原始值：0.05118'>0.051</span>", "<span data-toggle='tooltip' data-placement='right' title='原始值：0.84216'>0.84</span>", "*", "*", "正常"], ["云南省", "西南诸河", "<span data-toggle='tooltip' data-placement='right' title='所在地市:西双版纳傣族自治州&#10;所属河流:澜沧江'>橄榄坝</span>", "01-07 08:00", "Ⅱ", "<span data-toggle='tooltip' data-placement='right' title='原始值：17.825'>17.8</span>", "<span data-toggle='tooltip' data-placement='right' title='原始值：7.567'>7.57</span>", "<span data-toggle='tooltip' data-placement='right' title='原始值：6.917'>6.92</span>", "<span data-toggle='tooltip' data-placement='right' title='原始值：502.209'>502.2</span>", "<span data-toggle='tooltip' data-placement='right' title='原始值：6.13'>6.1</span>", "<span data-toggle='tooltip' data-placement='right' title='原始值：0.56'>0.56</span>", "<span data-toggle='tooltip' data-placement='right' title='原始值：0.149'>0.149</span>", "*", "*", "*", "*", "正常"], ["陕西省", "黄河流域", "<span data-toggle='tooltip' data-placement='right' title='所在地市:渭南市&#10;所属河流:渭河'>潼关吊桥</span>", null, "", "--", "--", "--", "--", "--", "--", "--", "--", "--", "*", "*", "停站"]]}