{"result": 1, "total": 1, "records": 98, "thead": ["省份", "流域", "断面名称", "监测时间", "水质类别", "水温<br/><span class='unit'>(℃)</span>", "pH<br/><span class='unit'>(无量纲)</span>", "溶解氧<br/><span class='unit'>(mg/L)</span>", "电导率<br/><span class='unit'>(μS/cm)</span>", "浊度<br/><span class='unit'>(NTU)</span>", "高锰酸盐指数<br/><span class='unit'>(mg/L)</span>", "氨氮<br/><span class='unit'>(mg/L)</span>", "总磷<br/><span class='unit'>(mg/L)</span>", "总氮<br/><span class='unit'>(mg/L)</span>", "叶绿素α<br/><span class='unit'>(mg/L)</span>", "藻密度<br/><span class='unit'>(cells/L)</span>", "站点情况"], "tbody": [["北京市", "海河流域", "<span data-toggle='tooltip' data-placement='right' title='所在地市:门头沟区&#10;所属河流:永定河'>沿河城</span>", null, "", "--", "--", "--", "--", "--", "--", "--", "--", "--", "*", "*", "停站"], ["北京市", "海河流域", "<span data-toggle='tooltip' data-placement='right' title='所在地市:密云区&#10;所属河流:潮河'>古北口</span>", "12-12 08:00", "Ⅰ", "<span data-toggle='tooltip' data-placement='right' title='原始值：0.61922'>0.6</span>", "<span data-toggle='tooltip' data-placement='right' title='原始值：8.25198'>8.25</span>", "<span data-toggle='tooltip' data-placement='right' title='原始值：14.05458'>14.05</span>", "<span data-toggle='tooltip' data-placement='right' title='原始值：850.9971'>851.0</span>", "<span data-toggle='tooltip' data-placement='right' title='原始值：2.63145'>2.6</span>", "<span data-toggle='tooltip' data-placement='right' title='原始值：1.87'>1.87</span>", "<span data-toggle='tooltip' data-placement='right' title='原始值：0.09'>0.090</span>", "<span data-toggle='tooltip' data-placement='right' title='原始值：0.0021'>0.002</span>", "<span data-toggle='tooltip' data-placement='right' title='原始值：13.1516'>13.15</span>", "*", "*", "正常"], ["天津市", "海河流域", "<span data-toggle='tooltip' data-placement='right' title='所在地市:河北区&#10;所属河流:海河'>三岔口</span>", "12-12 08:00", "Ⅱ", "<span data-toggle='tooltip' data-placement='right' title='原始值：4.3123'>4.3</span>", "<span data-toggle='tooltip' data-placement='right' title='原始值：7.6559'>7.66</span>", "<span data-toggle='tooltip' data-placement='right' title='原始值：11.655'>11.66</span>", "<span data-toggle='tooltip' data-placement='right' title='原始值：303.9241'>303.9</span>", "<span data-toggle='tooltip' data-placement='right' title='原始值：3.857'>3.9</span>", "<span data-toggle='tooltip' data-placement='right' title='原始值：1.19'>1.19</span>", "<span data-toggle='tooltip' data-placement='right' title='原始值：0.16'>0.160</span>", "<span data-toggle='tooltip' data-placement='right' title='原始值：0.0031'>0.003</span>", "<span data-toggle='tooltip' data-placement='right' title='原始值：1.131'>1.13</span>", "*", "*", "正常"], ["天津市", "海河流域", "<span data-toggle='tooltip' data-placement='right' title='所在地市:蓟州区&#10;所属河流:果河'>果河桥</span>", "12-12 08:00", "Ⅱ", "<span data-toggle='tooltip' data-placement='right' title='原始值：6.1'>6.1</span>", "<span data-toggle='tooltip' data-placement='right' title='原始值：8.26'>8.26</span>", "<span data-toggle='tooltip' data-placement='right' title='原始值：12.682'>12.68</span>", "<span data-toggle='tooltip' data-placement='right' title='原始值：678.483'>678.5</span>", "<span data-toggle='tooltip' data-placement='right' title='原始值：5.6'>5.6</span>", "<span data-toggle='tooltip' data-placement='right' title='原始值：2.0734'>2.07</span>", "<span data-toggle='tooltip' data-placement='right' title='原始值：0.28'>0.280</span>", "<span data-toggle='tooltip' data-placement='right' title='原始值：0.0278'>0.028</span>", "<span data-toggle='tooltip' data-placement='right' title='原始值：6.2145'>6.21</span>", "*", "*", "正常"], ["河北省", "海河流域", "<span data-toggle='tooltip' data-placement='right' title='所在地市:石家庄市&#10;所属河流:滹沱河'>岗南水库</span>", "12-12 08:00", "Ⅱ", "<span data-toggle='tooltip' data-placement='right' title='原始值：12.31214'>12.3</span>", "<span data-toggle='tooltip' data-placement='right' title='原始值：8.7929'>8.79</span>", "<span data-toggle='tooltip' data-placement='right' title='原始值：10.13757'>10.14</span>", "<span data-toggle='tooltip' data-placement='right' title='原始值：564.1664'>564.2</span>", "<span data-toggle='tooltip' data-placement='right' title='原始值：2.65536'>2.7</span>", "<span data-toggle='tooltip' data-placement='right' title='原始值：2.2459'>2.25</span>", "<span data-toggle='tooltip' data-placement='right' title='原始值：0.05'>0.050</span>", "<span data-toggle='tooltip' data-placement='right' title='原始值：0.01504'>0.015</span>", "<span data-toggle='tooltip' data-placement='right' title='原始值：2.53317'>2.53</span>", "*", "*", "正常"], ["河北省", "海河流域", "<span data-toggle='tooltip' data-placement='right' title='所在地市:张家口市&#10;所属河流:永定河'>八号桥</span>", "12-12 08:00", "Ⅳ", "<span data-toggle='tooltip' data-placement='right' title='原始值：1.82997'>1.8</span>", "<span data-toggle='tooltip' data-placement='right' title='原始值：8.44728'>8.45</span>", "<span data-toggle='tooltip' data-placement='right' title='原始值：11.9034'>11.90</span>", "<span data-toggle='tooltip' data-placement='right' title='原始值：1525.53'>1525.5</span>", "<span data-toggle='tooltip' data-placement='right' title='原始值：23.86878'>23.9</span>", "<span data-toggle='tooltip' data-placement='right' title='原始值：5.02'>5.02</span>", "<span data-toggle='tooltip' data-placement='right' title='原始值：0.52'>0.520</span>", "<span data-toggle='tooltip' data-placement='right' title='原始值：0.2825'>0.282</span>", "<span data-toggle='tooltip' data-placement='right' title='原始值：6.97004'>6.97</span>", "*", "*", "正常"], ["山西省", "黄河流域", "<span data-toggle='tooltip' data-placement='right' title='所在地市:运城市&#10;所属河流:汾河'>河津大桥</span>", null, "", "--", "--", "--", "--", "--", "--", "--", "--", "--", "*", "*", "停站"], ["山西省", "黄河流域", "<span data-toggle='tooltip' data-placement='right' title='所在地市:忻州市&#10;所属河流:黄河'>万家寨水库</span>", null, "", "--", "--", "--", "--", "--", "--", "--", "--", "--", "*", "*", "停站"], ["内蒙古自治区", "黄河流域", "<span data-toggle='tooltip' data-placement='right' title='所在地市:包头市&#10;所属河流:黄河'>画匠营子</span>", null, "", "--", "--", "--", "--", "--", "--", "--", "--", "--", "*", "*", "停站"], ["内蒙古自治区", "黄河流域", "<span data-toggle='tooltip' data-placement='right' title='所在地市:乌海市&#10;所属河流:黄河'>海勃湾</span>", "12-12 08:00", "Ⅰ", "<span data-toggle='tooltip' data-placement='right' title='原始值：5.48324'>5.5</span>", "<span data-toggle='tooltip' data-placement='right' title='原始值：8.15625'>8.16</span>", "<span data-toggle='tooltip' data-placement='right' title='原始值：9.54589'>9.55</span>", "<span data-toggle='tooltip' data-placement='right' title='原始值：901.2943'>901.3</span>", "<span data-toggle='tooltip' data-placement='right' title='原始值：36.98238'>37.0</span>", "<span data-toggle='tooltip' data-placement='right' title='原始值：1.63'>1.63</span>", "<span data-toggle='tooltip' data-placement='right' title='原始值：0.08'>0.080</span>", "*", "*", "*", "*", "正常"], ["内蒙古自治区", "松花江流域", "<span data-toggle='tooltip' data-placement='right' title='所在地市:呼伦贝尔市&#10;所属河流:额尔古纳河'>黑山头</span>", null, "", "--", "--", "--", "--", "--", "--", "--", "--", "--", "*", "*", "停站"], ["辽宁省", "辽河流域", "<span data-toggle='tooltip' data-placement='right' title='所在地市:抚顺市&#10;所属河流:浑河'>大伙房水库</span>", "12-12 08:00", "Ⅱ", "<span data-toggle='tooltip' data-placement='right' title='原始值：8.7381'>8.7</span>", "<span data-toggle='tooltip' data-placement='right' title='原始值：7.65523'>7.66</span>", "<span data-toggle='tooltip' data-placement='right' title='原始值：9.45665'>9.46</span>", "<span data-toggle='tooltip' data-placement='right' title='原始值：310.004'>310.0</span>", "<span data-toggle='tooltip' data-placement='right' title='原始值：8.38597'>8.4</span>", "<span data-toggle='tooltip' data-placement='right' title='原始值：2.29746'>2.30</span>", "<span data-toggle='tooltip' data-placement='right' title='原始值：0.14'>0.140</span>", "<span data-toggle='tooltip' data-placement='right' title='原始值：0.02407'>0.024</span>", "<span data-toggle='tooltip' data-placement='right' title='原始值：3.21625'>3.22</span>", "<span data-toggle='tooltip' data-placement='right' title='原始值：0.00054'>0.001</span>", "*", "正常"], ["辽宁省", "辽河流域", "<span data-toggle='tooltip' data-placement='right' title='所在地市:丹东市&#10;所属河流:鸭绿江'>江桥</span>", null, "", "--", "--", "--", "--", "--", "--", "--", "--", "--", "*", "*", "停站"], ["辽宁省", "辽河流域", "<span data-toggle='tooltip' data-placement='right' title='所在地市:营口市&#10;所属河流:大辽河'>辽河公园</span>", null, "", "--", "--", "--", "--", "--", "--", "--", "--", "--", "*", "*", "停站"], ["辽宁省", "辽河流域", "<span data-toggle='tooltip' data-placement='right' title='所在地市:辽阳市&#10;所属河流:太子河'>汤河水库</span>", null, "", "--", "--", "--", "--", "--", "--", "--", "--", "--", "*", "*", "停站"], ["辽宁省", "辽河流域", "<span data-toggle='tooltip' data-placement='right' title='所在地市:盘锦市&#10;所属河流:辽河'>盘锦兴安(兴安)</span>", null, "", "--", "--", "--", "--", "--", "--", "--", "--", "--", "*", "*", "停站"], ["辽宁省", "辽河流域", "<span data-toggle='tooltip' data-placement='right' title='所在地市:铁岭市&#10;所属河流:辽河'>珠尔山</span>", null, "", "--", "--", "--", "--", "--", "--", "--", "--", "--", "*", "*", "停站"], ["吉林省", "松花江流域", "<span data-toggle='tooltip' data-placement='right' title='所在地市:长春市&#10;所属河流:松花江'>松花江村</span>", null, "", "--", "--", "--", "--", "--", "--", "--", "--", "--", "*", "*", "停站"], ["吉林省", "松花江流域", "<span data-toggle='tooltip' data-placement='right' title='所在地市:白城市&#10;所属河流:嫩江'>白沙滩</span>", "12-12 08:00", "Ⅲ", "<span data-toggle='tooltip' data-placement='right' title='原始值：3.78112'>3.8</span>", "<span data-toggle='tooltip' data-placement='right' title='原始值：7.52973'>7.53</span>", "<span data-toggle='tooltip' data-placement='right' title='原始值：13.40669'>13.41</span>", "<span data-toggle='tooltip' data-placement='right' title='原始值：388.2917'>388.3</span>", "<span data-toggle='tooltip' data-placement='right' title='原始值：10.57933'>10.6</span>", "<span data-toggle='tooltip' data-placement='right' title='原始值：4.28326'>4.28</span>", "<span data-toggle='tooltip' data-placement='right' title='原始值：0.20854'>0.209</span>", "<span data-toggle='tooltip' data-placement='right' title='原始值：0.0628'>0.063</span>", "<span data-toggle='tooltip' data-placement='right' title='原始值：2.14767'>2.15</span>", "*", "*", "正常"], ["吉林省", "松花江流域", "<span data-toggle='tooltip' data-placement='right' title='所在地市:延边朝鲜族自治州&#10;所属河流:图们江'>圈河</span>", "12-12 08:00", "Ⅱ", "<span data-toggle='tooltip' data-placement='right' title='原始值：8.9875'>9.0</span>", "<span data-toggle='tooltip' data-placement='right' title='原始值：7.51'>7.51</span>", "<span data-toggle='tooltip' data-placement='right' title='原始值：10.09'>10.09</span>", "<span data-toggle='tooltip' data-placement='right' title='原始值：241'>241.0</span>", "<span data-toggle='tooltip' data-placement='right' title='原始值：91'>91.0</span>", "<span data-toggle='tooltip' data-placement='right' title='原始值：3.35'>3.35</span>", "<span data-toggle='tooltip' data-placement='right' title='原始值：0.25568'>0.256</span>", "<span data-toggle='tooltip' data-placement='right' title='原始值：0.04376'>0.044</span>", "<span data-toggle='tooltip' data-placement='right' title='原始值：4.48397'>4.48</span>", "*", "*", "正常"], ["黑龙江省", "松花江流域", "<span data-toggle='tooltip' data-placement='right' title='所在地市:大庆市&#10;所属河流:松花江'>肇源</span>", null, "", "--", "--", "--", "--", "--", "--", "--", "--", "--", "*", "*", "停站"], ["黑龙江省", "松花江流域", "<span data-toggle='tooltip' data-placement='right' title='所在地市:佳木斯市&#10;所属河流:乌苏里江'>乌苏镇</span>", null, "", "--", "--", "--", "--", "--", "--", "--", "--", "--", "*", "*", "停站"], ["黑龙江省", "松花江流域", "<span data-toggle='tooltip' data-placement='right' title='所在地市:佳木斯市&#10;所属河流:松花江'>同江</span>", "12-12 08:00", "Ⅲ", "<span data-toggle='tooltip' data-placement='right' title='原始值：4.5645'>4.6</span>", "<span data-toggle='tooltip' data-placement='right' title='原始值：7.00001'>7.00</span>", "<span data-toggle='tooltip' data-placement='right' title='原始值：11.68752'>11.69</span>", "<span data-toggle='tooltip' data-placement='right' title='原始值：296.8755'>296.9</span>", "<span data-toggle='tooltip' data-placement='right' title='原始值：23.75053'>23.8</span>", "<span data-toggle='tooltip' data-placement='right' title='原始值：5.78012'>5.78</span>", "<span data-toggle='tooltip' data-placement='right' title='原始值：0.19478'>0.195</span>", "<span data-toggle='tooltip' data-placement='right' title='原始值：0.05151'>0.052</span>", "<span data-toggle='tooltip' data-placement='right' title='原始值：2.47074'>2.47</span>", "*", "*", "正常"], ["黑龙江省", "松花江流域", "<span data-toggle='tooltip' data-placement='right' title='所在地市:黑河市&#10;所属河流:黑龙江'>黑河下(黑河)</span>", null, "", "--", "--", "--", "--", "--", "--", "--", "--", "--", "*", "*", "停站"], ["上海市", "长江流域", "<span data-toggle='tooltip' data-placement='right' title='所在地市:青浦区&#10;所属河流:淀山湖'>急水港桥</span>", null, "", "--", "--", "--", "--", "--", "--", "--", "--", "--", "--", "--", "停站"], ["江苏省", "长江流域", "<span data-toggle='tooltip' data-placement='right' title='所在地市:南京市&#10;所属河流:长江'>林山</span>", null, "", "--", "--", "--", "--", "--", "--", "--", "--", "--", "*", "*", "停站"], ["江苏省", "太湖流域", "<span data-toggle='tooltip' data-placement='right' title='所在地市:无锡市&#10;所属河流:太湖'>沙渚</span>", null, "", "--", "--", "--", "--", "--", "--", "--", "--", "--", "--", "*", "维护"], ["江苏省", "淮河流域", "<span data-toggle='tooltip' data-placement='right' title='所在地市:徐州市&#10;所属河流:武河'>小红圈</span>", "12-12 08:00", "Ⅰ", "<span data-toggle='tooltip' data-placement='right' title='原始值：6.42'>6.4</span>", "<span data-toggle='tooltip' data-placement='right' title='原始值：8.61'>8.61</span>", "<span data-toggle='tooltip' data-placement='right' title='原始值：17.92'>17.92</span>", "<span data-toggle='tooltip' data-placement='right' title='原始值：609.6'>609.6</span>", "<span data-toggle='tooltip' data-placement='right' title='原始值：9.54'>9.5</span>", "<span data-toggle='tooltip' data-placement='right' title='原始值：2'>2.00</span>", "<span data-toggle='tooltip' data-placement='right' title='原始值：0.002'>0.002</span>", "*", "*", "*", "*", "正常"], ["江苏省", "淮河流域", "<span data-toggle='tooltip' data-placement='right' title='所在地市:徐州市&#10;所属河流:沿河'>李集桥</span>", "12-12 08:00", "Ⅲ", "<span data-toggle='tooltip' data-placement='right' title='原始值：8.11'>8.1</span>", "<span data-toggle='tooltip' data-placement='right' title='原始值：8.07'>8.07</span>", "<span data-toggle='tooltip' data-placement='right' title='原始值：9.98'>9.98</span>", "<span data-toggle='tooltip' data-placement='right' title='原始值：1077.5'>1077.5</span>", "<span data-toggle='tooltip' data-placement='right' title='原始值：31.52'>31.5</span>", "<span data-toggle='tooltip' data-placement='right' title='原始值：5.8'>5.80</span>", "<span data-toggle='tooltip' data-placement='right' title='原始值：0.08'>0.080</span>", "<span data-toggle='tooltip' data-placement='right' title='原始值：0.04'>0.040</span>", "<span data-toggle='tooltip' data-placement='right' title='原始值：1.891'>1.89</span>", "*", "*", "正常"], ["江苏省", "淮河流域", "<span data-toggle='tooltip' data-placement='right' title='所在地市:徐州市&#10;所属河流:邳苍分洪道'>艾山西大桥</span>", "12-12 08:00", "Ⅱ", "<span data-toggle='tooltip' data-placement='right' title='原始值：6.61557'>6.6</span>", "<span data-toggle='tooltip' data-placement='right' title='原始值：8.54748'>8.55</span>", "<span data-toggle='tooltip' data-placement='right' title='原始值：13.9011'>13.90</span>", "<span data-toggle='tooltip' data-placement='right' title='原始值：875.0829'>875.1</span>", "<span data-toggle='tooltip' data-placement='right' title='原始值：6.11459'>6.1</span>", "<span data-toggle='tooltip' data-placement='right' title='原始值：2.08'>2.08</span>", "<span data-toggle='tooltip' data-placement='right' title='原始值：0.12'>0.120</span>", "<span data-toggle='tooltip' data-placement='right' title='原始值：0.03956'>0.040</span>", "<span data-toggle='tooltip' data-placement='right' title='原始值：12.33812'>12.34</span>", "*", "*", "正常"], ["江苏省", "太湖流域", "<span data-toggle='tooltip' data-placement='right' title='所在地市:苏州市&#10;所属河流:太湖'>兰山嘴(老)</span>", "12-12 08:00", "Ⅱ", "<span data-toggle='tooltip' data-placement='right' title='原始值：10.59552'>10.6</span>", "<span data-toggle='tooltip' data-placement='right' title='原始值：7.8871'>7.89</span>", "<span data-toggle='tooltip' data-placement='right' title='原始值：11.13332'>11.13</span>", "<span data-toggle='tooltip' data-placement='right' title='原始值：336.8373'>336.8</span>", "<span data-toggle='tooltip' data-placement='right' title='原始值：30.07869'>30.1</span>", "<span data-toggle='tooltip' data-placement='right' title='原始值：2.78'>2.78</span>", "<span data-toggle='tooltip' data-placement='right' title='原始值：0.4'>0.400</span>", "<span data-toggle='tooltip' data-placement='right' title='原始值：0.06454'>0.065</span>", "<span data-toggle='tooltip' data-placement='right' title='原始值：2.3437'>2.34</span>", "<span data-toggle='tooltip' data-placement='right' title='原始值：0.01988'>0.020</span>", "*", "正常"], ["江苏省", "太湖流域", "<span data-toggle='tooltip' data-placement='right' title='所在地市:苏州市&#10;所属河流:太湖'>西山</span>", "12-12 08:00", "Ⅱ", "<span data-toggle='tooltip' data-placement='right' title='原始值：10.04533'>10.0</span>", "<span data-toggle='tooltip' data-placement='right' title='原始值：7.71377'>7.71</span>", "<span data-toggle='tooltip' data-placement='right' title='原始值：11.26571'>11.27</span>", "<span data-toggle='tooltip' data-placement='right' title='原始值：439.0403'>439.0</span>", "<span data-toggle='tooltip' data-placement='right' title='原始值：166.9785'>167.0</span>", "<span data-toggle='tooltip' data-placement='right' title='原始值：2.08'>2.08</span>", "<span data-toggle='tooltip' data-placement='right' title='原始值：0.05'>0.050</span>", "<span data-toggle='tooltip' data-placement='right' title='原始值：0.0237'>0.024</span>", "<span data-toggle='tooltip' data-placement='right' title='原始值：6.309'>6.31</span>", "<span data-toggle='tooltip' data-placement='right' title='原始值：0.00774'>0.008</span>", "*", "正常"], ["江苏省", "淮河流域", "<span data-toggle='tooltip' data-placement='right' title='所在地市:连云港市&#10;所属河流:新沭河'>大兴桥</span>", "12-12 08:00", "Ⅳ", "<span data-toggle='tooltip' data-placement='right' title='原始值：7.2'>7.2</span>", "<span data-toggle='tooltip' data-placement='right' title='原始值：7.65'>7.65</span>", "<span data-toggle='tooltip' data-placement='right' title='原始值：16.49'>16.49</span>", "<span data-toggle='tooltip' data-placement='right' title='原始值：827.5'>827.5</span>", "<span data-toggle='tooltip' data-placement='right' title='原始值：27.18'>27.2</span>", "<span data-toggle='tooltip' data-placement='right' title='原始值：6.25'>6.25</span>", "<span data-toggle='tooltip' data-placement='right' title='原始值：0.107'>0.107</span>", "*", "*", "*", "*", "正常"], ["江苏省", "淮河流域", "<span data-toggle='tooltip' data-placement='right' title='所在地市:淮安市&#10;所属河流:淮河'>淮河大桥</span>", "12-12 08:00", "Ⅱ", "<span data-toggle='tooltip' data-placement='right' title='原始值：10.1299'>10.1</span>", "<span data-toggle='tooltip' data-placement='right' title='原始值：8.31096'>8.31</span>", "<span data-toggle='tooltip' data-placement='right' title='原始值：9.32599'>9.33</span>", "<span data-toggle='tooltip' data-placement='right' title='原始值：549.736'>549.7</span>", "<span data-toggle='tooltip' data-placement='right' title='原始值：32.69363'>32.7</span>", "<span data-toggle='tooltip' data-placement='right' title='原始值：3.58'>3.58</span>", "<span data-toggle='tooltip' data-placement='right' title='原始值：0.09'>0.090</span>", "<span data-toggle='tooltip' data-placement='right' title='原始值：0.0969'>0.097</span>", "<span data-toggle='tooltip' data-placement='right' title='原始值：2.145'>2.14</span>", "*", "*", "正常"], ["江苏省", "长江流域", "<span data-toggle='tooltip' data-placement='right' title='所在地市:扬州市&#10;所属河流:夹江'>三江营</span>", "12-12 08:00", "Ⅱ", "<span data-toggle='tooltip' data-placement='right' title='原始值：11.61'>11.6</span>", "<span data-toggle='tooltip' data-placement='right' title='原始值：7.86'>7.86</span>", "<span data-toggle='tooltip' data-placement='right' title='原始值：9.15'>9.15</span>", "<span data-toggle='tooltip' data-placement='right' title='原始值：338.26'>338.3</span>", "<span data-toggle='tooltip' data-placement='right' title='原始值：50.13'>50.1</span>", "<span data-toggle='tooltip' data-placement='right' title='原始值：2.247'>2.25</span>", "<span data-toggle='tooltip' data-placement='right' title='原始值：0.044'>0.044</span>", "<span data-toggle='tooltip' data-placement='right' title='原始值：0.084'>0.084</span>", "<span data-toggle='tooltip' data-placement='right' title='原始值：2'>2.00</span>", "*", "*", "正常"], ["江苏省", "淮河流域", "<span data-toggle='tooltip' data-placement='right' title='所在地市:宿迁市&#10;所属河流:新濉河'>大屈</span>", "12-12 08:00", "", "<span data-toggle='tooltip' data-placement='right' title='原始值：9.2'>9.2</span>", "<span data-toggle='tooltip' data-placement='right' title='原始值：7.8'>7.80</span>", "<span data-toggle='tooltip' data-placement='right' title='原始值：12.3'>12.30</span>", "<span data-toggle='tooltip' data-placement='right' title='原始值：1016.4'>1016.4</span>", "<span data-toggle='tooltip' data-placement='right' title='原始值：12.06'>12.1</span>", "<span data-toggle='tooltip' data-placement='right' title='原始值：5.38'>5.38</span>", "<span data-toggle='tooltip' data-placement='right' title='极值过滤'>--</span>", "<span data-toggle='tooltip' data-placement='right' title='原始值：0.047'>0.047</span>", "<span data-toggle='tooltip' data-placement='right' title='原始值：3.781'>3.78</span>", "*", "*", "维护"], ["浙江省", "浙闽片河流", "<span data-toggle='tooltip' data-placement='right' title='所在地市:杭州市&#10;所属河流:新安江'>街口(鸠坑口)</span>", "12-12 08:00", "", "<span data-toggle='tooltip' data-placement='right' title='原始值：17.23'>17.2</span>", "<span data-toggle='tooltip' data-placement='right' title='原始值：7.05'>7.05</span>", "<span data-toggle='tooltip' data-placement='right' title='原始值：6.26'>6.26</span>", "<span data-toggle='tooltip' data-placement='right' title='原始值：157.3'>157.3</span>", "<span data-toggle='tooltip' data-placement='right' title='原始值：10.22'>10.2</span>", "<span data-toggle='tooltip' data-placement='right' title='原始值：1.261'>1.26</span>", "<span data-toggle='tooltip' data-placement='right' title='极值过滤'>--</span>", "<span data-toggle='tooltip' data-placement='right' title='原始值：0.015'>0.015</span>", "<span data-toggle='tooltip' data-placement='right' title='原始值：1.074'>1.07</span>", "*", "*", "维护"], ["浙江省", "太湖流域", "<span data-toggle='tooltip' data-placement='right' title='所在地市:嘉兴市&#10;所属河流:斜路港河'>斜路港</span>", "12-12 04:00", "Ⅳ", "<span data-toggle='tooltip' data-placement='right' title='原始值：10.9'>10.9</span>", "<span data-toggle='tooltip' data-placement='right' title='原始值：7.56'>7.56</span>", "<span data-toggle='tooltip' data-placement='right' title='原始值：5.7'>5.70</span>", "<span data-toggle='tooltip' data-placement='right' title='原始值：650'>650.0</span>", "<span data-toggle='tooltip' data-placement='right' title='原始值：69.1'>69.1</span>", "<span data-toggle='tooltip' data-placement='right' title='原始值：6.26'>6.26</span>", "<span data-toggle='tooltip' data-placement='right' title='原始值：0.57994'>0.580</span>", "<span data-toggle='tooltip' data-placement='right' title='原始值：0.24392'>0.244</span>", "<span data-toggle='tooltip' data-placement='right' title='原始值：2.64591'>2.65</span>", "*", "*", "正常"], ["浙江省", "太湖流域", "<span data-toggle='tooltip' data-placement='right' title='所在地市:嘉兴市&#10;所属河流:京杭运河'>王江泾</span>", "12-12 08:00", "Ⅲ", "<span data-toggle='tooltip' data-placement='right' title='原始值：12.27'>12.3</span>", "<span data-toggle='tooltip' data-placement='right' title='原始值：7.04'>7.04</span>", "<span data-toggle='tooltip' data-placement='right' title='原始值：6.1'>6.10</span>", "<span data-toggle='tooltip' data-placement='right' title='原始值：643.1'>643.1</span>", "<span data-toggle='tooltip' data-placement='right' title='原始值：140.75'>140.8</span>", "<span data-toggle='tooltip' data-placement='right' title='原始值：4.794'>4.79</span>", "<span data-toggle='tooltip' data-placement='right' title='原始值：0.29'>0.290</span>", "<span data-toggle='tooltip' data-placement='right' title='原始值：0.075'>0.075</span>", "<span data-toggle='tooltip' data-placement='right' title='原始值：1.928'>1.93</span>", "*", "*", "正常"], ["浙江省", "太湖流域", "<span data-toggle='tooltip' data-placement='right' title='所在地市:湖州市&#10;所属河流:西苕溪'>新港口(新塘港)</span>", "12-12 08:00", "Ⅲ", "<span data-toggle='tooltip' data-placement='right' title='原始值：9.54926'>9.5</span>", "<span data-toggle='tooltip' data-placement='right' title='原始值：8.47126'>8.47</span>", "<span data-toggle='tooltip' data-placement='right' title='原始值：10.9781'>10.98</span>", "<span data-toggle='tooltip' data-placement='right' title='原始值：373.65'>373.6</span>", "<span data-toggle='tooltip' data-placement='right' title='原始值：121.825'>121.8</span>", "<span data-toggle='tooltip' data-placement='right' title='原始值：4.39779'>4.40</span>", "<span data-toggle='tooltip' data-placement='right' title='原始值：0.07736'>0.077</span>", "<span data-toggle='tooltip' data-placement='right' title='原始值：0.07203'>0.072</span>", "<span data-toggle='tooltip' data-placement='right' title='原始值：2.56504'>2.57</span>", "<span data-toggle='tooltip' data-placement='right' title='原始值：0.01737'>0.017</span>", "*", "正常"], ["安徽省", "巢湖流域", "<span data-toggle='tooltip' data-placement='right' title='所在地市:合肥市&#10;所属河流:巢湖'>湖滨(老)</span>", "12-12 08:00", "Ⅳ", "<span data-toggle='tooltip' data-placement='right' title='原始值：8.95692'>9.0</span>", "<span data-toggle='tooltip' data-placement='right' title='原始值：6.78067'>6.78</span>", "<span data-toggle='tooltip' data-placement='right' title='原始值：10.40969'>10.41</span>", "<span data-toggle='tooltip' data-placement='right' title='原始值：269.9041'>269.9</span>", "<span data-toggle='tooltip' data-placement='right' title='原始值：107.0266'>107.0</span>", "<span data-toggle='tooltip' data-placement='right' title='原始值：3.54'>3.54</span>", "<span data-toggle='tooltip' data-placement='right' title='原始值：0.24'>0.240</span>", "<span data-toggle='tooltip' data-placement='right' title='原始值：0.0985'>0.098</span>", "<span data-toggle='tooltip' data-placement='right' title='原始值：2.417'>2.42</span>", "<span data-toggle='tooltip' data-placement='right' title='原始值：0.02901'>0.029</span>", "*", "正常"], ["安徽省", "巢湖流域", "<span data-toggle='tooltip' data-placement='right' title='所在地市:芜湖市&#10;所属河流:巢湖'>裕溪口(老)</span>", null, "", "--", "--", "--", "--", "--", "--", "--", "--", "--", "--", "*", "停站"], ["安徽省", "淮河流域", "<span data-toggle='tooltip' data-placement='right' title='所在地市:蚌埠市&#10;所属河流:淮河'>蚌埠闸上(蚌埠闸)</span>", "12-12 08:00", "Ⅲ", "<span data-toggle='tooltip' data-placement='right' title='原始值：11.78'>11.8</span>", "<span data-toggle='tooltip' data-placement='right' title='原始值：7.9'>7.90</span>", "<span data-toggle='tooltip' data-placement='right' title='原始值：11.2'>11.20</span>", "<span data-toggle='tooltip' data-placement='right' title='原始值：465.67'>465.7</span>", "<span data-toggle='tooltip' data-placement='right' title='原始值：55.76'>55.8</span>", "<span data-toggle='tooltip' data-placement='right' title='原始值：4.904'>4.90</span>", "<span data-toggle='tooltip' data-placement='right' title='原始值：0.129'>0.129</span>", "<span data-toggle='tooltip' data-placement='right' title='原始值：0.106'>0.106</span>", "<span data-toggle='tooltip' data-placement='right' title='原始值：1.87'>1.87</span>", "*", "*", "正常"], ["安徽省", "淮河流域", "<span data-toggle='tooltip' data-placement='right' title='所在地市:淮南市&#10;所属河流:淮河'>石头埠(老)</span>", "12-12 08:00", "Ⅲ", "<span data-toggle='tooltip' data-placement='right' title='原始值：10.37829'>10.4</span>", "<span data-toggle='tooltip' data-placement='right' title='原始值：7.41037'>7.41</span>", "<span data-toggle='tooltip' data-placement='right' title='原始值：5.70059'>5.70</span>", "<span data-toggle='tooltip' data-placement='right' title='原始值：237.0273'>237.0</span>", "<span data-toggle='tooltip' data-placement='right' title='原始值：37.51065'>37.5</span>", "<span data-toggle='tooltip' data-placement='right' title='原始值：3.72'>3.72</span>", "<span data-toggle='tooltip' data-placement='right' title='原始值：0.27'>0.270</span>", "*", "*", "*", "*", "正常"], ["安徽省", "淮河流域", "<span data-toggle='tooltip' data-placement='right' title='所在地市:淮北市&#10;所属河流:沱河'>小王桥</span>", "12-12 08:00", "Ⅳ", "<span data-toggle='tooltip' data-placement='right' title='原始值：7.81'>7.8</span>", "<span data-toggle='tooltip' data-placement='right' title='原始值：8.31'>8.31</span>", "<span data-toggle='tooltip' data-placement='right' title='原始值：12.9'>12.90</span>", "<span data-toggle='tooltip' data-placement='right' title='原始值：1934.09'>1934.1</span>", "<span data-toggle='tooltip' data-placement='right' title='原始值：16.27'>16.3</span>", "<span data-toggle='tooltip' data-placement='right' title='原始值：7.533'>7.53</span>", "<span data-toggle='tooltip' data-placement='right' title='原始值：0.05'>0.050</span>", "<span data-toggle='tooltip' data-placement='right' title='原始值：0.132'>0.132</span>", "<span data-toggle='tooltip' data-placement='right' title='原始值：0.738'>0.74</span>", "*", "*", "正常"], ["安徽省", "长江流域", "<span data-toggle='tooltip' data-placement='right' title='所在地市:安庆市&#10;所属河流:长江'>皖河口</span>", "12-12 08:00", "Ⅱ", "<span data-toggle='tooltip' data-placement='right' title='原始值：12.6'>12.6</span>", "<span data-toggle='tooltip' data-placement='right' title='原始值：7.596'>7.60</span>", "<span data-toggle='tooltip' data-placement='right' title='原始值：8.77'>8.77</span>", "<span data-toggle='tooltip' data-placement='right' title='原始值：308.25'>308.2</span>", "<span data-toggle='tooltip' data-placement='right' title='原始值：27.43'>27.4</span>", "<span data-toggle='tooltip' data-placement='right' title='原始值：1.843'>1.84</span>", "<span data-toggle='tooltip' data-placement='right' title='原始值：0.048'>0.048</span>", "<span data-toggle='tooltip' data-placement='right' title='原始值：0.0681'>0.068</span>", "<span data-toggle='tooltip' data-placement='right' title='原始值：2.462'>2.46</span>", "*", "*", "正常"], ["安徽省", "淮河流域", "<span data-toggle='tooltip' data-placement='right' title='所在地市:滁州市&#10;所属河流:淮河'>小柳巷</span>", "12-12 08:00", "Ⅳ", "<span data-toggle='tooltip' data-placement='right' title='原始值：11.1'>11.1</span>", "<span data-toggle='tooltip' data-placement='right' title='原始值：7.3'>7.30</span>", "<span data-toggle='tooltip' data-placement='right' title='原始值：9.63'>9.63</span>", "<span data-toggle='tooltip' data-placement='right' title='原始值：467.4'>467.4</span>", "<span data-toggle='tooltip' data-placement='right' title='原始值：94.04'>94.0</span>", "<span data-toggle='tooltip' data-placement='right' title='原始值：8.76'>8.76</span>", "<span data-toggle='tooltip' data-placement='right' title='原始值：0.054'>0.054</span>", "<span data-toggle='tooltip' data-placement='right' title='原始值：0.075'>0.075</span>", "<span data-toggle='tooltip' data-placement='right' title='原始值：1.698'>1.70</span>", "*", "*", "正常"], ["安徽省", "淮河流域", "<span data-toggle='tooltip' data-placement='right' title='所在地市:阜阳市&#10;所属河流:黑茨河'>张大桥</span>", null, "", "--", "--", "--", "--", "--", "--", "--", "--", "--", "*", "*", "停站"], ["安徽省", "淮河流域", "<span data-toggle='tooltip' data-placement='right' title='所在地市:阜阳市&#10;所属河流:淮河'>王家坝</span>", "12-12 08:00", "Ⅲ", "<span data-toggle='tooltip' data-placement='right' title='原始值：7.56'>7.6</span>", "<span data-toggle='tooltip' data-placement='right' title='原始值：7.36556'>7.37</span>", "<span data-toggle='tooltip' data-placement='right' title='原始值：6.44946'>6.45</span>", "<span data-toggle='tooltip' data-placement='right' title='原始值：315.9636'>316.0</span>", "<span data-toggle='tooltip' data-placement='right' title='原始值：14.78537'>14.8</span>", "<span data-toggle='tooltip' data-placement='right' title='原始值：3.71'>3.71</span>", "<span data-toggle='tooltip' data-placement='right' title='原始值：0.6'>0.600</span>", "<span data-toggle='tooltip' data-placement='right' title='原始值：0.05923'>0.059</span>", "<span data-toggle='tooltip' data-placement='right' title='原始值：2.16795'>2.17</span>", "*", "*", "正常"], ["安徽省", "淮河流域", "<span data-toggle='tooltip' data-placement='right' title='所在地市:阜阳市&#10;所属河流:颍河'>界首七渡口(七渡口)</span>", "12-12 08:00", "Ⅲ", "<span data-toggle='tooltip' data-placement='right' title='原始值：10.42673'>10.4</span>", "<span data-toggle='tooltip' data-placement='right' title='原始值：7.72787'>7.73</span>", "<span data-toggle='tooltip' data-placement='right' title='原始值：7.31368'>7.31</span>", "<span data-toggle='tooltip' data-placement='right' title='原始值：873.0382'>873.0</span>", "<span data-toggle='tooltip' data-placement='right' title='原始值：11.69123'>11.7</span>", "<span data-toggle='tooltip' data-placement='right' title='原始值：3.15'>3.15</span>", "<span data-toggle='tooltip' data-placement='right' title='原始值：0.75'>0.750</span>", "<span data-toggle='tooltip' data-placement='right' title='原始值：0.0991'>0.099</span>", "<span data-toggle='tooltip' data-placement='right' title='原始值：8.37037'>8.37</span>", "*", "*", "正常"], ["安徽省", "淮河流域", "<span data-toggle='tooltip' data-placement='right' title='所在地市:阜阳市&#10;所属河流:泉河'>许庄(徐庄)</span>", "12-12 08:00", "Ⅱ", "<span data-toggle='tooltip' data-placement='right' title='原始值：4.2'>4.2</span>", "<span data-toggle='tooltip' data-placement='right' title='原始值：8.04'>8.04</span>", "<span data-toggle='tooltip' data-placement='right' title='原始值：11.75'>11.75</span>", "<span data-toggle='tooltip' data-placement='right' title='原始值：975.9'>975.9</span>", "<span data-toggle='tooltip' data-placement='right' title='原始值：28.62'>28.6</span>", "<span data-toggle='tooltip' data-placement='right' title='原始值：2.58'>2.58</span>", "<span data-toggle='tooltip' data-placement='right' title='原始值：0.03'>0.030</span>", "<span data-toggle='tooltip' data-placement='right' title='原始值：0.048'>0.048</span>", "<span data-toggle='tooltip' data-placement='right' title='原始值：2.04'>2.04</span>", "*", "*", "正常"], ["安徽省", "淮河流域", "<span data-toggle='tooltip' data-placement='right' title='所在地市:宿州市&#10;所属河流:奎河'>杨庄</span>", "12-12 08:00", "Ⅴ", "<span data-toggle='tooltip' data-placement='right' title='原始值：9.76'>9.8</span>", "<span data-toggle='tooltip' data-placement='right' title='原始值：7.83'>7.83</span>", "<span data-toggle='tooltip' data-placement='right' title='原始值：9.98'>9.98</span>", "<span data-toggle='tooltip' data-placement='right' title='原始值：1011.7'>1011.7</span>", "<span data-toggle='tooltip' data-placement='right' title='原始值：54.29'>54.3</span>", "<span data-toggle='tooltip' data-placement='right' title='原始值：4.37'>4.37</span>", "<span data-toggle='tooltip' data-placement='right' title='原始值：1.962'>1.962</span>", "*", "*", "*", "*", "正常"], ["安徽省", "淮河流域", "<span data-toggle='tooltip' data-placement='right' title='所在地市:宿州市&#10;所属河流:新汴河'>泗县公路桥</span>", "12-12 08:00", "Ⅲ", "<span data-toggle='tooltip' data-placement='right' title='原始值：8.02'>8.0</span>", "<span data-toggle='tooltip' data-placement='right' title='原始值：8.24'>8.24</span>", "<span data-toggle='tooltip' data-placement='right' title='原始值：10.81'>10.81</span>", "<span data-toggle='tooltip' data-placement='right' title='原始值：965.1'>965.1</span>", "<span data-toggle='tooltip' data-placement='right' title='原始值：27.23'>27.2</span>", "<span data-toggle='tooltip' data-placement='right' title='原始值：5.12'>5.12</span>", "<span data-toggle='tooltip' data-placement='right' title='原始值：0.068'>0.068</span>", "*", "*", "*", "*", "正常"], ["安徽省", "淮河流域", "<span data-toggle='tooltip' data-placement='right' title='所在地市:亳州市&#10;所属河流:包河'>颜集</span>", "12-12 08:00", "Ⅲ", "<span data-toggle='tooltip' data-placement='right' title='原始值：7.4'>7.4</span>", "<span data-toggle='tooltip' data-placement='right' title='原始值：7.93'>7.93</span>", "<span data-toggle='tooltip' data-placement='right' title='原始值：10.78'>10.78</span>", "<span data-toggle='tooltip' data-placement='right' title='原始值：1431.4'>1431.4</span>", "<span data-toggle='tooltip' data-placement='right' title='原始值：210.27'>210.3</span>", "<span data-toggle='tooltip' data-placement='right' title='原始值：3.36'>3.36</span>", "<span data-toggle='tooltip' data-placement='right' title='原始值：0.72'>0.720</span>", "<span data-toggle='tooltip' data-placement='right' title='原始值：0.157'>0.157</span>", "<span data-toggle='tooltip' data-placement='right' title='原始值：4.703'>4.70</span>", "*", "*", "正常"], ["福建省", "浙闽片河流", "<span data-toggle='tooltip' data-placement='right' title='所在地市:福州市&#10;所属河流:闽江'>白岩潭</span>", "12-12 08:00", "Ⅱ", "<span data-toggle='tooltip' data-placement='right' title='原始值：19.39'>19.4</span>", "<span data-toggle='tooltip' data-placement='right' title='原始值：6.99'>6.99</span>", "<span data-toggle='tooltip' data-placement='right' title='原始值：6.87'>6.87</span>", "<span data-toggle='tooltip' data-placement='right' title='原始值：3321.4'>3321.4</span>", "<span data-toggle='tooltip' data-placement='right' title='原始值：258.96'>259.0</span>", "<span data-toggle='tooltip' data-placement='right' title='原始值：3.69'>3.69</span>", "<span data-toggle='tooltip' data-placement='right' title='原始值：0.205'>0.205</span>", "*", "*", "*", "*", "正常"], ["江西省", "长江流域", "<span data-toggle='tooltip' data-placement='right' title='所在地市:南昌市&#10;所属河流:赣江南支'>滁槎</span>", "12-12 08:00", "Ⅲ", "<span data-toggle='tooltip' data-placement='right' title='原始值：11.19672'>11.2</span>", "<span data-toggle='tooltip' data-placement='right' title='原始值：8.05706'>8.06</span>", "<span data-toggle='tooltip' data-placement='right' title='原始值：8.64825'>8.65</span>", "<span data-toggle='tooltip' data-placement='right' title='原始值：141.9649'>142.0</span>", "<span data-toggle='tooltip' data-placement='right' title='原始值：55.09119'>55.1</span>", "<span data-toggle='tooltip' data-placement='right' title='原始值：2.48'>2.48</span>", "<span data-toggle='tooltip' data-placement='right' title='原始值：0.54'>0.540</span>", "<span data-toggle='tooltip' data-placement='right' title='原始值：0.063'>0.063</span>", "<span data-toggle='tooltip' data-placement='right' title='原始值：1.38'>1.38</span>", "*", "*", "正常"], ["江西省", "长江流域", "<span data-toggle='tooltip' data-placement='right' title='所在地市:九江市&#10;所属河流:长江'>姚港(河西水厂)</span>", "12-12 08:00", "Ⅱ", "<span data-toggle='tooltip' data-placement='right' title='原始值：12.3'>12.3</span>", "<span data-toggle='tooltip' data-placement='right' title='原始值：7.59'>7.59</span>", "<span data-toggle='tooltip' data-placement='right' title='原始值：10.34'>10.34</span>", "<span data-toggle='tooltip' data-placement='right' title='原始值：344.85'>344.8</span>", "<span data-toggle='tooltip' data-placement='right' title='原始值：34.36'>34.4</span>", "<span data-toggle='tooltip' data-placement='right' title='原始值：0.802'>0.80</span>", "<span data-toggle='tooltip' data-placement='right' title='原始值：0.063'>0.063</span>", "<span data-toggle='tooltip' data-placement='right' title='原始值：0.081'>0.081</span>", "<span data-toggle='tooltip' data-placement='right' title='原始值：2'>2.00</span>", "*", "*", "正常"], ["江西省", "长江流域", "<span data-toggle='tooltip' data-placement='right' title='所在地市:九江市&#10;所属河流:鄱阳湖'>蛤蟆石</span>", "12-12 08:00", "Ⅳ", "<span data-toggle='tooltip' data-placement='right' title='原始值：10.64'>10.6</span>", "<span data-toggle='tooltip' data-placement='right' title='原始值：7.25'>7.25</span>", "<span data-toggle='tooltip' data-placement='right' title='原始值：10.05'>10.05</span>", "<span data-toggle='tooltip' data-placement='right' title='原始值：211.97'>212.0</span>", "<span data-toggle='tooltip' data-placement='right' title='原始值：63.16'>63.2</span>", "<span data-toggle='tooltip' data-placement='right' title='原始值：2.227'>2.23</span>", "<span data-toggle='tooltip' data-placement='right' title='原始值：0.244'>0.244</span>", "<span data-toggle='tooltip' data-placement='right' title='原始值：0.0515'>0.052</span>", "<span data-toggle='tooltip' data-placement='right' title='原始值：1.994'>1.99</span>", "<span data-toggle='tooltip' data-placement='right' title='原始值：0.00102'>0.001</span>", "<span data-toggle='tooltip' data-placement='right' title='原始值：1254400'>1254400</span>", "正常"], ["山东省", "黄河流域", "<span data-toggle='tooltip' data-placement='right' title='所在地市:济南市&#10;所属河流:黄河'>泺口</span>", "12-12 08:00", "Ⅱ", "<span data-toggle='tooltip' data-placement='right' title='原始值：5.99387'>6.0</span>", "<span data-toggle='tooltip' data-placement='right' title='原始值：8.35217'>8.35</span>", "<span data-toggle='tooltip' data-placement='right' title='原始值：12.5149'>12.51</span>", "<span data-toggle='tooltip' data-placement='right' title='原始值：826.71'>826.7</span>", "<span data-toggle='tooltip' data-placement='right' title='原始值：412.079'>412.1</span>", "<span data-toggle='tooltip' data-placement='right' title='原始值：2.27'>2.27</span>", "<span data-toggle='tooltip' data-placement='right' title='原始值：0.0586'>0.059</span>", "<span data-toggle='tooltip' data-placement='right' title='原始值：0.02189'>0.022</span>", "<span data-toggle='tooltip' data-placement='right' title='原始值：4.07'>4.07</span>", "*", "*", "正常"], ["山东省", "淮河流域", "<span data-toggle='tooltip' data-placement='right' title='所在地市:枣庄市&#10;所属河流:京杭大运河（韩庄运河）'>台儿庄大桥</span>", "12-12 08:00", "Ⅱ", "<span data-toggle='tooltip' data-placement='right' title='原始值：8.29317'>8.3</span>", "<span data-toggle='tooltip' data-placement='right' title='原始值：8.0994'>8.10</span>", "<span data-toggle='tooltip' data-placement='right' title='原始值：10.643'>10.64</span>", "<span data-toggle='tooltip' data-placement='right' title='原始值：931.25'>931.2</span>", "<span data-toggle='tooltip' data-placement='right' title='原始值：15.91922'>15.9</span>", "<span data-toggle='tooltip' data-placement='right' title='原始值：2.70097'>2.70</span>", "<span data-toggle='tooltip' data-placement='right' title='原始值：0.05856'>0.059</span>", "<span data-toggle='tooltip' data-placement='right' title='原始值：0.04349'>0.043</span>", "<span data-toggle='tooltip' data-placement='right' title='原始值：3.11277'>3.11</span>", "*", "*", "正常"], ["山东省", "淮河流域", "<span data-toggle='tooltip' data-placement='right' title='所在地市:临沂市&#10;所属河流:沭河'>清泉寺</span>", "12-12 08:00", "Ⅲ", "<span data-toggle='tooltip' data-placement='right' title='原始值：10.08242'>10.1</span>", "<span data-toggle='tooltip' data-placement='right' title='原始值：8.72335'>8.72</span>", "<span data-toggle='tooltip' data-placement='right' title='原始值：11.8625'>11.86</span>", "<span data-toggle='tooltip' data-placement='right' title='原始值：977.9237'>977.9</span>", "<span data-toggle='tooltip' data-placement='right' title='原始值：7.96102'>8.0</span>", "<span data-toggle='tooltip' data-placement='right' title='原始值：5'>5.00</span>", "<span data-toggle='tooltip' data-placement='right' title='原始值：0.17'>0.170</span>", "*", "*", "*", "*", "正常"], ["山东省", "淮河流域", "<span data-toggle='tooltip' data-placement='right' title='所在地市:临沂市&#10;所属河流:沂河'>重坊桥</span>", "12-12 08:00", "Ⅲ", "<span data-toggle='tooltip' data-placement='right' title='原始值：7.75556'>7.8</span>", "<span data-toggle='tooltip' data-placement='right' title='原始值：7.78001'>7.78</span>", "<span data-toggle='tooltip' data-placement='right' title='原始值：11.26213'>11.26</span>", "<span data-toggle='tooltip' data-placement='right' title='原始值：727.5463'>727.5</span>", "<span data-toggle='tooltip' data-placement='right' title='原始值：6.46111'>6.5</span>", "<span data-toggle='tooltip' data-placement='right' title='原始值：3.02'>3.02</span>", "<span data-toggle='tooltip' data-placement='right' title='原始值：0.53654'>0.537</span>", "*", "*", "*", "*", "正常"], ["山东省", "淮河流域", "<span data-toggle='tooltip' data-placement='right' title='所在地市:临沂市&#10;所属河流:白马河'>捷庄(涝沟桥)</span>", "12-12 08:00", "Ⅳ", "<span data-toggle='tooltip' data-placement='right' title='原始值：7.3'>7.3</span>", "<span data-toggle='tooltip' data-placement='right' title='原始值：8.25'>8.25</span>", "<span data-toggle='tooltip' data-placement='right' title='原始值：16.3087'>16.31</span>", "<span data-toggle='tooltip' data-placement='right' title='原始值：758.002'>758.0</span>", "<span data-toggle='tooltip' data-placement='right' title='原始值：14.79688'>14.8</span>", "<span data-toggle='tooltip' data-placement='right' title='原始值：6.19'>6.19</span>", "<span data-toggle='tooltip' data-placement='right' title='原始值：0.04014'>0.040</span>", "<span data-toggle='tooltip' data-placement='right' title='原始值：0.13986'>0.140</span>", "<span data-toggle='tooltip' data-placement='right' title='原始值：5.4518'>5.45</span>", "*", "*", "正常"], ["山东省", "海河流域", "<span data-toggle='tooltip' data-placement='right' title='所在地市:聊城市&#10;所属河流:卫运河'>秤勾湾(秤钩湾)</span>", null, "", "--", "--", "--", "--", "--", "--", "--", "--", "--", "*", "*", "停站"], ["河南省", "长江流域", "<span data-toggle='tooltip' data-placement='right' title='所在地市:南阳市&#10;所属河流:丹江口水库'>陶岔</span>", "12-12 08:00", "Ⅰ", "<span data-toggle='tooltip' data-placement='right' title='原始值：15.96'>16.0</span>", "<span data-toggle='tooltip' data-placement='right' title='原始值：7.87882'>7.88</span>", "<span data-toggle='tooltip' data-placement='right' title='原始值：9.02226'>9.02</span>", "<span data-toggle='tooltip' data-placement='right' title='原始值：272.2323'>272.2</span>", "<span data-toggle='tooltip' data-placement='right' title='原始值：1.95115'>2.0</span>", "<span data-toggle='tooltip' data-placement='right' title='原始值：1.96'>1.96</span>", "<span data-toggle='tooltip' data-placement='right' title='原始值：0.10421'>0.104</span>", "<span data-toggle='tooltip' data-placement='right' title='原始值：0.00912'>0.009</span>", "<span data-toggle='tooltip' data-placement='right' title='原始值：1.06636'>1.07</span>", "<span data-toggle='tooltip' data-placement='right' title='原始值：0.00777'>0.008</span>", "<span data-toggle='tooltip' data-placement='right' title='原始值：428748.3'>428748</span>", "正常"], ["河南省", "淮河流域", "<span data-toggle='tooltip' data-placement='right' title='所在地市:商丘市&#10;所属河流:浍河'>黄口</span>", "12-12 08:00", "Ⅳ", "<span data-toggle='tooltip' data-placement='right' title='原始值：8.30625'>8.3</span>", "<span data-toggle='tooltip' data-placement='right' title='原始值：7.62063'>7.62</span>", "<span data-toggle='tooltip' data-placement='right' title='原始值：8.66002'>8.66</span>", "<span data-toggle='tooltip' data-placement='right' title='原始值：1692.938'>1692.9</span>", "<span data-toggle='tooltip' data-placement='right' title='原始值：37.80815'>37.8</span>", "<span data-toggle='tooltip' data-placement='right' title='原始值：6.9'>6.90</span>", "<span data-toggle='tooltip' data-placement='right' title='原始值：0.002'>0.002</span>", "<span data-toggle='tooltip' data-placement='right' title='原始值：0.0892'>0.089</span>", "<span data-toggle='tooltip' data-placement='right' title='原始值：2.2954'>2.30</span>", "*", "*", "正常"], ["河南省", "淮河流域", "<span data-toggle='tooltip' data-placement='right' title='所在地市:信阳市&#10;所属河流:史灌河'>蒋集</span>", "12-12 08:00", "Ⅱ", "<span data-toggle='tooltip' data-placement='right' title='原始值：6.6125'>6.6</span>", "<span data-toggle='tooltip' data-placement='right' title='原始值：7.0945'>7.09</span>", "<span data-toggle='tooltip' data-placement='right' title='原始值：8.05488'>8.05</span>", "<span data-toggle='tooltip' data-placement='right' title='原始值：274.5977'>274.6</span>", "<span data-toggle='tooltip' data-placement='right' title='原始值：224.6684'>224.7</span>", "<span data-toggle='tooltip' data-placement='right' title='原始值：2.69'>2.69</span>", "<span data-toggle='tooltip' data-placement='right' title='原始值：0.47778'>0.478</span>", "*", "*", "*", "*", "正常"], ["河南省", "淮河流域", "<span data-toggle='tooltip' data-placement='right' title='所在地市:信阳市&#10;所属河流:淮河'>淮滨水文站(淮滨)</span>", "12-12 08:00", "Ⅲ", "<span data-toggle='tooltip' data-placement='right' title='原始值：9'>9.0</span>", "<span data-toggle='tooltip' data-placement='right' title='原始值：7.29'>7.29</span>", "<span data-toggle='tooltip' data-placement='right' title='原始值：10.46996'>10.47</span>", "<span data-toggle='tooltip' data-placement='right' title='原始值：313.9999'>314.0</span>", "<span data-toggle='tooltip' data-placement='right' title='原始值：45.89027'>45.9</span>", "<span data-toggle='tooltip' data-placement='right' title='原始值：2.75701'>2.76</span>", "<span data-toggle='tooltip' data-placement='right' title='原始值：0.31439'>0.314</span>", "<span data-toggle='tooltip' data-placement='right' title='原始值：0.10337'>0.103</span>", "<span data-toggle='tooltip' data-placement='right' title='原始值：1.92455'>1.92</span>", "*", "*", "正常"], ["河南省", "淮河流域", "<span data-toggle='tooltip' data-placement='right' title='所在地市:周口市&#10;所属河流:沙河'>沈丘闸</span>", "12-12 08:00", "Ⅱ", "<span data-toggle='tooltip' data-placement='right' title='原始值：12.06772'>12.1</span>", "<span data-toggle='tooltip' data-placement='right' title='原始值：7.52425'>7.52</span>", "<span data-toggle='tooltip' data-placement='right' title='原始值：7.35271'>7.35</span>", "<span data-toggle='tooltip' data-placement='right' title='原始值：825.8182'>825.8</span>", "<span data-toggle='tooltip' data-placement='right' title='原始值：10.80258'>10.8</span>", "<span data-toggle='tooltip' data-placement='right' title='原始值：3.285'>3.28</span>", "<span data-toggle='tooltip' data-placement='right' title='原始值：0.26'>0.260</span>", "*", "*", "*", "*", "正常"], ["河南省", "淮河流域", "<span data-toggle='tooltip' data-placement='right' title='所在地市:周口市&#10;所属河流:涡河'>鹿邑付桥(鹿邑付桥闸)</span>", "12-12 08:00", "Ⅲ", "<span data-toggle='tooltip' data-placement='right' title='原始值：10.66898'>10.7</span>", "<span data-toggle='tooltip' data-placement='right' title='原始值：8.46226'>8.46</span>", "<span data-toggle='tooltip' data-placement='right' title='原始值：9.39117'>9.39</span>", "<span data-toggle='tooltip' data-placement='right' title='原始值：1490.984'>1491.0</span>", "<span data-toggle='tooltip' data-placement='right' title='原始值：7.16125'>7.2</span>", "<span data-toggle='tooltip' data-placement='right' title='原始值：4.98'>4.98</span>", "<span data-toggle='tooltip' data-placement='right' title='原始值：0.24'>0.240</span>", "<span data-toggle='tooltip' data-placement='right' title='原始值：0.0652'>0.065</span>", "<span data-toggle='tooltip' data-placement='right' title='原始值：1.25148'>1.25</span>", "*", "*", "正常"], ["河南省", "淮河流域", "<span data-toggle='tooltip' data-placement='right' title='所在地市:驻马店市&#10;所属河流:洪河'>新蔡班台(班台)</span>", "12-12 08:00", "Ⅲ", "<span data-toggle='tooltip' data-placement='right' title='原始值：11.04979'>11.0</span>", "<span data-toggle='tooltip' data-placement='right' title='原始值：7.29967'>7.30</span>", "<span data-toggle='tooltip' data-placement='right' title='原始值：10.26022'>10.26</span>", "<span data-toggle='tooltip' data-placement='right' title='原始值：549.8223'>549.8</span>", "<span data-toggle='tooltip' data-placement='right' title='原始值：8.95331'>9.0</span>", "<span data-toggle='tooltip' data-placement='right' title='原始值：3.29'>3.29</span>", "<span data-toggle='tooltip' data-placement='right' title='原始值：0.82'>0.820</span>", "<span data-toggle='tooltip' data-placement='right' title='原始值：0.14014'>0.140</span>", "<span data-toggle='tooltip' data-placement='right' title='原始值：4.42362'>4.42</span>", "*", "*", "正常"], ["河南省", "黄河流域", "<span data-toggle='tooltip' data-placement='right' title='所在地市:济源市&#10;所属河流:黄河'>小浪底水库(小浪底)</span>", "12-12 08:00", "Ⅱ", "<span data-toggle='tooltip' data-placement='right' title='原始值：8.98683'>9.0</span>", "<span data-toggle='tooltip' data-placement='right' title='原始值：8.54314'>8.54</span>", "<span data-toggle='tooltip' data-placement='right' title='原始值：10.138'>10.14</span>", "<span data-toggle='tooltip' data-placement='right' title='原始值：733.4805'>733.5</span>", "<span data-toggle='tooltip' data-placement='right' title='原始值：8.65619'>8.7</span>", "<span data-toggle='tooltip' data-placement='right' title='原始值：2.57'>2.57</span>", "<span data-toggle='tooltip' data-placement='right' title='原始值：0.29'>0.290</span>", "<span data-toggle='tooltip' data-placement='right' title='原始值：0.0255'>0.026</span>", "<span data-toggle='tooltip' data-placement='right' title='原始值：3.30806'>3.31</span>", "*", "*", "正常"], ["湖北省", "长江流域", "<span data-toggle='tooltip' data-placement='right' title='所在地市:武汉市&#10;所属河流:汉江'>宗关</span>", "12-12 08:00", "Ⅳ", "<span data-toggle='tooltip' data-placement='right' title='原始值：10.65'>10.6</span>", "<span data-toggle='tooltip' data-placement='right' title='原始值：7.834443'>7.83</span>", "<span data-toggle='tooltip' data-placement='right' title='原始值：10.50974'>10.51</span>", "<span data-toggle='tooltip' data-placement='right' title='原始值：409.3368'>409.3</span>", "<span data-toggle='tooltip' data-placement='right' title='原始值：26.27959'>26.3</span>", "<span data-toggle='tooltip' data-placement='right' title='原始值：0.98'>0.98</span>", "<span data-toggle='tooltip' data-placement='right' title='原始值：0.303'>0.303</span>", "<span data-toggle='tooltip' data-placement='right' title='原始值：0.222'>0.222</span>", "<span data-toggle='tooltip' data-placement='right' title='原始值：2.513161'>2.51</span>", "<span data-toggle='tooltip' data-placement='right' title='原始值：0.0026563'>0.003</span>", "*", "正常"], ["湖北省", "长江流域", "<span data-toggle='tooltip' data-placement='right' title='所在地市:十堰市&#10;所属河流:丹江口水库'>坝上中(胡家岭)</span>", "12-12 08:00", "Ⅱ", "<span data-toggle='tooltip' data-placement='right' title='原始值：15.61'>15.6</span>", "<span data-toggle='tooltip' data-placement='right' title='原始值：7.736163'>7.74</span>", "<span data-toggle='tooltip' data-placement='right' title='原始值：8.132215'>8.13</span>", "<span data-toggle='tooltip' data-placement='right' title='原始值：258.947'>258.9</span>", "<span data-toggle='tooltip' data-placement='right' title='原始值：3.305486'>3.3</span>", "<span data-toggle='tooltip' data-placement='right' title='原始值：1.86'>1.86</span>", "<span data-toggle='tooltip' data-placement='right' title='原始值：0.066'>0.066</span>", "<span data-toggle='tooltip' data-placement='right' title='原始值：0.016'>0.016</span>", "<span data-toggle='tooltip' data-placement='right' title='原始值：1.325'>1.32</span>", "<span data-toggle='tooltip' data-placement='right' title='原始值：0.0058781'>0.006</span>", "<span data-toggle='tooltip' data-placement='right' title='原始值：7102000'>7102000</span>", "正常"], ["湖北省", "长江流域", "<span data-toggle='tooltip' data-placement='right' title='所在地市:宜昌市&#10;所属河流:长江'>南津关</span>", "12-12 08:00", "Ⅱ", "<span data-toggle='tooltip' data-placement='right' title='原始值：17.5'>17.5</span>", "<span data-toggle='tooltip' data-placement='right' title='原始值：7.949019'>7.95</span>", "<span data-toggle='tooltip' data-placement='right' title='原始值：8.322855'>8.32</span>", "<span data-toggle='tooltip' data-placement='right' title='原始值：406.361'>406.4</span>", "<span data-toggle='tooltip' data-placement='right' title='原始值：2.290575'>2.3</span>", "<span data-toggle='tooltip' data-placement='right' title='原始值：1.19'>1.19</span>", "<span data-toggle='tooltip' data-placement='right' title='原始值：0.118'>0.118</span>", "<span data-toggle='tooltip' data-placement='right' title='原始值：0.044'>0.044</span>", "<span data-toggle='tooltip' data-placement='right' title='原始值：1.566'>1.57</span>", "<span data-toggle='tooltip' data-placement='right' title='原始值：0.0032973'>0.003</span>", "*", "正常"], ["湖南省", "长江流域", "<span data-toggle='tooltip' data-placement='right' title='所在地市:长沙市&#10;所属河流:湘江'>新港</span>", "12-12 08:00", "Ⅱ", "<span data-toggle='tooltip' data-placement='right' title='原始值：13.19'>13.2</span>", "<span data-toggle='tooltip' data-placement='right' title='原始值：7.62'>7.62</span>", "<span data-toggle='tooltip' data-placement='right' title='原始值：8.57'>8.57</span>", "<span data-toggle='tooltip' data-placement='right' title='原始值：288.15'>288.2</span>", "<span data-toggle='tooltip' data-placement='right' title='原始值：10.52'>10.5</span>", "<span data-toggle='tooltip' data-placement='right' title='原始值：1.83'>1.83</span>", "<span data-toggle='tooltip' data-placement='right' title='原始值：0.17'>0.170</span>", "<span data-toggle='tooltip' data-placement='right' title='原始值：0.05'>0.050</span>", "<span data-toggle='tooltip' data-placement='right' title='原始值：3.15'>3.15</span>", "*", "*", "正常"], ["湖南省", "长江流域", "<span data-toggle='tooltip' data-placement='right' title='所在地市:岳阳市&#10;所属河流:洞庭湖'>岳阳楼</span>", "12-12 08:00", "Ⅱ", "<span data-toggle='tooltip' data-placement='right' title='原始值：10.81'>10.8</span>", "<span data-toggle='tooltip' data-placement='right' title='原始值：7.967277'>7.97</span>", "<span data-toggle='tooltip' data-placement='right' title='原始值：10.10537'>10.11</span>", "<span data-toggle='tooltip' data-placement='right' title='原始值：274.6964'>274.7</span>", "<span data-toggle='tooltip' data-placement='right' title='原始值：41.64948'>41.6</span>", "<span data-toggle='tooltip' data-placement='right' title='原始值：2.23'>2.23</span>", "<span data-toggle='tooltip' data-placement='right' title='原始值：0.103'>0.103</span>", "<span data-toggle='tooltip' data-placement='right' title='原始值：0.02'>0.020</span>", "<span data-toggle='tooltip' data-placement='right' title='原始值：3.113'>3.11</span>", "<span data-toggle='tooltip' data-placement='right' title='原始值：0.0030469'>0.003</span>", "<span data-toggle='tooltip' data-placement='right' title='原始值：306.098'>306</span>", "正常"], ["湖南省", "长江流域", "<span data-toggle='tooltip' data-placement='right' title='所在地市:岳阳市&#10;所属河流:长江'>城陵矶</span>", "12-12 08:00", "Ⅲ", "<span data-toggle='tooltip' data-placement='right' title='原始值：11.83'>11.8</span>", "<span data-toggle='tooltip' data-placement='right' title='原始值：7.69362'>7.69</span>", "<span data-toggle='tooltip' data-placement='right' title='原始值：10.69351'>10.69</span>", "<span data-toggle='tooltip' data-placement='right' title='原始值：308.996'>309.0</span>", "<span data-toggle='tooltip' data-placement='right' title='原始值：61.45602'>61.5</span>", "<span data-toggle='tooltip' data-placement='right' title='原始值：3.01'>3.01</span>", "<span data-toggle='tooltip' data-placement='right' title='原始值：0.004'>0.004</span>", "<span data-toggle='tooltip' data-placement='right' title='原始值：0.165'>0.165</span>", "<span data-toggle='tooltip' data-placement='right' title='原始值：1.9029'>1.90</span>", "*", "*", "正常"], ["广东省", "珠江流域", "<span data-toggle='tooltip' data-placement='right' title='所在地市:清远市&#10;所属河流:北江'>七星岗</span>", "12-12 08:00", "Ⅱ", "<span data-toggle='tooltip' data-placement='right' title='原始值：20.27808'>20.3</span>", "<span data-toggle='tooltip' data-placement='right' title='原始值：7.68547'>7.69</span>", "<span data-toggle='tooltip' data-placement='right' title='原始值：9.19499'>9.19</span>", "<span data-toggle='tooltip' data-placement='right' title='原始值：269.2528'>269.3</span>", "<span data-toggle='tooltip' data-placement='right' title='原始值：7.71907'>7.7</span>", "<span data-toggle='tooltip' data-placement='right' title='原始值：1.6'>1.60</span>", "<span data-toggle='tooltip' data-placement='right' title='原始值：0.05425'>0.054</span>", "<span data-toggle='tooltip' data-placement='right' title='原始值：0.02769'>0.028</span>", "<span data-toggle='tooltip' data-placement='right' title='原始值：2.4397'>2.44</span>", "*", "*", "正常"], ["广东省", "珠江流域", "<span data-toggle='tooltip' data-placement='right' title='所在地市:中山市&#10;所属河流:西江'>横栏</span>", "12-12 08:00", "Ⅱ", "<span data-toggle='tooltip' data-placement='right' title='原始值：20.8'>20.8</span>", "<span data-toggle='tooltip' data-placement='right' title='原始值：7.73'>7.73</span>", "<span data-toggle='tooltip' data-placement='right' title='原始值：7.44'>7.44</span>", "<span data-toggle='tooltip' data-placement='right' title='原始值：311'>311.0</span>", "<span data-toggle='tooltip' data-placement='right' title='原始值：43.1'>43.1</span>", "<span data-toggle='tooltip' data-placement='right' title='原始值：1.55'>1.55</span>", "<span data-toggle='tooltip' data-placement='right' title='原始值：0.11248'>0.112</span>", "*", "*", "*", "*", "正常"], ["广西壮族自治区", "珠江流域", "<span data-toggle='tooltip' data-placement='right' title='所在地市:南宁市&#10;所属河流:邕江'>老口</span>", "12-12 08:00", "Ⅱ", "<span data-toggle='tooltip' data-placement='right' title='原始值：20.65871'>20.7</span>", "<span data-toggle='tooltip' data-placement='right' title='原始值：7.95096'>7.95</span>", "<span data-toggle='tooltip' data-placement='right' title='原始值：7.90554'>7.91</span>", "<span data-toggle='tooltip' data-placement='right' title='原始值：346.7456'>346.7</span>", "<span data-toggle='tooltip' data-placement='right' title='原始值：6.72412'>6.7</span>", "<span data-toggle='tooltip' data-placement='right' title='原始值：1.7001'>1.70</span>", "<span data-toggle='tooltip' data-placement='right' title='原始值：0.03182'>0.032</span>", "<span data-toggle='tooltip' data-placement='right' title='原始值：0.02249'>0.022</span>", "<span data-toggle='tooltip' data-placement='right' title='原始值：1.74918'>1.75</span>", "*", "*", "正常"], ["广西壮族自治区", "珠江流域", "<span data-toggle='tooltip' data-placement='right' title='所在地市:桂林市&#10;所属河流:漓江'>阳朔</span>", null, "", "--", "--", "--", "--", "--", "--", "--", "--", "--", "*", "*", "停站"], ["广西壮族自治区", "珠江流域", "<span data-toggle='tooltip' data-placement='right' title='所在地市:梧州市&#10;所属河流:浔江'>界首</span>", null, "", "--", "--", "--", "--", "--", "--", "--", "--", "--", "*", "*", "停站"], ["广西壮族自治区", "珠江流域", "<span data-toggle='tooltip' data-placement='right' title='所在地市:贵港市&#10;所属河流:浔江'>石嘴</span>", null, "", "--", "--", "--", "--", "--", "--", "--", "--", "--", "*", "*", "停站"], ["广西壮族自治区", "珠江流域", "<span data-toggle='tooltip' data-placement='right' title='所在地市:崇左市&#10;所属河流:平而河'>平而关</span>", "12-12 08:00", "Ⅰ", "<span data-toggle='tooltip' data-placement='right' title='原始值：20.64881'>20.6</span>", "<span data-toggle='tooltip' data-placement='right' title='原始值：8.02455'>8.02</span>", "<span data-toggle='tooltip' data-placement='right' title='原始值：8.95197'>8.95</span>", "<span data-toggle='tooltip' data-placement='right' title='原始值：252.8086'>252.8</span>", "<span data-toggle='tooltip' data-placement='right' title='原始值：18.44437'>18.4</span>", "<span data-toggle='tooltip' data-placement='right' title='原始值：0.76122'>0.76</span>", "<span data-toggle='tooltip' data-placement='right' title='原始值：0.13'>0.130</span>", "*", "*", "*", "*", "正常"], ["重庆市", "长江流域", "<span data-toggle='tooltip' data-placement='right' title='所在地市:永川区&#10;所属河流:长江'>朱沱</span>", "12-12 08:00", "Ⅱ", "<span data-toggle='tooltip' data-placement='right' title='原始值：13.56'>13.6</span>", "<span data-toggle='tooltip' data-placement='right' title='原始值：7.82'>7.82</span>", "<span data-toggle='tooltip' data-placement='right' title='原始值：10.65'>10.65</span>", "<span data-toggle='tooltip' data-placement='right' title='原始值：386.08'>386.1</span>", "<span data-toggle='tooltip' data-placement='right' title='原始值：15.3'>15.3</span>", "<span data-toggle='tooltip' data-placement='right' title='原始值：1.333'>1.33</span>", "<span data-toggle='tooltip' data-placement='right' title='原始值：0.009'>0.009</span>", "<span data-toggle='tooltip' data-placement='right' title='原始值：0.071'>0.071</span>", "<span data-toggle='tooltip' data-placement='right' title='原始值：1.567'>1.57</span>", "*", "*", "正常"], ["四川省", "长江流域", "<span data-toggle='tooltip' data-placement='right' title='所在地市:攀枝花市&#10;所属河流:金沙江'>龙洞</span>", "12-12 08:00", "Ⅲ", "<span data-toggle='tooltip' data-placement='right' title='原始值：15.69'>15.7</span>", "<span data-toggle='tooltip' data-placement='right' title='原始值：8.261591'>8.26</span>", "<span data-toggle='tooltip' data-placement='right' title='原始值：8.633902'>8.63</span>", "<span data-toggle='tooltip' data-placement='right' title='原始值：909.514'>909.5</span>", "<span data-toggle='tooltip' data-placement='right' title='原始值：6.060133'>6.1</span>", "<span data-toggle='tooltip' data-placement='right' title='原始值：1.62'>1.62</span>", "<span data-toggle='tooltip' data-placement='right' title='原始值：0.814'>0.814</span>", "<span data-toggle='tooltip' data-placement='right' title='原始值：0.0101373'>0.010</span>", "<span data-toggle='tooltip' data-placement='right' title='原始值：8.800112'>8.80</span>", "*", "*", "正常"], ["四川省", "长江流域", "<span data-toggle='tooltip' data-placement='right' title='所在地市:泸州市&#10;所属河流:沱江'>沱江大桥(沱江二桥)</span>", "12-12 08:00", "Ⅲ", "<span data-toggle='tooltip' data-placement='right' title='原始值：13.87'>13.9</span>", "<span data-toggle='tooltip' data-placement='right' title='原始值：8.130213'>8.13</span>", "<span data-toggle='tooltip' data-placement='right' title='原始值：9.456657'>9.46</span>", "<span data-toggle='tooltip' data-placement='right' title='原始值：568.0646'>568.1</span>", "<span data-toggle='tooltip' data-placement='right' title='原始值：11.21395'>11.2</span>", "<span data-toggle='tooltip' data-placement='right' title='原始值：1.68'>1.68</span>", "<span data-toggle='tooltip' data-placement='right' title='原始值：0.011'>0.011</span>", "<span data-toggle='tooltip' data-placement='right' title='原始值：0.101372'>0.101</span>", "<span data-toggle='tooltip' data-placement='right' title='原始值：3.048162'>3.05</span>", "*", "*", "正常"], ["四川省", "长江流域", "<span data-toggle='tooltip' data-placement='right' title='所在地市:广元市&#10;所属河流:嘉陵江'>清风峡</span>", "12-12 08:00", "Ⅰ", "<span data-toggle='tooltip' data-placement='right' title='原始值：7.40001'>7.4</span>", "<span data-toggle='tooltip' data-placement='right' title='原始值：8.45001'>8.45</span>", "<span data-toggle='tooltip' data-placement='right' title='原始值：11.1651'>11.17</span>", "<span data-toggle='tooltip' data-placement='right' title='原始值：418.8055'>418.8</span>", "<span data-toggle='tooltip' data-placement='right' title='原始值：50.21018'>50.2</span>", "<span data-toggle='tooltip' data-placement='right' title='原始值：0.31'>0.31</span>", "<span data-toggle='tooltip' data-placement='right' title='原始值：0.08305'>0.083</span>", "*", "*", "*", "*", "正常"], ["四川省", "长江流域", "<span data-toggle='tooltip' data-placement='right' title='所在地市:乐山市&#10;所属河流:岷江'>岷江大桥</span>", null, "", "--", "--", "--", "--", "--", "--", "--", "--", "--", "*", "*", "停站"], ["四川省", "长江流域", "<span data-toggle='tooltip' data-placement='right' title='所在地市:宜宾市&#10;所属河流:岷江'>凉姜沟</span>", "12-12 08:00", "Ⅲ", "<span data-toggle='tooltip' data-placement='right' title='原始值：12.81'>12.8</span>", "<span data-toggle='tooltip' data-placement='right' title='原始值：8.050086'>8.05</span>", "<span data-toggle='tooltip' data-placement='right' title='原始值：9.285216'>9.29</span>", "<span data-toggle='tooltip' data-placement='right' title='原始值：306.6924'>306.7</span>", "<span data-toggle='tooltip' data-placement='right' title='原始值：38.68723'>38.7</span>", "<span data-toggle='tooltip' data-placement='right' title='原始值：1.81'>1.81</span>", "<span data-toggle='tooltip' data-placement='right' title='原始值：0.137'>0.137</span>", "<span data-toggle='tooltip' data-placement='right' title='原始值：0.10298'>0.103</span>", "<span data-toggle='tooltip' data-placement='right' title='原始值：2.035723'>2.04</span>", "*", "*", "正常"], ["云南省", "滇池流域", "<span data-toggle='tooltip' data-placement='right' title='所在地市:昆明市&#10;所属河流:滇池'>西苑隧道</span>", null, "", "--", "--", "--", "--", "--", "--", "--", "--", "--", "--", "--", "停站"], ["云南省", "滇池流域", "<span data-toggle='tooltip' data-placement='right' title='所在地市:昆明市&#10;所属河流:滇池'>观音山</span>", "12-12 08:00", "劣Ⅴ", "<span data-toggle='tooltip' data-placement='right' title='原始值：15.243'>15.2</span>", "<span data-toggle='tooltip' data-placement='right' title='原始值：9.018'>9.02</span>", "<span data-toggle='tooltip' data-placement='right' title='原始值：7.935'>7.94</span>", "<span data-toggle='tooltip' data-placement='right' title='原始值：391.417'>391.4</span>", "<span data-toggle='tooltip' data-placement='right' title='原始值：53.422'>53.4</span>", "<span data-toggle='tooltip' data-placement='right' title='原始值：7.89138'>7.89</span>", "<span data-toggle='tooltip' data-placement='right' title='原始值：0.61'>0.610</span>", "<span data-toggle='tooltip' data-placement='right' title='原始值：0.1056'>0.106</span>", "<span data-toggle='tooltip' data-placement='right' title='原始值：1.348'>1.35</span>", "<span data-toggle='tooltip' data-placement='right' title='原始值：0.00266'>0.003</span>", "<span data-toggle='tooltip' data-placement='right' title='原始值：5578341'>5578341</span>", "正常"], ["云南省", "西南诸河", "<span data-toggle='tooltip' data-placement='right' title='所在地市:红河哈尼族彝族自治州&#10;所属河流:红河'>河口县医院(河口)</span>", "12-12 08:00", "", "<span data-toggle='tooltip' data-placement='right' title='原始值：22.01275'>22.0</span>", "<span data-toggle='tooltip' data-placement='right' title='原始值：6.79333'>6.79</span>", "<span data-toggle='tooltip' data-placement='right' title='原始值：8.05315'>8.05</span>", "<span data-toggle='tooltip' data-placement='right' title='原始值：181.0072'>181.0</span>", "<span data-toggle='tooltip' data-placement='right' title='原始值：50.5064'>50.5</span>", "<span data-toggle='tooltip' data-placement='right' title='原始值：1.31867'>1.32</span>", "<span data-toggle='tooltip' data-placement='right' title='极值过滤'>--</span>", "<span data-toggle='tooltip' data-placement='right' title='原始值：0.06293'>0.063</span>", "<span data-toggle='tooltip' data-placement='right' title='原始值：1.33149'>1.33</span>", "*", "*", "维护"], ["云南省", "西南诸河", "<span data-toggle='tooltip' data-placement='right' title='所在地市:西双版纳傣族自治州&#10;所属河流:澜沧江'>橄榄坝</span>", "12-12 08:00", "Ⅱ", "<span data-toggle='tooltip' data-placement='right' title='原始值：18.356'>18.4</span>", "<span data-toggle='tooltip' data-placement='right' title='原始值：7.655'>7.66</span>", "<span data-toggle='tooltip' data-placement='right' title='原始值：8.955'>8.96</span>", "<span data-toggle='tooltip' data-placement='right' title='原始值：492.778'>492.8</span>", "<span data-toggle='tooltip' data-placement='right' title='原始值：8.51'>8.5</span>", "<span data-toggle='tooltip' data-placement='right' title='原始值：1.19'>1.19</span>", "<span data-toggle='tooltip' data-placement='right' title='原始值：0.155'>0.155</span>", "*", "*", "*", "*", "正常"], ["陕西省", "黄河流域", "<span data-toggle='tooltip' data-placement='right' title='所在地市:渭南市&#10;所属河流:渭河'>潼关吊桥</span>", "12-12 08:00", "Ⅲ", "<span data-toggle='tooltip' data-placement='right' title='原始值：8.12579'>8.1</span>", "<span data-toggle='tooltip' data-placement='right' title='原始值：8.3875'>8.39</span>", "<span data-toggle='tooltip' data-placement='right' title='原始值：9.80484'>9.80</span>", "<span data-toggle='tooltip' data-placement='right' title='原始值：1147.734'>1147.7</span>", "<span data-toggle='tooltip' data-placement='right' title='原始值：187.1041'>187.1</span>", "<span data-toggle='tooltip' data-placement='right' title='原始值：3.49'>3.49</span>", "<span data-toggle='tooltip' data-placement='right' title='原始值：0.71'>0.710</span>", "<span data-toggle='tooltip' data-placement='right' title='原始值：0.14868'>0.149</span>", "<span data-toggle='tooltip' data-placement='right' title='原始值：7.77694'>7.78</span>", "*", "*", "正常"], ["甘肃省", "黄河流域", "<span data-toggle='tooltip' data-placement='right' title='所在地市:兰州市&#10;所属河流:黄河'>新城桥</span>", null, "", "--", "--", "--", "--", "--", "--", "--", "--", "--", "*", "*", "停站"], ["宁夏回族自治区", "黄河流域", "<span data-toggle='tooltip' data-placement='right' title='所在地市:中卫市&#10;所属河流:黄河'>中卫下河沿(新墩)</span>", "12-12 08:00", "Ⅰ", "<span data-toggle='tooltip' data-placement='right' title='原始值：7.3197'>7.3</span>", "<span data-toggle='tooltip' data-placement='right' title='原始值：7.25165'>7.25</span>", "<span data-toggle='tooltip' data-placement='right' title='原始值：9.18921'>9.19</span>", "<span data-toggle='tooltip' data-placement='right' title='原始值：759.6436'>759.6</span>", "<span data-toggle='tooltip' data-placement='right' title='原始值：32.03663'>32.0</span>", "<span data-toggle='tooltip' data-placement='right' title='原始值：0.24'>0.24</span>", "<span data-toggle='tooltip' data-placement='right' title='原始值：0.05'>0.050</span>", "<span data-toggle='tooltip' data-placement='right' title='原始值：0.0008'>0.001</span>", "<span data-toggle='tooltip' data-placement='right' title='原始值：2.6304'>2.63</span>", "*", "*", "正常"]]}