{"result": 1, "total": 1, "records": 98, "thead": ["省份", "流域", "断面名称", "监测时间", "水质类别", "水温<br/><span class='unit'>(℃)</span>", "pH<br/><span class='unit'>(无量纲)</span>", "溶解氧<br/><span class='unit'>(mg/L)</span>", "电导率<br/><span class='unit'>(μS/cm)</span>", "浊度<br/><span class='unit'>(NTU)</span>", "高锰酸盐指数<br/><span class='unit'>(mg/L)</span>", "氨氮<br/><span class='unit'>(mg/L)</span>", "总磷<br/><span class='unit'>(mg/L)</span>", "总氮<br/><span class='unit'>(mg/L)</span>", "叶绿素α<br/><span class='unit'>(mg/L)</span>", "藻密度<br/><span class='unit'>(cells/L)</span>", "站点情况"], "tbody": [["北京市", "海河流域", "<span data-toggle='tooltip' data-placement='right' title='所在地市:门头沟区&#10;所属河流:永定河'>沿河城</span>", null, "", "--", "--", "--", "--", "--", "--", "--", "--", "--", "*", "*", "停站"], ["北京市", "海河流域", "<span data-toggle='tooltip' data-placement='right' title='所在地市:密云区&#10;所属河流:潮河'>古北口</span>", null, "", "--", "--", "--", "--", "--", "--", "--", "--", "--", "*", "*", "停站"], ["天津市", "海河流域", "<span data-toggle='tooltip' data-placement='right' title='所在地市:河北区&#10;所属河流:海河'>三岔口</span>", "12-27 08:00", "Ⅰ", "<span data-toggle='tooltip' data-placement='right' title='原始值：3.9765'>4.0</span>", "<span data-toggle='tooltip' data-placement='right' title='原始值：8.1586'>8.16</span>", "<span data-toggle='tooltip' data-placement='right' title='原始值：13.233'>13.23</span>", "<span data-toggle='tooltip' data-placement='right' title='原始值：373.4146'>373.4</span>", "<span data-toggle='tooltip' data-placement='right' title='原始值：11.028'>11.0</span>", "<span data-toggle='tooltip' data-placement='right' title='原始值：1.12'>1.12</span>", "<span data-toggle='tooltip' data-placement='right' title='原始值：0.14'>0.140</span>", "<span data-toggle='tooltip' data-placement='right' title='原始值：0.0064'>0.006</span>", "<span data-toggle='tooltip' data-placement='right' title='原始值：1.1023'>1.10</span>", "*", "*", "正常"], ["天津市", "海河流域", "<span data-toggle='tooltip' data-placement='right' title='所在地市:蓟州区&#10;所属河流:果河'>果河桥</span>", "12-27 08:00", "Ⅱ", "<span data-toggle='tooltip' data-placement='right' title='原始值：5.2'>5.2</span>", "<span data-toggle='tooltip' data-placement='right' title='原始值：8.94'>8.94</span>", "<span data-toggle='tooltip' data-placement='right' title='原始值：18.412'>18.41</span>", "<span data-toggle='tooltip' data-placement='right' title='原始值：649.971'>650.0</span>", "<span data-toggle='tooltip' data-placement='right' title='原始值：28.2'>28.2</span>", "<span data-toggle='tooltip' data-placement='right' title='原始值：3.0477'>3.05</span>", "<span data-toggle='tooltip' data-placement='right' title='原始值：0.2'>0.200</span>", "<span data-toggle='tooltip' data-placement='right' title='原始值：0.0354'>0.035</span>", "<span data-toggle='tooltip' data-placement='right' title='原始值：4.6971'>4.70</span>", "*", "*", "正常"], ["河北省", "海河流域", "<span data-toggle='tooltip' data-placement='right' title='所在地市:石家庄市&#10;所属河流:滹沱河'>岗南水库</span>", "12-27 08:00", "Ⅱ", "<span data-toggle='tooltip' data-placement='right' title='原始值：10.38213'>10.4</span>", "<span data-toggle='tooltip' data-placement='right' title='原始值：8.71917'>8.72</span>", "<span data-toggle='tooltip' data-placement='right' title='原始值：11.14701'>11.15</span>", "<span data-toggle='tooltip' data-placement='right' title='原始值：526.2699'>526.3</span>", "<span data-toggle='tooltip' data-placement='right' title='原始值：2.06949'>2.1</span>", "<span data-toggle='tooltip' data-placement='right' title='原始值：2.25902'>2.26</span>", "<span data-toggle='tooltip' data-placement='right' title='原始值：0.02'>0.020</span>", "<span data-toggle='tooltip' data-placement='right' title='原始值：0.016'>0.016</span>", "<span data-toggle='tooltip' data-placement='right' title='原始值：1.91567'>1.92</span>", "*", "*", "正常"], ["河北省", "海河流域", "<span data-toggle='tooltip' data-placement='right' title='所在地市:张家口市&#10;所属河流:永定河'>八号桥</span>", "12-27 08:00", "Ⅴ", "<span data-toggle='tooltip' data-placement='right' title='原始值：1.41934'>1.4</span>", "<span data-toggle='tooltip' data-placement='right' title='原始值：8.45562'>8.46</span>", "<span data-toggle='tooltip' data-placement='right' title='原始值：11.83898'>11.84</span>", "<span data-toggle='tooltip' data-placement='right' title='原始值：1623.296'>1623.3</span>", "<span data-toggle='tooltip' data-placement='right' title='原始值：34.69601'>34.7</span>", "<span data-toggle='tooltip' data-placement='right' title='原始值：5.68'>5.68</span>", "<span data-toggle='tooltip' data-placement='right' title='原始值：0.51'>0.510</span>", "<span data-toggle='tooltip' data-placement='right' title='原始值：0.3075'>0.308</span>", "<span data-toggle='tooltip' data-placement='right' title='原始值：7.01'>7.01</span>", "*", "*", "正常"], ["山西省", "黄河流域", "<span data-toggle='tooltip' data-placement='right' title='所在地市:运城市&#10;所属河流:汾河'>河津大桥</span>", "12-27 08:00", "Ⅳ", "<span data-toggle='tooltip' data-placement='right' title='原始值：6.79625'>6.8</span>", "<span data-toggle='tooltip' data-placement='right' title='原始值：8.40901'>8.41</span>", "<span data-toggle='tooltip' data-placement='right' title='原始值：12.19011'>12.19</span>", "<span data-toggle='tooltip' data-placement='right' title='原始值：1891.412'>1891.4</span>", "<span data-toggle='tooltip' data-placement='right' title='原始值：67.73163'>67.7</span>", "<span data-toggle='tooltip' data-placement='right' title='原始值：7.05'>7.05</span>", "<span data-toggle='tooltip' data-placement='right' title='原始值：0.77'>0.770</span>", "*", "*", "*", "*", "正常"], ["山西省", "黄河流域", "<span data-toggle='tooltip' data-placement='right' title='所在地市:忻州市&#10;所属河流:黄河'>万家寨水库</span>", null, "", "--", "--", "--", "--", "--", "--", "--", "--", "--", "*", "*", "停站"], ["内蒙古自治区", "黄河流域", "<span data-toggle='tooltip' data-placement='right' title='所在地市:包头市&#10;所属河流:黄河'>画匠营子</span>", null, "", "--", "--", "--", "--", "--", "--", "--", "--", "--", "*", "*", "停站"], ["内蒙古自治区", "黄河流域", "<span data-toggle='tooltip' data-placement='right' title='所在地市:乌海市&#10;所属河流:黄河'>海勃湾</span>", "12-27 08:00", "Ⅱ", "<span data-toggle='tooltip' data-placement='right' title='原始值：5.04477'>5.0</span>", "<span data-toggle='tooltip' data-placement='right' title='原始值：8.15831'>8.16</span>", "<span data-toggle='tooltip' data-placement='right' title='原始值：9.61689'>9.62</span>", "<span data-toggle='tooltip' data-placement='right' title='原始值：824.9523'>825.0</span>", "<span data-toggle='tooltip' data-placement='right' title='原始值：27.91179'>27.9</span>", "<span data-toggle='tooltip' data-placement='right' title='原始值：1.36'>1.36</span>", "<span data-toggle='tooltip' data-placement='right' title='原始值：0.18'>0.180</span>", "*", "*", "*", "*", "正常"], ["内蒙古自治区", "松花江流域", "<span data-toggle='tooltip' data-placement='right' title='所在地市:呼伦贝尔市&#10;所属河流:额尔古纳河'>黑山头</span>", null, "", "--", "--", "--", "--", "--", "--", "--", "--", "--", "*", "*", "停站"], ["辽宁省", "辽河流域", "<span data-toggle='tooltip' data-placement='right' title='所在地市:抚顺市&#10;所属河流:浑河'>大伙房水库</span>", "12-27 08:00", "Ⅱ", "<span data-toggle='tooltip' data-placement='right' title='原始值：5.40157'>5.4</span>", "<span data-toggle='tooltip' data-placement='right' title='原始值：7.78211'>7.78</span>", "<span data-toggle='tooltip' data-placement='right' title='原始值：10.619'>10.62</span>", "<span data-toggle='tooltip' data-placement='right' title='原始值：298.3322'>298.3</span>", "<span data-toggle='tooltip' data-placement='right' title='原始值：8.64883'>8.6</span>", "<span data-toggle='tooltip' data-placement='right' title='原始值：3.21477'>3.21</span>", "<span data-toggle='tooltip' data-placement='right' title='原始值：0.1'>0.100</span>", "<span data-toggle='tooltip' data-placement='right' title='原始值：0.02422'>0.024</span>", "<span data-toggle='tooltip' data-placement='right' title='原始值：2.89146'>2.89</span>", "<span data-toggle='tooltip' data-placement='right' title='原始值：0.00115'>0.001</span>", "*", "正常"], ["辽宁省", "辽河流域", "<span data-toggle='tooltip' data-placement='right' title='所在地市:丹东市&#10;所属河流:鸭绿江'>江桥</span>", null, "", "--", "--", "--", "--", "--", "--", "--", "--", "--", "*", "*", "停站"], ["辽宁省", "辽河流域", "<span data-toggle='tooltip' data-placement='right' title='所在地市:营口市&#10;所属河流:大辽河'>辽河公园</span>", null, "", "--", "--", "--", "--", "--", "--", "--", "--", "--", "*", "*", "停站"], ["辽宁省", "辽河流域", "<span data-toggle='tooltip' data-placement='right' title='所在地市:辽阳市&#10;所属河流:太子河'>汤河水库</span>", null, "", "--", "--", "--", "--", "--", "--", "--", "--", "--", "*", "*", "停站"], ["辽宁省", "辽河流域", "<span data-toggle='tooltip' data-placement='right' title='所在地市:盘锦市&#10;所属河流:辽河'>盘锦兴安(兴安)</span>", null, "", "--", "--", "--", "--", "--", "--", "--", "--", "--", "*", "*", "停站"], ["辽宁省", "辽河流域", "<span data-toggle='tooltip' data-placement='right' title='所在地市:铁岭市&#10;所属河流:辽河'>珠尔山</span>", null, "", "--", "--", "--", "--", "--", "--", "--", "--", "--", "*", "*", "停站"], ["吉林省", "松花江流域", "<span data-toggle='tooltip' data-placement='right' title='所在地市:长春市&#10;所属河流:松花江'>松花江村</span>", null, "", "--", "--", "--", "--", "--", "--", "--", "--", "--", "*", "*", "停站"], ["吉林省", "松花江流域", "<span data-toggle='tooltip' data-placement='right' title='所在地市:白城市&#10;所属河流:嫩江'>白沙滩</span>", "12-27 08:00", "Ⅳ", "<span data-toggle='tooltip' data-placement='right' title='原始值：3.48124'>3.5</span>", "<span data-toggle='tooltip' data-placement='right' title='原始值：7.10129'>7.10</span>", "<span data-toggle='tooltip' data-placement='right' title='原始值：12.86487'>12.86</span>", "<span data-toggle='tooltip' data-placement='right' title='原始值：394.6221'>394.6</span>", "<span data-toggle='tooltip' data-placement='right' title='原始值：30.38909'>30.4</span>", "<span data-toggle='tooltip' data-placement='right' title='原始值：6.5952'>6.60</span>", "<span data-toggle='tooltip' data-placement='right' title='原始值：0.28222'>0.282</span>", "<span data-toggle='tooltip' data-placement='right' title='原始值：0.06692'>0.067</span>", "<span data-toggle='tooltip' data-placement='right' title='原始值：1.76095'>1.76</span>", "*", "*", "正常"], ["吉林省", "松花江流域", "<span data-toggle='tooltip' data-placement='right' title='所在地市:延边朝鲜族自治州&#10;所属河流:图们江'>圈河</span>", null, "", "--", "--", "--", "--", "--", "--", "--", "--", "--", "*", "*", "停站"], ["黑龙江省", "松花江流域", "<span data-toggle='tooltip' data-placement='right' title='所在地市:大庆市&#10;所属河流:松花江'>肇源</span>", null, "", "--", "--", "--", "--", "--", "--", "--", "--", "--", "*", "*", "停站"], ["黑龙江省", "松花江流域", "<span data-toggle='tooltip' data-placement='right' title='所在地市:佳木斯市&#10;所属河流:乌苏里江'>乌苏镇</span>", null, "", "--", "--", "--", "--", "--", "--", "--", "--", "--", "*", "*", "停站"], ["黑龙江省", "松花江流域", "<span data-toggle='tooltip' data-placement='right' title='所在地市:佳木斯市&#10;所属河流:松花江'>同江</span>", "12-27 08:00", "Ⅲ", "<span data-toggle='tooltip' data-placement='right' title='原始值：2.69572'>2.7</span>", "<span data-toggle='tooltip' data-placement='right' title='原始值：7.53126'>7.53</span>", "<span data-toggle='tooltip' data-placement='right' title='原始值：12.68752'>12.69</span>", "<span data-toggle='tooltip' data-placement='right' title='原始值：371.0943'>371.1</span>", "<span data-toggle='tooltip' data-placement='right' title='原始值：20.25053'>20.3</span>", "<span data-toggle='tooltip' data-placement='right' title='原始值：5.61379'>5.61</span>", "<span data-toggle='tooltip' data-placement='right' title='原始值：0.3154'>0.315</span>", "<span data-toggle='tooltip' data-placement='right' title='原始值：0.05664'>0.057</span>", "<span data-toggle='tooltip' data-placement='right' title='原始值：3.46082'>3.46</span>", "*", "*", "正常"], ["黑龙江省", "松花江流域", "<span data-toggle='tooltip' data-placement='right' title='所在地市:黑河市&#10;所属河流:黑龙江'>黑河下(黑河)</span>", null, "", "--", "--", "--", "--", "--", "--", "--", "--", "--", "*", "*", "停站"], ["上海市", "长江流域", "<span data-toggle='tooltip' data-placement='right' title='所在地市:青浦区&#10;所属河流:淀山湖'>急水港桥</span>", null, "", "--", "--", "--", "--", "--", "--", "--", "--", "--", "--", "--", "停站"], ["江苏省", "长江流域", "<span data-toggle='tooltip' data-placement='right' title='所在地市:南京市&#10;所属河流:长江'>林山</span>", null, "", "--", "--", "--", "--", "--", "--", "--", "--", "--", "*", "*", "停站"], ["江苏省", "太湖流域", "<span data-toggle='tooltip' data-placement='right' title='所在地市:无锡市&#10;所属河流:太湖'>沙渚</span>", "12-27 08:00", "", "<span data-toggle='tooltip' data-placement='right' title='原始值：16.18734'>16.2</span>", "<span data-toggle='tooltip' data-placement='right' title='原始值：8.132524'>8.13</span>", "<span data-toggle='tooltip' data-placement='right' title='原始值：10.68942'>10.69</span>", "<span data-toggle='tooltip' data-placement='right' title='原始值：432.5019'>432.5</span>", "<span data-toggle='tooltip' data-placement='right' title='原始值：17.99522'>18.0</span>", "<span data-toggle='tooltip' data-placement='right' title='极值过滤'>--</span>", "<span data-toggle='tooltip' data-placement='right' title='原始值：0.15'>0.150</span>", "<span data-toggle='tooltip' data-placement='right' title='原始值：0.0221'>0.022</span>", "<span data-toggle='tooltip' data-placement='right' title='原始值：1.563'>1.56</span>", "<span data-toggle='tooltip' data-placement='right' title='原始值：0.009846'>0.010</span>", "*", "维护"], ["江苏省", "淮河流域", "<span data-toggle='tooltip' data-placement='right' title='所在地市:徐州市&#10;所属河流:武河'>小红圈</span>", "12-27 08:00", "Ⅱ", "<span data-toggle='tooltip' data-placement='right' title='原始值：5.46'>5.5</span>", "<span data-toggle='tooltip' data-placement='right' title='原始值：8.27'>8.27</span>", "<span data-toggle='tooltip' data-placement='right' title='原始值：16.26'>16.26</span>", "<span data-toggle='tooltip' data-placement='right' title='原始值：582.9'>582.9</span>", "<span data-toggle='tooltip' data-placement='right' title='原始值：24.63'>24.6</span>", "<span data-toggle='tooltip' data-placement='right' title='原始值：2.08'>2.08</span>", "<span data-toggle='tooltip' data-placement='right' title='原始值：0.059'>0.059</span>", "*", "*", "*", "*", "正常"], ["江苏省", "淮河流域", "<span data-toggle='tooltip' data-placement='right' title='所在地市:徐州市&#10;所属河流:沿河'>李集桥</span>", "12-27 08:00", "Ⅳ", "<span data-toggle='tooltip' data-placement='right' title='原始值：5.3'>5.3</span>", "<span data-toggle='tooltip' data-placement='right' title='原始值：8.16'>8.16</span>", "<span data-toggle='tooltip' data-placement='right' title='原始值：11.38'>11.38</span>", "<span data-toggle='tooltip' data-placement='right' title='原始值：1145.8'>1145.8</span>", "<span data-toggle='tooltip' data-placement='right' title='原始值：17.87'>17.9</span>", "<span data-toggle='tooltip' data-placement='right' title='原始值：6.46'>6.46</span>", "<span data-toggle='tooltip' data-placement='right' title='原始值：0.064'>0.064</span>", "<span data-toggle='tooltip' data-placement='right' title='原始值：0.042'>0.042</span>", "<span data-toggle='tooltip' data-placement='right' title='原始值：1.99'>1.99</span>", "*", "*", "正常"], ["江苏省", "淮河流域", "<span data-toggle='tooltip' data-placement='right' title='所在地市:徐州市&#10;所属河流:邳苍分洪道'>艾山西大桥</span>", "12-27 08:00", "Ⅱ", "<span data-toggle='tooltip' data-placement='right' title='原始值：4.48679'>4.5</span>", "<span data-toggle='tooltip' data-placement='right' title='原始值：8.72752'>8.73</span>", "<span data-toggle='tooltip' data-placement='right' title='原始值：15.5338'>15.53</span>", "<span data-toggle='tooltip' data-placement='right' title='原始值：866.42'>866.4</span>", "<span data-toggle='tooltip' data-placement='right' title='原始值：4.86777'>4.9</span>", "<span data-toggle='tooltip' data-placement='right' title='原始值：3.05'>3.05</span>", "<span data-toggle='tooltip' data-placement='right' title='原始值：0.08'>0.080</span>", "<span data-toggle='tooltip' data-placement='right' title='原始值：0.03275'>0.033</span>", "<span data-toggle='tooltip' data-placement='right' title='原始值：13.32961'>13.33</span>", "*", "*", "正常"], ["江苏省", "太湖流域", "<span data-toggle='tooltip' data-placement='right' title='所在地市:苏州市&#10;所属河流:太湖'>兰山嘴(老)</span>", "12-27 08:00", "Ⅲ", "<span data-toggle='tooltip' data-placement='right' title='原始值：10.3533'>10.4</span>", "<span data-toggle='tooltip' data-placement='right' title='原始值：7.91782'>7.92</span>", "<span data-toggle='tooltip' data-placement='right' title='原始值：11.08571'>11.09</span>", "<span data-toggle='tooltip' data-placement='right' title='原始值：421.4993'>421.5</span>", "<span data-toggle='tooltip' data-placement='right' title='原始值：27.98343'>28.0</span>", "<span data-toggle='tooltip' data-placement='right' title='原始值：4.36'>4.36</span>", "<span data-toggle='tooltip' data-placement='right' title='原始值：0.63'>0.630</span>", "<span data-toggle='tooltip' data-placement='right' title='原始值：0.10506'>0.105</span>", "<span data-toggle='tooltip' data-placement='right' title='原始值：4.40395'>4.40</span>", "<span data-toggle='tooltip' data-placement='right' title='原始值：0.02411'>0.024</span>", "*", "正常"], ["江苏省", "太湖流域", "<span data-toggle='tooltip' data-placement='right' title='所在地市:苏州市&#10;所属河流:太湖'>西山</span>", "12-27 08:00", "Ⅳ", "<span data-toggle='tooltip' data-placement='right' title='原始值：9.231'>9.2</span>", "<span data-toggle='tooltip' data-placement='right' title='原始值：7.71365'>7.71</span>", "<span data-toggle='tooltip' data-placement='right' title='原始值：12.32708'>12.33</span>", "<span data-toggle='tooltip' data-placement='right' title='原始值：108.3854'>108.4</span>", "<span data-toggle='tooltip' data-placement='right' title='原始值：44.76355'>44.8</span>", "<span data-toggle='tooltip' data-placement='right' title='原始值：2.09'>2.09</span>", "<span data-toggle='tooltip' data-placement='right' title='原始值：0.15'>0.150</span>", "<span data-toggle='tooltip' data-placement='right' title='原始值：0.0511'>0.051</span>", "<span data-toggle='tooltip' data-placement='right' title='原始值：0.6203'>0.62</span>", "<span data-toggle='tooltip' data-placement='right' title='原始值：0.01299'>0.013</span>", "*", "正常"], ["江苏省", "淮河流域", "<span data-toggle='tooltip' data-placement='right' title='所在地市:连云港市&#10;所属河流:新沭河'>大兴桥</span>", "12-27 08:00", "Ⅲ", "<span data-toggle='tooltip' data-placement='right' title='原始值：4.8'>4.8</span>", "<span data-toggle='tooltip' data-placement='right' title='原始值：7.22'>7.22</span>", "<span data-toggle='tooltip' data-placement='right' title='原始值：12.33'>12.33</span>", "<span data-toggle='tooltip' data-placement='right' title='原始值：854.4'>854.4</span>", "<span data-toggle='tooltip' data-placement='right' title='原始值：16.35'>16.4</span>", "<span data-toggle='tooltip' data-placement='right' title='原始值：4.79'>4.79</span>", "<span data-toggle='tooltip' data-placement='right' title='原始值：0.374'>0.374</span>", "*", "*", "*", "*", "正常"], ["江苏省", "淮河流域", "<span data-toggle='tooltip' data-placement='right' title='所在地市:淮安市&#10;所属河流:淮河'>淮河大桥</span>", "12-27 08:00", "Ⅱ", "<span data-toggle='tooltip' data-placement='right' title='原始值：8.29887'>8.3</span>", "<span data-toggle='tooltip' data-placement='right' title='原始值：7.95972'>7.96</span>", "<span data-toggle='tooltip' data-placement='right' title='原始值：16.4281'>16.43</span>", "<span data-toggle='tooltip' data-placement='right' title='原始值：567.256'>567.3</span>", "<span data-toggle='tooltip' data-placement='right' title='原始值：21.72382'>21.7</span>", "<span data-toggle='tooltip' data-placement='right' title='原始值：3.88'>3.88</span>", "<span data-toggle='tooltip' data-placement='right' title='原始值：0.13'>0.130</span>", "<span data-toggle='tooltip' data-placement='right' title='原始值：0.065'>0.065</span>", "<span data-toggle='tooltip' data-placement='right' title='原始值：2.196'>2.20</span>", "*", "*", "正常"], ["江苏省", "长江流域", "<span data-toggle='tooltip' data-placement='right' title='所在地市:扬州市&#10;所属河流:夹江'>三江营</span>", "12-27 08:00", "Ⅱ", "<span data-toggle='tooltip' data-placement='right' title='原始值：10.3'>10.3</span>", "<span data-toggle='tooltip' data-placement='right' title='原始值：7.94'>7.94</span>", "<span data-toggle='tooltip' data-placement='right' title='原始值：10.51'>10.51</span>", "<span data-toggle='tooltip' data-placement='right' title='原始值：353.88'>353.9</span>", "<span data-toggle='tooltip' data-placement='right' title='原始值：42.27'>42.3</span>", "<span data-toggle='tooltip' data-placement='right' title='原始值：1.763'>1.76</span>", "<span data-toggle='tooltip' data-placement='right' title='原始值：0.034'>0.034</span>", "<span data-toggle='tooltip' data-placement='right' title='原始值：0.084'>0.084</span>", "<span data-toggle='tooltip' data-placement='right' title='原始值：2.04'>2.04</span>", "*", "*", "正常"], ["江苏省", "淮河流域", "<span data-toggle='tooltip' data-placement='right' title='所在地市:宿迁市&#10;所属河流:新濉河'>大屈</span>", "12-27 08:00", "Ⅳ", "<span data-toggle='tooltip' data-placement='right' title='原始值：8.6'>8.6</span>", "<span data-toggle='tooltip' data-placement='right' title='原始值：7.66'>7.66</span>", "<span data-toggle='tooltip' data-placement='right' title='原始值：10.59'>10.59</span>", "<span data-toggle='tooltip' data-placement='right' title='原始值：1064.9'>1064.9</span>", "<span data-toggle='tooltip' data-placement='right' title='原始值：19.31'>19.3</span>", "<span data-toggle='tooltip' data-placement='right' title='原始值：6.04'>6.04</span>", "<span data-toggle='tooltip' data-placement='right' title='原始值：0.07'>0.070</span>", "<span data-toggle='tooltip' data-placement='right' title='原始值：0.085'>0.085</span>", "<span data-toggle='tooltip' data-placement='right' title='原始值：4.393'>4.39</span>", "*", "*", "正常"], ["浙江省", "浙闽片河流", "<span data-toggle='tooltip' data-placement='right' title='所在地市:杭州市&#10;所属河流:新安江'>街口(鸠坑口)</span>", "12-27 08:00", "Ⅱ", "<span data-toggle='tooltip' data-placement='right' title='原始值：15.02'>15.0</span>", "<span data-toggle='tooltip' data-placement='right' title='原始值：7.11'>7.11</span>", "<span data-toggle='tooltip' data-placement='right' title='原始值：7.44'>7.44</span>", "<span data-toggle='tooltip' data-placement='right' title='原始值：166.16'>166.2</span>", "<span data-toggle='tooltip' data-placement='right' title='原始值：14.01'>14.0</span>", "<span data-toggle='tooltip' data-placement='right' title='原始值：0.557'>0.56</span>", "<span data-toggle='tooltip' data-placement='right' title='原始值：0.004'>0.004</span>", "<span data-toggle='tooltip' data-placement='right' title='原始值：0.017'>0.017</span>", "<span data-toggle='tooltip' data-placement='right' title='原始值：1.046'>1.05</span>", "*", "*", "正常"], ["浙江省", "太湖流域", "<span data-toggle='tooltip' data-placement='right' title='所在地市:嘉兴市&#10;所属河流:斜路港河'>斜路港</span>", "12-27 04:00", "劣Ⅴ", "<span data-toggle='tooltip' data-placement='right' title='原始值：10'>10.0</span>", "<span data-toggle='tooltip' data-placement='right' title='原始值：7.74'>7.74</span>", "<span data-toggle='tooltip' data-placement='right' title='原始值：5.93'>5.93</span>", "<span data-toggle='tooltip' data-placement='right' title='原始值：626'>626.0</span>", "<span data-toggle='tooltip' data-placement='right' title='原始值：29.2'>29.2</span>", "<span data-toggle='tooltip' data-placement='right' title='原始值：9.88'>9.88</span>", "<span data-toggle='tooltip' data-placement='right' title='原始值：2.0454'>2.045</span>", "<span data-toggle='tooltip' data-placement='right' title='原始值：0.62982'>0.630</span>", "<span data-toggle='tooltip' data-placement='right' title='原始值：6.01816'>6.02</span>", "*", "*", "正常"], ["浙江省", "太湖流域", "<span data-toggle='tooltip' data-placement='right' title='所在地市:嘉兴市&#10;所属河流:京杭运河'>王江泾</span>", "12-27 08:00", "Ⅲ", "<span data-toggle='tooltip' data-placement='right' title='原始值：10.12'>10.1</span>", "<span data-toggle='tooltip' data-placement='right' title='原始值：7.09'>7.09</span>", "<span data-toggle='tooltip' data-placement='right' title='原始值：9.97'>9.97</span>", "<span data-toggle='tooltip' data-placement='right' title='原始值：653.75'>653.8</span>", "<span data-toggle='tooltip' data-placement='right' title='原始值：59.35'>59.4</span>", "<span data-toggle='tooltip' data-placement='right' title='原始值：5.25'>5.25</span>", "<span data-toggle='tooltip' data-placement='right' title='原始值：0.724'>0.724</span>", "<span data-toggle='tooltip' data-placement='right' title='原始值：0.09'>0.090</span>", "<span data-toggle='tooltip' data-placement='right' title='原始值：2.059'>2.06</span>", "*", "*", "正常"], ["浙江省", "太湖流域", "<span data-toggle='tooltip' data-placement='right' title='所在地市:湖州市&#10;所属河流:西苕溪'>新港口(新塘港)</span>", "12-27 08:00", "Ⅱ", "<span data-toggle='tooltip' data-placement='right' title='原始值：8.98584'>9.0</span>", "<span data-toggle='tooltip' data-placement='right' title='原始值：8.16551'>8.17</span>", "<span data-toggle='tooltip' data-placement='right' title='原始值：11.5904'>11.59</span>", "<span data-toggle='tooltip' data-placement='right' title='原始值：394.95'>395.0</span>", "<span data-toggle='tooltip' data-placement='right' title='原始值：188.647'>188.6</span>", "<span data-toggle='tooltip' data-placement='right' title='原始值：3.45839'>3.46</span>", "<span data-toggle='tooltip' data-placement='right' title='原始值：0.05905'>0.059</span>", "<span data-toggle='tooltip' data-placement='right' title='原始值：0.08416'>0.084</span>", "<span data-toggle='tooltip' data-placement='right' title='原始值：3.10063'>3.10</span>", "<span data-toggle='tooltip' data-placement='right' title='原始值：0.03346'>0.033</span>", "*", "正常"], ["安徽省", "巢湖流域", "<span data-toggle='tooltip' data-placement='right' title='所在地市:合肥市&#10;所属河流:巢湖'>湖滨(老)</span>", "12-27 08:00", "Ⅳ", "<span data-toggle='tooltip' data-placement='right' title='原始值：8.46288'>8.5</span>", "<span data-toggle='tooltip' data-placement='right' title='原始值：6.77967'>6.78</span>", "<span data-toggle='tooltip' data-placement='right' title='原始值：11.02201'>11.02</span>", "<span data-toggle='tooltip' data-placement='right' title='原始值：271.0926'>271.1</span>", "<span data-toggle='tooltip' data-placement='right' title='原始值：98.87611'>98.9</span>", "<span data-toggle='tooltip' data-placement='right' title='原始值：4.45'>4.45</span>", "<span data-toggle='tooltip' data-placement='right' title='原始值：0.44'>0.440</span>", "<span data-toggle='tooltip' data-placement='right' title='原始值：0.0879'>0.088</span>", "<span data-toggle='tooltip' data-placement='right' title='原始值：2.379'>2.38</span>", "<span data-toggle='tooltip' data-placement='right' title='原始值：0.03419'>0.034</span>", "*", "正常"], ["安徽省", "巢湖流域", "<span data-toggle='tooltip' data-placement='right' title='所在地市:芜湖市&#10;所属河流:巢湖'>裕溪口(老)</span>", "12-27 08:00", "Ⅳ", "<span data-toggle='tooltip' data-placement='right' title='原始值：10.18115'>10.2</span>", "<span data-toggle='tooltip' data-placement='right' title='原始值：7.50901'>7.51</span>", "<span data-toggle='tooltip' data-placement='right' title='原始值：8.28568'>8.29</span>", "<span data-toggle='tooltip' data-placement='right' title='原始值：360.035'>360.0</span>", "<span data-toggle='tooltip' data-placement='right' title='原始值：98.08742'>98.1</span>", "<span data-toggle='tooltip' data-placement='right' title='原始值：2.07'>2.07</span>", "<span data-toggle='tooltip' data-placement='right' title='原始值：0.1'>0.100</span>", "<span data-toggle='tooltip' data-placement='right' title='原始值：0.0833'>0.083</span>", "<span data-toggle='tooltip' data-placement='right' title='原始值：3.825'>3.82</span>", "<span data-toggle='tooltip' data-placement='right' title='原始值：0.01087'>0.011</span>", "*", "正常"], ["安徽省", "淮河流域", "<span data-toggle='tooltip' data-placement='right' title='所在地市:蚌埠市&#10;所属河流:淮河'>蚌埠闸上(蚌埠闸)</span>", "12-27 08:00", "Ⅲ", "<span data-toggle='tooltip' data-placement='right' title='原始值：11.19'>11.2</span>", "<span data-toggle='tooltip' data-placement='right' title='原始值：8.04'>8.04</span>", "<span data-toggle='tooltip' data-placement='right' title='原始值：11.35'>11.35</span>", "<span data-toggle='tooltip' data-placement='right' title='原始值：514.23'>514.2</span>", "<span data-toggle='tooltip' data-placement='right' title='原始值：38.6'>38.6</span>", "<span data-toggle='tooltip' data-placement='right' title='原始值：5.208'>5.21</span>", "<span data-toggle='tooltip' data-placement='right' title='原始值：0.304'>0.304</span>", "<span data-toggle='tooltip' data-placement='right' title='原始值：0.084'>0.084</span>", "<span data-toggle='tooltip' data-placement='right' title='原始值：2.103'>2.10</span>", "*", "*", "正常"], ["安徽省", "淮河流域", "<span data-toggle='tooltip' data-placement='right' title='所在地市:淮南市&#10;所属河流:淮河'>石头埠(老)</span>", "12-27 08:00", "Ⅲ", "<span data-toggle='tooltip' data-placement='right' title='原始值：9.61425'>9.6</span>", "<span data-toggle='tooltip' data-placement='right' title='原始值：7.50815'>7.51</span>", "<span data-toggle='tooltip' data-placement='right' title='原始值：5.95851'>5.96</span>", "<span data-toggle='tooltip' data-placement='right' title='原始值：298.4188'>298.4</span>", "<span data-toggle='tooltip' data-placement='right' title='原始值：25.86176'>25.9</span>", "<span data-toggle='tooltip' data-placement='right' title='原始值：3.48'>3.48</span>", "<span data-toggle='tooltip' data-placement='right' title='原始值：0.29'>0.290</span>", "*", "*", "*", "*", "正常"], ["安徽省", "淮河流域", "<span data-toggle='tooltip' data-placement='right' title='所在地市:淮北市&#10;所属河流:沱河'>小王桥</span>", "12-27 08:00", "Ⅳ", "<span data-toggle='tooltip' data-placement='right' title='原始值：5.94'>5.9</span>", "<span data-toggle='tooltip' data-placement='right' title='原始值：8.34'>8.34</span>", "<span data-toggle='tooltip' data-placement='right' title='原始值：10.89'>10.89</span>", "<span data-toggle='tooltip' data-placement='right' title='原始值：1801.15'>1801.2</span>", "<span data-toggle='tooltip' data-placement='right' title='原始值：16'>16.0</span>", "<span data-toggle='tooltip' data-placement='right' title='原始值：6.088'>6.09</span>", "<span data-toggle='tooltip' data-placement='right' title='原始值：0.039'>0.039</span>", "<span data-toggle='tooltip' data-placement='right' title='原始值：0.089'>0.089</span>", "<span data-toggle='tooltip' data-placement='right' title='原始值：1.549'>1.55</span>", "*", "*", "正常"], ["安徽省", "长江流域", "<span data-toggle='tooltip' data-placement='right' title='所在地市:安庆市&#10;所属河流:长江'>皖河口</span>", "12-27 08:00", "Ⅱ", "<span data-toggle='tooltip' data-placement='right' title='原始值：12.18'>12.2</span>", "<span data-toggle='tooltip' data-placement='right' title='原始值：7.491'>7.49</span>", "<span data-toggle='tooltip' data-placement='right' title='原始值：8.66'>8.66</span>", "<span data-toggle='tooltip' data-placement='right' title='原始值：306.37'>306.4</span>", "<span data-toggle='tooltip' data-placement='right' title='原始值：27.03'>27.0</span>", "<span data-toggle='tooltip' data-placement='right' title='原始值：1.281'>1.28</span>", "<span data-toggle='tooltip' data-placement='right' title='原始值：0.082'>0.082</span>", "<span data-toggle='tooltip' data-placement='right' title='原始值：0.0626'>0.063</span>", "<span data-toggle='tooltip' data-placement='right' title='原始值：2.461'>2.46</span>", "*", "*", "正常"], ["安徽省", "淮河流域", "<span data-toggle='tooltip' data-placement='right' title='所在地市:滁州市&#10;所属河流:淮河'>小柳巷</span>", "12-27 08:00", "Ⅲ", "<span data-toggle='tooltip' data-placement='right' title='原始值：9.2'>9.2</span>", "<span data-toggle='tooltip' data-placement='right' title='原始值：7.05'>7.05</span>", "<span data-toggle='tooltip' data-placement='right' title='原始值：9.97'>9.97</span>", "<span data-toggle='tooltip' data-placement='right' title='原始值：473.7'>473.7</span>", "<span data-toggle='tooltip' data-placement='right' title='原始值：78.8'>78.8</span>", "<span data-toggle='tooltip' data-placement='right' title='原始值：1.85'>1.85</span>", "<span data-toggle='tooltip' data-placement='right' title='原始值：0.077'>0.077</span>", "<span data-toggle='tooltip' data-placement='right' title='原始值：0.13'>0.130</span>", "<span data-toggle='tooltip' data-placement='right' title='原始值：2.161'>2.16</span>", "*", "*", "正常"], ["安徽省", "淮河流域", "<span data-toggle='tooltip' data-placement='right' title='所在地市:阜阳市&#10;所属河流:黑茨河'>张大桥</span>", null, "", "--", "--", "--", "--", "--", "--", "--", "--", "--", "*", "*", "停站"], ["安徽省", "淮河流域", "<span data-toggle='tooltip' data-placement='right' title='所在地市:阜阳市&#10;所属河流:淮河'>王家坝</span>", "12-27 08:00", "Ⅱ", "<span data-toggle='tooltip' data-placement='right' title='原始值：6.18004'>6.2</span>", "<span data-toggle='tooltip' data-placement='right' title='原始值：7.53346'>7.53</span>", "<span data-toggle='tooltip' data-placement='right' title='原始值：11.62409'>11.62</span>", "<span data-toggle='tooltip' data-placement='right' title='原始值：353.2169'>353.2</span>", "<span data-toggle='tooltip' data-placement='right' title='原始值：15.23478'>15.2</span>", "<span data-toggle='tooltip' data-placement='right' title='原始值：3.92'>3.92</span>", "<span data-toggle='tooltip' data-placement='right' title='原始值：0.413'>0.413</span>", "<span data-toggle='tooltip' data-placement='right' title='原始值：0.06041'>0.060</span>", "<span data-toggle='tooltip' data-placement='right' title='原始值：1.99702'>2.00</span>", "*", "*", "正常"], ["安徽省", "淮河流域", "<span data-toggle='tooltip' data-placement='right' title='所在地市:阜阳市&#10;所属河流:颍河'>界首七渡口(七渡口)</span>", "12-27 08:00", "Ⅲ", "<span data-toggle='tooltip' data-placement='right' title='原始值：7.81448'>7.8</span>", "<span data-toggle='tooltip' data-placement='right' title='原始值：7.89188'>7.89</span>", "<span data-toggle='tooltip' data-placement='right' title='原始值：10.46045'>10.46</span>", "<span data-toggle='tooltip' data-placement='right' title='原始值：970.1103'>970.1</span>", "<span data-toggle='tooltip' data-placement='right' title='原始值：6.38368'>6.4</span>", "<span data-toggle='tooltip' data-placement='right' title='原始值：4.1'>4.10</span>", "<span data-toggle='tooltip' data-placement='right' title='原始值：0.64'>0.640</span>", "<span data-toggle='tooltip' data-placement='right' title='原始值：0.08401'>0.084</span>", "<span data-toggle='tooltip' data-placement='right' title='原始值：5.53927'>5.54</span>", "*", "*", "正常"], ["安徽省", "淮河流域", "<span data-toggle='tooltip' data-placement='right' title='所在地市:阜阳市&#10;所属河流:泉河'>许庄(徐庄)</span>", "12-27 08:00", "", "<span data-toggle='tooltip' data-placement='right' title='原始值：4.3'>4.3</span>", "<span data-toggle='tooltip' data-placement='right' title='原始值：7.86'>7.86</span>", "<span data-toggle='tooltip' data-placement='right' title='原始值：12.1'>12.10</span>", "<span data-toggle='tooltip' data-placement='right' title='原始值：904.6'>904.6</span>", "<span data-toggle='tooltip' data-placement='right' title='原始值：477.4'>477.4</span>", "<span data-toggle='tooltip' data-placement='right' title='原始值：3.09'>3.09</span>", "<span data-toggle='tooltip' data-placement='right' title='极值过滤'>--</span>", "<span data-toggle='tooltip' data-placement='right' title='原始值：0.027'>0.027</span>", "<span data-toggle='tooltip' data-placement='right' title='原始值：2.483'>2.48</span>", "*", "*", "维护"], ["安徽省", "淮河流域", "<span data-toggle='tooltip' data-placement='right' title='所在地市:宿州市&#10;所属河流:奎河'>杨庄</span>", "12-27 08:00", "Ⅲ", "<span data-toggle='tooltip' data-placement='right' title='原始值：8.37'>8.4</span>", "<span data-toggle='tooltip' data-placement='right' title='原始值：7.91'>7.91</span>", "<span data-toggle='tooltip' data-placement='right' title='原始值：9.53'>9.53</span>", "<span data-toggle='tooltip' data-placement='right' title='原始值：982.9'>982.9</span>", "<span data-toggle='tooltip' data-placement='right' title='原始值：46.38'>46.4</span>", "<span data-toggle='tooltip' data-placement='right' title='原始值：4.13'>4.13</span>", "<span data-toggle='tooltip' data-placement='right' title='原始值：0.002'>0.002</span>", "*", "*", "*", "*", "正常"], ["安徽省", "淮河流域", "<span data-toggle='tooltip' data-placement='right' title='所在地市:宿州市&#10;所属河流:新汴河'>泗县公路桥</span>", "12-27 08:00", "Ⅲ", "<span data-toggle='tooltip' data-placement='right' title='原始值：7.21'>7.2</span>", "<span data-toggle='tooltip' data-placement='right' title='原始值：8.21'>8.21</span>", "<span data-toggle='tooltip' data-placement='right' title='原始值：11.21'>11.21</span>", "<span data-toggle='tooltip' data-placement='right' title='原始值：963.7'>963.7</span>", "<span data-toggle='tooltip' data-placement='right' title='原始值：17.52'>17.5</span>", "<span data-toggle='tooltip' data-placement='right' title='原始值：4.52'>4.52</span>", "<span data-toggle='tooltip' data-placement='right' title='原始值：0.07'>0.070</span>", "*", "*", "*", "*", "正常"], ["安徽省", "淮河流域", "<span data-toggle='tooltip' data-placement='right' title='所在地市:亳州市&#10;所属河流:包河'>颜集</span>", "12-27 08:00", "Ⅱ", "<span data-toggle='tooltip' data-placement='right' title='原始值：6.2'>6.2</span>", "<span data-toggle='tooltip' data-placement='right' title='原始值：7.97'>7.97</span>", "<span data-toggle='tooltip' data-placement='right' title='原始值：10.85'>10.85</span>", "<span data-toggle='tooltip' data-placement='right' title='原始值：1561.6'>1561.6</span>", "<span data-toggle='tooltip' data-placement='right' title='原始值：103.67'>103.7</span>", "<span data-toggle='tooltip' data-placement='right' title='原始值：2.23'>2.23</span>", "<span data-toggle='tooltip' data-placement='right' title='原始值：0.46'>0.460</span>", "<span data-toggle='tooltip' data-placement='right' title='原始值：0.065'>0.065</span>", "<span data-toggle='tooltip' data-placement='right' title='原始值：5.407'>5.41</span>", "*", "*", "正常"], ["福建省", "浙闽片河流", "<span data-toggle='tooltip' data-placement='right' title='所在地市:福州市&#10;所属河流:闽江'>白岩潭</span>", "12-27 08:00", "Ⅱ", "<span data-toggle='tooltip' data-placement='right' title='原始值：16.9'>16.9</span>", "<span data-toggle='tooltip' data-placement='right' title='原始值：7.16'>7.16</span>", "<span data-toggle='tooltip' data-placement='right' title='原始值：7.12'>7.12</span>", "<span data-toggle='tooltip' data-placement='right' title='原始值：2482.1'>2482.1</span>", "<span data-toggle='tooltip' data-placement='right' title='原始值：275.07'>275.1</span>", "<span data-toggle='tooltip' data-placement='right' title='原始值：3.24'>3.24</span>", "<span data-toggle='tooltip' data-placement='right' title='原始值：0.21'>0.210</span>", "*", "*", "*", "*", "正常"], ["江西省", "长江流域", "<span data-toggle='tooltip' data-placement='right' title='所在地市:南昌市&#10;所属河流:赣江南支'>滁槎</span>", null, "", "--", "--", "--", "--", "--", "--", "--", "--", "--", "*", "*", "维护"], ["江西省", "长江流域", "<span data-toggle='tooltip' data-placement='right' title='所在地市:九江市&#10;所属河流:长江'>姚港(河西水厂)</span>", "12-27 08:00", "Ⅱ", "<span data-toggle='tooltip' data-placement='right' title='原始值：12.03'>12.0</span>", "<span data-toggle='tooltip' data-placement='right' title='原始值：7.53'>7.53</span>", "<span data-toggle='tooltip' data-placement='right' title='原始值：10.76'>10.76</span>", "<span data-toggle='tooltip' data-placement='right' title='原始值：357.33'>357.3</span>", "<span data-toggle='tooltip' data-placement='right' title='原始值：28.84'>28.8</span>", "<span data-toggle='tooltip' data-placement='right' title='原始值：1.466'>1.47</span>", "<span data-toggle='tooltip' data-placement='right' title='原始值：0.084'>0.084</span>", "<span data-toggle='tooltip' data-placement='right' title='原始值：0.075'>0.075</span>", "<span data-toggle='tooltip' data-placement='right' title='原始值：2.05'>2.05</span>", "*", "*", "正常"], ["江西省", "长江流域", "<span data-toggle='tooltip' data-placement='right' title='所在地市:九江市&#10;所属河流:鄱阳湖'>蛤蟆石</span>", "12-27 08:00", "Ⅲ", "<span data-toggle='tooltip' data-placement='right' title='原始值：9.3'>9.3</span>", "<span data-toggle='tooltip' data-placement='right' title='原始值：7.36'>7.36</span>", "<span data-toggle='tooltip' data-placement='right' title='原始值：10.78'>10.78</span>", "<span data-toggle='tooltip' data-placement='right' title='原始值：216.95'>217.0</span>", "<span data-toggle='tooltip' data-placement='right' title='原始值：15.82'>15.8</span>", "<span data-toggle='tooltip' data-placement='right' title='原始值：1.226'>1.23</span>", "<span data-toggle='tooltip' data-placement='right' title='原始值：0.202'>0.202</span>", "<span data-toggle='tooltip' data-placement='right' title='原始值：0.0459'>0.046</span>", "<span data-toggle='tooltip' data-placement='right' title='原始值：1.945'>1.94</span>", "<span data-toggle='tooltip' data-placement='right' title='原始值：0.00261'>0.003</span>", "<span data-toggle='tooltip' data-placement='right' title='原始值：1079542'>1079542</span>", "正常"], ["山东省", "黄河流域", "<span data-toggle='tooltip' data-placement='right' title='所在地市:济南市&#10;所属河流:黄河'>泺口</span>", "12-27 08:00", "Ⅱ", "<span data-toggle='tooltip' data-placement='right' title='原始值：5.00583'>5.0</span>", "<span data-toggle='tooltip' data-placement='right' title='原始值：8.39134'>8.39</span>", "<span data-toggle='tooltip' data-placement='right' title='原始值：13.1333'>13.13</span>", "<span data-toggle='tooltip' data-placement='right' title='原始值：848.329'>848.3</span>", "<span data-toggle='tooltip' data-placement='right' title='原始值：355.415'>355.4</span>", "<span data-toggle='tooltip' data-placement='right' title='原始值：3.11'>3.11</span>", "<span data-toggle='tooltip' data-placement='right' title='原始值：0.13802'>0.138</span>", "<span data-toggle='tooltip' data-placement='right' title='原始值：0.03132'>0.031</span>", "<span data-toggle='tooltip' data-placement='right' title='原始值：3.755'>3.76</span>", "*", "*", "正常"], ["山东省", "淮河流域", "<span data-toggle='tooltip' data-placement='right' title='所在地市:枣庄市&#10;所属河流:京杭大运河（韩庄运河）'>台儿庄大桥</span>", "12-27 08:00", "Ⅲ", "<span data-toggle='tooltip' data-placement='right' title='原始值：5.85017'>5.9</span>", "<span data-toggle='tooltip' data-placement='right' title='原始值：8.26237'>8.26</span>", "<span data-toggle='tooltip' data-placement='right' title='原始值：13.63176'>13.63</span>", "<span data-toggle='tooltip' data-placement='right' title='原始值：1026.311'>1026.3</span>", "<span data-toggle='tooltip' data-placement='right' title='原始值：12.01859'>12.0</span>", "<span data-toggle='tooltip' data-placement='right' title='原始值：3.79745'>3.80</span>", "<span data-toggle='tooltip' data-placement='right' title='原始值：0.12933'>0.129</span>", "<span data-toggle='tooltip' data-placement='right' title='原始值：0.13305'>0.133</span>", "<span data-toggle='tooltip' data-placement='right' title='原始值：6.81126'>6.81</span>", "*", "*", "正常"], ["山东省", "淮河流域", "<span data-toggle='tooltip' data-placement='right' title='所在地市:临沂市&#10;所属河流:沭河'>清泉寺</span>", "12-27 08:00", "Ⅲ", "<span data-toggle='tooltip' data-placement='right' title='原始值：7.31387'>7.3</span>", "<span data-toggle='tooltip' data-placement='right' title='原始值：8.91951'>8.92</span>", "<span data-toggle='tooltip' data-placement='right' title='原始值：13.5061'>13.51</span>", "<span data-toggle='tooltip' data-placement='right' title='原始值：1044.704'>1044.7</span>", "<span data-toggle='tooltip' data-placement='right' title='原始值：4.91621'>4.9</span>", "<span data-toggle='tooltip' data-placement='right' title='原始值：5.04'>5.04</span>", "<span data-toggle='tooltip' data-placement='right' title='原始值：0.11'>0.110</span>", "*", "*", "*", "*", "正常"], ["山东省", "淮河流域", "<span data-toggle='tooltip' data-placement='right' title='所在地市:临沂市&#10;所属河流:沂河'>重坊桥</span>", "12-27 08:00", "Ⅱ", "<span data-toggle='tooltip' data-placement='right' title='原始值：5.6676'>5.7</span>", "<span data-toggle='tooltip' data-placement='right' title='原始值：7.94'>7.94</span>", "<span data-toggle='tooltip' data-placement='right' title='原始值：12.10351'>12.10</span>", "<span data-toggle='tooltip' data-placement='right' title='原始值：745.6852'>745.7</span>", "<span data-toggle='tooltip' data-placement='right' title='原始值：8.94352'>8.9</span>", "<span data-toggle='tooltip' data-placement='right' title='原始值：2.95'>2.95</span>", "<span data-toggle='tooltip' data-placement='right' title='原始值：0.39841'>0.398</span>", "*", "*", "*", "*", "正常"], ["山东省", "淮河流域", "<span data-toggle='tooltip' data-placement='right' title='所在地市:临沂市&#10;所属河流:白马河'>捷庄(涝沟桥)</span>", "12-27 08:00", "Ⅲ", "<span data-toggle='tooltip' data-placement='right' title='原始值：5.8'>5.8</span>", "<span data-toggle='tooltip' data-placement='right' title='原始值：8.24002'>8.24</span>", "<span data-toggle='tooltip' data-placement='right' title='原始值：17.86716'>17.87</span>", "<span data-toggle='tooltip' data-placement='right' title='原始值：833'>833.0</span>", "<span data-toggle='tooltip' data-placement='right' title='原始值：7.10666'>7.1</span>", "<span data-toggle='tooltip' data-placement='right' title='原始值：5.4'>5.40</span>", "<span data-toggle='tooltip' data-placement='right' title='原始值：0.04032'>0.040</span>", "<span data-toggle='tooltip' data-placement='right' title='原始值：0.06643'>0.066</span>", "<span data-toggle='tooltip' data-placement='right' title='原始值：5.35712'>5.36</span>", "*", "*", "正常"], ["山东省", "海河流域", "<span data-toggle='tooltip' data-placement='right' title='所在地市:聊城市&#10;所属河流:卫运河'>秤勾湾(秤钩湾)</span>", null, "", "--", "--", "--", "--", "--", "--", "--", "--", "--", "*", "*", "停站"], ["河南省", "长江流域", "<span data-toggle='tooltip' data-placement='right' title='所在地市:南阳市&#10;所属河流:丹江口水库'>陶岔</span>", "12-27 08:00", "Ⅰ", "<span data-toggle='tooltip' data-placement='right' title='原始值：16.43'>16.4</span>", "<span data-toggle='tooltip' data-placement='right' title='原始值：7.85125'>7.85</span>", "<span data-toggle='tooltip' data-placement='right' title='原始值：8.52274'>8.52</span>", "<span data-toggle='tooltip' data-placement='right' title='原始值：278.4189'>278.4</span>", "<span data-toggle='tooltip' data-placement='right' title='原始值：1.2828'>1.3</span>", "<span data-toggle='tooltip' data-placement='right' title='原始值：1.89'>1.89</span>", "<span data-toggle='tooltip' data-placement='right' title='原始值：0.0267'>0.027</span>", "<span data-toggle='tooltip' data-placement='right' title='原始值：0.00737'>0.007</span>", "<span data-toggle='tooltip' data-placement='right' title='原始值：1.17294'>1.17</span>", "<span data-toggle='tooltip' data-placement='right' title='原始值：0.00441'>0.004</span>", "<span data-toggle='tooltip' data-placement='right' title='原始值：204742.9'>204743</span>", "正常"], ["河南省", "淮河流域", "<span data-toggle='tooltip' data-placement='right' title='所在地市:商丘市&#10;所属河流:浍河'>黄口</span>", "12-27 08:00", "劣Ⅴ", "<span data-toggle='tooltip' data-placement='right' title='原始值：6.3'>6.3</span>", "<span data-toggle='tooltip' data-placement='right' title='原始值：8.17125'>8.17</span>", "<span data-toggle='tooltip' data-placement='right' title='原始值：10.39873'>10.40</span>", "<span data-toggle='tooltip' data-placement='right' title='原始值：1613'>1613.0</span>", "<span data-toggle='tooltip' data-placement='right' title='原始值：20.6625'>20.7</span>", "<span data-toggle='tooltip' data-placement='right' title='原始值：15.44'>15.44</span>", "<span data-toggle='tooltip' data-placement='right' title='原始值：0.06536'>0.065</span>", "<span data-toggle='tooltip' data-placement='right' title='原始值：0.0923'>0.092</span>", "<span data-toggle='tooltip' data-placement='right' title='原始值：0.08768'>0.09</span>", "*", "*", "正常"], ["河南省", "淮河流域", "<span data-toggle='tooltip' data-placement='right' title='所在地市:信阳市&#10;所属河流:史灌河'>蒋集</span>", "12-27 08:00", "", "<span data-toggle='tooltip' data-placement='right' title='原始值：14.675'>14.7</span>", "<span data-toggle='tooltip' data-placement='right' title='原始值：7.94194'>7.94</span>", "<span data-toggle='tooltip' data-placement='right' title='原始值：8.22116'>8.22</span>", "<span data-toggle='tooltip' data-placement='right' title='极值过滤'>--</span>", "<span data-toggle='tooltip' data-placement='right' title='原始值：0.25'>0.2</span>", "<span data-toggle='tooltip' data-placement='right' title='原始值：3.13'>3.13</span>", "<span data-toggle='tooltip' data-placement='right' title='极值过滤'>--</span>", "*", "*", "*", "*", "维护"], ["河南省", "淮河流域", "<span data-toggle='tooltip' data-placement='right' title='所在地市:信阳市&#10;所属河流:淮河'>淮滨水文站(淮滨)</span>", "12-27 08:00", "Ⅲ", "<span data-toggle='tooltip' data-placement='right' title='原始值：7.90038'>7.9</span>", "<span data-toggle='tooltip' data-placement='right' title='原始值：7.28'>7.28</span>", "<span data-toggle='tooltip' data-placement='right' title='原始值：11.12871'>11.13</span>", "<span data-toggle='tooltip' data-placement='right' title='原始值：297'>297.0</span>", "<span data-toggle='tooltip' data-placement='right' title='原始值：144.6093'>144.6</span>", "<span data-toggle='tooltip' data-placement='right' title='原始值：2.97887'>2.98</span>", "<span data-toggle='tooltip' data-placement='right' title='原始值：0.32216'>0.322</span>", "<span data-toggle='tooltip' data-placement='right' title='原始值：0.11163'>0.112</span>", "<span data-toggle='tooltip' data-placement='right' title='原始值：1.69878'>1.70</span>", "*", "*", "正常"], ["河南省", "淮河流域", "<span data-toggle='tooltip' data-placement='right' title='所在地市:周口市&#10;所属河流:沙河'>沈丘闸</span>", "12-27 08:00", "Ⅲ", "<span data-toggle='tooltip' data-placement='right' title='原始值：9.17417'>9.2</span>", "<span data-toggle='tooltip' data-placement='right' title='原始值：7.51063'>7.51</span>", "<span data-toggle='tooltip' data-placement='right' title='原始值：8.09863'>8.10</span>", "<span data-toggle='tooltip' data-placement='right' title='原始值：1043.055'>1043.1</span>", "<span data-toggle='tooltip' data-placement='right' title='原始值：12.4063'>12.4</span>", "<span data-toggle='tooltip' data-placement='right' title='原始值：4.13'>4.13</span>", "<span data-toggle='tooltip' data-placement='right' title='原始值：0.72'>0.720</span>", "*", "*", "*", "*", "正常"], ["河南省", "淮河流域", "<span data-toggle='tooltip' data-placement='right' title='所在地市:周口市&#10;所属河流:涡河'>鹿邑付桥(鹿邑付桥闸)</span>", "12-27 08:00", "Ⅳ", "<span data-toggle='tooltip' data-placement='right' title='原始值：9.06389'>9.1</span>", "<span data-toggle='tooltip' data-placement='right' title='原始值：8.70717'>8.71</span>", "<span data-toggle='tooltip' data-placement='right' title='原始值：8.1192'>8.12</span>", "<span data-toggle='tooltip' data-placement='right' title='原始值：1534.526'>1534.5</span>", "<span data-toggle='tooltip' data-placement='right' title='原始值：5.50418'>5.5</span>", "<span data-toggle='tooltip' data-placement='right' title='原始值：9.24'>9.24</span>", "<span data-toggle='tooltip' data-placement='right' title='原始值：0.5'>0.500</span>", "<span data-toggle='tooltip' data-placement='right' title='原始值：0.0481'>0.048</span>", "<span data-toggle='tooltip' data-placement='right' title='原始值：1.5954'>1.60</span>", "*", "*", "正常"], ["河南省", "淮河流域", "<span data-toggle='tooltip' data-placement='right' title='所在地市:驻马店市&#10;所属河流:洪河'>新蔡班台(班台)</span>", "12-27 08:00", "Ⅲ", "<span data-toggle='tooltip' data-placement='right' title='原始值：11.2292'>11.2</span>", "<span data-toggle='tooltip' data-placement='right' title='原始值：7.45918'>7.46</span>", "<span data-toggle='tooltip' data-placement='right' title='原始值：11.99551'>12.00</span>", "<span data-toggle='tooltip' data-placement='right' title='原始值：618.6328'>618.6</span>", "<span data-toggle='tooltip' data-placement='right' title='原始值：14.45331'>14.5</span>", "<span data-toggle='tooltip' data-placement='right' title='原始值：4.655'>4.66</span>", "<span data-toggle='tooltip' data-placement='right' title='原始值：0.35'>0.350</span>", "<span data-toggle='tooltip' data-placement='right' title='原始值：0.1065'>0.106</span>", "<span data-toggle='tooltip' data-placement='right' title='原始值：4.69874'>4.70</span>", "*", "*", "正常"], ["河南省", "黄河流域", "<span data-toggle='tooltip' data-placement='right' title='所在地市:济源市&#10;所属河流:黄河'>小浪底水库(小浪底)</span>", "12-27 08:00", "Ⅱ", "<span data-toggle='tooltip' data-placement='right' title='原始值：7.94652'>7.9</span>", "<span data-toggle='tooltip' data-placement='right' title='原始值：8.31819'>8.32</span>", "<span data-toggle='tooltip' data-placement='right' title='原始值：11.73845'>11.74</span>", "<span data-toggle='tooltip' data-placement='right' title='原始值：721.1697'>721.2</span>", "<span data-toggle='tooltip' data-placement='right' title='原始值：6.46981'>6.5</span>", "<span data-toggle='tooltip' data-placement='right' title='原始值：2.5525'>2.55</span>", "<span data-toggle='tooltip' data-placement='right' title='原始值：0.23'>0.230</span>", "<span data-toggle='tooltip' data-placement='right' title='原始值：0.0115'>0.012</span>", "<span data-toggle='tooltip' data-placement='right' title='原始值：3.3225'>3.32</span>", "*", "*", "正常"], ["湖北省", "长江流域", "<span data-toggle='tooltip' data-placement='right' title='所在地市:武汉市&#10;所属河流:汉江'>宗关</span>", "12-27 08:00", "Ⅱ", "<span data-toggle='tooltip' data-placement='right' title='原始值：10.2'>10.2</span>", "<span data-toggle='tooltip' data-placement='right' title='原始值：7.919748'>7.92</span>", "<span data-toggle='tooltip' data-placement='right' title='原始值：11.0504'>11.05</span>", "<span data-toggle='tooltip' data-placement='right' title='原始值：381.8504'>381.9</span>", "<span data-toggle='tooltip' data-placement='right' title='原始值：13.53694'>13.5</span>", "<span data-toggle='tooltip' data-placement='right' title='原始值：2.21'>2.21</span>", "<span data-toggle='tooltip' data-placement='right' title='原始值：0.111'>0.111</span>", "<span data-toggle='tooltip' data-placement='right' title='原始值：0.078'>0.078</span>", "<span data-toggle='tooltip' data-placement='right' title='原始值：3.031968'>3.03</span>", "<span data-toggle='tooltip' data-placement='right' title='原始值：0.0031719'>0.003</span>", "*", "正常"], ["湖北省", "长江流域", "<span data-toggle='tooltip' data-placement='right' title='所在地市:十堰市&#10;所属河流:丹江口水库'>坝上中(胡家岭)</span>", "12-27 08:00", "Ⅱ", "<span data-toggle='tooltip' data-placement='right' title='原始值：13.74'>13.7</span>", "<span data-toggle='tooltip' data-placement='right' title='原始值：7.765333'>7.77</span>", "<span data-toggle='tooltip' data-placement='right' title='原始值：8.325356'>8.33</span>", "<span data-toggle='tooltip' data-placement='right' title='原始值：264.772'>264.8</span>", "<span data-toggle='tooltip' data-placement='right' title='原始值：3.191005'>3.2</span>", "<span data-toggle='tooltip' data-placement='right' title='原始值：1.92'>1.92</span>", "<span data-toggle='tooltip' data-placement='right' title='原始值：0.052'>0.052</span>", "<span data-toggle='tooltip' data-placement='right' title='原始值：0.022'>0.022</span>", "<span data-toggle='tooltip' data-placement='right' title='原始值：1.212'>1.21</span>", "<span data-toggle='tooltip' data-placement='right' title='原始值：0.0063888'>0.006</span>", "<span data-toggle='tooltip' data-placement='right' title='原始值：7551000'>7551000</span>", "正常"], ["湖北省", "长江流域", "<span data-toggle='tooltip' data-placement='right' title='所在地市:宜昌市&#10;所属河流:长江'>南津关</span>", "12-27 08:00", "Ⅱ", "<span data-toggle='tooltip' data-placement='right' title='原始值：16.53'>16.5</span>", "<span data-toggle='tooltip' data-placement='right' title='原始值：8.016189'>8.02</span>", "<span data-toggle='tooltip' data-placement='right' title='原始值：8.550732'>8.55</span>", "<span data-toggle='tooltip' data-placement='right' title='原始值：398.449'>398.4</span>", "<span data-toggle='tooltip' data-placement='right' title='原始值：4.415481'>4.4</span>", "<span data-toggle='tooltip' data-placement='right' title='原始值：1.48'>1.48</span>", "<span data-toggle='tooltip' data-placement='right' title='原始值：0.115'>0.115</span>", "<span data-toggle='tooltip' data-placement='right' title='原始值：0.047'>0.047</span>", "<span data-toggle='tooltip' data-placement='right' title='原始值：1.451'>1.45</span>", "<span data-toggle='tooltip' data-placement='right' title='原始值：0.0037956'>0.004</span>", "*", "正常"], ["湖南省", "长江流域", "<span data-toggle='tooltip' data-placement='right' title='所在地市:长沙市&#10;所属河流:湘江'>新港</span>", "12-27 08:00", "Ⅱ", "<span data-toggle='tooltip' data-placement='right' title='原始值：11.53'>11.5</span>", "<span data-toggle='tooltip' data-placement='right' title='原始值：7.61'>7.61</span>", "<span data-toggle='tooltip' data-placement='right' title='原始值：8.42'>8.42</span>", "<span data-toggle='tooltip' data-placement='right' title='原始值：283.32'>283.3</span>", "<span data-toggle='tooltip' data-placement='right' title='原始值：20.29'>20.3</span>", "<span data-toggle='tooltip' data-placement='right' title='原始值：1.79'>1.79</span>", "<span data-toggle='tooltip' data-placement='right' title='原始值：0.21'>0.210</span>", "<span data-toggle='tooltip' data-placement='right' title='原始值：0.046'>0.046</span>", "<span data-toggle='tooltip' data-placement='right' title='原始值：2.24'>2.24</span>", "*", "*", "正常"], ["湖南省", "长江流域", "<span data-toggle='tooltip' data-placement='right' title='所在地市:岳阳市&#10;所属河流:洞庭湖'>岳阳楼</span>", "12-27 08:00", "Ⅴ", "<span data-toggle='tooltip' data-placement='right' title='原始值：9.87'>9.9</span>", "<span data-toggle='tooltip' data-placement='right' title='原始值：7.972167'>7.97</span>", "<span data-toggle='tooltip' data-placement='right' title='原始值：10.27884'>10.28</span>", "<span data-toggle='tooltip' data-placement='right' title='原始值：282.7025'>282.7</span>", "<span data-toggle='tooltip' data-placement='right' title='原始值：37.0988'>37.1</span>", "<span data-toggle='tooltip' data-placement='right' title='原始值：2.14'>2.14</span>", "<span data-toggle='tooltip' data-placement='right' title='原始值：0.104'>0.104</span>", "<span data-toggle='tooltip' data-placement='right' title='原始值：0.108'>0.108</span>", "<span data-toggle='tooltip' data-placement='right' title='原始值：2.7519'>2.75</span>", "<span data-toggle='tooltip' data-placement='right' title='原始值：0.0032031'>0.003</span>", "<span data-toggle='tooltip' data-placement='right' title='原始值：268.426'>268</span>", "正常"], ["湖南省", "长江流域", "<span data-toggle='tooltip' data-placement='right' title='所在地市:岳阳市&#10;所属河流:长江'>城陵矶</span>", "12-27 08:00", "Ⅲ", "<span data-toggle='tooltip' data-placement='right' title='原始值：11.73'>11.7</span>", "<span data-toggle='tooltip' data-placement='right' title='原始值：7.772403'>7.77</span>", "<span data-toggle='tooltip' data-placement='right' title='原始值：10.61373'>10.61</span>", "<span data-toggle='tooltip' data-placement='right' title='原始值：331.212'>331.2</span>", "<span data-toggle='tooltip' data-placement='right' title='原始值：37.28209'>37.3</span>", "<span data-toggle='tooltip' data-placement='right' title='原始值：2.56'>2.56</span>", "<span data-toggle='tooltip' data-placement='right' title='原始值：0.009'>0.009</span>", "<span data-toggle='tooltip' data-placement='right' title='原始值：0.121'>0.121</span>", "<span data-toggle='tooltip' data-placement='right' title='原始值：1.882'>1.88</span>", "*", "*", "正常"], ["广东省", "珠江流域", "<span data-toggle='tooltip' data-placement='right' title='所在地市:清远市&#10;所属河流:北江'>七星岗</span>", "12-27 08:00", "Ⅱ", "<span data-toggle='tooltip' data-placement='right' title='原始值：18.00205'>18.0</span>", "<span data-toggle='tooltip' data-placement='right' title='原始值：7.50101'>7.50</span>", "<span data-toggle='tooltip' data-placement='right' title='原始值：9.53735'>9.54</span>", "<span data-toggle='tooltip' data-placement='right' title='原始值：276.6723'>276.7</span>", "<span data-toggle='tooltip' data-placement='right' title='原始值：6.01624'>6.0</span>", "<span data-toggle='tooltip' data-placement='right' title='原始值：3.37'>3.37</span>", "<span data-toggle='tooltip' data-placement='right' title='原始值：0.10368'>0.104</span>", "<span data-toggle='tooltip' data-placement='right' title='原始值：0.0309'>0.031</span>", "<span data-toggle='tooltip' data-placement='right' title='原始值：2.3751'>2.38</span>", "*", "*", "正常"], ["广东省", "珠江流域", "<span data-toggle='tooltip' data-placement='right' title='所在地市:中山市&#10;所属河流:西江'>横栏</span>", "12-27 08:00", "Ⅰ", "<span data-toggle='tooltip' data-placement='right' title='原始值：18.6'>18.6</span>", "<span data-toggle='tooltip' data-placement='right' title='原始值：7.64'>7.64</span>", "<span data-toggle='tooltip' data-placement='right' title='原始值：7.89'>7.89</span>", "<span data-toggle='tooltip' data-placement='right' title='原始值：327'>327.0</span>", "<span data-toggle='tooltip' data-placement='right' title='原始值：4.5'>4.5</span>", "<span data-toggle='tooltip' data-placement='right' title='原始值：1.54'>1.54</span>", "<span data-toggle='tooltip' data-placement='right' title='原始值：0.1331'>0.133</span>", "*", "*", "*", "*", "正常"], ["广西壮族自治区", "珠江流域", "<span data-toggle='tooltip' data-placement='right' title='所在地市:南宁市&#10;所属河流:邕江'>老口</span>", "12-27 08:00", "Ⅱ", "<span data-toggle='tooltip' data-placement='right' title='原始值：18.50101'>18.5</span>", "<span data-toggle='tooltip' data-placement='right' title='原始值：7.97586'>7.98</span>", "<span data-toggle='tooltip' data-placement='right' title='原始值：9.26051'>9.26</span>", "<span data-toggle='tooltip' data-placement='right' title='原始值：308.7939'>308.8</span>", "<span data-toggle='tooltip' data-placement='right' title='原始值：6.41839'>6.4</span>", "<span data-toggle='tooltip' data-placement='right' title='原始值：1.56418'>1.56</span>", "<span data-toggle='tooltip' data-placement='right' title='原始值：0.0721'>0.072</span>", "<span data-toggle='tooltip' data-placement='right' title='原始值：0.02342'>0.023</span>", "<span data-toggle='tooltip' data-placement='right' title='原始值：1.31383'>1.31</span>", "*", "*", "正常"], ["广西壮族自治区", "珠江流域", "<span data-toggle='tooltip' data-placement='right' title='所在地市:桂林市&#10;所属河流:漓江'>阳朔</span>", null, "", "--", "--", "--", "--", "--", "--", "--", "--", "--", "*", "*", "停站"], ["广西壮族自治区", "珠江流域", "<span data-toggle='tooltip' data-placement='right' title='所在地市:梧州市&#10;所属河流:浔江'>界首</span>", null, "", "--", "--", "--", "--", "--", "--", "--", "--", "--", "*", "*", "停站"], ["广西壮族自治区", "珠江流域", "<span data-toggle='tooltip' data-placement='right' title='所在地市:贵港市&#10;所属河流:浔江'>石嘴</span>", null, "", "--", "--", "--", "--", "--", "--", "--", "--", "--", "*", "*", "停站"], ["广西壮族自治区", "珠江流域", "<span data-toggle='tooltip' data-placement='right' title='所在地市:崇左市&#10;所属河流:平而河'>平而关</span>", "12-27 08:00", "Ⅰ", "<span data-toggle='tooltip' data-placement='right' title='原始值：19.03404'>19.0</span>", "<span data-toggle='tooltip' data-placement='right' title='原始值：7.97027'>7.97</span>", "<span data-toggle='tooltip' data-placement='right' title='原始值：9.21307'>9.21</span>", "<span data-toggle='tooltip' data-placement='right' title='原始值：265.2094'>265.2</span>", "<span data-toggle='tooltip' data-placement='right' title='原始值：25.69474'>25.7</span>", "<span data-toggle='tooltip' data-placement='right' title='原始值：1.28'>1.28</span>", "<span data-toggle='tooltip' data-placement='right' title='原始值：0.12'>0.120</span>", "*", "*", "*", "*", "正常"], ["重庆市", "长江流域", "<span data-toggle='tooltip' data-placement='right' title='所在地市:永川区&#10;所属河流:长江'>朱沱</span>", "12-27 08:00", "Ⅱ", "<span data-toggle='tooltip' data-placement='right' title='原始值：11.1'>11.1</span>", "<span data-toggle='tooltip' data-placement='right' title='原始值：7.59'>7.59</span>", "<span data-toggle='tooltip' data-placement='right' title='原始值：10.79'>10.79</span>", "<span data-toggle='tooltip' data-placement='right' title='原始值：395.96'>396.0</span>", "<span data-toggle='tooltip' data-placement='right' title='原始值：16.44'>16.4</span>", "<span data-toggle='tooltip' data-placement='right' title='原始值：0.981'>0.98</span>", "<span data-toggle='tooltip' data-placement='right' title='原始值：0.004'>0.004</span>", "<span data-toggle='tooltip' data-placement='right' title='原始值：0.065'>0.065</span>", "<span data-toggle='tooltip' data-placement='right' title='原始值：1.551'>1.55</span>", "*", "*", "正常"], ["四川省", "长江流域", "<span data-toggle='tooltip' data-placement='right' title='所在地市:攀枝花市&#10;所属河流:金沙江'>龙洞</span>", "12-27 08:00", "Ⅰ", "<span data-toggle='tooltip' data-placement='right' title='原始值：14.56'>14.6</span>", "<span data-toggle='tooltip' data-placement='right' title='原始值：8.310678'>8.31</span>", "<span data-toggle='tooltip' data-placement='right' title='原始值：8.69667'>8.70</span>", "<span data-toggle='tooltip' data-placement='right' title='原始值：869.802'>869.8</span>", "<span data-toggle='tooltip' data-placement='right' title='原始值：8.583689'>8.6</span>", "<span data-toggle='tooltip' data-placement='right' title='原始值：0.89'>0.89</span>", "<span data-toggle='tooltip' data-placement='right' title='原始值：0.111'>0.111</span>", "<span data-toggle='tooltip' data-placement='right' title='原始值：0.0109023'>0.011</span>", "<span data-toggle='tooltip' data-placement='right' title='原始值：3.599445'>3.60</span>", "*", "*", "正常"], ["四川省", "长江流域", "<span data-toggle='tooltip' data-placement='right' title='所在地市:泸州市&#10;所属河流:沱江'>沱江大桥(沱江二桥)</span>", "12-27 08:00", "Ⅲ", "<span data-toggle='tooltip' data-placement='right' title='原始值：11.26'>11.3</span>", "<span data-toggle='tooltip' data-placement='right' title='原始值：8.156669'>8.16</span>", "<span data-toggle='tooltip' data-placement='right' title='原始值：10.24791'>10.25</span>", "<span data-toggle='tooltip' data-placement='right' title='原始值：613.3315'>613.3</span>", "<span data-toggle='tooltip' data-placement='right' title='原始值：17.10867'>17.1</span>", "<span data-toggle='tooltip' data-placement='right' title='原始值：2.04'>2.04</span>", "<span data-toggle='tooltip' data-placement='right' title='原始值：0.102'>0.102</span>", "<span data-toggle='tooltip' data-placement='right' title='原始值：0.103307'>0.103</span>", "<span data-toggle='tooltip' data-placement='right' title='原始值：3.877425'>3.88</span>", "*", "*", "正常"], ["四川省", "长江流域", "<span data-toggle='tooltip' data-placement='right' title='所在地市:广元市&#10;所属河流:嘉陵江'>清风峡</span>", "12-27 04:00", "Ⅰ", "<span data-toggle='tooltip' data-placement='right' title='原始值：5.77778'>5.8</span>", "<span data-toggle='tooltip' data-placement='right' title='原始值：8.53362'>8.53</span>", "<span data-toggle='tooltip' data-placement='right' title='原始值：11.19444'>11.19</span>", "<span data-toggle='tooltip' data-placement='right' title='原始值：421.4815'>421.5</span>", "<span data-toggle='tooltip' data-placement='right' title='原始值：94.47399'>94.5</span>", "<span data-toggle='tooltip' data-placement='right' title='原始值：0.81'>0.81</span>", "<span data-toggle='tooltip' data-placement='right' title='原始值：0.14994'>0.150</span>", "*", "*", "*", "*", "正常"], ["四川省", "长江流域", "<span data-toggle='tooltip' data-placement='right' title='所在地市:乐山市&#10;所属河流:岷江'>岷江大桥</span>", null, "", "--", "--", "--", "--", "--", "--", "--", "--", "--", "*", "*", "停站"], ["四川省", "长江流域", "<span data-toggle='tooltip' data-placement='right' title='所在地市:宜宾市&#10;所属河流:岷江'>凉姜沟</span>", "12-27 08:00", "Ⅲ", "<span data-toggle='tooltip' data-placement='right' title='原始值：11.76'>11.8</span>", "<span data-toggle='tooltip' data-placement='right' title='原始值：8.070291'>8.07</span>", "<span data-toggle='tooltip' data-placement='right' title='原始值：9.635496'>9.64</span>", "<span data-toggle='tooltip' data-placement='right' title='原始值：310.8383'>310.8</span>", "<span data-toggle='tooltip' data-placement='right' title='原始值：36.91343'>36.9</span>", "<span data-toggle='tooltip' data-placement='right' title='原始值：1.47'>1.47</span>", "<span data-toggle='tooltip' data-placement='right' title='原始值：0.153'>0.153</span>", "<span data-toggle='tooltip' data-placement='right' title='原始值：0.107197'>0.107</span>", "<span data-toggle='tooltip' data-placement='right' title='原始值：2.092389'>2.09</span>", "*", "*", "正常"], ["云南省", "滇池流域", "<span data-toggle='tooltip' data-placement='right' title='所在地市:昆明市&#10;所属河流:滇池'>西苑隧道</span>", "12-27 08:00", "Ⅲ", "<span data-toggle='tooltip' data-placement='right' title='原始值：12.85'>12.8</span>", "<span data-toggle='tooltip' data-placement='right' title='原始值：7.82043'>7.82</span>", "<span data-toggle='tooltip' data-placement='right' title='原始值：7.673'>7.67</span>", "<span data-toggle='tooltip' data-placement='right' title='原始值：769.386'>769.4</span>", "<span data-toggle='tooltip' data-placement='right' title='原始值：14.842'>14.8</span>", "<span data-toggle='tooltip' data-placement='right' title='原始值：3.76521'>3.77</span>", "<span data-toggle='tooltip' data-placement='right' title='原始值：0.01712'>0.017</span>", "<span data-toggle='tooltip' data-placement='right' title='原始值：0.02506'>0.025</span>", "<span data-toggle='tooltip' data-placement='right' title='原始值：5.53674'>5.54</span>", "<span data-toggle='tooltip' data-placement='right' title='原始值：0.03412'>0.034</span>", "<span data-toggle='tooltip' data-placement='right' title='原始值：4.054331E+07'>40543310</span>", "正常"], ["云南省", "滇池流域", "<span data-toggle='tooltip' data-placement='right' title='所在地市:昆明市&#10;所属河流:滇池'>观音山</span>", "12-27 08:00", "劣Ⅴ", "<span data-toggle='tooltip' data-placement='right' title='原始值：11.6776'>11.7</span>", "<span data-toggle='tooltip' data-placement='right' title='原始值：9.14332'>9.14</span>", "<span data-toggle='tooltip' data-placement='right' title='原始值：7.773'>7.77</span>", "<span data-toggle='tooltip' data-placement='right' title='原始值：411.379'>411.4</span>", "<span data-toggle='tooltip' data-placement='right' title='原始值：47.164'>47.2</span>", "<span data-toggle='tooltip' data-placement='right' title='原始值：6.60536'>6.61</span>", "<span data-toggle='tooltip' data-placement='right' title='原始值：0.05'>0.050</span>", "<span data-toggle='tooltip' data-placement='right' title='原始值：0.1014'>0.101</span>", "<span data-toggle='tooltip' data-placement='right' title='原始值：1.573'>1.57</span>", "<span data-toggle='tooltip' data-placement='right' title='原始值：0.00216'>0.002</span>", "<span data-toggle='tooltip' data-placement='right' title='原始值：6760861'>6760861</span>", "正常"], ["云南省", "西南诸河", "<span data-toggle='tooltip' data-placement='right' title='所在地市:红河哈尼族彝族自治州&#10;所属河流:红河'>河口县医院(河口)</span>", "12-27 08:00", "Ⅱ", "<span data-toggle='tooltip' data-placement='right' title='原始值：20.54886'>20.5</span>", "<span data-toggle='tooltip' data-placement='right' title='原始值：7.76086'>7.76</span>", "<span data-toggle='tooltip' data-placement='right' title='原始值：8.05162'>8.05</span>", "<span data-toggle='tooltip' data-placement='right' title='原始值：209.1953'>209.2</span>", "<span data-toggle='tooltip' data-placement='right' title='原始值：36.49028'>36.5</span>", "<span data-toggle='tooltip' data-placement='right' title='原始值：1.0804'>1.08</span>", "<span data-toggle='tooltip' data-placement='right' title='原始值：0.05425'>0.054</span>", "<span data-toggle='tooltip' data-placement='right' title='原始值：0.04748'>0.047</span>", "<span data-toggle='tooltip' data-placement='right' title='原始值：1.10089'>1.10</span>", "*", "*", "正常"], ["云南省", "西南诸河", "<span data-toggle='tooltip' data-placement='right' title='所在地市:西双版纳傣族自治州&#10;所属河流:澜沧江'>橄榄坝</span>", "12-27 08:00", "Ⅰ", "<span data-toggle='tooltip' data-placement='right' title='原始值：17.701'>17.7</span>", "<span data-toggle='tooltip' data-placement='right' title='原始值：7.585'>7.58</span>", "<span data-toggle='tooltip' data-placement='right' title='原始值：9.571'>9.57</span>", "<span data-toggle='tooltip' data-placement='right' title='原始值：527.638'>527.6</span>", "<span data-toggle='tooltip' data-placement='right' title='原始值：10.17'>10.2</span>", "<span data-toggle='tooltip' data-placement='right' title='原始值：0.71'>0.71</span>", "<span data-toggle='tooltip' data-placement='right' title='原始值：0.139'>0.139</span>", "*", "*", "*", "*", "正常"], ["陕西省", "黄河流域", "<span data-toggle='tooltip' data-placement='right' title='所在地市:渭南市&#10;所属河流:渭河'>潼关吊桥</span>", "12-27 08:00", "Ⅲ", "<span data-toggle='tooltip' data-placement='right' title='原始值：8.10635'>8.1</span>", "<span data-toggle='tooltip' data-placement='right' title='原始值：8.40968'>8.41</span>", "<span data-toggle='tooltip' data-placement='right' title='原始值：9.00747'>9.01</span>", "<span data-toggle='tooltip' data-placement='right' title='原始值：1168.001'>1168.0</span>", "<span data-toggle='tooltip' data-placement='right' title='原始值：177.7754'>177.8</span>", "<span data-toggle='tooltip' data-placement='right' title='原始值：2.91'>2.91</span>", "<span data-toggle='tooltip' data-placement='right' title='原始值：0.43'>0.430</span>", "<span data-toggle='tooltip' data-placement='right' title='原始值：0.10016'>0.100</span>", "<span data-toggle='tooltip' data-placement='right' title='原始值：7.11664'>7.12</span>", "*", "*", "正常"], ["甘肃省", "黄河流域", "<span data-toggle='tooltip' data-placement='right' title='所在地市:兰州市&#10;所属河流:黄河'>新城桥</span>", null, "", "--", "--", "--", "--", "--", "--", "--", "--", "--", "*", "*", "停站"], ["宁夏回族自治区", "黄河流域", "<span data-toggle='tooltip' data-placement='right' title='所在地市:中卫市&#10;所属河流:黄河'>中卫下河沿(新墩)</span>", "12-27 08:00", "Ⅳ", "<span data-toggle='tooltip' data-placement='right' title='原始值：5.80399'>5.8</span>", "<span data-toggle='tooltip' data-placement='right' title='原始值：7.40108'>7.40</span>", "<span data-toggle='tooltip' data-placement='right' title='原始值：10.7506'>10.75</span>", "<span data-toggle='tooltip' data-placement='right' title='原始值：728.8468'>728.8</span>", "<span data-toggle='tooltip' data-placement='right' title='原始值：19.75618'>19.8</span>", "<span data-toggle='tooltip' data-placement='right' title='原始值：1.29'>1.29</span>", "<span data-toggle='tooltip' data-placement='right' title='原始值：1.3'>1.300</span>", "<span data-toggle='tooltip' data-placement='right' title='原始值：0.0106'>0.011</span>", "<span data-toggle='tooltip' data-placement='right' title='原始值：1.8704'>1.87</span>", "*", "*", "正常"]]}