{"result": 1, "total": 1, "records": 98, "thead": ["省份", "流域", "断面名称", "监测时间", "水质类别", "水温<br/><span class='unit'>(℃)</span>", "pH<br/><span class='unit'>(无量纲)</span>", "溶解氧<br/><span class='unit'>(mg/L)</span>", "电导率<br/><span class='unit'>(μS/cm)</span>", "浊度<br/><span class='unit'>(NTU)</span>", "高锰酸盐指数<br/><span class='unit'>(mg/L)</span>", "氨氮<br/><span class='unit'>(mg/L)</span>", "总磷<br/><span class='unit'>(mg/L)</span>", "总氮<br/><span class='unit'>(mg/L)</span>", "叶绿素α<br/><span class='unit'>(mg/L)</span>", "藻密度<br/><span class='unit'>(cells/L)</span>", "站点情况"], "tbody": [["北京市", "海河流域", "<span data-toggle='tooltip' data-placement='right' title='所在地市:门头沟区&#10;所属河流:永定河'>沿河城</span>", null, "", "--", "--", "--", "--", "--", "--", "--", "--", "--", "*", "*", "停站"], ["北京市", "海河流域", "<span data-toggle='tooltip' data-placement='right' title='所在地市:密云区&#10;所属河流:潮河'>古北口</span>", null, "", "--", "--", "--", "--", "--", "--", "--", "--", "--", "*", "*", "停站"], ["天津市", "海河流域", "<span data-toggle='tooltip' data-placement='right' title='所在地市:河北区&#10;所属河流:海河'>三岔口</span>", "12-26 08:00", "Ⅱ", "<span data-toggle='tooltip' data-placement='right' title='原始值：4.0588'>4.1</span>", "<span data-toggle='tooltip' data-placement='right' title='原始值：7.9844'>7.98</span>", "<span data-toggle='tooltip' data-placement='right' title='原始值：12.676'>12.68</span>", "<span data-toggle='tooltip' data-placement='right' title='原始值：365.0709'>365.1</span>", "<span data-toggle='tooltip' data-placement='right' title='原始值：15.585'>15.6</span>", "<span data-toggle='tooltip' data-placement='right' title='原始值：1.03'>1.03</span>", "<span data-toggle='tooltip' data-placement='right' title='原始值：0.16'>0.160</span>", "<span data-toggle='tooltip' data-placement='right' title='原始值：0.006'>0.006</span>", "<span data-toggle='tooltip' data-placement='right' title='原始值：1.1964'>1.20</span>", "*", "*", "正常"], ["天津市", "海河流域", "<span data-toggle='tooltip' data-placement='right' title='所在地市:蓟州区&#10;所属河流:果河'>果河桥</span>", "12-26 08:00", "Ⅱ", "<span data-toggle='tooltip' data-placement='right' title='原始值：5'>5.0</span>", "<span data-toggle='tooltip' data-placement='right' title='原始值：8.84'>8.84</span>", "<span data-toggle='tooltip' data-placement='right' title='原始值：17.514'>17.51</span>", "<span data-toggle='tooltip' data-placement='right' title='原始值：676.519'>676.5</span>", "<span data-toggle='tooltip' data-placement='right' title='原始值：5.1'>5.1</span>", "<span data-toggle='tooltip' data-placement='right' title='原始值：2.7685'>2.77</span>", "<span data-toggle='tooltip' data-placement='right' title='原始值：0.21'>0.210</span>", "<span data-toggle='tooltip' data-placement='right' title='原始值：0.0319'>0.032</span>", "<span data-toggle='tooltip' data-placement='right' title='原始值：4.8644'>4.86</span>", "*", "*", "正常"], ["河北省", "海河流域", "<span data-toggle='tooltip' data-placement='right' title='所在地市:石家庄市&#10;所属河流:滹沱河'>岗南水库</span>", "12-26 08:00", "Ⅱ", "<span data-toggle='tooltip' data-placement='right' title='原始值：10.28034'>10.3</span>", "<span data-toggle='tooltip' data-placement='right' title='原始值：8.71438'>8.71</span>", "<span data-toggle='tooltip' data-placement='right' title='原始值：11.20415'>11.20</span>", "<span data-toggle='tooltip' data-placement='right' title='原始值：540.7183'>540.7</span>", "<span data-toggle='tooltip' data-placement='right' title='原始值：2.13205'>2.1</span>", "<span data-toggle='tooltip' data-placement='right' title='原始值：2.2918'>2.29</span>", "<span data-toggle='tooltip' data-placement='right' title='原始值：0.08'>0.080</span>", "<span data-toggle='tooltip' data-placement='right' title='原始值：0.01949'>0.019</span>", "<span data-toggle='tooltip' data-placement='right' title='原始值：2.67885'>2.68</span>", "*", "*", "正常"], ["河北省", "海河流域", "<span data-toggle='tooltip' data-placement='right' title='所在地市:张家口市&#10;所属河流:永定河'>八号桥</span>", "12-26 08:00", "Ⅴ", "<span data-toggle='tooltip' data-placement='right' title='原始值：1.40312'>1.4</span>", "<span data-toggle='tooltip' data-placement='right' title='原始值：8.45865'>8.46</span>", "<span data-toggle='tooltip' data-placement='right' title='原始值：11.95965'>11.96</span>", "<span data-toggle='tooltip' data-placement='right' title='原始值：1635.738'>1635.7</span>", "<span data-toggle='tooltip' data-placement='right' title='原始值：36.67062'>36.7</span>", "<span data-toggle='tooltip' data-placement='right' title='原始值：6.97'>6.97</span>", "<span data-toggle='tooltip' data-placement='right' title='原始值：0.54'>0.540</span>", "<span data-toggle='tooltip' data-placement='right' title='原始值：0.363'>0.363</span>", "<span data-toggle='tooltip' data-placement='right' title='原始值：7.17507'>7.18</span>", "*", "*", "正常"], ["山西省", "黄河流域", "<span data-toggle='tooltip' data-placement='right' title='所在地市:运城市&#10;所属河流:汾河'>河津大桥</span>", "12-26 08:00", "Ⅳ", "<span data-toggle='tooltip' data-placement='right' title='原始值：6.63715'>6.6</span>", "<span data-toggle='tooltip' data-placement='right' title='原始值：8.26047'>8.26</span>", "<span data-toggle='tooltip' data-placement='right' title='原始值：11.01903'>11.02</span>", "<span data-toggle='tooltip' data-placement='right' title='原始值：1848.144'>1848.1</span>", "<span data-toggle='tooltip' data-placement='right' title='原始值：59.63909'>59.6</span>", "<span data-toggle='tooltip' data-placement='right' title='原始值：5.45'>5.45</span>", "<span data-toggle='tooltip' data-placement='right' title='原始值：1.14'>1.140</span>", "*", "*", "*", "*", "正常"], ["山西省", "黄河流域", "<span data-toggle='tooltip' data-placement='right' title='所在地市:忻州市&#10;所属河流:黄河'>万家寨水库</span>", null, "", "--", "--", "--", "--", "--", "--", "--", "--", "--", "*", "*", "停站"], ["内蒙古自治区", "黄河流域", "<span data-toggle='tooltip' data-placement='right' title='所在地市:包头市&#10;所属河流:黄河'>画匠营子</span>", null, "", "--", "--", "--", "--", "--", "--", "--", "--", "--", "*", "*", "停站"], ["内蒙古自治区", "黄河流域", "<span data-toggle='tooltip' data-placement='right' title='所在地市:乌海市&#10;所属河流:黄河'>海勃湾</span>", "12-26 08:00", "Ⅱ", "<span data-toggle='tooltip' data-placement='right' title='原始值：5.07857'>5.1</span>", "<span data-toggle='tooltip' data-placement='right' title='原始值：8.15334'>8.15</span>", "<span data-toggle='tooltip' data-placement='right' title='原始值：9.59055'>9.59</span>", "<span data-toggle='tooltip' data-placement='right' title='原始值：834.0377'>834.0</span>", "<span data-toggle='tooltip' data-placement='right' title='原始值：29.05677'>29.1</span>", "<span data-toggle='tooltip' data-placement='right' title='原始值：1.4'>1.40</span>", "<span data-toggle='tooltip' data-placement='right' title='原始值：0.2'>0.200</span>", "*", "*", "*", "*", "正常"], ["内蒙古自治区", "松花江流域", "<span data-toggle='tooltip' data-placement='right' title='所在地市:呼伦贝尔市&#10;所属河流:额尔古纳河'>黑山头</span>", null, "", "--", "--", "--", "--", "--", "--", "--", "--", "--", "*", "*", "停站"], ["辽宁省", "辽河流域", "<span data-toggle='tooltip' data-placement='right' title='所在地市:抚顺市&#10;所属河流:浑河'>大伙房水库</span>", "12-26 08:00", "Ⅱ", "<span data-toggle='tooltip' data-placement='right' title='原始值：5.38911'>5.4</span>", "<span data-toggle='tooltip' data-placement='right' title='原始值：7.75942'>7.76</span>", "<span data-toggle='tooltip' data-placement='right' title='原始值：10.62658'>10.63</span>", "<span data-toggle='tooltip' data-placement='right' title='原始值：298.0751'>298.1</span>", "<span data-toggle='tooltip' data-placement='right' title='原始值：8.92814'>8.9</span>", "<span data-toggle='tooltip' data-placement='right' title='原始值：3.71272'>3.71</span>", "<span data-toggle='tooltip' data-placement='right' title='原始值：0.1'>0.100</span>", "<span data-toggle='tooltip' data-placement='right' title='原始值：0.02307'>0.023</span>", "<span data-toggle='tooltip' data-placement='right' title='原始值：2.91145'>2.91</span>", "<span data-toggle='tooltip' data-placement='right' title='原始值：0.00123'>0.001</span>", "*", "正常"], ["辽宁省", "辽河流域", "<span data-toggle='tooltip' data-placement='right' title='所在地市:丹东市&#10;所属河流:鸭绿江'>江桥</span>", null, "", "--", "--", "--", "--", "--", "--", "--", "--", "--", "*", "*", "停站"], ["辽宁省", "辽河流域", "<span data-toggle='tooltip' data-placement='right' title='所在地市:营口市&#10;所属河流:大辽河'>辽河公园</span>", null, "", "--", "--", "--", "--", "--", "--", "--", "--", "--", "*", "*", "停站"], ["辽宁省", "辽河流域", "<span data-toggle='tooltip' data-placement='right' title='所在地市:辽阳市&#10;所属河流:太子河'>汤河水库</span>", null, "", "--", "--", "--", "--", "--", "--", "--", "--", "--", "*", "*", "停站"], ["辽宁省", "辽河流域", "<span data-toggle='tooltip' data-placement='right' title='所在地市:盘锦市&#10;所属河流:辽河'>盘锦兴安(兴安)</span>", null, "", "--", "--", "--", "--", "--", "--", "--", "--", "--", "*", "*", "停站"], ["辽宁省", "辽河流域", "<span data-toggle='tooltip' data-placement='right' title='所在地市:铁岭市&#10;所属河流:辽河'>珠尔山</span>", null, "", "--", "--", "--", "--", "--", "--", "--", "--", "--", "*", "*", "停站"], ["吉林省", "松花江流域", "<span data-toggle='tooltip' data-placement='right' title='所在地市:长春市&#10;所属河流:松花江'>松花江村</span>", null, "", "--", "--", "--", "--", "--", "--", "--", "--", "--", "*", "*", "停站"], ["吉林省", "松花江流域", "<span data-toggle='tooltip' data-placement='right' title='所在地市:白城市&#10;所属河流:嫩江'>白沙滩</span>", "12-26 08:00", "Ⅳ", "<span data-toggle='tooltip' data-placement='right' title='原始值：3.53113'>3.5</span>", "<span data-toggle='tooltip' data-placement='right' title='原始值：7.09927'>7.10</span>", "<span data-toggle='tooltip' data-placement='right' title='原始值：12.91537'>12.92</span>", "<span data-toggle='tooltip' data-placement='right' title='原始值：392.5237'>392.5</span>", "<span data-toggle='tooltip' data-placement='right' title='原始值：30.96985'>31.0</span>", "<span data-toggle='tooltip' data-placement='right' title='原始值：6.49514'>6.50</span>", "<span data-toggle='tooltip' data-placement='right' title='原始值：0.27405'>0.274</span>", "<span data-toggle='tooltip' data-placement='right' title='原始值：0.06851'>0.069</span>", "<span data-toggle='tooltip' data-placement='right' title='原始值：1.8055'>1.81</span>", "*", "*", "正常"], ["吉林省", "松花江流域", "<span data-toggle='tooltip' data-placement='right' title='所在地市:延边朝鲜族自治州&#10;所属河流:图们江'>圈河</span>", null, "", "--", "--", "--", "--", "--", "--", "--", "--", "--", "*", "*", "停站"], ["黑龙江省", "松花江流域", "<span data-toggle='tooltip' data-placement='right' title='所在地市:大庆市&#10;所属河流:松花江'>肇源</span>", null, "", "--", "--", "--", "--", "--", "--", "--", "--", "--", "*", "*", "停站"], ["黑龙江省", "松花江流域", "<span data-toggle='tooltip' data-placement='right' title='所在地市:佳木斯市&#10;所属河流:乌苏里江'>乌苏镇</span>", null, "", "--", "--", "--", "--", "--", "--", "--", "--", "--", "*", "*", "停站"], ["黑龙江省", "松花江流域", "<span data-toggle='tooltip' data-placement='right' title='所在地市:佳木斯市&#10;所属河流:松花江'>同江</span>", "12-26 08:00", "Ⅲ", "<span data-toggle='tooltip' data-placement='right' title='原始值：3.09446'>3.1</span>", "<span data-toggle='tooltip' data-placement='right' title='原始值：7.21876'>7.22</span>", "<span data-toggle='tooltip' data-placement='right' title='原始值：12.00002'>12.00</span>", "<span data-toggle='tooltip' data-placement='right' title='原始值：365.2349'>365.2</span>", "<span data-toggle='tooltip' data-placement='right' title='原始值：19.62553'>19.6</span>", "<span data-toggle='tooltip' data-placement='right' title='原始值：5.33608'>5.34</span>", "<span data-toggle='tooltip' data-placement='right' title='原始值：0.32204'>0.322</span>", "<span data-toggle='tooltip' data-placement='right' title='原始值：0.05493'>0.055</span>", "<span data-toggle='tooltip' data-placement='right' title='原始值：3.54334'>3.54</span>", "*", "*", "正常"], ["黑龙江省", "松花江流域", "<span data-toggle='tooltip' data-placement='right' title='所在地市:黑河市&#10;所属河流:黑龙江'>黑河下(黑河)</span>", null, "", "--", "--", "--", "--", "--", "--", "--", "--", "--", "*", "*", "停站"], ["上海市", "长江流域", "<span data-toggle='tooltip' data-placement='right' title='所在地市:青浦区&#10;所属河流:淀山湖'>急水港桥</span>", null, "", "--", "--", "--", "--", "--", "--", "--", "--", "--", "--", "--", "停站"], ["江苏省", "长江流域", "<span data-toggle='tooltip' data-placement='right' title='所在地市:南京市&#10;所属河流:长江'>林山</span>", null, "", "--", "--", "--", "--", "--", "--", "--", "--", "--", "*", "*", "停站"], ["江苏省", "太湖流域", "<span data-toggle='tooltip' data-placement='right' title='所在地市:无锡市&#10;所属河流:太湖'>沙渚</span>", "12-26 08:00", "Ⅱ", "<span data-toggle='tooltip' data-placement='right' title='原始值：15.95191'>16.0</span>", "<span data-toggle='tooltip' data-placement='right' title='原始值：8.085071'>8.09</span>", "<span data-toggle='tooltip' data-placement='right' title='原始值：10.54527'>10.55</span>", "<span data-toggle='tooltip' data-placement='right' title='原始值：411.9101'>411.9</span>", "<span data-toggle='tooltip' data-placement='right' title='原始值：28.41261'>28.4</span>", "<span data-toggle='tooltip' data-placement='right' title='原始值：2.994459'>2.99</span>", "<span data-toggle='tooltip' data-placement='right' title='原始值：0.18'>0.180</span>", "<span data-toggle='tooltip' data-placement='right' title='原始值：0.0313'>0.031</span>", "<span data-toggle='tooltip' data-placement='right' title='原始值：1.59'>1.59</span>", "<span data-toggle='tooltip' data-placement='right' title='原始值：0.008059'>0.008</span>", "*", "正常"], ["江苏省", "淮河流域", "<span data-toggle='tooltip' data-placement='right' title='所在地市:徐州市&#10;所属河流:武河'>小红圈</span>", "12-26 08:00", "Ⅱ", "<span data-toggle='tooltip' data-placement='right' title='原始值：4.98'>5.0</span>", "<span data-toggle='tooltip' data-placement='right' title='原始值：8.28'>8.28</span>", "<span data-toggle='tooltip' data-placement='right' title='原始值：19.89'>19.89</span>", "<span data-toggle='tooltip' data-placement='right' title='原始值：597.9'>597.9</span>", "<span data-toggle='tooltip' data-placement='right' title='原始值：22.32'>22.3</span>", "<span data-toggle='tooltip' data-placement='right' title='原始值：2.02'>2.02</span>", "<span data-toggle='tooltip' data-placement='right' title='原始值：0.072'>0.072</span>", "*", "*", "*", "*", "正常"], ["江苏省", "淮河流域", "<span data-toggle='tooltip' data-placement='right' title='所在地市:徐州市&#10;所属河流:沿河'>李集桥</span>", "12-26 08:00", "Ⅲ", "<span data-toggle='tooltip' data-placement='right' title='原始值：5.03'>5.0</span>", "<span data-toggle='tooltip' data-placement='right' title='原始值：8.15'>8.15</span>", "<span data-toggle='tooltip' data-placement='right' title='原始值：11.25'>11.25</span>", "<span data-toggle='tooltip' data-placement='right' title='原始值：1148.1'>1148.1</span>", "<span data-toggle='tooltip' data-placement='right' title='原始值：45.1'>45.1</span>", "<span data-toggle='tooltip' data-placement='right' title='原始值：5.53'>5.53</span>", "<span data-toggle='tooltip' data-placement='right' title='原始值：0.059'>0.059</span>", "<span data-toggle='tooltip' data-placement='right' title='原始值：0.045'>0.045</span>", "<span data-toggle='tooltip' data-placement='right' title='原始值：2.03'>2.03</span>", "*", "*", "正常"], ["江苏省", "淮河流域", "<span data-toggle='tooltip' data-placement='right' title='所在地市:徐州市&#10;所属河流:邳苍分洪道'>艾山西大桥</span>", "12-26 08:00", "Ⅱ", "<span data-toggle='tooltip' data-placement='right' title='原始值：4.14658'>4.1</span>", "<span data-toggle='tooltip' data-placement='right' title='原始值：8.6182'>8.62</span>", "<span data-toggle='tooltip' data-placement='right' title='原始值：14.1114'>14.11</span>", "<span data-toggle='tooltip' data-placement='right' title='原始值：873.388'>873.4</span>", "<span data-toggle='tooltip' data-placement='right' title='原始值：4.4244'>4.4</span>", "<span data-toggle='tooltip' data-placement='right' title='原始值：2.83'>2.83</span>", "<span data-toggle='tooltip' data-placement='right' title='原始值：0.09'>0.090</span>", "<span data-toggle='tooltip' data-placement='right' title='原始值：0.03461'>0.035</span>", "<span data-toggle='tooltip' data-placement='right' title='原始值：13.34216'>13.34</span>", "*", "*", "正常"], ["江苏省", "太湖流域", "<span data-toggle='tooltip' data-placement='right' title='所在地市:苏州市&#10;所属河流:太湖'>兰山嘴(老)</span>", "12-26 08:00", "Ⅲ", "<span data-toggle='tooltip' data-placement='right' title='原始值：9.73946'>9.7</span>", "<span data-toggle='tooltip' data-placement='right' title='原始值：8.0082'>8.01</span>", "<span data-toggle='tooltip' data-placement='right' title='原始值：11.53885'>11.54</span>", "<span data-toggle='tooltip' data-placement='right' title='原始值：407.957'>408.0</span>", "<span data-toggle='tooltip' data-placement='right' title='原始值：66.23233'>66.2</span>", "<span data-toggle='tooltip' data-placement='right' title='原始值：4.8'>4.80</span>", "<span data-toggle='tooltip' data-placement='right' title='原始值：0.28'>0.280</span>", "<span data-toggle='tooltip' data-placement='right' title='原始值：0.16276'>0.163</span>", "<span data-toggle='tooltip' data-placement='right' title='原始值：5.79059'>5.79</span>", "<span data-toggle='tooltip' data-placement='right' title='原始值：0.02874'>0.029</span>", "*", "正常"], ["江苏省", "太湖流域", "<span data-toggle='tooltip' data-placement='right' title='所在地市:苏州市&#10;所属河流:太湖'>西山</span>", "12-26 08:00", "Ⅲ", "<span data-toggle='tooltip' data-placement='right' title='原始值：8.99554'>9.0</span>", "<span data-toggle='tooltip' data-placement='right' title='原始值：7.5283'>7.53</span>", "<span data-toggle='tooltip' data-placement='right' title='原始值：12.57002'>12.57</span>", "<span data-toggle='tooltip' data-placement='right' title='原始值：609.6131'>609.6</span>", "<span data-toggle='tooltip' data-placement='right' title='原始值：49.18488'>49.2</span>", "<span data-toggle='tooltip' data-placement='right' title='原始值：2.13'>2.13</span>", "<span data-toggle='tooltip' data-placement='right' title='原始值：0.12'>0.120</span>", "<span data-toggle='tooltip' data-placement='right' title='原始值：0.0354'>0.035</span>", "<span data-toggle='tooltip' data-placement='right' title='原始值：0.6015'>0.60</span>", "<span data-toggle='tooltip' data-placement='right' title='原始值：0.01583'>0.016</span>", "*", "正常"], ["江苏省", "淮河流域", "<span data-toggle='tooltip' data-placement='right' title='所在地市:连云港市&#10;所属河流:新沭河'>大兴桥</span>", "12-26 08:00", "Ⅲ", "<span data-toggle='tooltip' data-placement='right' title='原始值：4.6'>4.6</span>", "<span data-toggle='tooltip' data-placement='right' title='原始值：7.23'>7.23</span>", "<span data-toggle='tooltip' data-placement='right' title='原始值：12.51'>12.51</span>", "<span data-toggle='tooltip' data-placement='right' title='原始值：871.6'>871.6</span>", "<span data-toggle='tooltip' data-placement='right' title='原始值：14.46'>14.5</span>", "<span data-toggle='tooltip' data-placement='right' title='原始值：5.03'>5.03</span>", "<span data-toggle='tooltip' data-placement='right' title='原始值：0.313'>0.313</span>", "*", "*", "*", "*", "正常"], ["江苏省", "淮河流域", "<span data-toggle='tooltip' data-placement='right' title='所在地市:淮安市&#10;所属河流:淮河'>淮河大桥</span>", "12-26 08:00", "Ⅱ", "<span data-toggle='tooltip' data-placement='right' title='原始值：8.59849'>8.6</span>", "<span data-toggle='tooltip' data-placement='right' title='原始值：7.9737'>7.97</span>", "<span data-toggle='tooltip' data-placement='right' title='原始值：10.39061'>10.39</span>", "<span data-toggle='tooltip' data-placement='right' title='原始值：570.0894'>570.1</span>", "<span data-toggle='tooltip' data-placement='right' title='原始值：19.16434'>19.2</span>", "<span data-toggle='tooltip' data-placement='right' title='原始值：3.98'>3.98</span>", "<span data-toggle='tooltip' data-placement='right' title='原始值：0.24'>0.240</span>", "<span data-toggle='tooltip' data-placement='right' title='原始值：0.0568'>0.057</span>", "<span data-toggle='tooltip' data-placement='right' title='原始值：2.171'>2.17</span>", "*", "*", "正常"], ["江苏省", "长江流域", "<span data-toggle='tooltip' data-placement='right' title='所在地市:扬州市&#10;所属河流:夹江'>三江营</span>", "12-26 08:00", "Ⅱ", "<span data-toggle='tooltip' data-placement='right' title='原始值：10.05'>10.0</span>", "<span data-toggle='tooltip' data-placement='right' title='原始值：7.93'>7.93</span>", "<span data-toggle='tooltip' data-placement='right' title='原始值：10.53'>10.53</span>", "<span data-toggle='tooltip' data-placement='right' title='原始值：352.61'>352.6</span>", "<span data-toggle='tooltip' data-placement='right' title='原始值：36.23'>36.2</span>", "<span data-toggle='tooltip' data-placement='right' title='原始值：1.764'>1.76</span>", "<span data-toggle='tooltip' data-placement='right' title='原始值：0.029'>0.029</span>", "<span data-toggle='tooltip' data-placement='right' title='原始值：0.083'>0.083</span>", "<span data-toggle='tooltip' data-placement='right' title='原始值：2.04'>2.04</span>", "*", "*", "正常"], ["江苏省", "淮河流域", "<span data-toggle='tooltip' data-placement='right' title='所在地市:宿迁市&#10;所属河流:新濉河'>大屈</span>", "12-26 08:00", "Ⅳ", "<span data-toggle='tooltip' data-placement='right' title='原始值：7.6'>7.6</span>", "<span data-toggle='tooltip' data-placement='right' title='原始值：7.69'>7.69</span>", "<span data-toggle='tooltip' data-placement='right' title='原始值：11.97'>11.97</span>", "<span data-toggle='tooltip' data-placement='right' title='原始值：1076.5'>1076.5</span>", "<span data-toggle='tooltip' data-placement='right' title='原始值：18.33'>18.3</span>", "<span data-toggle='tooltip' data-placement='right' title='原始值：6.74'>6.74</span>", "<span data-toggle='tooltip' data-placement='right' title='原始值：0.09'>0.090</span>", "<span data-toggle='tooltip' data-placement='right' title='原始值：0.1'>0.100</span>", "<span data-toggle='tooltip' data-placement='right' title='原始值：4.575'>4.58</span>", "*", "*", "正常"], ["浙江省", "浙闽片河流", "<span data-toggle='tooltip' data-placement='right' title='所在地市:杭州市&#10;所属河流:新安江'>街口(鸠坑口)</span>", "12-26 08:00", "", "<span data-toggle='tooltip' data-placement='right' title='原始值：14.92'>14.9</span>", "<span data-toggle='tooltip' data-placement='right' title='原始值：7.11'>7.11</span>", "<span data-toggle='tooltip' data-placement='right' title='原始值：7.51'>7.51</span>", "<span data-toggle='tooltip' data-placement='right' title='原始值：167.06'>167.1</span>", "<span data-toggle='tooltip' data-placement='right' title='原始值：13.89'>13.9</span>", "<span data-toggle='tooltip' data-placement='right' title='原始值：2.081'>2.08</span>", "<span data-toggle='tooltip' data-placement='right' title='原始值：0.004'>0.004</span>", "<span data-toggle='tooltip' data-placement='right' title='原始值：0.019'>0.019</span>", "<span data-toggle='tooltip' data-placement='right' title='原始值：1.236'>1.24</span>", "*", "*", "维护"], ["浙江省", "太湖流域", "<span data-toggle='tooltip' data-placement='right' title='所在地市:嘉兴市&#10;所属河流:斜路港河'>斜路港</span>", "12-26 04:00", "劣Ⅴ", "<span data-toggle='tooltip' data-placement='right' title='原始值：9.2'>9.2</span>", "<span data-toggle='tooltip' data-placement='right' title='原始值：7.79'>7.79</span>", "<span data-toggle='tooltip' data-placement='right' title='原始值：7.17'>7.17</span>", "<span data-toggle='tooltip' data-placement='right' title='原始值：613'>613.0</span>", "<span data-toggle='tooltip' data-placement='right' title='原始值：35.7'>35.7</span>", "<span data-toggle='tooltip' data-placement='right' title='原始值：9.16'>9.16</span>", "<span data-toggle='tooltip' data-placement='right' title='原始值：1.97983'>1.980</span>", "<span data-toggle='tooltip' data-placement='right' title='原始值：0.5481'>0.548</span>", "<span data-toggle='tooltip' data-placement='right' title='原始值：5.83658'>5.84</span>", "*", "*", "正常"], ["浙江省", "太湖流域", "<span data-toggle='tooltip' data-placement='right' title='所在地市:嘉兴市&#10;所属河流:京杭运河'>王江泾</span>", "12-26 08:00", "Ⅲ", "<span data-toggle='tooltip' data-placement='right' title='原始值：9.66'>9.7</span>", "<span data-toggle='tooltip' data-placement='right' title='原始值：7.07'>7.07</span>", "<span data-toggle='tooltip' data-placement='right' title='原始值：8.35'>8.35</span>", "<span data-toggle='tooltip' data-placement='right' title='原始值：678.16'>678.2</span>", "<span data-toggle='tooltip' data-placement='right' title='原始值：74.76'>74.8</span>", "<span data-toggle='tooltip' data-placement='right' title='原始值：4.922'>4.92</span>", "<span data-toggle='tooltip' data-placement='right' title='原始值：0.745'>0.745</span>", "<span data-toggle='tooltip' data-placement='right' title='原始值：0.079'>0.079</span>", "<span data-toggle='tooltip' data-placement='right' title='原始值：2.049'>2.05</span>", "*", "*", "正常"], ["浙江省", "太湖流域", "<span data-toggle='tooltip' data-placement='right' title='所在地市:湖州市&#10;所属河流:西苕溪'>新港口(新塘港)</span>", "12-26 08:00", "Ⅲ", "<span data-toggle='tooltip' data-placement='right' title='原始值：7.85263'>7.9</span>", "<span data-toggle='tooltip' data-placement='right' title='原始值：8.05285'>8.05</span>", "<span data-toggle='tooltip' data-placement='right' title='原始值：11.8973'>11.90</span>", "<span data-toggle='tooltip' data-placement='right' title='原始值：396.845'>396.8</span>", "<span data-toggle='tooltip' data-placement='right' title='原始值：111.954'>112.0</span>", "<span data-toggle='tooltip' data-placement='right' title='原始值：4.61528'>4.62</span>", "<span data-toggle='tooltip' data-placement='right' title='原始值：0.07965'>0.080</span>", "<span data-toggle='tooltip' data-placement='right' title='原始值：0.07705'>0.077</span>", "<span data-toggle='tooltip' data-placement='right' title='原始值：3.76593'>3.77</span>", "<span data-toggle='tooltip' data-placement='right' title='原始值：0.02889'>0.029</span>", "*", "正常"], ["安徽省", "巢湖流域", "<span data-toggle='tooltip' data-placement='right' title='所在地市:合肥市&#10;所属河流:巢湖'>湖滨(老)</span>", "12-26 08:00", "Ⅳ", "<span data-toggle='tooltip' data-placement='right' title='原始值：8.54348'>8.5</span>", "<span data-toggle='tooltip' data-placement='right' title='原始值：6.8722'>6.87</span>", "<span data-toggle='tooltip' data-placement='right' title='原始值：11.51936'>11.52</span>", "<span data-toggle='tooltip' data-placement='right' title='原始值：283.7579'>283.8</span>", "<span data-toggle='tooltip' data-placement='right' title='原始值：84.88641'>84.9</span>", "<span data-toggle='tooltip' data-placement='right' title='原始值：4.46'>4.46</span>", "<span data-toggle='tooltip' data-placement='right' title='原始值：0.4'>0.400</span>", "<span data-toggle='tooltip' data-placement='right' title='原始值：0.0805'>0.080</span>", "<span data-toggle='tooltip' data-placement='right' title='原始值：2.49'>2.49</span>", "<span data-toggle='tooltip' data-placement='right' title='原始值：0.02477'>0.025</span>", "*", "正常"], ["安徽省", "巢湖流域", "<span data-toggle='tooltip' data-placement='right' title='所在地市:芜湖市&#10;所属河流:巢湖'>裕溪口(老)</span>", "12-26 08:00", "劣Ⅴ", "<span data-toggle='tooltip' data-placement='right' title='原始值：9.79769'>9.8</span>", "<span data-toggle='tooltip' data-placement='right' title='原始值：7.57478'>7.57</span>", "<span data-toggle='tooltip' data-placement='right' title='原始值：8.86685'>8.87</span>", "<span data-toggle='tooltip' data-placement='right' title='原始值：339.1703'>339.2</span>", "<span data-toggle='tooltip' data-placement='right' title='原始值：81.35429'>81.4</span>", "<span data-toggle='tooltip' data-placement='right' title='原始值：2.11'>2.11</span>", "<span data-toggle='tooltip' data-placement='right' title='原始值：0.05'>0.050</span>", "<span data-toggle='tooltip' data-placement='right' title='原始值：0.2275'>0.228</span>", "<span data-toggle='tooltip' data-placement='right' title='原始值：1.49'>1.49</span>", "<span data-toggle='tooltip' data-placement='right' title='原始值：0.01344'>0.013</span>", "*", "正常"], ["安徽省", "淮河流域", "<span data-toggle='tooltip' data-placement='right' title='所在地市:蚌埠市&#10;所属河流:淮河'>蚌埠闸上(蚌埠闸)</span>", "12-26 08:00", "Ⅲ", "<span data-toggle='tooltip' data-placement='right' title='原始值：10.62'>10.6</span>", "<span data-toggle='tooltip' data-placement='right' title='原始值：8.08'>8.08</span>", "<span data-toggle='tooltip' data-placement='right' title='原始值：11.52'>11.52</span>", "<span data-toggle='tooltip' data-placement='right' title='原始值：516.11'>516.1</span>", "<span data-toggle='tooltip' data-placement='right' title='原始值：39.74'>39.7</span>", "<span data-toggle='tooltip' data-placement='right' title='原始值：5.224'>5.22</span>", "<span data-toggle='tooltip' data-placement='right' title='原始值：0.277'>0.277</span>", "<span data-toggle='tooltip' data-placement='right' title='原始值：0.074'>0.074</span>", "<span data-toggle='tooltip' data-placement='right' title='原始值：1.764'>1.76</span>", "*", "*", "正常"], ["安徽省", "淮河流域", "<span data-toggle='tooltip' data-placement='right' title='所在地市:淮南市&#10;所属河流:淮河'>石头埠(老)</span>", "12-26 08:00", "Ⅲ", "<span data-toggle='tooltip' data-placement='right' title='原始值：8.43182'>8.4</span>", "<span data-toggle='tooltip' data-placement='right' title='原始值：7.52472'>7.52</span>", "<span data-toggle='tooltip' data-placement='right' title='原始值：5.97643'>5.98</span>", "<span data-toggle='tooltip' data-placement='right' title='原始值：331.396'>331.4</span>", "<span data-toggle='tooltip' data-placement='right' title='原始值：24.10733'>24.1</span>", "<span data-toggle='tooltip' data-placement='right' title='原始值：3.33'>3.33</span>", "<span data-toggle='tooltip' data-placement='right' title='原始值：0.3'>0.300</span>", "*", "*", "*", "*", "正常"], ["安徽省", "淮河流域", "<span data-toggle='tooltip' data-placement='right' title='所在地市:淮北市&#10;所属河流:沱河'>小王桥</span>", "12-26 08:00", "Ⅳ", "<span data-toggle='tooltip' data-placement='right' title='原始值：5.72'>5.7</span>", "<span data-toggle='tooltip' data-placement='right' title='原始值：8.3'>8.30</span>", "<span data-toggle='tooltip' data-placement='right' title='原始值：10.84'>10.84</span>", "<span data-toggle='tooltip' data-placement='right' title='原始值：1819.53'>1819.5</span>", "<span data-toggle='tooltip' data-placement='right' title='原始值：29.1'>29.1</span>", "<span data-toggle='tooltip' data-placement='right' title='原始值：6.627'>6.63</span>", "<span data-toggle='tooltip' data-placement='right' title='原始值：0.049'>0.049</span>", "<span data-toggle='tooltip' data-placement='right' title='原始值：0.079'>0.079</span>", "<span data-toggle='tooltip' data-placement='right' title='原始值：1.518'>1.52</span>", "*", "*", "正常"], ["安徽省", "长江流域", "<span data-toggle='tooltip' data-placement='right' title='所在地市:安庆市&#10;所属河流:长江'>皖河口</span>", "12-26 08:00", "Ⅱ", "<span data-toggle='tooltip' data-placement='right' title='原始值：11.97'>12.0</span>", "<span data-toggle='tooltip' data-placement='right' title='原始值：7.532'>7.53</span>", "<span data-toggle='tooltip' data-placement='right' title='原始值：8.7'>8.70</span>", "<span data-toggle='tooltip' data-placement='right' title='原始值：308.32'>308.3</span>", "<span data-toggle='tooltip' data-placement='right' title='原始值：27.17'>27.2</span>", "<span data-toggle='tooltip' data-placement='right' title='原始值：1.494'>1.49</span>", "<span data-toggle='tooltip' data-placement='right' title='原始值：0.081'>0.081</span>", "<span data-toggle='tooltip' data-placement='right' title='原始值：0.0684'>0.068</span>", "<span data-toggle='tooltip' data-placement='right' title='原始值：2.417'>2.42</span>", "*", "*", "正常"], ["安徽省", "淮河流域", "<span data-toggle='tooltip' data-placement='right' title='所在地市:滁州市&#10;所属河流:淮河'>小柳巷</span>", "12-26 08:00", "Ⅲ", "<span data-toggle='tooltip' data-placement='right' title='原始值：8.9'>8.9</span>", "<span data-toggle='tooltip' data-placement='right' title='原始值：7.1'>7.10</span>", "<span data-toggle='tooltip' data-placement='right' title='原始值：10.14'>10.14</span>", "<span data-toggle='tooltip' data-placement='right' title='原始值：476.7'>476.7</span>", "<span data-toggle='tooltip' data-placement='right' title='原始值：88.75'>88.8</span>", "<span data-toggle='tooltip' data-placement='right' title='原始值：1.91'>1.91</span>", "<span data-toggle='tooltip' data-placement='right' title='原始值：0.101'>0.101</span>", "<span data-toggle='tooltip' data-placement='right' title='原始值：0.137'>0.137</span>", "<span data-toggle='tooltip' data-placement='right' title='原始值：2.171'>2.17</span>", "*", "*", "正常"], ["安徽省", "淮河流域", "<span data-toggle='tooltip' data-placement='right' title='所在地市:阜阳市&#10;所属河流:黑茨河'>张大桥</span>", null, "", "--", "--", "--", "--", "--", "--", "--", "--", "--", "*", "*", "停站"], ["安徽省", "淮河流域", "<span data-toggle='tooltip' data-placement='right' title='所在地市:阜阳市&#10;所属河流:淮河'>王家坝</span>", "12-26 08:00", "Ⅱ", "<span data-toggle='tooltip' data-placement='right' title='原始值：5.90016'>5.9</span>", "<span data-toggle='tooltip' data-placement='right' title='原始值：7.5423'>7.54</span>", "<span data-toggle='tooltip' data-placement='right' title='原始值：13.76351'>13.76</span>", "<span data-toggle='tooltip' data-placement='right' title='原始值：356.9654'>357.0</span>", "<span data-toggle='tooltip' data-placement='right' title='原始值：13.28472'>13.3</span>", "<span data-toggle='tooltip' data-placement='right' title='原始值：3.92'>3.92</span>", "<span data-toggle='tooltip' data-placement='right' title='原始值：0.436'>0.436</span>", "<span data-toggle='tooltip' data-placement='right' title='原始值：0.05882'>0.059</span>", "<span data-toggle='tooltip' data-placement='right' title='原始值：2.03637'>2.04</span>", "*", "*", "正常"], ["安徽省", "淮河流域", "<span data-toggle='tooltip' data-placement='right' title='所在地市:阜阳市&#10;所属河流:颍河'>界首七渡口(七渡口)</span>", "12-26 08:00", "Ⅲ", "<span data-toggle='tooltip' data-placement='right' title='原始值：7.72778'>7.7</span>", "<span data-toggle='tooltip' data-placement='right' title='原始值：7.00185'>7.00</span>", "<span data-toggle='tooltip' data-placement='right' title='原始值：9.88892'>9.89</span>", "<span data-toggle='tooltip' data-placement='right' title='原始值：982.1801'>982.2</span>", "<span data-toggle='tooltip' data-placement='right' title='原始值：5.93081'>5.9</span>", "<span data-toggle='tooltip' data-placement='right' title='原始值：3.83'>3.83</span>", "<span data-toggle='tooltip' data-placement='right' title='原始值：0.71'>0.710</span>", "<span data-toggle='tooltip' data-placement='right' title='原始值：0.09396'>0.094</span>", "<span data-toggle='tooltip' data-placement='right' title='原始值：5.64356'>5.64</span>", "*", "*", "正常"], ["安徽省", "淮河流域", "<span data-toggle='tooltip' data-placement='right' title='所在地市:阜阳市&#10;所属河流:泉河'>许庄(徐庄)</span>", "12-26 08:00", "", "<span data-toggle='tooltip' data-placement='right' title='原始值：5.4'>5.4</span>", "<span data-toggle='tooltip' data-placement='right' title='原始值：7.88'>7.88</span>", "<span data-toggle='tooltip' data-placement='right' title='原始值：11.98'>11.98</span>", "<span data-toggle='tooltip' data-placement='right' title='原始值：906.6'>906.6</span>", "<span data-toggle='tooltip' data-placement='right' title='原始值：288.83'>288.8</span>", "<span data-toggle='tooltip' data-placement='right' title='原始值：4.27'>4.27</span>", "<span data-toggle='tooltip' data-placement='right' title='极值过滤'>--</span>", "<span data-toggle='tooltip' data-placement='right' title='原始值：0.035'>0.035</span>", "<span data-toggle='tooltip' data-placement='right' title='原始值：2.444'>2.44</span>", "*", "*", "维护"], ["安徽省", "淮河流域", "<span data-toggle='tooltip' data-placement='right' title='所在地市:宿州市&#10;所属河流:奎河'>杨庄</span>", "12-26 08:00", "Ⅲ", "<span data-toggle='tooltip' data-placement='right' title='原始值：8.12'>8.1</span>", "<span data-toggle='tooltip' data-placement='right' title='原始值：7.93'>7.93</span>", "<span data-toggle='tooltip' data-placement='right' title='原始值：10.42'>10.42</span>", "<span data-toggle='tooltip' data-placement='right' title='原始值：976.2'>976.2</span>", "<span data-toggle='tooltip' data-placement='right' title='原始值：139.37'>139.4</span>", "<span data-toggle='tooltip' data-placement='right' title='原始值：4.57'>4.57</span>", "<span data-toggle='tooltip' data-placement='right' title='原始值：0.002'>0.002</span>", "*", "*", "*", "*", "正常"], ["安徽省", "淮河流域", "<span data-toggle='tooltip' data-placement='right' title='所在地市:宿州市&#10;所属河流:新汴河'>泗县公路桥</span>", "12-26 08:00", "Ⅲ", "<span data-toggle='tooltip' data-placement='right' title='原始值：6.37'>6.4</span>", "<span data-toggle='tooltip' data-placement='right' title='原始值：8.17'>8.17</span>", "<span data-toggle='tooltip' data-placement='right' title='原始值：11.54'>11.54</span>", "<span data-toggle='tooltip' data-placement='right' title='原始值：964.7'>964.7</span>", "<span data-toggle='tooltip' data-placement='right' title='原始值：9.31'>9.3</span>", "<span data-toggle='tooltip' data-placement='right' title='原始值：4.94'>4.94</span>", "<span data-toggle='tooltip' data-placement='right' title='原始值：0.059'>0.059</span>", "*", "*", "*", "*", "正常"], ["安徽省", "淮河流域", "<span data-toggle='tooltip' data-placement='right' title='所在地市:亳州市&#10;所属河流:包河'>颜集</span>", "12-26 08:00", "Ⅲ", "<span data-toggle='tooltip' data-placement='right' title='原始值：6'>6.0</span>", "<span data-toggle='tooltip' data-placement='right' title='原始值：8.26'>8.26</span>", "<span data-toggle='tooltip' data-placement='right' title='原始值：11.78'>11.78</span>", "<span data-toggle='tooltip' data-placement='right' title='原始值：1576.9'>1576.9</span>", "<span data-toggle='tooltip' data-placement='right' title='原始值：75.63'>75.6</span>", "<span data-toggle='tooltip' data-placement='right' title='原始值：2.3'>2.30</span>", "<span data-toggle='tooltip' data-placement='right' title='原始值：0.52'>0.520</span>", "<span data-toggle='tooltip' data-placement='right' title='原始值：0.054'>0.054</span>", "<span data-toggle='tooltip' data-placement='right' title='原始值：5.241'>5.24</span>", "*", "*", "正常"], ["福建省", "浙闽片河流", "<span data-toggle='tooltip' data-placement='right' title='所在地市:福州市&#10;所属河流:闽江'>白岩潭</span>", "12-26 08:00", "Ⅲ", "<span data-toggle='tooltip' data-placement='right' title='原始值：16.71'>16.7</span>", "<span data-toggle='tooltip' data-placement='right' title='原始值：7.15'>7.15</span>", "<span data-toggle='tooltip' data-placement='right' title='原始值：7.13'>7.13</span>", "<span data-toggle='tooltip' data-placement='right' title='原始值：4649.2'>4649.2</span>", "<span data-toggle='tooltip' data-placement='right' title='原始值：511.82'>511.8</span>", "<span data-toggle='tooltip' data-placement='right' title='原始值：4.18'>4.18</span>", "<span data-toggle='tooltip' data-placement='right' title='原始值：0.204'>0.204</span>", "*", "*", "*", "*", "正常"], ["江西省", "长江流域", "<span data-toggle='tooltip' data-placement='right' title='所在地市:南昌市&#10;所属河流:赣江南支'>滁槎</span>", null, "", "--", "--", "--", "--", "--", "--", "--", "--", "--", "*", "*", "维护"], ["江西省", "长江流域", "<span data-toggle='tooltip' data-placement='right' title='所在地市:九江市&#10;所属河流:长江'>姚港(河西水厂)</span>", "12-26 08:00", "Ⅱ", "<span data-toggle='tooltip' data-placement='right' title='原始值：11.78'>11.8</span>", "<span data-toggle='tooltip' data-placement='right' title='原始值：7.55'>7.55</span>", "<span data-toggle='tooltip' data-placement='right' title='原始值：10.85'>10.85</span>", "<span data-toggle='tooltip' data-placement='right' title='原始值：361.99'>362.0</span>", "<span data-toggle='tooltip' data-placement='right' title='原始值：31.3'>31.3</span>", "<span data-toggle='tooltip' data-placement='right' title='原始值：1.441'>1.44</span>", "<span data-toggle='tooltip' data-placement='right' title='原始值：0.086'>0.086</span>", "<span data-toggle='tooltip' data-placement='right' title='原始值：0.085'>0.085</span>", "<span data-toggle='tooltip' data-placement='right' title='原始值：2.07'>2.07</span>", "*", "*", "正常"], ["江西省", "长江流域", "<span data-toggle='tooltip' data-placement='right' title='所在地市:九江市&#10;所属河流:鄱阳湖'>蛤蟆石</span>", "12-26 08:00", "Ⅲ", "<span data-toggle='tooltip' data-placement='right' title='原始值：8.81'>8.8</span>", "<span data-toggle='tooltip' data-placement='right' title='原始值：7.36'>7.36</span>", "<span data-toggle='tooltip' data-placement='right' title='原始值：10.98'>10.98</span>", "<span data-toggle='tooltip' data-placement='right' title='原始值：219.69'>219.7</span>", "<span data-toggle='tooltip' data-placement='right' title='原始值：23.09'>23.1</span>", "<span data-toggle='tooltip' data-placement='right' title='原始值：1.35'>1.35</span>", "<span data-toggle='tooltip' data-placement='right' title='原始值：0.217'>0.217</span>", "<span data-toggle='tooltip' data-placement='right' title='原始值：0.0462'>0.046</span>", "<span data-toggle='tooltip' data-placement='right' title='原始值：1.781'>1.78</span>", "<span data-toggle='tooltip' data-placement='right' title='原始值：0.00225'>0.002</span>", "<span data-toggle='tooltip' data-placement='right' title='原始值：1074556'>1074556</span>", "正常"], ["山东省", "黄河流域", "<span data-toggle='tooltip' data-placement='right' title='所在地市:济南市&#10;所属河流:黄河'>泺口</span>", "12-26 08:00", "Ⅱ", "<span data-toggle='tooltip' data-placement='right' title='原始值：4.62875'>4.6</span>", "<span data-toggle='tooltip' data-placement='right' title='原始值：8.39219'>8.39</span>", "<span data-toggle='tooltip' data-placement='right' title='原始值：13.8098'>13.81</span>", "<span data-toggle='tooltip' data-placement='right' title='原始值：851.117'>851.1</span>", "<span data-toggle='tooltip' data-placement='right' title='原始值：357.171'>357.2</span>", "<span data-toggle='tooltip' data-placement='right' title='原始值：3.09'>3.09</span>", "<span data-toggle='tooltip' data-placement='right' title='原始值：0.0737'>0.074</span>", "<span data-toggle='tooltip' data-placement='right' title='原始值：0.03548'>0.035</span>", "<span data-toggle='tooltip' data-placement='right' title='原始值：3.82'>3.82</span>", "*", "*", "正常"], ["山东省", "淮河流域", "<span data-toggle='tooltip' data-placement='right' title='所在地市:枣庄市&#10;所属河流:京杭大运河（韩庄运河）'>台儿庄大桥</span>", "12-26 08:00", "Ⅱ", "<span data-toggle='tooltip' data-placement='right' title='原始值：5.51079'>5.5</span>", "<span data-toggle='tooltip' data-placement='right' title='原始值：8.08624'>8.09</span>", "<span data-toggle='tooltip' data-placement='right' title='原始值：11.90645'>11.91</span>", "<span data-toggle='tooltip' data-placement='right' title='原始值：1132.746'>1132.7</span>", "<span data-toggle='tooltip' data-placement='right' title='原始值：11.99905'>12.0</span>", "<span data-toggle='tooltip' data-placement='right' title='原始值：3.70686'>3.71</span>", "<span data-toggle='tooltip' data-placement='right' title='原始值：0.20989'>0.210</span>", "<span data-toggle='tooltip' data-placement='right' title='原始值：0.08814'>0.088</span>", "<span data-toggle='tooltip' data-placement='right' title='原始值：4.80943'>4.81</span>", "*", "*", "正常"], ["山东省", "淮河流域", "<span data-toggle='tooltip' data-placement='right' title='所在地市:临沂市&#10;所属河流:沭河'>清泉寺</span>", "12-26 08:00", "Ⅲ", "<span data-toggle='tooltip' data-placement='right' title='原始值：6.8709'>6.9</span>", "<span data-toggle='tooltip' data-placement='right' title='原始值：8.90971'>8.91</span>", "<span data-toggle='tooltip' data-placement='right' title='原始值：13.6308'>13.63</span>", "<span data-toggle='tooltip' data-placement='right' title='原始值：1050.017'>1050.0</span>", "<span data-toggle='tooltip' data-placement='right' title='原始值：5.07469'>5.1</span>", "<span data-toggle='tooltip' data-placement='right' title='原始值：5.02'>5.02</span>", "<span data-toggle='tooltip' data-placement='right' title='原始值：0.14'>0.140</span>", "*", "*", "*", "*", "正常"], ["山东省", "淮河流域", "<span data-toggle='tooltip' data-placement='right' title='所在地市:临沂市&#10;所属河流:沂河'>重坊桥</span>", "12-26 08:00", "Ⅱ", "<span data-toggle='tooltip' data-placement='right' title='原始值：5.02804'>5.0</span>", "<span data-toggle='tooltip' data-placement='right' title='原始值：7.94'>7.94</span>", "<span data-toggle='tooltip' data-placement='right' title='原始值：12.41253'>12.41</span>", "<span data-toggle='tooltip' data-placement='right' title='原始值：737.2617'>737.3</span>", "<span data-toggle='tooltip' data-placement='right' title='原始值：11.59252'>11.6</span>", "<span data-toggle='tooltip' data-placement='right' title='原始值：2.9'>2.90</span>", "<span data-toggle='tooltip' data-placement='right' title='原始值：0.35994'>0.360</span>", "*", "*", "*", "*", "正常"], ["山东省", "淮河流域", "<span data-toggle='tooltip' data-placement='right' title='所在地市:临沂市&#10;所属河流:白马河'>捷庄(涝沟桥)</span>", "12-26 08:00", "Ⅲ", "<span data-toggle='tooltip' data-placement='right' title='原始值：4.9'>4.9</span>", "<span data-toggle='tooltip' data-placement='right' title='原始值：8.2'>8.20</span>", "<span data-toggle='tooltip' data-placement='right' title='原始值：17.3371'>17.34</span>", "<span data-toggle='tooltip' data-placement='right' title='原始值：839.2542'>839.3</span>", "<span data-toggle='tooltip' data-placement='right' title='原始值：7.7012'>7.7</span>", "<span data-toggle='tooltip' data-placement='right' title='原始值：5.15'>5.15</span>", "<span data-toggle='tooltip' data-placement='right' title='原始值：0.05926'>0.059</span>", "<span data-toggle='tooltip' data-placement='right' title='原始值：0.06749'>0.067</span>", "<span data-toggle='tooltip' data-placement='right' title='原始值：5.32387'>5.32</span>", "*", "*", "正常"], ["山东省", "海河流域", "<span data-toggle='tooltip' data-placement='right' title='所在地市:聊城市&#10;所属河流:卫运河'>秤勾湾(秤钩湾)</span>", null, "", "--", "--", "--", "--", "--", "--", "--", "--", "--", "*", "*", "停站"], ["河南省", "长江流域", "<span data-toggle='tooltip' data-placement='right' title='所在地市:南阳市&#10;所属河流:丹江口水库'>陶岔</span>", "12-26 08:00", "Ⅰ", "<span data-toggle='tooltip' data-placement='right' title='原始值：20.43'>20.4</span>", "<span data-toggle='tooltip' data-placement='right' title='原始值：7.98339'>7.98</span>", "<span data-toggle='tooltip' data-placement='right' title='原始值：7.57292'>7.57</span>", "<span data-toggle='tooltip' data-placement='right' title='原始值：256.4313'>256.4</span>", "<span data-toggle='tooltip' data-placement='right' title='原始值：1.23816'>1.2</span>", "<span data-toggle='tooltip' data-placement='right' title='原始值：1.89'>1.89</span>", "<span data-toggle='tooltip' data-placement='right' title='原始值：0.0278'>0.028</span>", "<span data-toggle='tooltip' data-placement='right' title='原始值：0.00803'>0.008</span>", "<span data-toggle='tooltip' data-placement='right' title='原始值：1.16952'>1.17</span>", "<span data-toggle='tooltip' data-placement='right' title='原始值：0.00433'>0.004</span>", "<span data-toggle='tooltip' data-placement='right' title='原始值：258704.2'>258704</span>", "正常"], ["河南省", "淮河流域", "<span data-toggle='tooltip' data-placement='right' title='所在地市:商丘市&#10;所属河流:浍河'>黄口</span>", "12-26 08:00", "Ⅴ", "<span data-toggle='tooltip' data-placement='right' title='原始值：6.0125'>6.0</span>", "<span data-toggle='tooltip' data-placement='right' title='原始值：8.22004'>8.22</span>", "<span data-toggle='tooltip' data-placement='right' title='原始值：10.88'>10.88</span>", "<span data-toggle='tooltip' data-placement='right' title='原始值：1620'>1620.0</span>", "<span data-toggle='tooltip' data-placement='right' title='原始值：39.91518'>39.9</span>", "<span data-toggle='tooltip' data-placement='right' title='原始值：10.86'>10.86</span>", "<span data-toggle='tooltip' data-placement='right' title='原始值：0.03083'>0.031</span>", "<span data-toggle='tooltip' data-placement='right' title='原始值：0.0934'>0.093</span>", "<span data-toggle='tooltip' data-placement='right' title='极值过滤'>--</span>", "*", "*", "维护"], ["河南省", "淮河流域", "<span data-toggle='tooltip' data-placement='right' title='所在地市:信阳市&#10;所属河流:史灌河'>蒋集</span>", "12-26 08:00", "Ⅲ", "<span data-toggle='tooltip' data-placement='right' title='原始值：5.4875'>5.5</span>", "<span data-toggle='tooltip' data-placement='right' title='原始值：7.21011'>7.21</span>", "<span data-toggle='tooltip' data-placement='right' title='原始值：8.38452'>8.38</span>", "<span data-toggle='tooltip' data-placement='right' title='原始值：271.5771'>271.6</span>", "<span data-toggle='tooltip' data-placement='right' title='原始值：261.1658'>261.2</span>", "<span data-toggle='tooltip' data-placement='right' title='原始值：3.67'>3.67</span>", "<span data-toggle='tooltip' data-placement='right' title='原始值：0.56606'>0.566</span>", "*", "*", "*", "*", "正常"], ["河南省", "淮河流域", "<span data-toggle='tooltip' data-placement='right' title='所在地市:信阳市&#10;所属河流:淮河'>淮滨水文站(淮滨)</span>", "12-26 08:00", "Ⅲ", "<span data-toggle='tooltip' data-placement='right' title='原始值：7.7'>7.7</span>", "<span data-toggle='tooltip' data-placement='right' title='原始值：7.29'>7.29</span>", "<span data-toggle='tooltip' data-placement='right' title='原始值：11.17875'>11.18</span>", "<span data-toggle='tooltip' data-placement='right' title='原始值：297.0001'>297.0</span>", "<span data-toggle='tooltip' data-placement='right' title='原始值：104.8746'>104.9</span>", "<span data-toggle='tooltip' data-placement='right' title='原始值：2.83832'>2.84</span>", "<span data-toggle='tooltip' data-placement='right' title='原始值：0.22983'>0.230</span>", "<span data-toggle='tooltip' data-placement='right' title='原始值：0.10215'>0.102</span>", "<span data-toggle='tooltip' data-placement='right' title='原始值：1.71162'>1.71</span>", "*", "*", "正常"], ["河南省", "淮河流域", "<span data-toggle='tooltip' data-placement='right' title='所在地市:周口市&#10;所属河流:沙河'>沈丘闸</span>", "12-26 08:00", "Ⅲ", "<span data-toggle='tooltip' data-placement='right' title='原始值：9.27988'>9.3</span>", "<span data-toggle='tooltip' data-placement='right' title='原始值：7.50926'>7.51</span>", "<span data-toggle='tooltip' data-placement='right' title='原始值：8.02558'>8.03</span>", "<span data-toggle='tooltip' data-placement='right' title='原始值：1046.764'>1046.8</span>", "<span data-toggle='tooltip' data-placement='right' title='原始值：6.00692'>6.0</span>", "<span data-toggle='tooltip' data-placement='right' title='原始值：4.06'>4.06</span>", "<span data-toggle='tooltip' data-placement='right' title='原始值：0.7'>0.700</span>", "*", "*", "*", "*", "正常"], ["河南省", "淮河流域", "<span data-toggle='tooltip' data-placement='right' title='所在地市:周口市&#10;所属河流:涡河'>鹿邑付桥(鹿邑付桥闸)</span>", "12-26 08:00", "Ⅲ", "<span data-toggle='tooltip' data-placement='right' title='原始值：8.58209'>8.6</span>", "<span data-toggle='tooltip' data-placement='right' title='原始值：8.72357'>8.72</span>", "<span data-toggle='tooltip' data-placement='right' title='原始值：8.46736'>8.47</span>", "<span data-toggle='tooltip' data-placement='right' title='原始值：1539.211'>1539.2</span>", "<span data-toggle='tooltip' data-placement='right' title='原始值：5.48941'>5.5</span>", "<span data-toggle='tooltip' data-placement='right' title='原始值：4.445'>4.44</span>", "<span data-toggle='tooltip' data-placement='right' title='原始值：0.57'>0.570</span>", "<span data-toggle='tooltip' data-placement='right' title='原始值：0.055'>0.055</span>", "<span data-toggle='tooltip' data-placement='right' title='原始值：1.01626'>1.02</span>", "*", "*", "正常"], ["河南省", "淮河流域", "<span data-toggle='tooltip' data-placement='right' title='所在地市:驻马店市&#10;所属河流:洪河'>新蔡班台(班台)</span>", "12-26 08:00", "Ⅲ", "<span data-toggle='tooltip' data-placement='right' title='原始值：10.4483'>10.4</span>", "<span data-toggle='tooltip' data-placement='right' title='原始值：7.44944'>7.45</span>", "<span data-toggle='tooltip' data-placement='right' title='原始值：12.35455'>12.35</span>", "<span data-toggle='tooltip' data-placement='right' title='原始值：607.9041'>607.9</span>", "<span data-toggle='tooltip' data-placement='right' title='原始值：20.88931'>20.9</span>", "<span data-toggle='tooltip' data-placement='right' title='原始值：4.97'>4.97</span>", "<span data-toggle='tooltip' data-placement='right' title='原始值：0.39'>0.390</span>", "<span data-toggle='tooltip' data-placement='right' title='原始值：0.11268'>0.113</span>", "<span data-toggle='tooltip' data-placement='right' title='原始值：4.50176'>4.50</span>", "*", "*", "正常"], ["河南省", "黄河流域", "<span data-toggle='tooltip' data-placement='right' title='所在地市:济源市&#10;所属河流:黄河'>小浪底水库(小浪底)</span>", "12-26 08:00", "Ⅱ", "<span data-toggle='tooltip' data-placement='right' title='原始值：8.03661'>8.0</span>", "<span data-toggle='tooltip' data-placement='right' title='原始值：8.31493'>8.31</span>", "<span data-toggle='tooltip' data-placement='right' title='原始值：11.96004'>11.96</span>", "<span data-toggle='tooltip' data-placement='right' title='原始值：727.8142'>727.8</span>", "<span data-toggle='tooltip' data-placement='right' title='原始值：6.37371'>6.4</span>", "<span data-toggle='tooltip' data-placement='right' title='原始值：2.575'>2.58</span>", "<span data-toggle='tooltip' data-placement='right' title='原始值：0.23'>0.230</span>", "<span data-toggle='tooltip' data-placement='right' title='原始值：0.0105'>0.010</span>", "<span data-toggle='tooltip' data-placement='right' title='原始值：3.2875'>3.29</span>", "*", "*", "正常"], ["湖北省", "长江流域", "<span data-toggle='tooltip' data-placement='right' title='所在地市:武汉市&#10;所属河流:汉江'>宗关</span>", "12-26 08:00", "Ⅱ", "<span data-toggle='tooltip' data-placement='right' title='原始值：10.1'>10.1</span>", "<span data-toggle='tooltip' data-placement='right' title='原始值：7.905773'>7.91</span>", "<span data-toggle='tooltip' data-placement='right' title='原始值：11.03527'>11.04</span>", "<span data-toggle='tooltip' data-placement='right' title='原始值：364.3826'>364.4</span>", "<span data-toggle='tooltip' data-placement='right' title='原始值：15.24643'>15.2</span>", "<span data-toggle='tooltip' data-placement='right' title='原始值：2.23'>2.23</span>", "<span data-toggle='tooltip' data-placement='right' title='原始值：0.055'>0.055</span>", "<span data-toggle='tooltip' data-placement='right' title='原始值：0.083'>0.083</span>", "<span data-toggle='tooltip' data-placement='right' title='原始值：3.21622'>3.22</span>", "<span data-toggle='tooltip' data-placement='right' title='原始值：0.0030156'>0.003</span>", "*", "正常"], ["湖北省", "长江流域", "<span data-toggle='tooltip' data-placement='right' title='所在地市:十堰市&#10;所属河流:丹江口水库'>坝上中(胡家岭)</span>", "12-26 08:00", "Ⅲ", "<span data-toggle='tooltip' data-placement='right' title='原始值：13.83'>13.8</span>", "<span data-toggle='tooltip' data-placement='right' title='原始值：7.763352'>7.76</span>", "<span data-toggle='tooltip' data-placement='right' title='原始值：8.32672'>8.33</span>", "<span data-toggle='tooltip' data-placement='right' title='原始值：264.565'>264.6</span>", "<span data-toggle='tooltip' data-placement='right' title='原始值：3.357017'>3.4</span>", "<span data-toggle='tooltip' data-placement='right' title='原始值：1.84'>1.84</span>", "<span data-toggle='tooltip' data-placement='right' title='原始值：0.082'>0.082</span>", "<span data-toggle='tooltip' data-placement='right' title='原始值：0.026'>0.026</span>", "<span data-toggle='tooltip' data-placement='right' title='原始值：1.2529'>1.25</span>", "<span data-toggle='tooltip' data-placement='right' title='原始值：0.0070594'>0.007</span>", "<span data-toggle='tooltip' data-placement='right' title='原始值：7569000'>7569000</span>", "正常"], ["湖北省", "长江流域", "<span data-toggle='tooltip' data-placement='right' title='所在地市:宜昌市&#10;所属河流:长江'>南津关</span>", "12-26 08:00", "Ⅱ", "<span data-toggle='tooltip' data-placement='right' title='原始值：16.65'>16.6</span>", "<span data-toggle='tooltip' data-placement='right' title='原始值：8.006378'>8.01</span>", "<span data-toggle='tooltip' data-placement='right' title='原始值：8.563903'>8.56</span>", "<span data-toggle='tooltip' data-placement='right' title='原始值：399.467'>399.5</span>", "<span data-toggle='tooltip' data-placement='right' title='原始值：4.227187'>4.2</span>", "<span data-toggle='tooltip' data-placement='right' title='原始值：1.6'>1.60</span>", "<span data-toggle='tooltip' data-placement='right' title='原始值：0.114'>0.114</span>", "<span data-toggle='tooltip' data-placement='right' title='原始值：0.047'>0.047</span>", "<span data-toggle='tooltip' data-placement='right' title='原始值：1.424'>1.42</span>", "<span data-toggle='tooltip' data-placement='right' title='原始值：0.003868'>0.004</span>", "*", "正常"], ["湖南省", "长江流域", "<span data-toggle='tooltip' data-placement='right' title='所在地市:长沙市&#10;所属河流:湘江'>新港</span>", "12-26 08:00", "Ⅱ", "<span data-toggle='tooltip' data-placement='right' title='原始值：11.43'>11.4</span>", "<span data-toggle='tooltip' data-placement='right' title='原始值：7.65'>7.65</span>", "<span data-toggle='tooltip' data-placement='right' title='原始值：9.01'>9.01</span>", "<span data-toggle='tooltip' data-placement='right' title='原始值：284.65'>284.6</span>", "<span data-toggle='tooltip' data-placement='right' title='原始值：27.53'>27.5</span>", "<span data-toggle='tooltip' data-placement='right' title='原始值：3.15'>3.15</span>", "<span data-toggle='tooltip' data-placement='right' title='原始值：0.2'>0.200</span>", "<span data-toggle='tooltip' data-placement='right' title='原始值：0.047'>0.047</span>", "<span data-toggle='tooltip' data-placement='right' title='原始值：2.24'>2.24</span>", "*", "*", "正常"], ["湖南省", "长江流域", "<span data-toggle='tooltip' data-placement='right' title='所在地市:岳阳市&#10;所属河流:洞庭湖'>岳阳楼</span>", "12-26 08:00", "Ⅴ", "<span data-toggle='tooltip' data-placement='right' title='原始值：9.87'>9.9</span>", "<span data-toggle='tooltip' data-placement='right' title='原始值：7.992295'>7.99</span>", "<span data-toggle='tooltip' data-placement='right' title='原始值：10.37172'>10.37</span>", "<span data-toggle='tooltip' data-placement='right' title='原始值：282.8322'>282.8</span>", "<span data-toggle='tooltip' data-placement='right' title='原始值：39.50218'>39.5</span>", "<span data-toggle='tooltip' data-placement='right' title='原始值：1.76'>1.76</span>", "<span data-toggle='tooltip' data-placement='right' title='原始值：0.097'>0.097</span>", "<span data-toggle='tooltip' data-placement='right' title='原始值：0.106'>0.106</span>", "<span data-toggle='tooltip' data-placement='right' title='原始值：2.73'>2.73</span>", "<span data-toggle='tooltip' data-placement='right' title='原始值：0.0031719'>0.003</span>", "<span data-toggle='tooltip' data-placement='right' title='原始值：301.243'>301</span>", "正常"], ["湖南省", "长江流域", "<span data-toggle='tooltip' data-placement='right' title='所在地市:岳阳市&#10;所属河流:长江'>城陵矶</span>", "12-26 08:00", "Ⅲ", "<span data-toggle='tooltip' data-placement='right' title='原始值：11.93'>11.9</span>", "<span data-toggle='tooltip' data-placement='right' title='原始值：7.765823'>7.77</span>", "<span data-toggle='tooltip' data-placement='right' title='原始值：10.65503'>10.66</span>", "<span data-toggle='tooltip' data-placement='right' title='原始值：332.609'>332.6</span>", "<span data-toggle='tooltip' data-placement='right' title='原始值：33.30192'>33.3</span>", "<span data-toggle='tooltip' data-placement='right' title='原始值：2.26'>2.26</span>", "<span data-toggle='tooltip' data-placement='right' title='原始值：0.012'>0.012</span>", "<span data-toggle='tooltip' data-placement='right' title='原始值：0.126'>0.126</span>", "<span data-toggle='tooltip' data-placement='right' title='原始值：1.8777'>1.88</span>", "*", "*", "正常"], ["广东省", "珠江流域", "<span data-toggle='tooltip' data-placement='right' title='所在地市:清远市&#10;所属河流:北江'>七星岗</span>", "12-26 08:00", "Ⅱ", "<span data-toggle='tooltip' data-placement='right' title='原始值：17.79423'>17.8</span>", "<span data-toggle='tooltip' data-placement='right' title='原始值：7.48784'>7.49</span>", "<span data-toggle='tooltip' data-placement='right' title='原始值：9.34943'>9.35</span>", "<span data-toggle='tooltip' data-placement='right' title='原始值：274.9268'>274.9</span>", "<span data-toggle='tooltip' data-placement='right' title='原始值：6.83751'>6.8</span>", "<span data-toggle='tooltip' data-placement='right' title='原始值：3.03'>3.03</span>", "<span data-toggle='tooltip' data-placement='right' title='原始值：0.16617'>0.166</span>", "<span data-toggle='tooltip' data-placement='right' title='原始值：0.03072'>0.031</span>", "<span data-toggle='tooltip' data-placement='right' title='原始值：2.5164'>2.52</span>", "*", "*", "正常"], ["广东省", "珠江流域", "<span data-toggle='tooltip' data-placement='right' title='所在地市:中山市&#10;所属河流:西江'>横栏</span>", "12-26 08:00", "Ⅰ", "<span data-toggle='tooltip' data-placement='right' title='原始值：18.2'>18.2</span>", "<span data-toggle='tooltip' data-placement='right' title='原始值：7.66'>7.66</span>", "<span data-toggle='tooltip' data-placement='right' title='原始值：8.04'>8.04</span>", "<span data-toggle='tooltip' data-placement='right' title='原始值：318'>318.0</span>", "<span data-toggle='tooltip' data-placement='right' title='原始值：2.1'>2.1</span>", "<span data-toggle='tooltip' data-placement='right' title='原始值：1.47'>1.47</span>", "<span data-toggle='tooltip' data-placement='right' title='原始值：0.14043'>0.140</span>", "*", "*", "*", "*", "正常"], ["广西壮族自治区", "珠江流域", "<span data-toggle='tooltip' data-placement='right' title='所在地市:南宁市&#10;所属河流:邕江'>老口</span>", "12-26 08:00", "Ⅱ", "<span data-toggle='tooltip' data-placement='right' title='原始值：18.54092'>18.5</span>", "<span data-toggle='tooltip' data-placement='right' title='原始值：7.98054'>7.98</span>", "<span data-toggle='tooltip' data-placement='right' title='原始值：9.2611'>9.26</span>", "<span data-toggle='tooltip' data-placement='right' title='原始值：312.7666'>312.8</span>", "<span data-toggle='tooltip' data-placement='right' title='原始值：4.42219'>4.4</span>", "<span data-toggle='tooltip' data-placement='right' title='原始值：1.58093'>1.58</span>", "<span data-toggle='tooltip' data-placement='right' title='原始值：0.03342'>0.033</span>", "<span data-toggle='tooltip' data-placement='right' title='原始值：0.0258'>0.026</span>", "<span data-toggle='tooltip' data-placement='right' title='原始值：1.36736'>1.37</span>", "*", "*", "正常"], ["广西壮族自治区", "珠江流域", "<span data-toggle='tooltip' data-placement='right' title='所在地市:桂林市&#10;所属河流:漓江'>阳朔</span>", null, "", "--", "--", "--", "--", "--", "--", "--", "--", "--", "*", "*", "停站"], ["广西壮族自治区", "珠江流域", "<span data-toggle='tooltip' data-placement='right' title='所在地市:梧州市&#10;所属河流:浔江'>界首</span>", null, "", "--", "--", "--", "--", "--", "--", "--", "--", "--", "*", "*", "停站"], ["广西壮族自治区", "珠江流域", "<span data-toggle='tooltip' data-placement='right' title='所在地市:贵港市&#10;所属河流:浔江'>石嘴</span>", null, "", "--", "--", "--", "--", "--", "--", "--", "--", "--", "*", "*", "停站"], ["广西壮族自治区", "珠江流域", "<span data-toggle='tooltip' data-placement='right' title='所在地市:崇左市&#10;所属河流:平而河'>平而关</span>", "12-26 08:00", "Ⅰ", "<span data-toggle='tooltip' data-placement='right' title='原始值：18.41508'>18.4</span>", "<span data-toggle='tooltip' data-placement='right' title='原始值：8.02519'>8.03</span>", "<span data-toggle='tooltip' data-placement='right' title='原始值：9.55585'>9.56</span>", "<span data-toggle='tooltip' data-placement='right' title='原始值：282.8884'>282.9</span>", "<span data-toggle='tooltip' data-placement='right' title='原始值：25.1501'>25.2</span>", "<span data-toggle='tooltip' data-placement='right' title='原始值：1.445'>1.44</span>", "<span data-toggle='tooltip' data-placement='right' title='原始值：0.13'>0.130</span>", "*", "*", "*", "*", "正常"], ["重庆市", "长江流域", "<span data-toggle='tooltip' data-placement='right' title='所在地市:永川区&#10;所属河流:长江'>朱沱</span>", "12-26 08:00", "Ⅱ", "<span data-toggle='tooltip' data-placement='right' title='原始值：11.98'>12.0</span>", "<span data-toggle='tooltip' data-placement='right' title='原始值：7.61'>7.61</span>", "<span data-toggle='tooltip' data-placement='right' title='原始值：10.86'>10.86</span>", "<span data-toggle='tooltip' data-placement='right' title='原始值：393.29'>393.3</span>", "<span data-toggle='tooltip' data-placement='right' title='原始值：15.19'>15.2</span>", "<span data-toggle='tooltip' data-placement='right' title='原始值：1.22'>1.22</span>", "<span data-toggle='tooltip' data-placement='right' title='原始值：0.001'>0.001</span>", "<span data-toggle='tooltip' data-placement='right' title='原始值：0.068'>0.068</span>", "<span data-toggle='tooltip' data-placement='right' title='原始值：1.509'>1.51</span>", "*", "*", "正常"], ["四川省", "长江流域", "<span data-toggle='tooltip' data-placement='right' title='所在地市:攀枝花市&#10;所属河流:金沙江'>龙洞</span>", "12-26 08:00", "Ⅰ", "<span data-toggle='tooltip' data-placement='right' title='原始值：14.56'>14.6</span>", "<span data-toggle='tooltip' data-placement='right' title='原始值：8.310633'>8.31</span>", "<span data-toggle='tooltip' data-placement='right' title='原始值：8.702488'>8.70</span>", "<span data-toggle='tooltip' data-placement='right' title='原始值：868.389'>868.4</span>", "<span data-toggle='tooltip' data-placement='right' title='原始值：8.369536'>8.4</span>", "<span data-toggle='tooltip' data-placement='right' title='原始值：0.9'>0.90</span>", "<span data-toggle='tooltip' data-placement='right' title='原始值：0.091'>0.091</span>", "<span data-toggle='tooltip' data-placement='right' title='原始值：0.0103214'>0.010</span>", "<span data-toggle='tooltip' data-placement='right' title='原始值：3.555711'>3.56</span>", "*", "*", "正常"], ["四川省", "长江流域", "<span data-toggle='tooltip' data-placement='right' title='所在地市:泸州市&#10;所属河流:沱江'>沱江大桥(沱江二桥)</span>", "12-26 08:00", "Ⅲ", "<span data-toggle='tooltip' data-placement='right' title='原始值：11.55'>11.6</span>", "<span data-toggle='tooltip' data-placement='right' title='原始值：8.16683'>8.17</span>", "<span data-toggle='tooltip' data-placement='right' title='原始值：10.17403'>10.17</span>", "<span data-toggle='tooltip' data-placement='right' title='原始值：604.6714'>604.7</span>", "<span data-toggle='tooltip' data-placement='right' title='原始值：9.982728'>10.0</span>", "<span data-toggle='tooltip' data-placement='right' title='原始值：2.19'>2.19</span>", "<span data-toggle='tooltip' data-placement='right' title='原始值：0.083'>0.083</span>", "<span data-toggle='tooltip' data-placement='right' title='原始值：0.108585'>0.109</span>", "<span data-toggle='tooltip' data-placement='right' title='原始值：3.900631'>3.90</span>", "*", "*", "正常"], ["四川省", "长江流域", "<span data-toggle='tooltip' data-placement='right' title='所在地市:广元市&#10;所属河流:嘉陵江'>清风峡</span>", "12-26 08:00", "Ⅰ", "<span data-toggle='tooltip' data-placement='right' title='原始值：5.5287'>5.5</span>", "<span data-toggle='tooltip' data-placement='right' title='原始值：8.35999'>8.36</span>", "<span data-toggle='tooltip' data-placement='right' title='原始值：11.43028'>11.43</span>", "<span data-toggle='tooltip' data-placement='right' title='原始值：419.8704'>419.9</span>", "<span data-toggle='tooltip' data-placement='right' title='原始值：126.0353'>126.0</span>", "<span data-toggle='tooltip' data-placement='right' title='原始值：0.68'>0.68</span>", "<span data-toggle='tooltip' data-placement='right' title='原始值：0.08226'>0.082</span>", "*", "*", "*", "*", "正常"], ["四川省", "长江流域", "<span data-toggle='tooltip' data-placement='right' title='所在地市:乐山市&#10;所属河流:岷江'>岷江大桥</span>", null, "", "--", "--", "--", "--", "--", "--", "--", "--", "--", "*", "*", "停站"], ["四川省", "长江流域", "<span data-toggle='tooltip' data-placement='right' title='所在地市:宜宾市&#10;所属河流:岷江'>凉姜沟</span>", "12-26 08:00", "Ⅲ", "<span data-toggle='tooltip' data-placement='right' title='原始值：11.79'>11.8</span>", "<span data-toggle='tooltip' data-placement='right' title='原始值：8.051601'>8.05</span>", "<span data-toggle='tooltip' data-placement='right' title='原始值：9.437054'>9.44</span>", "<span data-toggle='tooltip' data-placement='right' title='原始值：314.8898'>314.9</span>", "<span data-toggle='tooltip' data-placement='right' title='原始值：34.73875'>34.7</span>", "<span data-toggle='tooltip' data-placement='right' title='原始值：1.61'>1.61</span>", "<span data-toggle='tooltip' data-placement='right' title='原始值：0.201'>0.201</span>", "<span data-toggle='tooltip' data-placement='right' title='原始值：0.102686'>0.103</span>", "<span data-toggle='tooltip' data-placement='right' title='原始值：2.050525'>2.05</span>", "*", "*", "正常"], ["云南省", "滇池流域", "<span data-toggle='tooltip' data-placement='right' title='所在地市:昆明市&#10;所属河流:滇池'>西苑隧道</span>", "12-26 08:00", "Ⅱ", "<span data-toggle='tooltip' data-placement='right' title='原始值：12.56'>12.6</span>", "<span data-toggle='tooltip' data-placement='right' title='原始值：7.74857'>7.75</span>", "<span data-toggle='tooltip' data-placement='right' title='原始值：6.87'>6.87</span>", "<span data-toggle='tooltip' data-placement='right' title='原始值：752.988'>753.0</span>", "<span data-toggle='tooltip' data-placement='right' title='原始值：19.142'>19.1</span>", "<span data-toggle='tooltip' data-placement='right' title='原始值：3.56577'>3.57</span>", "<span data-toggle='tooltip' data-placement='right' title='原始值：0.08339'>0.083</span>", "<span data-toggle='tooltip' data-placement='right' title='原始值：0.02268'>0.023</span>", "<span data-toggle='tooltip' data-placement='right' title='原始值：5.43919'>5.44</span>", "<span data-toggle='tooltip' data-placement='right' title='原始值：0.02514'>0.025</span>", "<span data-toggle='tooltip' data-placement='right' title='原始值：2.69579E+07'>26957900</span>", "正常"], ["云南省", "滇池流域", "<span data-toggle='tooltip' data-placement='right' title='所在地市:昆明市&#10;所属河流:滇池'>观音山</span>", "12-26 08:00", "劣Ⅴ", "<span data-toggle='tooltip' data-placement='right' title='原始值：11.75935'>11.8</span>", "<span data-toggle='tooltip' data-placement='right' title='原始值：9.14316'>9.14</span>", "<span data-toggle='tooltip' data-placement='right' title='原始值：7.746'>7.75</span>", "<span data-toggle='tooltip' data-placement='right' title='原始值：415.941'>415.9</span>", "<span data-toggle='tooltip' data-placement='right' title='原始值：51.231'>51.2</span>", "<span data-toggle='tooltip' data-placement='right' title='原始值：7.06155'>7.06</span>", "<span data-toggle='tooltip' data-placement='right' title='原始值：0.04'>0.040</span>", "<span data-toggle='tooltip' data-placement='right' title='原始值：0.1168'>0.117</span>", "<span data-toggle='tooltip' data-placement='right' title='原始值：1.532'>1.53</span>", "<span data-toggle='tooltip' data-placement='right' title='原始值：0.00217'>0.002</span>", "<span data-toggle='tooltip' data-placement='right' title='原始值：8579530'>8579530</span>", "正常"], ["云南省", "西南诸河", "<span data-toggle='tooltip' data-placement='right' title='所在地市:红河哈尼族彝族自治州&#10;所属河流:红河'>河口县医院(河口)</span>", "12-26 08:00", "Ⅱ", "<span data-toggle='tooltip' data-placement='right' title='原始值：20.18002'>20.2</span>", "<span data-toggle='tooltip' data-placement='right' title='原始值：7.82312'>7.82</span>", "<span data-toggle='tooltip' data-placement='right' title='原始值：8.09171'>8.09</span>", "<span data-toggle='tooltip' data-placement='right' title='原始值：233.9125'>233.9</span>", "<span data-toggle='tooltip' data-placement='right' title='原始值：35.31003'>35.3</span>", "<span data-toggle='tooltip' data-placement='right' title='原始值：1.27638'>1.28</span>", "<span data-toggle='tooltip' data-placement='right' title='原始值：0.04789'>0.048</span>", "<span data-toggle='tooltip' data-placement='right' title='原始值：0.05176'>0.052</span>", "<span data-toggle='tooltip' data-placement='right' title='原始值：1.30316'>1.30</span>", "*", "*", "正常"], ["云南省", "西南诸河", "<span data-toggle='tooltip' data-placement='right' title='所在地市:西双版纳傣族自治州&#10;所属河流:澜沧江'>橄榄坝</span>", "12-26 08:00", "Ⅱ", "<span data-toggle='tooltip' data-placement='right' title='原始值：17.619'>17.6</span>", "<span data-toggle='tooltip' data-placement='right' title='原始值：7.614'>7.61</span>", "<span data-toggle='tooltip' data-placement='right' title='原始值：9.518'>9.52</span>", "<span data-toggle='tooltip' data-placement='right' title='原始值：521.683'>521.7</span>", "<span data-toggle='tooltip' data-placement='right' title='原始值：8.84'>8.8</span>", "<span data-toggle='tooltip' data-placement='right' title='原始值：0.43'>0.43</span>", "<span data-toggle='tooltip' data-placement='right' title='原始值：0.177'>0.177</span>", "*", "*", "*", "*", "正常"], ["陕西省", "黄河流域", "<span data-toggle='tooltip' data-placement='right' title='所在地市:渭南市&#10;所属河流:渭河'>潼关吊桥</span>", "12-26 08:00", "Ⅲ", "<span data-toggle='tooltip' data-placement='right' title='原始值：7.55159'>7.6</span>", "<span data-toggle='tooltip' data-placement='right' title='原始值：8.41992'>8.42</span>", "<span data-toggle='tooltip' data-placement='right' title='原始值：9.43444'>9.43</span>", "<span data-toggle='tooltip' data-placement='right' title='原始值：1176.492'>1176.5</span>", "<span data-toggle='tooltip' data-placement='right' title='原始值：184.7216'>184.7</span>", "<span data-toggle='tooltip' data-placement='right' title='原始值：2.51'>2.51</span>", "<span data-toggle='tooltip' data-placement='right' title='原始值：0.46'>0.460</span>", "<span data-toggle='tooltip' data-placement='right' title='原始值：0.10521'>0.105</span>", "<span data-toggle='tooltip' data-placement='right' title='原始值：6.99425'>6.99</span>", "*", "*", "正常"], ["甘肃省", "黄河流域", "<span data-toggle='tooltip' data-placement='right' title='所在地市:兰州市&#10;所属河流:黄河'>新城桥</span>", null, "", "--", "--", "--", "--", "--", "--", "--", "--", "--", "*", "*", "停站"], ["宁夏回族自治区", "黄河流域", "<span data-toggle='tooltip' data-placement='right' title='所在地市:中卫市&#10;所属河流:黄河'>中卫下河沿(新墩)</span>", "12-26 08:00", "Ⅱ", "<span data-toggle='tooltip' data-placement='right' title='原始值：4.89739'>4.9</span>", "<span data-toggle='tooltip' data-placement='right' title='原始值：7.43768'>7.44</span>", "<span data-toggle='tooltip' data-placement='right' title='原始值：11.26808'>11.27</span>", "<span data-toggle='tooltip' data-placement='right' title='原始值：716.1569'>716.2</span>", "<span data-toggle='tooltip' data-placement='right' title='原始值：21.73125'>21.7</span>", "<span data-toggle='tooltip' data-placement='right' title='原始值：1.23'>1.23</span>", "<span data-toggle='tooltip' data-placement='right' title='原始值：0.32'>0.320</span>", "<span data-toggle='tooltip' data-placement='right' title='原始值：0.0058'>0.006</span>", "<span data-toggle='tooltip' data-placement='right' title='原始值：1.9694'>1.97</span>", "*", "*", "正常"]]}