{"result": 1, "total": 1, "records": 98, "thead": ["省份", "流域", "断面名称", "监测时间", "水质类别", "水温<br/><span class='unit'>(℃)</span>", "pH<br/><span class='unit'>(无量纲)</span>", "溶解氧<br/><span class='unit'>(mg/L)</span>", "电导率<br/><span class='unit'>(μS/cm)</span>", "浊度<br/><span class='unit'>(NTU)</span>", "高锰酸盐指数<br/><span class='unit'>(mg/L)</span>", "氨氮<br/><span class='unit'>(mg/L)</span>", "总磷<br/><span class='unit'>(mg/L)</span>", "总氮<br/><span class='unit'>(mg/L)</span>", "叶绿素α<br/><span class='unit'>(mg/L)</span>", "藻密度<br/><span class='unit'>(cells/L)</span>", "站点情况"], "tbody": [["北京市", "海河流域", "<span data-toggle='tooltip' data-placement='right' title='所在地市:门头沟区&#10;所属河流:永定河'>沿河城</span>", null, "", "--", "--", "--", "--", "--", "--", "--", "--", "--", "*", "*", "停站"], ["北京市", "海河流域", "<span data-toggle='tooltip' data-placement='right' title='所在地市:密云区&#10;所属河流:潮河'>古北口</span>", "12-17 08:00", "", "<span data-toggle='tooltip' data-placement='right' title='极值过滤'>--</span>", "<span data-toggle='tooltip' data-placement='right' title='原始值：8.25748'>8.26</span>", "<span data-toggle='tooltip' data-placement='right' title='原始值：14.32908'>14.33</span>", "<span data-toggle='tooltip' data-placement='right' title='原始值：878.298'>878.3</span>", "<span data-toggle='tooltip' data-placement='right' title='原始值：5.13592'>5.1</span>", "<span data-toggle='tooltip' data-placement='right' title='原始值：1.81'>1.81</span>", "<span data-toggle='tooltip' data-placement='right' title='原始值：0.09'>0.090</span>", "<span data-toggle='tooltip' data-placement='right' title='极值过滤'>--</span>", "<span data-toggle='tooltip' data-placement='right' title='原始值：13.1612'>13.16</span>", "*", "*", "维护"], ["天津市", "海河流域", "<span data-toggle='tooltip' data-placement='right' title='所在地市:河北区&#10;所属河流:海河'>三岔口</span>", "12-17 08:00", "Ⅱ", "<span data-toggle='tooltip' data-placement='right' title='原始值：3.4578'>3.5</span>", "<span data-toggle='tooltip' data-placement='right' title='原始值：7.7266'>7.73</span>", "<span data-toggle='tooltip' data-placement='right' title='原始值：11.975'>11.98</span>", "<span data-toggle='tooltip' data-placement='right' title='原始值：362.7991'>362.8</span>", "<span data-toggle='tooltip' data-placement='right' title='原始值：5.931'>5.9</span>", "<span data-toggle='tooltip' data-placement='right' title='原始值：1.17'>1.17</span>", "<span data-toggle='tooltip' data-placement='right' title='原始值：0.21'>0.210</span>", "<span data-toggle='tooltip' data-placement='right' title='原始值：0.0072'>0.007</span>", "<span data-toggle='tooltip' data-placement='right' title='原始值：1.2409'>1.24</span>", "*", "*", "正常"], ["天津市", "海河流域", "<span data-toggle='tooltip' data-placement='right' title='所在地市:蓟州区&#10;所属河流:果河'>果河桥</span>", "12-17 08:00", "Ⅱ", "<span data-toggle='tooltip' data-placement='right' title='原始值：5.3'>5.3</span>", "<span data-toggle='tooltip' data-placement='right' title='原始值：8.44'>8.44</span>", "<span data-toggle='tooltip' data-placement='right' title='原始值：14.406'>14.41</span>", "<span data-toggle='tooltip' data-placement='right' title='原始值：702.574'>702.6</span>", "<span data-toggle='tooltip' data-placement='right' title='原始值：4.8'>4.8</span>", "<span data-toggle='tooltip' data-placement='right' title='原始值：2.2554'>2.26</span>", "<span data-toggle='tooltip' data-placement='right' title='原始值：0.3'>0.300</span>", "<span data-toggle='tooltip' data-placement='right' title='原始值：0.0308'>0.031</span>", "<span data-toggle='tooltip' data-placement='right' title='原始值：6.9529'>6.95</span>", "*", "*", "正常"], ["河北省", "海河流域", "<span data-toggle='tooltip' data-placement='right' title='所在地市:石家庄市&#10;所属河流:滹沱河'>岗南水库</span>", "12-17 08:00", "Ⅱ", "<span data-toggle='tooltip' data-placement='right' title='原始值：11.33535'>11.3</span>", "<span data-toggle='tooltip' data-placement='right' title='原始值：8.72356'>8.72</span>", "<span data-toggle='tooltip' data-placement='right' title='原始值：10.51176'>10.51</span>", "<span data-toggle='tooltip' data-placement='right' title='原始值：563.7438'>563.7</span>", "<span data-toggle='tooltip' data-placement='right' title='原始值：2.05103'>2.1</span>", "<span data-toggle='tooltip' data-placement='right' title='原始值：2.30023'>2.30</span>", "<span data-toggle='tooltip' data-placement='right' title='原始值：0.02'>0.020</span>", "<span data-toggle='tooltip' data-placement='right' title='原始值：0.02055'>0.021</span>", "<span data-toggle='tooltip' data-placement='right' title='原始值：2.63753'>2.64</span>", "*", "*", "正常"], ["河北省", "海河流域", "<span data-toggle='tooltip' data-placement='right' title='所在地市:张家口市&#10;所属河流:永定河'>八号桥</span>", "12-17 08:00", "Ⅲ", "<span data-toggle='tooltip' data-placement='right' title='原始值：1.34248'>1.3</span>", "<span data-toggle='tooltip' data-placement='right' title='原始值：8.42569'>8.43</span>", "<span data-toggle='tooltip' data-placement='right' title='原始值：12.12521'>12.13</span>", "<span data-toggle='tooltip' data-placement='right' title='原始值：1602.689'>1602.7</span>", "<span data-toggle='tooltip' data-placement='right' title='原始值：20.50265'>20.5</span>", "<span data-toggle='tooltip' data-placement='right' title='原始值：3.51'>3.51</span>", "<span data-toggle='tooltip' data-placement='right' title='原始值：0.75'>0.750</span>", "<span data-toggle='tooltip' data-placement='right' title='原始值：0.141'>0.141</span>", "<span data-toggle='tooltip' data-placement='right' title='原始值：7.015'>7.02</span>", "*", "*", "正常"], ["山西省", "黄河流域", "<span data-toggle='tooltip' data-placement='right' title='所在地市:运城市&#10;所属河流:汾河'>河津大桥</span>", null, "", "--", "--", "--", "--", "--", "--", "--", "--", "--", "*", "*", "停站"], ["山西省", "黄河流域", "<span data-toggle='tooltip' data-placement='right' title='所在地市:忻州市&#10;所属河流:黄河'>万家寨水库</span>", null, "", "--", "--", "--", "--", "--", "--", "--", "--", "--", "*", "*", "停站"], ["内蒙古自治区", "黄河流域", "<span data-toggle='tooltip' data-placement='right' title='所在地市:包头市&#10;所属河流:黄河'>画匠营子</span>", null, "", "--", "--", "--", "--", "--", "--", "--", "--", "--", "*", "*", "停站"], ["内蒙古自治区", "黄河流域", "<span data-toggle='tooltip' data-placement='right' title='所在地市:乌海市&#10;所属河流:黄河'>海勃湾</span>", "12-17 08:00", "Ⅱ", "<span data-toggle='tooltip' data-placement='right' title='原始值：4.77407'>4.8</span>", "<span data-toggle='tooltip' data-placement='right' title='原始值：8.39974'>8.40</span>", "<span data-toggle='tooltip' data-placement='right' title='原始值：9.80719'>9.81</span>", "<span data-toggle='tooltip' data-placement='right' title='原始值：866.5572'>866.6</span>", "<span data-toggle='tooltip' data-placement='right' title='原始值：24.66775'>24.7</span>", "<span data-toggle='tooltip' data-placement='right' title='原始值：1.65'>1.65</span>", "<span data-toggle='tooltip' data-placement='right' title='原始值：0.18'>0.180</span>", "*", "*", "*", "*", "正常"], ["内蒙古自治区", "松花江流域", "<span data-toggle='tooltip' data-placement='right' title='所在地市:呼伦贝尔市&#10;所属河流:额尔古纳河'>黑山头</span>", null, "", "--", "--", "--", "--", "--", "--", "--", "--", "--", "*", "*", "停站"], ["辽宁省", "辽河流域", "<span data-toggle='tooltip' data-placement='right' title='所在地市:抚顺市&#10;所属河流:浑河'>大伙房水库</span>", "12-17 08:00", "Ⅱ", "<span data-toggle='tooltip' data-placement='right' title='原始值：7.08435'>7.1</span>", "<span data-toggle='tooltip' data-placement='right' title='原始值：7.73635'>7.74</span>", "<span data-toggle='tooltip' data-placement='right' title='原始值：10.04102'>10.04</span>", "<span data-toggle='tooltip' data-placement='right' title='原始值：312.6443'>312.6</span>", "<span data-toggle='tooltip' data-placement='right' title='原始值：8.51721'>8.5</span>", "<span data-toggle='tooltip' data-placement='right' title='原始值：2.68529'>2.69</span>", "<span data-toggle='tooltip' data-placement='right' title='原始值：0.16'>0.160</span>", "<span data-toggle='tooltip' data-placement='right' title='原始值：0.02231'>0.022</span>", "<span data-toggle='tooltip' data-placement='right' title='原始值：3.2523'>3.25</span>", "<span data-toggle='tooltip' data-placement='right' title='原始值：0.00061'>0.001</span>", "*", "正常"], ["辽宁省", "辽河流域", "<span data-toggle='tooltip' data-placement='right' title='所在地市:丹东市&#10;所属河流:鸭绿江'>江桥</span>", null, "", "--", "--", "--", "--", "--", "--", "--", "--", "--", "*", "*", "停站"], ["辽宁省", "辽河流域", "<span data-toggle='tooltip' data-placement='right' title='所在地市:营口市&#10;所属河流:大辽河'>辽河公园</span>", null, "", "--", "--", "--", "--", "--", "--", "--", "--", "--", "*", "*", "停站"], ["辽宁省", "辽河流域", "<span data-toggle='tooltip' data-placement='right' title='所在地市:辽阳市&#10;所属河流:太子河'>汤河水库</span>", null, "", "--", "--", "--", "--", "--", "--", "--", "--", "--", "*", "*", "停站"], ["辽宁省", "辽河流域", "<span data-toggle='tooltip' data-placement='right' title='所在地市:盘锦市&#10;所属河流:辽河'>盘锦兴安(兴安)</span>", null, "", "--", "--", "--", "--", "--", "--", "--", "--", "--", "*", "*", "停站"], ["辽宁省", "辽河流域", "<span data-toggle='tooltip' data-placement='right' title='所在地市:铁岭市&#10;所属河流:辽河'>珠尔山</span>", null, "", "--", "--", "--", "--", "--", "--", "--", "--", "--", "*", "*", "停站"], ["吉林省", "松花江流域", "<span data-toggle='tooltip' data-placement='right' title='所在地市:长春市&#10;所属河流:松花江'>松花江村</span>", null, "", "--", "--", "--", "--", "--", "--", "--", "--", "--", "*", "*", "停站"], ["吉林省", "松花江流域", "<span data-toggle='tooltip' data-placement='right' title='所在地市:白城市&#10;所属河流:嫩江'>白沙滩</span>", "12-17 08:00", "Ⅳ", "<span data-toggle='tooltip' data-placement='right' title='原始值：3.3913'>3.4</span>", "<span data-toggle='tooltip' data-placement='right' title='原始值：7.18359'>7.18</span>", "<span data-toggle='tooltip' data-placement='right' title='原始值：13.45537'>13.46</span>", "<span data-toggle='tooltip' data-placement='right' title='原始值：416.4653'>416.5</span>", "<span data-toggle='tooltip' data-placement='right' title='原始值：16.84348'>16.8</span>", "<span data-toggle='tooltip' data-placement='right' title='原始值：6.54821'>6.55</span>", "<span data-toggle='tooltip' data-placement='right' title='原始值：0.26411'>0.264</span>", "<span data-toggle='tooltip' data-placement='right' title='原始值：0.07754'>0.078</span>", "<span data-toggle='tooltip' data-placement='right' title='原始值：1.91268'>1.91</span>", "*", "*", "正常"], ["吉林省", "松花江流域", "<span data-toggle='tooltip' data-placement='right' title='所在地市:延边朝鲜族自治州&#10;所属河流:图们江'>圈河</span>", null, "", "--", "--", "--", "--", "--", "--", "--", "--", "--", "*", "*", "停站"], ["黑龙江省", "松花江流域", "<span data-toggle='tooltip' data-placement='right' title='所在地市:大庆市&#10;所属河流:松花江'>肇源</span>", null, "", "--", "--", "--", "--", "--", "--", "--", "--", "--", "*", "*", "停站"], ["黑龙江省", "松花江流域", "<span data-toggle='tooltip' data-placement='right' title='所在地市:佳木斯市&#10;所属河流:乌苏里江'>乌苏镇</span>", null, "", "--", "--", "--", "--", "--", "--", "--", "--", "--", "*", "*", "停站"], ["黑龙江省", "松花江流域", "<span data-toggle='tooltip' data-placement='right' title='所在地市:佳木斯市&#10;所属河流:松花江'>同江</span>", "12-17 08:00", "Ⅲ", "<span data-toggle='tooltip' data-placement='right' title='原始值：12.06914'>12.1</span>", "<span data-toggle='tooltip' data-placement='right' title='原始值：7.28126'>7.28</span>", "<span data-toggle='tooltip' data-placement='right' title='原始值：10.31252'>10.31</span>", "<span data-toggle='tooltip' data-placement='right' title='原始值：302.7349'>302.7</span>", "<span data-toggle='tooltip' data-placement='right' title='原始值：17.87553'>17.9</span>", "<span data-toggle='tooltip' data-placement='right' title='原始值：5.16213'>5.16</span>", "<span data-toggle='tooltip' data-placement='right' title='原始值：0.09453'>0.095</span>", "<span data-toggle='tooltip' data-placement='right' title='原始值：0.0542'>0.054</span>", "<span data-toggle='tooltip' data-placement='right' title='原始值：2.79149'>2.79</span>", "*", "*", "正常"], ["黑龙江省", "松花江流域", "<span data-toggle='tooltip' data-placement='right' title='所在地市:黑河市&#10;所属河流:黑龙江'>黑河下(黑河)</span>", null, "", "--", "--", "--", "--", "--", "--", "--", "--", "--", "*", "*", "停站"], ["上海市", "长江流域", "<span data-toggle='tooltip' data-placement='right' title='所在地市:青浦区&#10;所属河流:淀山湖'>急水港桥</span>", null, "", "--", "--", "--", "--", "--", "--", "--", "--", "--", "--", "--", "停站"], ["江苏省", "长江流域", "<span data-toggle='tooltip' data-placement='right' title='所在地市:南京市&#10;所属河流:长江'>林山</span>", null, "", "--", "--", "--", "--", "--", "--", "--", "--", "--", "*", "*", "停站"], ["江苏省", "太湖流域", "<span data-toggle='tooltip' data-placement='right' title='所在地市:无锡市&#10;所属河流:太湖'>沙渚</span>", "12-17 08:00", "Ⅲ", "<span data-toggle='tooltip' data-placement='right' title='原始值：11.34078'>11.3</span>", "<span data-toggle='tooltip' data-placement='right' title='原始值：8.272898'>8.27</span>", "<span data-toggle='tooltip' data-placement='right' title='原始值：11.31966'>11.32</span>", "<span data-toggle='tooltip' data-placement='right' title='原始值：359.2506'>359.3</span>", "<span data-toggle='tooltip' data-placement='right' title='原始值：15.16828'>15.2</span>", "<span data-toggle='tooltip' data-placement='right' title='原始值：3.201047'>3.20</span>", "<span data-toggle='tooltip' data-placement='right' title='原始值：0.15'>0.150</span>", "<span data-toggle='tooltip' data-placement='right' title='原始值：0.1469'>0.147</span>", "<span data-toggle='tooltip' data-placement='right' title='原始值：1.503'>1.50</span>", "<span data-toggle='tooltip' data-placement='right' title='原始值：0.007333'>0.007</span>", "*", "正常"], ["江苏省", "淮河流域", "<span data-toggle='tooltip' data-placement='right' title='所在地市:徐州市&#10;所属河流:武河'>小红圈</span>", "12-17 08:00", "Ⅱ", "<span data-toggle='tooltip' data-placement='right' title='原始值：4.31'>4.3</span>", "<span data-toggle='tooltip' data-placement='right' title='原始值：8.38'>8.38</span>", "<span data-toggle='tooltip' data-placement='right' title='原始值：19'>19.00</span>", "<span data-toggle='tooltip' data-placement='right' title='原始值：590.6'>590.6</span>", "<span data-toggle='tooltip' data-placement='right' title='原始值：7.41'>7.4</span>", "<span data-toggle='tooltip' data-placement='right' title='原始值：2.03'>2.03</span>", "<span data-toggle='tooltip' data-placement='right' title='原始值：0.062'>0.062</span>", "*", "*", "*", "*", "正常"], ["江苏省", "淮河流域", "<span data-toggle='tooltip' data-placement='right' title='所在地市:徐州市&#10;所属河流:沿河'>李集桥</span>", "12-17 08:00", "Ⅲ", "<span data-toggle='tooltip' data-placement='right' title='原始值：5.53'>5.5</span>", "<span data-toggle='tooltip' data-placement='right' title='原始值：7.95'>7.95</span>", "<span data-toggle='tooltip' data-placement='right' title='原始值：9.9'>9.90</span>", "<span data-toggle='tooltip' data-placement='right' title='原始值：1154.3'>1154.3</span>", "<span data-toggle='tooltip' data-placement='right' title='原始值：24.48'>24.5</span>", "<span data-toggle='tooltip' data-placement='right' title='原始值：4.38'>4.38</span>", "<span data-toggle='tooltip' data-placement='right' title='原始值：0.284'>0.284</span>", "<span data-toggle='tooltip' data-placement='right' title='原始值：0.053'>0.053</span>", "<span data-toggle='tooltip' data-placement='right' title='原始值：1.949'>1.95</span>", "*", "*", "正常"], ["江苏省", "淮河流域", "<span data-toggle='tooltip' data-placement='right' title='所在地市:徐州市&#10;所属河流:邳苍分洪道'>艾山西大桥</span>", "12-17 08:00", "Ⅱ", "<span data-toggle='tooltip' data-placement='right' title='原始值：3.52255'>3.5</span>", "<span data-toggle='tooltip' data-placement='right' title='原始值：8.89866'>8.90</span>", "<span data-toggle='tooltip' data-placement='right' title='原始值：17.2678'>17.27</span>", "<span data-toggle='tooltip' data-placement='right' title='原始值：737.41'>737.4</span>", "<span data-toggle='tooltip' data-placement='right' title='原始值：3.70383'>3.7</span>", "<span data-toggle='tooltip' data-placement='right' title='原始值：3.33'>3.33</span>", "<span data-toggle='tooltip' data-placement='right' title='原始值：0.07'>0.070</span>", "<span data-toggle='tooltip' data-placement='right' title='原始值：0.05691'>0.057</span>", "<span data-toggle='tooltip' data-placement='right' title='原始值：11.08562'>11.09</span>", "*", "*", "正常"], ["江苏省", "太湖流域", "<span data-toggle='tooltip' data-placement='right' title='所在地市:苏州市&#10;所属河流:太湖'>兰山嘴(老)</span>", "12-17 08:00", "Ⅴ", "<span data-toggle='tooltip' data-placement='right' title='原始值：7.18725'>7.2</span>", "<span data-toggle='tooltip' data-placement='right' title='原始值：8.1618'>8.16</span>", "<span data-toggle='tooltip' data-placement='right' title='原始值：12.66848'>12.67</span>", "<span data-toggle='tooltip' data-placement='right' title='原始值：345.633'>345.6</span>", "<span data-toggle='tooltip' data-placement='right' title='原始值：219.5275'>219.5</span>", "<span data-toggle='tooltip' data-placement='right' title='原始值：5.52'>5.52</span>", "<span data-toggle='tooltip' data-placement='right' title='原始值：0.47'>0.470</span>", "<span data-toggle='tooltip' data-placement='right' title='原始值：0.31318'>0.313</span>", "<span data-toggle='tooltip' data-placement='right' title='原始值：10.6617'>10.66</span>", "<span data-toggle='tooltip' data-placement='right' title='原始值：0.02293'>0.023</span>", "*", "正常"], ["江苏省", "太湖流域", "<span data-toggle='tooltip' data-placement='right' title='所在地市:苏州市&#10;所属河流:太湖'>西山</span>", "12-17 08:00", "Ⅴ", "<span data-toggle='tooltip' data-placement='right' title='原始值：6.74406'>6.7</span>", "<span data-toggle='tooltip' data-placement='right' title='原始值：8.39055'>8.39</span>", "<span data-toggle='tooltip' data-placement='right' title='原始值：12.62568'>12.63</span>", "<span data-toggle='tooltip' data-placement='right' title='原始值：471.0703'>471.1</span>", "<span data-toggle='tooltip' data-placement='right' title='原始值：229.2966'>229.3</span>", "<span data-toggle='tooltip' data-placement='right' title='原始值：3.39'>3.39</span>", "<span data-toggle='tooltip' data-placement='right' title='原始值：0.2'>0.200</span>", "<span data-toggle='tooltip' data-placement='right' title='原始值：0.1016'>0.102</span>", "<span data-toggle='tooltip' data-placement='right' title='原始值：0.3159'>0.32</span>", "<span data-toggle='tooltip' data-placement='right' title='原始值：0.00727'>0.007</span>", "*", "正常"], ["江苏省", "淮河流域", "<span data-toggle='tooltip' data-placement='right' title='所在地市:连云港市&#10;所属河流:新沭河'>大兴桥</span>", "12-17 08:00", "Ⅳ", "<span data-toggle='tooltip' data-placement='right' title='原始值：4.7'>4.7</span>", "<span data-toggle='tooltip' data-placement='right' title='原始值：7.49'>7.49</span>", "<span data-toggle='tooltip' data-placement='right' title='原始值：18.36'>18.36</span>", "<span data-toggle='tooltip' data-placement='right' title='原始值：936.9'>936.9</span>", "<span data-toggle='tooltip' data-placement='right' title='原始值：57.35'>57.4</span>", "<span data-toggle='tooltip' data-placement='right' title='原始值：6.66'>6.66</span>", "<span data-toggle='tooltip' data-placement='right' title='原始值：0.075'>0.075</span>", "*", "*", "*", "*", "正常"], ["江苏省", "淮河流域", "<span data-toggle='tooltip' data-placement='right' title='所在地市:淮安市&#10;所属河流:淮河'>淮河大桥</span>", "12-17 08:00", "Ⅲ", "<span data-toggle='tooltip' data-placement='right' title='原始值：7.04012'>7.0</span>", "<span data-toggle='tooltip' data-placement='right' title='原始值：8.38024'>8.38</span>", "<span data-toggle='tooltip' data-placement='right' title='原始值：10.01631'>10.02</span>", "<span data-toggle='tooltip' data-placement='right' title='原始值：531.6335'>531.6</span>", "<span data-toggle='tooltip' data-placement='right' title='原始值：33.28138'>33.3</span>", "<span data-toggle='tooltip' data-placement='right' title='原始值：3.32'>3.32</span>", "<span data-toggle='tooltip' data-placement='right' title='原始值：0.13'>0.130</span>", "<span data-toggle='tooltip' data-placement='right' title='原始值：0.1064'>0.106</span>", "<span data-toggle='tooltip' data-placement='right' title='原始值：2.183'>2.18</span>", "*", "*", "正常"], ["江苏省", "长江流域", "<span data-toggle='tooltip' data-placement='right' title='所在地市:扬州市&#10;所属河流:夹江'>三江营</span>", "12-17 08:00", "Ⅱ", "<span data-toggle='tooltip' data-placement='right' title='原始值：10.45'>10.4</span>", "<span data-toggle='tooltip' data-placement='right' title='原始值：7.87'>7.87</span>", "<span data-toggle='tooltip' data-placement='right' title='原始值：9.51'>9.51</span>", "<span data-toggle='tooltip' data-placement='right' title='原始值：345.52'>345.5</span>", "<span data-toggle='tooltip' data-placement='right' title='原始值：65.19'>65.2</span>", "<span data-toggle='tooltip' data-placement='right' title='原始值：2.503'>2.50</span>", "<span data-toggle='tooltip' data-placement='right' title='原始值：0.034'>0.034</span>", "<span data-toggle='tooltip' data-placement='right' title='原始值：0.099'>0.099</span>", "<span data-toggle='tooltip' data-placement='right' title='原始值：2.18'>2.18</span>", "*", "*", "正常"], ["江苏省", "淮河流域", "<span data-toggle='tooltip' data-placement='right' title='所在地市:宿迁市&#10;所属河流:新濉河'>大屈</span>", "12-17 08:00", "Ⅲ", "<span data-toggle='tooltip' data-placement='right' title='原始值：7.7'>7.7</span>", "<span data-toggle='tooltip' data-placement='right' title='原始值：7.61'>7.61</span>", "<span data-toggle='tooltip' data-placement='right' title='原始值：13.37'>13.37</span>", "<span data-toggle='tooltip' data-placement='right' title='原始值：1055.2'>1055.2</span>", "<span data-toggle='tooltip' data-placement='right' title='原始值：20.14'>20.1</span>", "<span data-toggle='tooltip' data-placement='right' title='原始值：4.78'>4.78</span>", "<span data-toggle='tooltip' data-placement='right' title='原始值：0.11'>0.110</span>", "<span data-toggle='tooltip' data-placement='right' title='原始值：0.047'>0.047</span>", "<span data-toggle='tooltip' data-placement='right' title='原始值：3.246'>3.25</span>", "*", "*", "正常"], ["浙江省", "浙闽片河流", "<span data-toggle='tooltip' data-placement='right' title='所在地市:杭州市&#10;所属河流:新安江'>街口(鸠坑口)</span>", "12-17 08:00", "", "<span data-toggle='tooltip' data-placement='right' title='原始值：15.94'>15.9</span>", "<span data-toggle='tooltip' data-placement='right' title='原始值：7.12'>7.12</span>", "<span data-toggle='tooltip' data-placement='right' title='原始值：7.06'>7.06</span>", "<span data-toggle='tooltip' data-placement='right' title='原始值：163.46'>163.5</span>", "<span data-toggle='tooltip' data-placement='right' title='原始值：10.55'>10.6</span>", "<span data-toggle='tooltip' data-placement='right' title='极值过滤'>--</span>", "<span data-toggle='tooltip' data-placement='right' title='原始值：0.003'>0.003</span>", "<span data-toggle='tooltip' data-placement='right' title='原始值：0.017'>0.017</span>", "<span data-toggle='tooltip' data-placement='right' title='原始值：1.262'>1.26</span>", "*", "*", "维护"], ["浙江省", "太湖流域", "<span data-toggle='tooltip' data-placement='right' title='所在地市:嘉兴市&#10;所属河流:斜路港河'>斜路港</span>", "12-17 08:00", "Ⅲ", "<span data-toggle='tooltip' data-placement='right' title='原始值：8.6'>8.6</span>", "<span data-toggle='tooltip' data-placement='right' title='原始值：7.81'>7.81</span>", "<span data-toggle='tooltip' data-placement='right' title='原始值：6.86'>6.86</span>", "<span data-toggle='tooltip' data-placement='right' title='原始值：619'>619.0</span>", "<span data-toggle='tooltip' data-placement='right' title='原始值：328.3'>328.3</span>", "<span data-toggle='tooltip' data-placement='right' title='原始值：5.88'>5.88</span>", "<span data-toggle='tooltip' data-placement='right' title='原始值：0.58803'>0.588</span>", "<span data-toggle='tooltip' data-placement='right' title='原始值：0.19303'>0.193</span>", "<span data-toggle='tooltip' data-placement='right' title='原始值：3.26848'>3.27</span>", "*", "*", "正常"], ["浙江省", "太湖流域", "<span data-toggle='tooltip' data-placement='right' title='所在地市:嘉兴市&#10;所属河流:京杭运河'>王江泾</span>", "12-17 08:00", "Ⅲ", "<span data-toggle='tooltip' data-placement='right' title='原始值：9.02'>9.0</span>", "<span data-toggle='tooltip' data-placement='right' title='原始值：7.22'>7.22</span>", "<span data-toggle='tooltip' data-placement='right' title='原始值：11.02'>11.02</span>", "<span data-toggle='tooltip' data-placement='right' title='原始值：586.3'>586.3</span>", "<span data-toggle='tooltip' data-placement='right' title='原始值：71.29'>71.3</span>", "<span data-toggle='tooltip' data-placement='right' title='原始值：4.399'>4.40</span>", "<span data-toggle='tooltip' data-placement='right' title='原始值：0.187'>0.187</span>", "<span data-toggle='tooltip' data-placement='right' title='原始值：0.052'>0.052</span>", "<span data-toggle='tooltip' data-placement='right' title='原始值：1.673'>1.67</span>", "*", "*", "正常"], ["浙江省", "太湖流域", "<span data-toggle='tooltip' data-placement='right' title='所在地市:湖州市&#10;所属河流:西苕溪'>新港口(新塘港)</span>", "12-17 08:00", "Ⅲ", "<span data-toggle='tooltip' data-placement='right' title='原始值：6.18533'>6.2</span>", "<span data-toggle='tooltip' data-placement='right' title='原始值：8.54021'>8.54</span>", "<span data-toggle='tooltip' data-placement='right' title='原始值：12.2178'>12.22</span>", "<span data-toggle='tooltip' data-placement='right' title='原始值：388.637'>388.6</span>", "<span data-toggle='tooltip' data-placement='right' title='原始值：226.119'>226.1</span>", "<span data-toggle='tooltip' data-placement='right' title='原始值：4.52938'>4.53</span>", "<span data-toggle='tooltip' data-placement='right' title='原始值：0.06958'>0.070</span>", "<span data-toggle='tooltip' data-placement='right' title='原始值：0.13609'>0.136</span>", "<span data-toggle='tooltip' data-placement='right' title='原始值：2.79545'>2.80</span>", "<span data-toggle='tooltip' data-placement='right' title='原始值：0.01677'>0.017</span>", "*", "正常"], ["安徽省", "巢湖流域", "<span data-toggle='tooltip' data-placement='right' title='所在地市:合肥市&#10;所属河流:巢湖'>湖滨(老)</span>", "12-17 08:00", "Ⅳ", "<span data-toggle='tooltip' data-placement='right' title='原始值：7.34838'>7.3</span>", "<span data-toggle='tooltip' data-placement='right' title='原始值：6.8143'>6.81</span>", "<span data-toggle='tooltip' data-placement='right' title='原始值：11.28125'>11.28</span>", "<span data-toggle='tooltip' data-placement='right' title='原始值：264.9247'>264.9</span>", "<span data-toggle='tooltip' data-placement='right' title='原始值：98.70361'>98.7</span>", "<span data-toggle='tooltip' data-placement='right' title='原始值：4.3'>4.30</span>", "<span data-toggle='tooltip' data-placement='right' title='原始值：0.35'>0.350</span>", "<span data-toggle='tooltip' data-placement='right' title='原始值：0.0924'>0.092</span>", "<span data-toggle='tooltip' data-placement='right' title='原始值：2.299'>2.30</span>", "<span data-toggle='tooltip' data-placement='right' title='原始值：0.04372'>0.044</span>", "*", "正常"], ["安徽省", "巢湖流域", "<span data-toggle='tooltip' data-placement='right' title='所在地市:芜湖市&#10;所属河流:巢湖'>裕溪口(老)</span>", "12-17 08:00", "Ⅳ", "<span data-toggle='tooltip' data-placement='right' title='原始值：8.94093'>8.9</span>", "<span data-toggle='tooltip' data-placement='right' title='原始值：7.57124'>7.57</span>", "<span data-toggle='tooltip' data-placement='right' title='原始值：9.63982'>9.64</span>", "<span data-toggle='tooltip' data-placement='right' title='原始值：288.664'>288.7</span>", "<span data-toggle='tooltip' data-placement='right' title='原始值：97.38828'>97.4</span>", "<span data-toggle='tooltip' data-placement='right' title='原始值：8.06'>8.06</span>", "<span data-toggle='tooltip' data-placement='right' title='原始值：0.01'>0.010</span>", "<span data-toggle='tooltip' data-placement='right' title='原始值：0.0869'>0.087</span>", "<span data-toggle='tooltip' data-placement='right' title='原始值：3.989'>3.99</span>", "<span data-toggle='tooltip' data-placement='right' title='原始值：0.01158'>0.012</span>", "*", "正常"], ["安徽省", "淮河流域", "<span data-toggle='tooltip' data-placement='right' title='所在地市:蚌埠市&#10;所属河流:淮河'>蚌埠闸上(蚌埠闸)</span>", "12-17 08:00", "Ⅲ", "<span data-toggle='tooltip' data-placement='right' title='原始值：8.98'>9.0</span>", "<span data-toggle='tooltip' data-placement='right' title='原始值：7.97'>7.97</span>", "<span data-toggle='tooltip' data-placement='right' title='原始值：12'>12.00</span>", "<span data-toggle='tooltip' data-placement='right' title='原始值：474.54'>474.5</span>", "<span data-toggle='tooltip' data-placement='right' title='原始值：49.13'>49.1</span>", "<span data-toggle='tooltip' data-placement='right' title='原始值：4.76'>4.76</span>", "<span data-toggle='tooltip' data-placement='right' title='原始值：0.16'>0.160</span>", "<span data-toggle='tooltip' data-placement='right' title='原始值：0.083'>0.083</span>", "<span data-toggle='tooltip' data-placement='right' title='原始值：1.822'>1.82</span>", "*", "*", "正常"], ["安徽省", "淮河流域", "<span data-toggle='tooltip' data-placement='right' title='所在地市:淮南市&#10;所属河流:淮河'>石头埠(老)</span>", "12-17 08:00", "", "<span data-toggle='tooltip' data-placement='right' title='原始值：6.23713'>6.2</span>", "<span data-toggle='tooltip' data-placement='right' title='原始值：7.55628'>7.56</span>", "<span data-toggle='tooltip' data-placement='right' title='原始值：6.43002'>6.43</span>", "<span data-toggle='tooltip' data-placement='right' title='原始值：291.4508'>291.5</span>", "<span data-toggle='tooltip' data-placement='right' title='原始值：30.62507'>30.6</span>", "<span data-toggle='tooltip' data-placement='right' title='极值过滤'>--</span>", "<span data-toggle='tooltip' data-placement='right' title='原始值：0.31'>0.310</span>", "*", "*", "*", "*", "维护"], ["安徽省", "淮河流域", "<span data-toggle='tooltip' data-placement='right' title='所在地市:淮北市&#10;所属河流:沱河'>小王桥</span>", "12-17 08:00", "", "<span data-toggle='tooltip' data-placement='right' title='原始值：5.43'>5.4</span>", "<span data-toggle='tooltip' data-placement='right' title='原始值：8.27'>8.27</span>", "<span data-toggle='tooltip' data-placement='right' title='原始值：12.35'>12.35</span>", "<span data-toggle='tooltip' data-placement='right' title='原始值：1862.27'>1862.3</span>", "<span data-toggle='tooltip' data-placement='right' title='原始值：16.99'>17.0</span>", "<span data-toggle='tooltip' data-placement='right' title='原始值：6.485'>6.48</span>", "<span data-toggle='tooltip' data-placement='right' title='极值过滤'>--</span>", "<span data-toggle='tooltip' data-placement='right' title='原始值：0.086'>0.086</span>", "<span data-toggle='tooltip' data-placement='right' title='原始值：1.158'>1.16</span>", "*", "*", "维护"], ["安徽省", "长江流域", "<span data-toggle='tooltip' data-placement='right' title='所在地市:安庆市&#10;所属河流:长江'>皖河口</span>", "12-17 08:00", "Ⅱ", "<span data-toggle='tooltip' data-placement='right' title='原始值：10.97'>11.0</span>", "<span data-toggle='tooltip' data-placement='right' title='原始值：7.645'>7.64</span>", "<span data-toggle='tooltip' data-placement='right' title='原始值：9.07'>9.07</span>", "<span data-toggle='tooltip' data-placement='right' title='原始值：320.37'>320.4</span>", "<span data-toggle='tooltip' data-placement='right' title='原始值：32.65'>32.6</span>", "<span data-toggle='tooltip' data-placement='right' title='原始值：1.868'>1.87</span>", "<span data-toggle='tooltip' data-placement='right' title='原始值：0.066'>0.066</span>", "<span data-toggle='tooltip' data-placement='right' title='原始值：0.0713'>0.071</span>", "<span data-toggle='tooltip' data-placement='right' title='原始值：2.626'>2.63</span>", "*", "*", "正常"], ["安徽省", "淮河流域", "<span data-toggle='tooltip' data-placement='right' title='所在地市:滁州市&#10;所属河流:淮河'>小柳巷</span>", "12-17 08:00", "Ⅲ", "<span data-toggle='tooltip' data-placement='right' title='原始值：9.3'>9.3</span>", "<span data-toggle='tooltip' data-placement='right' title='原始值：7.39'>7.39</span>", "<span data-toggle='tooltip' data-placement='right' title='原始值：10.35'>10.35</span>", "<span data-toggle='tooltip' data-placement='right' title='原始值：533.9'>533.9</span>", "<span data-toggle='tooltip' data-placement='right' title='原始值：92.54'>92.5</span>", "<span data-toggle='tooltip' data-placement='right' title='原始值：1.79'>1.79</span>", "<span data-toggle='tooltip' data-placement='right' title='原始值：0.064'>0.064</span>", "<span data-toggle='tooltip' data-placement='right' title='原始值：0.106'>0.106</span>", "<span data-toggle='tooltip' data-placement='right' title='原始值：1.957'>1.96</span>", "*", "*", "正常"], ["安徽省", "淮河流域", "<span data-toggle='tooltip' data-placement='right' title='所在地市:阜阳市&#10;所属河流:黑茨河'>张大桥</span>", null, "", "--", "--", "--", "--", "--", "--", "--", "--", "--", "*", "*", "停站"], ["安徽省", "淮河流域", "<span data-toggle='tooltip' data-placement='right' title='所在地市:阜阳市&#10;所属河流:淮河'>王家坝</span>", "12-17 08:00", "Ⅲ", "<span data-toggle='tooltip' data-placement='right' title='原始值：6.4'>6.4</span>", "<span data-toggle='tooltip' data-placement='right' title='原始值：7.55489'>7.55</span>", "<span data-toggle='tooltip' data-placement='right' title='原始值：8.83917'>8.84</span>", "<span data-toggle='tooltip' data-placement='right' title='原始值：391.2103'>391.2</span>", "<span data-toggle='tooltip' data-placement='right' title='原始值：7.88188'>7.9</span>", "<span data-toggle='tooltip' data-placement='right' title='原始值：4'>4.00</span>", "<span data-toggle='tooltip' data-placement='right' title='原始值：0.527'>0.527</span>", "<span data-toggle='tooltip' data-placement='right' title='原始值：0.08821'>0.088</span>", "<span data-toggle='tooltip' data-placement='right' title='原始值：3.16711'>3.17</span>", "*", "*", "正常"], ["安徽省", "淮河流域", "<span data-toggle='tooltip' data-placement='right' title='所在地市:阜阳市&#10;所属河流:颍河'>界首七渡口(七渡口)</span>", "12-17 08:00", "劣Ⅴ", "<span data-toggle='tooltip' data-placement='right' title='原始值：8.19004'>8.2</span>", "<span data-toggle='tooltip' data-placement='right' title='原始值：9.28977'>9.29</span>", "<span data-toggle='tooltip' data-placement='right' title='原始值：4.06361'>4.06</span>", "<span data-toggle='tooltip' data-placement='right' title='原始值：855.9076'>855.9</span>", "<span data-toggle='tooltip' data-placement='right' title='原始值：39.12003'>39.1</span>", "<span data-toggle='tooltip' data-placement='right' title='原始值：3.69'>3.69</span>", "<span data-toggle='tooltip' data-placement='right' title='原始值：0.8'>0.800</span>", "<span data-toggle='tooltip' data-placement='right' title='原始值：0.10427'>0.104</span>", "<span data-toggle='tooltip' data-placement='right' title='极值过滤'>--</span>", "*", "*", "维护"], ["安徽省", "淮河流域", "<span data-toggle='tooltip' data-placement='right' title='所在地市:阜阳市&#10;所属河流:泉河'>许庄(徐庄)</span>", "12-17 08:00", "劣Ⅴ", "<span data-toggle='tooltip' data-placement='right' title='原始值：5.2'>5.2</span>", "<span data-toggle='tooltip' data-placement='right' title='原始值：8.03'>8.03</span>", "<span data-toggle='tooltip' data-placement='right' title='原始值：13.07'>13.07</span>", "<span data-toggle='tooltip' data-placement='right' title='原始值：1037.5'>1037.5</span>", "<span data-toggle='tooltip' data-placement='right' title='原始值：706.82'>706.8</span>", "<span data-toggle='tooltip' data-placement='right' title='原始值：9.7'>9.70</span>", "<span data-toggle='tooltip' data-placement='right' title='原始值：1.36'>1.360</span>", "<span data-toggle='tooltip' data-placement='right' title='原始值：0.405'>0.405</span>", "<span data-toggle='tooltip' data-placement='right' title='原始值：3.339'>3.34</span>", "*", "*", "正常"], ["安徽省", "淮河流域", "<span data-toggle='tooltip' data-placement='right' title='所在地市:宿州市&#10;所属河流:奎河'>杨庄</span>", "12-17 08:00", "Ⅳ", "<span data-toggle='tooltip' data-placement='right' title='原始值：7.8'>7.8</span>", "<span data-toggle='tooltip' data-placement='right' title='原始值：7.91'>7.91</span>", "<span data-toggle='tooltip' data-placement='right' title='原始值：10.45'>10.45</span>", "<span data-toggle='tooltip' data-placement='right' title='原始值：1021'>1021.0</span>", "<span data-toggle='tooltip' data-placement='right' title='原始值：56.89'>56.9</span>", "<span data-toggle='tooltip' data-placement='right' title='原始值：4.35'>4.35</span>", "<span data-toggle='tooltip' data-placement='right' title='原始值：1.086'>1.086</span>", "*", "*", "*", "*", "正常"], ["安徽省", "淮河流域", "<span data-toggle='tooltip' data-placement='right' title='所在地市:宿州市&#10;所属河流:新汴河'>泗县公路桥</span>", "12-17 08:00", "Ⅲ", "<span data-toggle='tooltip' data-placement='right' title='原始值：5.72'>5.7</span>", "<span data-toggle='tooltip' data-placement='right' title='原始值：8.13'>8.13</span>", "<span data-toggle='tooltip' data-placement='right' title='原始值：11.69'>11.69</span>", "<span data-toggle='tooltip' data-placement='right' title='原始值：963.3'>963.3</span>", "<span data-toggle='tooltip' data-placement='right' title='原始值：9.85'>9.8</span>", "<span data-toggle='tooltip' data-placement='right' title='原始值：4.98'>4.98</span>", "<span data-toggle='tooltip' data-placement='right' title='原始值：0.069'>0.069</span>", "*", "*", "*", "*", "正常"], ["安徽省", "淮河流域", "<span data-toggle='tooltip' data-placement='right' title='所在地市:亳州市&#10;所属河流:包河'>颜集</span>", "12-17 08:00", "", "<span data-toggle='tooltip' data-placement='right' title='原始值：14.6'>14.6</span>", "<span data-toggle='tooltip' data-placement='right' title='原始值：7.47'>7.47</span>", "<span data-toggle='tooltip' data-placement='right' title='极值过滤'>--</span>", "<span data-toggle='tooltip' data-placement='right' title='原始值：1322.7'>1322.7</span>", "<span data-toggle='tooltip' data-placement='right' title='原始值：327.83'>327.8</span>", "<span data-toggle='tooltip' data-placement='right' title='极值过滤'>--</span>", "<span data-toggle='tooltip' data-placement='right' title='原始值：1.45'>1.450</span>", "<span data-toggle='tooltip' data-placement='right' title='极值过滤'>--</span>", "<span data-toggle='tooltip' data-placement='right' title='原始值：5.975'>5.98</span>", "*", "*", "维护"], ["福建省", "浙闽片河流", "<span data-toggle='tooltip' data-placement='right' title='所在地市:福州市&#10;所属河流:闽江'>白岩潭</span>", "12-17 08:00", "", "<span data-toggle='tooltip' data-placement='right' title='原始值：18.38'>18.4</span>", "<span data-toggle='tooltip' data-placement='right' title='原始值：7.13'>7.13</span>", "<span data-toggle='tooltip' data-placement='right' title='原始值：7.04'>7.04</span>", "<span data-toggle='tooltip' data-placement='right' title='极值过滤'>--</span>", "<span data-toggle='tooltip' data-placement='right' title='原始值：95.48'>95.5</span>", "<span data-toggle='tooltip' data-placement='right' title='极值过滤'>--</span>", "<span data-toggle='tooltip' data-placement='right' title='原始值：0.279'>0.279</span>", "*", "*", "*", "*", "维护"], ["江西省", "长江流域", "<span data-toggle='tooltip' data-placement='right' title='所在地市:南昌市&#10;所属河流:赣江南支'>滁槎</span>", "12-17 08:00", "Ⅲ", "<span data-toggle='tooltip' data-placement='right' title='原始值：13.9644'>14.0</span>", "<span data-toggle='tooltip' data-placement='right' title='原始值：6.33354'>6.33</span>", "<span data-toggle='tooltip' data-placement='right' title='原始值：8.92468'>8.92</span>", "<span data-toggle='tooltip' data-placement='right' title='原始值：193.3944'>193.4</span>", "<span data-toggle='tooltip' data-placement='right' title='原始值：55.23624'>55.2</span>", "<span data-toggle='tooltip' data-placement='right' title='原始值：2.78'>2.78</span>", "<span data-toggle='tooltip' data-placement='right' title='原始值：0.43'>0.430</span>", "<span data-toggle='tooltip' data-placement='right' title='原始值：0.1745'>0.174</span>", "<span data-toggle='tooltip' data-placement='right' title='原始值：1.1725'>1.17</span>", "*", "*", "正常"], ["江西省", "长江流域", "<span data-toggle='tooltip' data-placement='right' title='所在地市:九江市&#10;所属河流:长江'>姚港(河西水厂)</span>", "12-17 08:00", "Ⅲ", "<span data-toggle='tooltip' data-placement='right' title='原始值：10.98'>11.0</span>", "<span data-toggle='tooltip' data-placement='right' title='原始值：7.56'>7.56</span>", "<span data-toggle='tooltip' data-placement='right' title='原始值：11.1'>11.10</span>", "<span data-toggle='tooltip' data-placement='right' title='原始值：356.29'>356.3</span>", "<span data-toggle='tooltip' data-placement='right' title='原始值：47.26'>47.3</span>", "<span data-toggle='tooltip' data-placement='right' title='原始值：1.191'>1.19</span>", "<span data-toggle='tooltip' data-placement='right' title='原始值：0.094'>0.094</span>", "<span data-toggle='tooltip' data-placement='right' title='原始值：0.106'>0.106</span>", "<span data-toggle='tooltip' data-placement='right' title='原始值：2.25'>2.25</span>", "*", "*", "正常"], ["江西省", "长江流域", "<span data-toggle='tooltip' data-placement='right' title='所在地市:九江市&#10;所属河流:鄱阳湖'>蛤蟆石</span>", "12-17 08:00", "Ⅳ", "<span data-toggle='tooltip' data-placement='right' title='原始值：8.26'>8.3</span>", "<span data-toggle='tooltip' data-placement='right' title='原始值：7.45'>7.45</span>", "<span data-toggle='tooltip' data-placement='right' title='原始值：11.36'>11.36</span>", "<span data-toggle='tooltip' data-placement='right' title='原始值：214.39'>214.4</span>", "<span data-toggle='tooltip' data-placement='right' title='原始值：68.13'>68.1</span>", "<span data-toggle='tooltip' data-placement='right' title='原始值：1.864'>1.86</span>", "<span data-toggle='tooltip' data-placement='right' title='原始值：0.274'>0.274</span>", "<span data-toggle='tooltip' data-placement='right' title='原始值：0.0524'>0.052</span>", "<span data-toggle='tooltip' data-placement='right' title='原始值：2.044'>2.04</span>", "<span data-toggle='tooltip' data-placement='right' title='原始值：0.00105'>0.001</span>", "<span data-toggle='tooltip' data-placement='right' title='原始值：1025939'>1025939</span>", "正常"], ["山东省", "黄河流域", "<span data-toggle='tooltip' data-placement='right' title='所在地市:济南市&#10;所属河流:黄河'>泺口</span>", "12-17 08:00", "劣Ⅴ", "<span data-toggle='tooltip' data-placement='right' title='原始值：13.8439'>13.8</span>", "<span data-toggle='tooltip' data-placement='right' title='原始值：8.1948'>8.19</span>", "<span data-toggle='tooltip' data-placement='right' title='原始值：10.3881'>10.39</span>", "<span data-toggle='tooltip' data-placement='right' title='原始值：815.118'>815.1</span>", "<span data-toggle='tooltip' data-placement='right' title='原始值：28.1037'>28.1</span>", "<span data-toggle='tooltip' data-placement='right' title='原始值：7.52'>7.52</span>", "<span data-toggle='tooltip' data-placement='right' title='原始值：2.25567'>2.256</span>", "<span data-toggle='tooltip' data-placement='right' title='原始值：0.0367'>0.037</span>", "<span data-toggle='tooltip' data-placement='right' title='原始值：3.654'>3.65</span>", "*", "*", "正常"], ["山东省", "淮河流域", "<span data-toggle='tooltip' data-placement='right' title='所在地市:枣庄市&#10;所属河流:京杭大运河（韩庄运河）'>台儿庄大桥</span>", "12-17 08:00", "Ⅱ", "<span data-toggle='tooltip' data-placement='right' title='原始值：6.66254'>6.7</span>", "<span data-toggle='tooltip' data-placement='right' title='原始值：8.1305'>8.13</span>", "<span data-toggle='tooltip' data-placement='right' title='原始值：11.22443'>11.22</span>", "<span data-toggle='tooltip' data-placement='right' title='原始值：955.6649'>955.7</span>", "<span data-toggle='tooltip' data-placement='right' title='原始值：17.4873'>17.5</span>", "<span data-toggle='tooltip' data-placement='right' title='原始值：2.66177'>2.66</span>", "<span data-toggle='tooltip' data-placement='right' title='原始值：0.10428'>0.104</span>", "<span data-toggle='tooltip' data-placement='right' title='原始值：0.05081'>0.051</span>", "<span data-toggle='tooltip' data-placement='right' title='原始值：3.31265'>3.31</span>", "*", "*", "正常"], ["山东省", "淮河流域", "<span data-toggle='tooltip' data-placement='right' title='所在地市:临沂市&#10;所属河流:沭河'>清泉寺</span>", "12-17 08:00", "Ⅲ", "<span data-toggle='tooltip' data-placement='right' title='原始值：8.58912'>8.6</span>", "<span data-toggle='tooltip' data-placement='right' title='原始值：8.86872'>8.87</span>", "<span data-toggle='tooltip' data-placement='right' title='原始值：12.58702'>12.59</span>", "<span data-toggle='tooltip' data-placement='right' title='原始值：1005.336'>1005.3</span>", "<span data-toggle='tooltip' data-placement='right' title='原始值：6.99229'>7.0</span>", "<span data-toggle='tooltip' data-placement='right' title='原始值：5.22'>5.22</span>", "<span data-toggle='tooltip' data-placement='right' title='原始值：0.1'>0.100</span>", "*", "*", "*", "*", "正常"], ["山东省", "淮河流域", "<span data-toggle='tooltip' data-placement='right' title='所在地市:临沂市&#10;所属河流:沂河'>重坊桥</span>", "12-17 08:00", "Ⅱ", "<span data-toggle='tooltip' data-placement='right' title='原始值：4.55608'>4.6</span>", "<span data-toggle='tooltip' data-placement='right' title='原始值：8.78999'>8.79</span>", "<span data-toggle='tooltip' data-placement='right' title='原始值：17.25719'>17.26</span>", "<span data-toggle='tooltip' data-placement='right' title='原始值：711.2897'>711.3</span>", "<span data-toggle='tooltip' data-placement='right' title='原始值：4.71682'>4.7</span>", "<span data-toggle='tooltip' data-placement='right' title='原始值：2.69'>2.69</span>", "<span data-toggle='tooltip' data-placement='right' title='原始值：0.15488'>0.155</span>", "*", "*", "*", "*", "正常"], ["山东省", "淮河流域", "<span data-toggle='tooltip' data-placement='right' title='所在地市:临沂市&#10;所属河流:白马河'>捷庄(涝沟桥)</span>", "12-17 08:00", "Ⅲ", "<span data-toggle='tooltip' data-placement='right' title='原始值：4.4'>4.4</span>", "<span data-toggle='tooltip' data-placement='right' title='原始值：8.22'>8.22</span>", "<span data-toggle='tooltip' data-placement='right' title='原始值：15.25976'>15.26</span>", "<span data-toggle='tooltip' data-placement='right' title='原始值：808.004'>808.0</span>", "<span data-toggle='tooltip' data-placement='right' title='原始值：10.37343'>10.4</span>", "<span data-toggle='tooltip' data-placement='right' title='原始值：5.58'>5.58</span>", "<span data-toggle='tooltip' data-placement='right' title='原始值：0.06394'>0.064</span>", "<span data-toggle='tooltip' data-placement='right' title='原始值：0.10976'>0.110</span>", "<span data-toggle='tooltip' data-placement='right' title='原始值：6.02944'>6.03</span>", "*", "*", "正常"], ["山东省", "海河流域", "<span data-toggle='tooltip' data-placement='right' title='所在地市:聊城市&#10;所属河流:卫运河'>秤勾湾(秤钩湾)</span>", null, "", "--", "--", "--", "--", "--", "--", "--", "--", "--", "*", "*", "停站"], ["河南省", "长江流域", "<span data-toggle='tooltip' data-placement='right' title='所在地市:南阳市&#10;所属河流:丹江口水库'>陶岔</span>", "12-17 04:00", "Ⅱ", "<span data-toggle='tooltip' data-placement='right' title='原始值：17.37'>17.4</span>", "<span data-toggle='tooltip' data-placement='right' title='原始值：7.92294'>7.92</span>", "<span data-toggle='tooltip' data-placement='right' title='原始值：8.39222'>8.39</span>", "<span data-toggle='tooltip' data-placement='right' title='原始值：264.1949'>264.2</span>", "<span data-toggle='tooltip' data-placement='right' title='原始值：2.24554'>2.2</span>", "<span data-toggle='tooltip' data-placement='right' title='原始值：1.33'>1.33</span>", "<span data-toggle='tooltip' data-placement='right' title='原始值：0.15411'>0.154</span>", "<span data-toggle='tooltip' data-placement='right' title='原始值：0.0085'>0.008</span>", "<span data-toggle='tooltip' data-placement='right' title='原始值：1.1258'>1.13</span>", "<span data-toggle='tooltip' data-placement='right' title='原始值：0.00896'>0.009</span>", "<span data-toggle='tooltip' data-placement='right' title='原始值：409102.6'>409103</span>", "正常"], ["河南省", "淮河流域", "<span data-toggle='tooltip' data-placement='right' title='所在地市:商丘市&#10;所属河流:浍河'>黄口</span>", "12-17 08:00", "Ⅳ", "<span data-toggle='tooltip' data-placement='right' title='原始值：5.11289'>5.1</span>", "<span data-toggle='tooltip' data-placement='right' title='原始值：7.38004'>7.38</span>", "<span data-toggle='tooltip' data-placement='right' title='原始值：10.52863'>10.53</span>", "<span data-toggle='tooltip' data-placement='right' title='原始值：1614.871'>1614.9</span>", "<span data-toggle='tooltip' data-placement='right' title='原始值：24.94375'>24.9</span>", "<span data-toggle='tooltip' data-placement='right' title='原始值：6.21'>6.21</span>", "<span data-toggle='tooltip' data-placement='right' title='原始值：0.02298'>0.023</span>", "<span data-toggle='tooltip' data-placement='right' title='原始值：0.0712'>0.071</span>", "<span data-toggle='tooltip' data-placement='right' title='原始值：3.60677'>3.61</span>", "*", "*", "正常"], ["河南省", "淮河流域", "<span data-toggle='tooltip' data-placement='right' title='所在地市:信阳市&#10;所属河流:史灌河'>蒋集</span>", "12-17 08:00", "Ⅲ", "<span data-toggle='tooltip' data-placement='right' title='原始值：5.71332'>5.7</span>", "<span data-toggle='tooltip' data-placement='right' title='原始值：7.2205'>7.22</span>", "<span data-toggle='tooltip' data-placement='right' title='原始值：8.16'>8.16</span>", "<span data-toggle='tooltip' data-placement='right' title='原始值：283.0937'>283.1</span>", "<span data-toggle='tooltip' data-placement='right' title='原始值：244.3952'>244.4</span>", "<span data-toggle='tooltip' data-placement='right' title='原始值：2.99'>2.99</span>", "<span data-toggle='tooltip' data-placement='right' title='原始值：0.54582'>0.546</span>", "*", "*", "*", "*", "正常"], ["河南省", "淮河流域", "<span data-toggle='tooltip' data-placement='right' title='所在地市:信阳市&#10;所属河流:淮河'>淮滨水文站(淮滨)</span>", "12-17 08:00", "Ⅲ", "<span data-toggle='tooltip' data-placement='right' title='原始值：7.79375'>7.8</span>", "<span data-toggle='tooltip' data-placement='right' title='原始值：7.37'>7.37</span>", "<span data-toggle='tooltip' data-placement='right' title='原始值：10.99062'>10.99</span>", "<span data-toggle='tooltip' data-placement='right' title='原始值：300'>300.0</span>", "<span data-toggle='tooltip' data-placement='right' title='原始值：43.84998'>43.8</span>", "<span data-toggle='tooltip' data-placement='right' title='原始值：3.00643'>3.01</span>", "<span data-toggle='tooltip' data-placement='right' title='原始值：0.6794'>0.679</span>", "<span data-toggle='tooltip' data-placement='right' title='原始值：0.09247'>0.092</span>", "<span data-toggle='tooltip' data-placement='right' title='原始值：1.73234'>1.73</span>", "*", "*", "正常"], ["河南省", "淮河流域", "<span data-toggle='tooltip' data-placement='right' title='所在地市:周口市&#10;所属河流:沙河'>沈丘闸</span>", "12-17 08:00", "Ⅲ", "<span data-toggle='tooltip' data-placement='right' title='原始值：9.98572'>10.0</span>", "<span data-toggle='tooltip' data-placement='right' title='原始值：7.60269'>7.60</span>", "<span data-toggle='tooltip' data-placement='right' title='原始值：8.14374'>8.14</span>", "<span data-toggle='tooltip' data-placement='right' title='原始值：918.0728'>918.1</span>", "<span data-toggle='tooltip' data-placement='right' title='原始值：9.05455'>9.1</span>", "<span data-toggle='tooltip' data-placement='right' title='原始值：3.84'>3.84</span>", "<span data-toggle='tooltip' data-placement='right' title='原始值：0.75'>0.750</span>", "*", "*", "*", "*", "正常"], ["河南省", "淮河流域", "<span data-toggle='tooltip' data-placement='right' title='所在地市:周口市&#10;所属河流:涡河'>鹿邑付桥(鹿邑付桥闸)</span>", "12-17 08:00", "Ⅲ", "<span data-toggle='tooltip' data-placement='right' title='原始值：6.40331'>6.4</span>", "<span data-toggle='tooltip' data-placement='right' title='原始值：8.40865'>8.41</span>", "<span data-toggle='tooltip' data-placement='right' title='原始值：10.0865'>10.09</span>", "<span data-toggle='tooltip' data-placement='right' title='原始值：1542.303'>1542.3</span>", "<span data-toggle='tooltip' data-placement='right' title='原始值：5.74848'>5.7</span>", "<span data-toggle='tooltip' data-placement='right' title='原始值：5.11'>5.11</span>", "<span data-toggle='tooltip' data-placement='right' title='原始值：0.26'>0.260</span>", "<span data-toggle='tooltip' data-placement='right' title='原始值：0.0563'>0.056</span>", "<span data-toggle='tooltip' data-placement='right' title='原始值：1.01804'>1.02</span>", "*", "*", "正常"], ["河南省", "淮河流域", "<span data-toggle='tooltip' data-placement='right' title='所在地市:驻马店市&#10;所属河流:洪河'>新蔡班台(班台)</span>", "12-17 08:00", "", "<span data-toggle='tooltip' data-placement='right' title='原始值：7.68143'>7.7</span>", "<span data-toggle='tooltip' data-placement='right' title='原始值：7.69236'>7.69</span>", "<span data-toggle='tooltip' data-placement='right' title='原始值：12.66217'>12.66</span>", "<span data-toggle='tooltip' data-placement='right' title='原始值：508.4142'>508.4</span>", "<span data-toggle='tooltip' data-placement='right' title='原始值：16.21335'>16.2</span>", "<span data-toggle='tooltip' data-placement='right' title='原始值：4.125'>4.12</span>", "<span data-toggle='tooltip' data-placement='right' title='极值过滤'>--</span>", "<span data-toggle='tooltip' data-placement='right' title='极值过滤'>--</span>", "<span data-toggle='tooltip' data-placement='right' title='极值过滤'>--</span>", "*", "*", "维护"], ["河南省", "黄河流域", "<span data-toggle='tooltip' data-placement='right' title='所在地市:济源市&#10;所属河流:黄河'>小浪底水库(小浪底)</span>", "12-17 08:00", "Ⅱ", "<span data-toggle='tooltip' data-placement='right' title='原始值：7.67892'>7.7</span>", "<span data-toggle='tooltip' data-placement='right' title='原始值：8.2894'>8.29</span>", "<span data-toggle='tooltip' data-placement='right' title='原始值：10.16585'>10.17</span>", "<span data-toggle='tooltip' data-placement='right' title='原始值：733.1788'>733.2</span>", "<span data-toggle='tooltip' data-placement='right' title='原始值：8.02225'>8.0</span>", "<span data-toggle='tooltip' data-placement='right' title='原始值：2.56125'>2.56</span>", "<span data-toggle='tooltip' data-placement='right' title='原始值：0.37'>0.370</span>", "<span data-toggle='tooltip' data-placement='right' title='原始值：0.015'>0.015</span>", "<span data-toggle='tooltip' data-placement='right' title='原始值：3.2925'>3.29</span>", "*", "*", "正常"], ["湖北省", "长江流域", "<span data-toggle='tooltip' data-placement='right' title='所在地市:武汉市&#10;所属河流:汉江'>宗关</span>", "12-17 08:00", "Ⅳ", "<span data-toggle='tooltip' data-placement='right' title='原始值：9.11'>9.1</span>", "<span data-toggle='tooltip' data-placement='right' title='原始值：7.901775'>7.90</span>", "<span data-toggle='tooltip' data-placement='right' title='原始值：10.87785'>10.88</span>", "<span data-toggle='tooltip' data-placement='right' title='原始值：409.6371'>409.6</span>", "<span data-toggle='tooltip' data-placement='right' title='原始值：22.68452'>22.7</span>", "<span data-toggle='tooltip' data-placement='right' title='原始值：2.4'>2.40</span>", "<span data-toggle='tooltip' data-placement='right' title='原始值：0.121'>0.121</span>", "<span data-toggle='tooltip' data-placement='right' title='原始值：0.212'>0.212</span>", "<span data-toggle='tooltip' data-placement='right' title='原始值：2.286946'>2.29</span>", "<span data-toggle='tooltip' data-placement='right' title='原始值：0.0021875'>0.002</span>", "*", "正常"], ["湖北省", "长江流域", "<span data-toggle='tooltip' data-placement='right' title='所在地市:十堰市&#10;所属河流:丹江口水库'>坝上中(胡家岭)</span>", null, "", "--", "--", "--", "--", "--", "--", "--", "--", "--", "--", "--", "维护"], ["湖北省", "长江流域", "<span data-toggle='tooltip' data-placement='right' title='所在地市:宜昌市&#10;所属河流:长江'>南津关</span>", "12-17 08:00", "Ⅱ", "<span data-toggle='tooltip' data-placement='right' title='原始值：17'>17.0</span>", "<span data-toggle='tooltip' data-placement='right' title='原始值：8.002407'>8.00</span>", "<span data-toggle='tooltip' data-placement='right' title='原始值：8.44676'>8.45</span>", "<span data-toggle='tooltip' data-placement='right' title='原始值：415.435'>415.4</span>", "<span data-toggle='tooltip' data-placement='right' title='原始值：2.474955'>2.5</span>", "<span data-toggle='tooltip' data-placement='right' title='原始值：1.72'>1.72</span>", "<span data-toggle='tooltip' data-placement='right' title='原始值：0.11'>0.110</span>", "<span data-toggle='tooltip' data-placement='right' title='原始值：0.043'>0.043</span>", "<span data-toggle='tooltip' data-placement='right' title='原始值：1.559'>1.56</span>", "<span data-toggle='tooltip' data-placement='right' title='原始值：0.0032883'>0.003</span>", "*", "正常"], ["湖南省", "长江流域", "<span data-toggle='tooltip' data-placement='right' title='所在地市:长沙市&#10;所属河流:湘江'>新港</span>", "12-17 08:00", "Ⅱ", "<span data-toggle='tooltip' data-placement='right' title='原始值：11.72'>11.7</span>", "<span data-toggle='tooltip' data-placement='right' title='原始值：7.64'>7.64</span>", "<span data-toggle='tooltip' data-placement='right' title='原始值：9.42'>9.42</span>", "<span data-toggle='tooltip' data-placement='right' title='原始值：270.72'>270.7</span>", "<span data-toggle='tooltip' data-placement='right' title='原始值：29.12'>29.1</span>", "<span data-toggle='tooltip' data-placement='right' title='原始值：1.86'>1.86</span>", "<span data-toggle='tooltip' data-placement='right' title='原始值：0.19'>0.190</span>", "<span data-toggle='tooltip' data-placement='right' title='原始值：0.051'>0.051</span>", "<span data-toggle='tooltip' data-placement='right' title='原始值：2.27'>2.27</span>", "*", "*", "正常"], ["湖南省", "长江流域", "<span data-toggle='tooltip' data-placement='right' title='所在地市:岳阳市&#10;所属河流:洞庭湖'>岳阳楼</span>", "12-17 08:00", "Ⅴ", "<span data-toggle='tooltip' data-placement='right' title='原始值：8.79'>8.8</span>", "<span data-toggle='tooltip' data-placement='right' title='原始值：8.028088'>8.03</span>", "<span data-toggle='tooltip' data-placement='right' title='原始值：10.42845'>10.43</span>", "<span data-toggle='tooltip' data-placement='right' title='原始值：269.8523'>269.9</span>", "<span data-toggle='tooltip' data-placement='right' title='原始值：51.43001'>51.4</span>", "<span data-toggle='tooltip' data-placement='right' title='原始值：2.2'>2.20</span>", "<span data-toggle='tooltip' data-placement='right' title='原始值：0.019'>0.019</span>", "<span data-toggle='tooltip' data-placement='right' title='原始值：0.106'>0.106</span>", "<span data-toggle='tooltip' data-placement='right' title='原始值：2.544'>2.54</span>", "<span data-toggle='tooltip' data-placement='right' title='原始值：0.0027969'>0.003</span>", "<span data-toggle='tooltip' data-placement='right' title='原始值：290.225'>290</span>", "正常"], ["湖南省", "长江流域", "<span data-toggle='tooltip' data-placement='right' title='所在地市:岳阳市&#10;所属河流:长江'>城陵矶</span>", "12-17 08:00", "Ⅲ", "<span data-toggle='tooltip' data-placement='right' title='原始值：10.22'>10.2</span>", "<span data-toggle='tooltip' data-placement='right' title='原始值：7.770445'>7.77</span>", "<span data-toggle='tooltip' data-placement='right' title='原始值：10.96433'>10.96</span>", "<span data-toggle='tooltip' data-placement='right' title='原始值：309.719'>309.7</span>", "<span data-toggle='tooltip' data-placement='right' title='原始值：49.80413'>49.8</span>", "<span data-toggle='tooltip' data-placement='right' title='原始值：2.51'>2.51</span>", "<span data-toggle='tooltip' data-placement='right' title='原始值：0.019'>0.019</span>", "<span data-toggle='tooltip' data-placement='right' title='原始值：0.147'>0.147</span>", "<span data-toggle='tooltip' data-placement='right' title='原始值：1.8911'>1.89</span>", "*", "*", "正常"], ["广东省", "珠江流域", "<span data-toggle='tooltip' data-placement='right' title='所在地市:清远市&#10;所属河流:北江'>七星岗</span>", "12-17 08:00", "Ⅱ", "<span data-toggle='tooltip' data-placement='right' title='原始值：16.59267'>16.6</span>", "<span data-toggle='tooltip' data-placement='right' title='原始值：7.75575'>7.76</span>", "<span data-toggle='tooltip' data-placement='right' title='原始值：9.6671'>9.67</span>", "<span data-toggle='tooltip' data-placement='right' title='原始值：276.5395'>276.5</span>", "<span data-toggle='tooltip' data-placement='right' title='原始值：32.23598'>32.2</span>", "<span data-toggle='tooltip' data-placement='right' title='原始值：1.43'>1.43</span>", "<span data-toggle='tooltip' data-placement='right' title='原始值：0.13733'>0.137</span>", "<span data-toggle='tooltip' data-placement='right' title='原始值：0.04409'>0.044</span>", "<span data-toggle='tooltip' data-placement='right' title='原始值：2.5623'>2.56</span>", "*", "*", "正常"], ["广东省", "珠江流域", "<span data-toggle='tooltip' data-placement='right' title='所在地市:中山市&#10;所属河流:西江'>横栏</span>", null, "", "--", "--", "--", "--", "--", "--", "--", "*", "*", "*", "*", "维护"], ["广西壮族自治区", "珠江流域", "<span data-toggle='tooltip' data-placement='right' title='所在地市:南宁市&#10;所属河流:邕江'>老口</span>", "12-17 08:00", "", "<span data-toggle='tooltip' data-placement='right' title='原始值：18.64448'>18.6</span>", "<span data-toggle='tooltip' data-placement='right' title='原始值：8.04479'>8.04</span>", "<span data-toggle='tooltip' data-placement='right' title='原始值：8.21304'>8.21</span>", "<span data-toggle='tooltip' data-placement='right' title='原始值：332.9146'>332.9</span>", "<span data-toggle='tooltip' data-placement='right' title='原始值：6.87655'>6.9</span>", "<span data-toggle='tooltip' data-placement='right' title='原始值：1.6022'>1.60</span>", "<span data-toggle='tooltip' data-placement='right' title='极值过滤'>--</span>", "<span data-toggle='tooltip' data-placement='right' title='原始值：0.02325'>0.023</span>", "<span data-toggle='tooltip' data-placement='right' title='原始值：1.35444'>1.35</span>", "*", "*", "维护"], ["广西壮族自治区", "珠江流域", "<span data-toggle='tooltip' data-placement='right' title='所在地市:桂林市&#10;所属河流:漓江'>阳朔</span>", null, "", "--", "--", "--", "--", "--", "--", "--", "--", "--", "*", "*", "停站"], ["广西壮族自治区", "珠江流域", "<span data-toggle='tooltip' data-placement='right' title='所在地市:梧州市&#10;所属河流:浔江'>界首</span>", null, "", "--", "--", "--", "--", "--", "--", "--", "--", "--", "*", "*", "停站"], ["广西壮族自治区", "珠江流域", "<span data-toggle='tooltip' data-placement='right' title='所在地市:贵港市&#10;所属河流:浔江'>石嘴</span>", null, "", "--", "--", "--", "--", "--", "--", "--", "--", "--", "*", "*", "停站"], ["广西壮族自治区", "珠江流域", "<span data-toggle='tooltip' data-placement='right' title='所在地市:崇左市&#10;所属河流:平而河'>平而关</span>", "12-17 08:00", "Ⅱ", "<span data-toggle='tooltip' data-placement='right' title='原始值：17.0696'>17.1</span>", "<span data-toggle='tooltip' data-placement='right' title='原始值：7.97102'>7.97</span>", "<span data-toggle='tooltip' data-placement='right' title='原始值：9.40527'>9.41</span>", "<span data-toggle='tooltip' data-placement='right' title='原始值：253.606'>253.6</span>", "<span data-toggle='tooltip' data-placement='right' title='原始值：18.1774'>18.2</span>", "<span data-toggle='tooltip' data-placement='right' title='原始值：0.68'>0.68</span>", "<span data-toggle='tooltip' data-placement='right' title='原始值：0.16'>0.160</span>", "*", "*", "*", "*", "正常"], ["重庆市", "长江流域", "<span data-toggle='tooltip' data-placement='right' title='所在地市:永川区&#10;所属河流:长江'>朱沱</span>", "12-17 08:00", "Ⅱ", "<span data-toggle='tooltip' data-placement='right' title='原始值：12.72'>12.7</span>", "<span data-toggle='tooltip' data-placement='right' title='原始值：7.61'>7.61</span>", "<span data-toggle='tooltip' data-placement='right' title='原始值：10.75'>10.75</span>", "<span data-toggle='tooltip' data-placement='right' title='原始值：401.99'>402.0</span>", "<span data-toggle='tooltip' data-placement='right' title='原始值：10.46'>10.5</span>", "<span data-toggle='tooltip' data-placement='right' title='原始值：1.723'>1.72</span>", "<span data-toggle='tooltip' data-placement='right' title='原始值：0.003'>0.003</span>", "<span data-toggle='tooltip' data-placement='right' title='原始值：0.057'>0.057</span>", "<span data-toggle='tooltip' data-placement='right' title='原始值：1.465'>1.46</span>", "*", "*", "正常"], ["四川省", "长江流域", "<span data-toggle='tooltip' data-placement='right' title='所在地市:攀枝花市&#10;所属河流:金沙江'>龙洞</span>", "12-17 08:00", "Ⅰ", "<span data-toggle='tooltip' data-placement='right' title='原始值：15.36'>15.4</span>", "<span data-toggle='tooltip' data-placement='right' title='原始值：8.297698'>8.30</span>", "<span data-toggle='tooltip' data-placement='right' title='原始值：8.787115'>8.79</span>", "<span data-toggle='tooltip' data-placement='right' title='原始值：832.821'>832.8</span>", "<span data-toggle='tooltip' data-placement='right' title='原始值：7.624142'>7.6</span>", "<span data-toggle='tooltip' data-placement='right' title='原始值：0.91'>0.91</span>", "<span data-toggle='tooltip' data-placement='right' title='原始值：0.095'>0.095</span>", "<span data-toggle='tooltip' data-placement='right' title='原始值：0.0086683'>0.009</span>", "<span data-toggle='tooltip' data-placement='right' title='原始值：3.04124'>3.04</span>", "*", "*", "正常"], ["四川省", "长江流域", "<span data-toggle='tooltip' data-placement='right' title='所在地市:泸州市&#10;所属河流:沱江'>沱江大桥(沱江二桥)</span>", "12-17 08:00", "Ⅲ", "<span data-toggle='tooltip' data-placement='right' title='原始值：12.73'>12.7</span>", "<span data-toggle='tooltip' data-placement='right' title='原始值：8.123191'>8.12</span>", "<span data-toggle='tooltip' data-placement='right' title='原始值：9.604362'>9.60</span>", "<span data-toggle='tooltip' data-placement='right' title='原始值：571.8373'>571.8</span>", "<span data-toggle='tooltip' data-placement='right' title='原始值：29.44524'>29.4</span>", "<span data-toggle='tooltip' data-placement='right' title='原始值：1.82'>1.82</span>", "<span data-toggle='tooltip' data-placement='right' title='原始值：0.117'>0.117</span>", "<span data-toggle='tooltip' data-placement='right' title='原始值：0.102122'>0.102</span>", "<span data-toggle='tooltip' data-placement='right' title='原始值：3.062343'>3.06</span>", "*", "*", "正常"], ["四川省", "长江流域", "<span data-toggle='tooltip' data-placement='right' title='所在地市:广元市&#10;所属河流:嘉陵江'>清风峡</span>", "12-17 08:00", "Ⅰ", "<span data-toggle='tooltip' data-placement='right' title='原始值：6.45926'>6.5</span>", "<span data-toggle='tooltip' data-placement='right' title='原始值：8.38'>8.38</span>", "<span data-toggle='tooltip' data-placement='right' title='原始值：11.84879'>11.85</span>", "<span data-toggle='tooltip' data-placement='right' title='原始值：406.1204'>406.1</span>", "<span data-toggle='tooltip' data-placement='right' title='原始值：70.50375'>70.5</span>", "<span data-toggle='tooltip' data-placement='right' title='原始值：0.84'>0.84</span>", "<span data-toggle='tooltip' data-placement='right' title='原始值：0.08428'>0.084</span>", "*", "*", "*", "*", "正常"], ["四川省", "长江流域", "<span data-toggle='tooltip' data-placement='right' title='所在地市:乐山市&#10;所属河流:岷江'>岷江大桥</span>", null, "", "--", "--", "--", "--", "--", "--", "--", "--", "--", "*", "*", "停站"], ["四川省", "长江流域", "<span data-toggle='tooltip' data-placement='right' title='所在地市:宜宾市&#10;所属河流:岷江'>凉姜沟</span>", "12-17 08:00", "Ⅲ", "<span data-toggle='tooltip' data-placement='right' title='原始值：11.77'>11.8</span>", "<span data-toggle='tooltip' data-placement='right' title='原始值：8.03873'>8.04</span>", "<span data-toggle='tooltip' data-placement='right' title='原始值：9.076175'>9.08</span>", "<span data-toggle='tooltip' data-placement='right' title='原始值：340.2187'>340.2</span>", "<span data-toggle='tooltip' data-placement='right' title='原始值：44.49533'>44.5</span>", "<span data-toggle='tooltip' data-placement='right' title='原始值：1.56'>1.56</span>", "<span data-toggle='tooltip' data-placement='right' title='原始值：0.254'>0.254</span>", "<span data-toggle='tooltip' data-placement='right' title='原始值：0.122691'>0.123</span>", "<span data-toggle='tooltip' data-placement='right' title='原始值：2.432837'>2.43</span>", "*", "*", "正常"], ["云南省", "滇池流域", "<span data-toggle='tooltip' data-placement='right' title='所在地市:昆明市&#10;所属河流:滇池'>西苑隧道</span>", null, "", "--", "--", "--", "--", "--", "--", "--", "--", "--", "--", "--", "停站"], ["云南省", "滇池流域", "<span data-toggle='tooltip' data-placement='right' title='所在地市:昆明市&#10;所属河流:滇池'>观音山</span>", "12-17 08:00", "劣Ⅴ", "<span data-toggle='tooltip' data-placement='right' title='原始值：13.71707'>13.7</span>", "<span data-toggle='tooltip' data-placement='right' title='原始值：9.27174'>9.27</span>", "<span data-toggle='tooltip' data-placement='right' title='原始值：7.409'>7.41</span>", "<span data-toggle='tooltip' data-placement='right' title='原始值：393.803'>393.8</span>", "<span data-toggle='tooltip' data-placement='right' title='原始值：51.548'>51.5</span>", "<span data-toggle='tooltip' data-placement='right' title='原始值：8.04345'>8.04</span>", "<span data-toggle='tooltip' data-placement='right' title='原始值：0.57'>0.570</span>", "<span data-toggle='tooltip' data-placement='right' title='原始值：0.111'>0.111</span>", "<span data-toggle='tooltip' data-placement='right' title='原始值：1.309'>1.31</span>", "<span data-toggle='tooltip' data-placement='right' title='原始值：0.00258'>0.003</span>", "<span data-toggle='tooltip' data-placement='right' title='原始值：7246106'>7246106</span>", "正常"], ["云南省", "西南诸河", "<span data-toggle='tooltip' data-placement='right' title='所在地市:红河哈尼族彝族自治州&#10;所属河流:红河'>河口县医院(河口)</span>", "12-17 08:00", "Ⅱ", "<span data-toggle='tooltip' data-placement='right' title='原始值：20.20703'>20.2</span>", "<span data-toggle='tooltip' data-placement='right' title='原始值：7.9245'>7.92</span>", "<span data-toggle='tooltip' data-placement='right' title='原始值：8.3455'>8.35</span>", "<span data-toggle='tooltip' data-placement='right' title='原始值：229.6724'>229.7</span>", "<span data-toggle='tooltip' data-placement='right' title='原始值：40.99983'>41.0</span>", "<span data-toggle='tooltip' data-placement='right' title='原始值：1.29737'>1.30</span>", "<span data-toggle='tooltip' data-placement='right' title='原始值：0.10186'>0.102</span>", "<span data-toggle='tooltip' data-placement='right' title='原始值：0.08089'>0.081</span>", "<span data-toggle='tooltip' data-placement='right' title='原始值：1.11945'>1.12</span>", "*", "*", "正常"], ["云南省", "西南诸河", "<span data-toggle='tooltip' data-placement='right' title='所在地市:西双版纳傣族自治州&#10;所属河流:澜沧江'>橄榄坝</span>", "12-17 08:00", "Ⅰ", "<span data-toggle='tooltip' data-placement='right' title='原始值：18.578'>18.6</span>", "<span data-toggle='tooltip' data-placement='right' title='原始值：7.65'>7.65</span>", "<span data-toggle='tooltip' data-placement='right' title='原始值：8.781'>8.78</span>", "<span data-toggle='tooltip' data-placement='right' title='原始值：511.754'>511.8</span>", "<span data-toggle='tooltip' data-placement='right' title='原始值：8.41'>8.4</span>", "<span data-toggle='tooltip' data-placement='right' title='原始值：0.51'>0.51</span>", "<span data-toggle='tooltip' data-placement='right' title='原始值：0.137'>0.137</span>", "*", "*", "*", "*", "正常"], ["陕西省", "黄河流域", "<span data-toggle='tooltip' data-placement='right' title='所在地市:渭南市&#10;所属河流:渭河'>潼关吊桥</span>", "12-17 08:00", "Ⅲ", "<span data-toggle='tooltip' data-placement='right' title='原始值：7.30318'>7.3</span>", "<span data-toggle='tooltip' data-placement='right' title='原始值：8.34984'>8.35</span>", "<span data-toggle='tooltip' data-placement='right' title='原始值：10.11952'>10.12</span>", "<span data-toggle='tooltip' data-placement='right' title='原始值：1120.999'>1121.0</span>", "<span data-toggle='tooltip' data-placement='right' title='原始值：210.8256'>210.8</span>", "<span data-toggle='tooltip' data-placement='right' title='原始值：2.82'>2.82</span>", "<span data-toggle='tooltip' data-placement='right' title='原始值：0.67'>0.670</span>", "<span data-toggle='tooltip' data-placement='right' title='原始值：0.14818'>0.148</span>", "<span data-toggle='tooltip' data-placement='right' title='原始值：8.00492'>8.00</span>", "*", "*", "正常"], ["甘肃省", "黄河流域", "<span data-toggle='tooltip' data-placement='right' title='所在地市:兰州市&#10;所属河流:黄河'>新城桥</span>", null, "", "--", "--", "--", "--", "--", "--", "--", "--", "--", "*", "*", "停站"], ["宁夏回族自治区", "黄河流域", "<span data-toggle='tooltip' data-placement='right' title='所在地市:中卫市&#10;所属河流:黄河'>中卫下河沿(新墩)</span>", "12-17 08:00", "Ⅰ", "<span data-toggle='tooltip' data-placement='right' title='原始值：5.44959'>5.4</span>", "<span data-toggle='tooltip' data-placement='right' title='原始值：7.42451'>7.42</span>", "<span data-toggle='tooltip' data-placement='right' title='原始值：10.74796'>10.75</span>", "<span data-toggle='tooltip' data-placement='right' title='原始值：755.4255'>755.4</span>", "<span data-toggle='tooltip' data-placement='right' title='原始值：35.30222'>35.3</span>", "<span data-toggle='tooltip' data-placement='right' title='原始值：1.24'>1.24</span>", "<span data-toggle='tooltip' data-placement='right' title='原始值：0.06'>0.060</span>", "<span data-toggle='tooltip' data-placement='right' title='原始值：0.014'>0.014</span>", "<span data-toggle='tooltip' data-placement='right' title='原始值：2.2889'>2.29</span>", "*", "*", "正常"]]}