{"result": 1, "total": 1, "records": 98, "thead": ["省份", "流域", "断面名称", "监测时间", "水质类别", "水温<br/><span class='unit'>(℃)</span>", "pH<br/><span class='unit'>(无量纲)</span>", "溶解氧<br/><span class='unit'>(mg/L)</span>", "电导率<br/><span class='unit'>(μS/cm)</span>", "浊度<br/><span class='unit'>(NTU)</span>", "高锰酸盐指数<br/><span class='unit'>(mg/L)</span>", "氨氮<br/><span class='unit'>(mg/L)</span>", "总磷<br/><span class='unit'>(mg/L)</span>", "总氮<br/><span class='unit'>(mg/L)</span>", "叶绿素α<br/><span class='unit'>(mg/L)</span>", "藻密度<br/><span class='unit'>(cells/L)</span>", "站点情况"], "tbody": [["北京市", "海河流域", "<span data-toggle='tooltip' data-placement='right' title='所在地市:门头沟区&#10;所属河流:永定河'>沿河城</span>", "06-13 08:00", "Ⅳ", "<span data-toggle='tooltip' data-placement='right' title='原始值：22.7798'>22.8</span>", "<span data-toggle='tooltip' data-placement='right' title='原始值：8.26556'>8.27</span>", "<span data-toggle='tooltip' data-placement='right' title='原始值：7.42442'>7.42</span>", "<span data-toggle='tooltip' data-placement='right' title='原始值：1526.403'>1526.4</span>", "<span data-toggle='tooltip' data-placement='right' title='原始值：7.33232'>7.3</span>", "<span data-toggle='tooltip' data-placement='right' title='原始值：6.435'>6.44</span>", "<span data-toggle='tooltip' data-placement='right' title='原始值：0.1'>0.100</span>", "<span data-toggle='tooltip' data-placement='right' title='原始值：0.02749'>0.027</span>", "<span data-toggle='tooltip' data-placement='right' title='原始值：1.10983'>1.11</span>", "*", "*", "正常"], ["北京市", "海河流域", "<span data-toggle='tooltip' data-placement='right' title='所在地市:密云区&#10;所属河流:潮河'>古北口</span>", "06-13 08:00", "", "<span data-toggle='tooltip' data-placement='right' title='原始值：23.89356'>23.9</span>", "<span data-toggle='tooltip' data-placement='right' title='原始值：7.23072'>7.23</span>", "<span data-toggle='tooltip' data-placement='right' title='原始值：7.31009'>7.31</span>", "<span data-toggle='tooltip' data-placement='right' title='原始值：639.3322'>639.3</span>", "<span data-toggle='tooltip' data-placement='right' title='原始值：3.82662'>3.8</span>", "<span data-toggle='tooltip' data-placement='right' title='原始值：1.9875'>1.99</span>", "<span data-toggle='tooltip' data-placement='right' title='原始值：0.27'>0.270</span>", "<span data-toggle='tooltip' data-placement='right' title='极值过滤'>--</span>", "<span data-toggle='tooltip' data-placement='right' title='原始值：2.9471'>2.95</span>", "*", "*", "维护"], ["天津市", "海河流域", "<span data-toggle='tooltip' data-placement='right' title='所在地市:河北区&#10;所属河流:海河'>三岔口</span>", "06-13 08:00", "Ⅲ", "<span data-toggle='tooltip' data-placement='right' title='原始值：26.6584'>26.7</span>", "<span data-toggle='tooltip' data-placement='right' title='原始值：7.6727'>7.67</span>", "<span data-toggle='tooltip' data-placement='right' title='原始值：6.58'>6.58</span>", "<span data-toggle='tooltip' data-placement='right' title='原始值：456.83'>456.8</span>", "<span data-toggle='tooltip' data-placement='right' title='原始值：25.232'>25.2</span>", "<span data-toggle='tooltip' data-placement='right' title='原始值：3.89'>3.89</span>", "<span data-toggle='tooltip' data-placement='right' title='原始值：0.49'>0.490</span>", "<span data-toggle='tooltip' data-placement='right' title='原始值：0.1592'>0.159</span>", "<span data-toggle='tooltip' data-placement='right' title='原始值：0.8553'>0.86</span>", "*", "*", "正常"], ["天津市", "海河流域", "<span data-toggle='tooltip' data-placement='right' title='所在地市:蓟州区&#10;所属河流:果河'>果河桥</span>", "06-13 08:00", "Ⅱ", "<span data-toggle='tooltip' data-placement='right' title='原始值：26.6'>26.6</span>", "<span data-toggle='tooltip' data-placement='right' title='原始值：8.392'>8.39</span>", "<span data-toggle='tooltip' data-placement='right' title='原始值：9.613'>9.61</span>", "<span data-toggle='tooltip' data-placement='right' title='原始值：570.909'>570.9</span>", "<span data-toggle='tooltip' data-placement='right' title='原始值：5.44'>5.4</span>", "<span data-toggle='tooltip' data-placement='right' title='原始值：2.1438'>2.14</span>", "<span data-toggle='tooltip' data-placement='right' title='原始值：0.1'>0.100</span>", "<span data-toggle='tooltip' data-placement='right' title='原始值：0.0243'>0.024</span>", "<span data-toggle='tooltip' data-placement='right' title='原始值：3.1268'>3.13</span>", "*", "*", "正常"], ["河北省", "海河流域", "<span data-toggle='tooltip' data-placement='right' title='所在地市:石家庄市&#10;所属河流:滹沱河'>岗南水库</span>", "06-13 08:00", "Ⅱ", "<span data-toggle='tooltip' data-placement='right' title='原始值：25.82922'>25.8</span>", "<span data-toggle='tooltip' data-placement='right' title='原始值：8.42822'>8.43</span>", "<span data-toggle='tooltip' data-placement='right' title='原始值：10.1612'>10.16</span>", "<span data-toggle='tooltip' data-placement='right' title='原始值：553.5959'>553.6</span>", "<span data-toggle='tooltip' data-placement='right' title='原始值：2.80107'>2.8</span>", "<span data-toggle='tooltip' data-placement='right' title='原始值：2.11991'>2.12</span>", "<span data-toggle='tooltip' data-placement='right' title='原始值：0.1'>0.100</span>", "<span data-toggle='tooltip' data-placement='right' title='原始值：0.00802'>0.008</span>", "<span data-toggle='tooltip' data-placement='right' title='原始值：2.15491'>2.15</span>", "*", "*", "正常"], ["河北省", "海河流域", "<span data-toggle='tooltip' data-placement='right' title='所在地市:张家口市&#10;所属河流:永定河'>八号桥</span>", null, "", "--", "--", "--", "--", "--", "--", "--", "--", "--", "*", "*", "停站"], ["山西省", "黄河流域", "<span data-toggle='tooltip' data-placement='right' title='所在地市:运城市&#10;所属河流:汾河'>河津大桥</span>", "06-13 08:00", "Ⅳ", "<span data-toggle='tooltip' data-placement='right' title='原始值：26.41416'>26.4</span>", "<span data-toggle='tooltip' data-placement='right' title='原始值：7.66989'>7.67</span>", "<span data-toggle='tooltip' data-placement='right' title='原始值：6.36537'>6.37</span>", "<span data-toggle='tooltip' data-placement='right' title='原始值：1358.487'>1358.5</span>", "<span data-toggle='tooltip' data-placement='right' title='原始值：364.0742'>364.1</span>", "<span data-toggle='tooltip' data-placement='right' title='原始值：7.325'>7.32</span>", "<span data-toggle='tooltip' data-placement='right' title='原始值：0.12'>0.120</span>", "*", "*", "*", "*", "正常"], ["山西省", "黄河流域", "<span data-toggle='tooltip' data-placement='right' title='所在地市:忻州市&#10;所属河流:黄河'>万家寨水库</span>", "06-13 08:00", "", "<span data-toggle='tooltip' data-placement='right' title='原始值：22.15357'>22.2</span>", "<span data-toggle='tooltip' data-placement='right' title='极值过滤'>--</span>", "<span data-toggle='tooltip' data-placement='right' title='原始值：7.74619'>7.75</span>", "<span data-toggle='tooltip' data-placement='right' title='原始值：892.3585'>892.4</span>", "<span data-toggle='tooltip' data-placement='right' title='原始值：10.82377'>10.8</span>", "<span data-toggle='tooltip' data-placement='right' title='原始值：3.54'>3.54</span>", "<span data-toggle='tooltip' data-placement='right' title='原始值：0.3'>0.300</span>", "<span data-toggle='tooltip' data-placement='right' title='原始值：0.0355'>0.036</span>", "<span data-toggle='tooltip' data-placement='right' title='原始值：1.5125'>1.51</span>", "*", "*", "维护"], ["内蒙古自治区", "黄河流域", "<span data-toggle='tooltip' data-placement='right' title='所在地市:包头市&#10;所属河流:黄河'>画匠营子</span>", "06-13 08:00", "Ⅱ", "<span data-toggle='tooltip' data-placement='right' title='原始值：17.84924'>17.8</span>", "<span data-toggle='tooltip' data-placement='right' title='原始值：7.62273'>7.62</span>", "<span data-toggle='tooltip' data-placement='right' title='原始值：7.48075'>7.48</span>", "<span data-toggle='tooltip' data-placement='right' title='原始值：951.5555'>951.6</span>", "<span data-toggle='tooltip' data-placement='right' title='原始值：898.6138'>898.6</span>", "<span data-toggle='tooltip' data-placement='right' title='原始值：3.87427'>3.87</span>", "<span data-toggle='tooltip' data-placement='right' title='原始值：0.04173'>0.042</span>", "*", "*", "*", "*", "正常"], ["内蒙古自治区", "黄河流域", "<span data-toggle='tooltip' data-placement='right' title='所在地市:乌海市&#10;所属河流:黄河'>海勃湾</span>", "06-13 08:05", "", "<span data-toggle='tooltip' data-placement='right' title='原始值：21.76921'>21.8</span>", "<span data-toggle='tooltip' data-placement='right' title='原始值：7.82356'>7.82</span>", "<span data-toggle='tooltip' data-placement='right' title='原始值：6.53169'>6.53</span>", "<span data-toggle='tooltip' data-placement='right' title='原始值：801.6617'>801.7</span>", "<span data-toggle='tooltip' data-placement='right' title='原始值：40.11244'>40.1</span>", "<span data-toggle='tooltip' data-placement='right' title='极值过滤'>--</span>", "<span data-toggle='tooltip' data-placement='right' title='原始值：0.15'>0.150</span>", "*", "*", "*", "*", "维护"], ["内蒙古自治区", "松花江流域", "<span data-toggle='tooltip' data-placement='right' title='所在地市:呼伦贝尔市&#10;所属河流:额尔古纳河'>黑山头</span>", null, "", "--", "--", "--", "--", "--", "--", "--", "--", "--", "*", "*", "停站"], ["辽宁省", "辽河流域", "<span data-toggle='tooltip' data-placement='right' title='所在地市:抚顺市&#10;所属河流:浑河'>大伙房水库</span>", "06-13 08:00", "", "<span data-toggle='tooltip' data-placement='right' title='原始值：19.29511'>19.3</span>", "<span data-toggle='tooltip' data-placement='right' title='原始值：6.50501'>6.51</span>", "<span data-toggle='tooltip' data-placement='right' title='原始值：8.94439'>8.94</span>", "<span data-toggle='tooltip' data-placement='right' title='原始值：351.8832'>351.9</span>", "<span data-toggle='tooltip' data-placement='right' title='原始值：40.61233'>40.6</span>", "<span data-toggle='tooltip' data-placement='right' title='原始值：0.22'>0.22</span>", "<span data-toggle='tooltip' data-placement='right' title='原始值：0.03'>0.030</span>", "<span data-toggle='tooltip' data-placement='right' title='极值过滤'>--</span>", "<span data-toggle='tooltip' data-placement='right' title='极值过滤'>--</span>", "<span data-toggle='tooltip' data-placement='right' title='原始值：0.00081'>0.001</span>", "*", "维护"], ["辽宁省", "辽河流域", "<span data-toggle='tooltip' data-placement='right' title='所在地市:丹东市&#10;所属河流:鸭绿江'>江桥</span>", "06-13 08:00", "Ⅱ", "<span data-toggle='tooltip' data-placement='right' title='原始值：12.2'>12.2</span>", "<span data-toggle='tooltip' data-placement='right' title='原始值：6.74'>6.74</span>", "<span data-toggle='tooltip' data-placement='right' title='原始值：9.2975'>9.30</span>", "<span data-toggle='tooltip' data-placement='right' title='原始值：147'>147.0</span>", "<span data-toggle='tooltip' data-placement='right' title='原始值：5.1'>5.1</span>", "<span data-toggle='tooltip' data-placement='right' title='原始值：2.77'>2.77</span>", "<span data-toggle='tooltip' data-placement='right' title='原始值：0.03832'>0.038</span>", "<span data-toggle='tooltip' data-placement='right' title='原始值：0.04051'>0.041</span>", "<span data-toggle='tooltip' data-placement='right' title='原始值：2.68978'>2.69</span>", "*", "*", "正常"], ["辽宁省", "辽河流域", "<span data-toggle='tooltip' data-placement='right' title='所在地市:营口市&#10;所属河流:大辽河'>辽河公园</span>", null, "", "--", "--", "--", "--", "--", "--", "--", "--", "--", "*", "*", "维护"], ["辽宁省", "辽河流域", "<span data-toggle='tooltip' data-placement='right' title='所在地市:辽阳市&#10;所属河流:太子河'>汤河水库</span>", "06-13 08:00", "Ⅳ", "<span data-toggle='tooltip' data-placement='right' title='原始值：15.91231'>15.9</span>", "<span data-toggle='tooltip' data-placement='right' title='原始值：7.75'>7.75</span>", "<span data-toggle='tooltip' data-placement='right' title='原始值：4.69875'>4.70</span>", "<span data-toggle='tooltip' data-placement='right' title='原始值：480.373'>480.4</span>", "<span data-toggle='tooltip' data-placement='right' title='原始值：10.99031'>11.0</span>", "<span data-toggle='tooltip' data-placement='right' title='原始值：1.11'>1.11</span>", "<span data-toggle='tooltip' data-placement='right' title='原始值：0.05089'>0.051</span>", "<span data-toggle='tooltip' data-placement='right' title='原始值：0.00394'>0.004</span>", "<span data-toggle='tooltip' data-placement='right' title='原始值：1.92391'>1.92</span>", "*", "*", "正常"], ["辽宁省", "辽河流域", "<span data-toggle='tooltip' data-placement='right' title='所在地市:盘锦市&#10;所属河流:辽河'>盘锦兴安(兴安)</span>", "06-13 04:00", "劣Ⅴ", "<span data-toggle='tooltip' data-placement='right' title='原始值：23.48649'>23.5</span>", "<span data-toggle='tooltip' data-placement='right' title='原始值：7.23628'>7.24</span>", "<span data-toggle='tooltip' data-placement='right' title='原始值：5.88341'>5.88</span>", "<span data-toggle='tooltip' data-placement='right' title='原始值：4117.124'>4117.1</span>", "<span data-toggle='tooltip' data-placement='right' title='原始值：26.55713'>26.6</span>", "<span data-toggle='tooltip' data-placement='right' title='原始值：3.25476'>3.25</span>", "<span data-toggle='tooltip' data-placement='right' title='原始值：2.61'>2.610</span>", "<span data-toggle='tooltip' data-placement='right' title='原始值：0.07047'>0.070</span>", "<span data-toggle='tooltip' data-placement='right' title='原始值：0.7703'>0.77</span>", "*", "*", "正常"], ["辽宁省", "辽河流域", "<span data-toggle='tooltip' data-placement='right' title='所在地市:铁岭市&#10;所属河流:辽河'>珠尔山</span>", "06-13 08:00", "Ⅱ", "<span data-toggle='tooltip' data-placement='right' title='原始值：22.39658'>22.4</span>", "<span data-toggle='tooltip' data-placement='right' title='原始值：7.58562'>7.59</span>", "<span data-toggle='tooltip' data-placement='right' title='原始值：6.78485'>6.78</span>", "<span data-toggle='tooltip' data-placement='right' title='原始值：410.9589'>411.0</span>", "<span data-toggle='tooltip' data-placement='right' title='原始值：54.60733'>54.6</span>", "<span data-toggle='tooltip' data-placement='right' title='原始值：3.54249'>3.54</span>", "<span data-toggle='tooltip' data-placement='right' title='原始值：0.19'>0.190</span>", "<span data-toggle='tooltip' data-placement='right' title='原始值：0.0876'>0.088</span>", "<span data-toggle='tooltip' data-placement='right' title='原始值：1.67121'>1.67</span>", "*", "*", "正常"], ["吉林省", "松花江流域", "<span data-toggle='tooltip' data-placement='right' title='所在地市:长春市&#10;所属河流:松花江'>松花江村</span>", "06-13 08:04", "Ⅳ", "<span data-toggle='tooltip' data-placement='right' title='原始值：17.65205'>17.7</span>", "<span data-toggle='tooltip' data-placement='right' title='原始值：6.47892'>6.48</span>", "<span data-toggle='tooltip' data-placement='right' title='原始值：4.81479'>4.81</span>", "<span data-toggle='tooltip' data-placement='right' title='原始值：284.7143'>284.7</span>", "<span data-toggle='tooltip' data-placement='right' title='原始值：32.9808'>33.0</span>", "<span data-toggle='tooltip' data-placement='right' title='原始值：3.37867'>3.38</span>", "<span data-toggle='tooltip' data-placement='right' title='原始值：0.48'>0.480</span>", "<span data-toggle='tooltip' data-placement='right' title='原始值：0.16739'>0.167</span>", "<span data-toggle='tooltip' data-placement='right' title='原始值：3.71512'>3.72</span>", "*", "*", "正常"], ["吉林省", "松花江流域", "<span data-toggle='tooltip' data-placement='right' title='所在地市:白城市&#10;所属河流:嫩江'>白沙滩</span>", "06-13 08:00", "", "<span data-toggle='tooltip' data-placement='right' title='原始值：19.68531'>19.7</span>", "<span data-toggle='tooltip' data-placement='right' title='原始值：6.55601'>6.56</span>", "<span data-toggle='tooltip' data-placement='right' title='原始值：7.89583'>7.90</span>", "<span data-toggle='tooltip' data-placement='right' title='原始值：198.5113'>198.5</span>", "<span data-toggle='tooltip' data-placement='right' title='原始值：139.9744'>140.0</span>", "<span data-toggle='tooltip' data-placement='right' title='原始值：4.03'>4.03</span>", "<span data-toggle='tooltip' data-placement='right' title='极值过滤'>--</span>", "<span data-toggle='tooltip' data-placement='right' title='原始值：0.09976'>0.100</span>", "<span data-toggle='tooltip' data-placement='right' title='原始值：2.25463'>2.25</span>", "*", "*", "维护"], ["吉林省", "松花江流域", "<span data-toggle='tooltip' data-placement='right' title='所在地市:延边朝鲜族自治州&#10;所属河流:图们江'>圈河</span>", "06-13 08:00", "Ⅲ", "<span data-toggle='tooltip' data-placement='right' title='原始值：23.6'>23.6</span>", "<span data-toggle='tooltip' data-placement='right' title='原始值：8.33'>8.33</span>", "<span data-toggle='tooltip' data-placement='right' title='原始值：5.00064'>5.00</span>", "<span data-toggle='tooltip' data-placement='right' title='原始值：233'>233.0</span>", "<span data-toggle='tooltip' data-placement='right' title='极值过滤'>--</span>", "<span data-toggle='tooltip' data-placement='right' title='原始值：5.53'>5.53</span>", "<span data-toggle='tooltip' data-placement='right' title='原始值：0.076'>0.076</span>", "<span data-toggle='tooltip' data-placement='right' title='原始值：0.10318'>0.103</span>", "<span data-toggle='tooltip' data-placement='right' title='原始值：2.11538'>2.12</span>", "*", "*", "维护"], ["黑龙江省", "松花江流域", "<span data-toggle='tooltip' data-placement='right' title='所在地市:大庆市&#10;所属河流:松花江'>肇源</span>", null, "", "--", "--", "--", "--", "--", "--", "--", "--", "--", "*", "*", "停站"], ["黑龙江省", "松花江流域", "<span data-toggle='tooltip' data-placement='right' title='所在地市:佳木斯市&#10;所属河流:乌苏里江'>乌苏镇</span>", null, "", "--", "--", "--", "--", "--", "--", "--", "--", "--", "*", "*", "停站"], ["黑龙江省", "松花江流域", "<span data-toggle='tooltip' data-placement='right' title='所在地市:佳木斯市&#10;所属河流:松花江'>同江</span>", "06-13 08:00", "Ⅳ", "<span data-toggle='tooltip' data-placement='right' title='原始值：18.76284'>18.8</span>", "<span data-toggle='tooltip' data-placement='right' title='原始值：7.25001'>7.25</span>", "<span data-toggle='tooltip' data-placement='right' title='原始值：9.87502'>9.88</span>", "<span data-toggle='tooltip' data-placement='right' title='原始值：210.9378'>210.9</span>", "<span data-toggle='tooltip' data-placement='right' title='原始值：78.00211'>78.0</span>", "<span data-toggle='tooltip' data-placement='right' title='原始值：6.30045'>6.30</span>", "<span data-toggle='tooltip' data-placement='right' title='原始值：0.12016'>0.120</span>", "<span data-toggle='tooltip' data-placement='right' title='原始值：0.1416'>0.142</span>", "<span data-toggle='tooltip' data-placement='right' title='原始值：1.97639'>1.98</span>", "*", "*", "正常"], ["黑龙江省", "松花江流域", "<span data-toggle='tooltip' data-placement='right' title='所在地市:黑河市&#10;所属河流:黑龙江'>黑河下(黑河)</span>", null, "", "--", "--", "--", "--", "--", "--", "--", "--", "--", "*", "*", "停站"], ["上海市", "长江流域", "<span data-toggle='tooltip' data-placement='right' title='所在地市:青浦区&#10;所属河流:淀山湖'>急水港桥</span>", "06-13 08:00", "Ⅴ", "<span data-toggle='tooltip' data-placement='right' title='原始值：28'>28.0</span>", "<span data-toggle='tooltip' data-placement='right' title='原始值：7.08'>7.08</span>", "<span data-toggle='tooltip' data-placement='right' title='原始值：2.78'>2.78</span>", "<span data-toggle='tooltip' data-placement='right' title='原始值：736'>736.0</span>", "<span data-toggle='tooltip' data-placement='right' title='原始值：222.5'>222.5</span>", "<span data-toggle='tooltip' data-placement='right' title='原始值：5.5625'>5.56</span>", "<span data-toggle='tooltip' data-placement='right' title='原始值：0.13266'>0.133</span>", "<span data-toggle='tooltip' data-placement='right' title='原始值：0.07568'>0.076</span>", "<span data-toggle='tooltip' data-placement='right' title='原始值：3.59377'>3.59</span>", "<span data-toggle='tooltip' data-placement='right' title='原始值：0.00835'>0.008</span>", "<span data-toggle='tooltip' data-placement='right' title='原始值：7652745'>7652745</span>", "正常"], ["江苏省", "长江流域", "<span data-toggle='tooltip' data-placement='right' title='所在地市:南京市&#10;所属河流:长江'>林山</span>", "06-13 08:00", "Ⅳ", "<span data-toggle='tooltip' data-placement='right' title='原始值：26.7795'>26.8</span>", "<span data-toggle='tooltip' data-placement='right' title='原始值：7.9004'>7.90</span>", "<span data-toggle='tooltip' data-placement='right' title='原始值：6.43023'>6.43</span>", "<span data-toggle='tooltip' data-placement='right' title='原始值：275.008'>275.0</span>", "<span data-toggle='tooltip' data-placement='right' title='原始值：62.0937'>62.1</span>", "<span data-toggle='tooltip' data-placement='right' title='原始值：6.14'>6.14</span>", "<span data-toggle='tooltip' data-placement='right' title='原始值：0.099'>0.099</span>", "*", "*", "*", "*", "正常"], ["江苏省", "太湖流域", "<span data-toggle='tooltip' data-placement='right' title='所在地市:无锡市&#10;所属河流:太湖'>沙渚</span>", "06-13 04:00", "Ⅳ", "<span data-toggle='tooltip' data-placement='right' title='原始值：26.95275'>27.0</span>", "<span data-toggle='tooltip' data-placement='right' title='原始值：7.973436'>7.97</span>", "<span data-toggle='tooltip' data-placement='right' title='原始值：6.825309'>6.83</span>", "<span data-toggle='tooltip' data-placement='right' title='原始值：487.743'>487.7</span>", "<span data-toggle='tooltip' data-placement='right' title='原始值：21.80839'>21.8</span>", "<span data-toggle='tooltip' data-placement='right' title='原始值：6.46'>6.46</span>", "<span data-toggle='tooltip' data-placement='right' title='原始值：0.4'>0.400</span>", "<span data-toggle='tooltip' data-placement='right' title='原始值：0.0536'>0.054</span>", "<span data-toggle='tooltip' data-placement='right' title='原始值：1.268'>1.27</span>", "*", "*", "正常"], ["江苏省", "淮河流域", "<span data-toggle='tooltip' data-placement='right' title='所在地市:徐州市&#10;所属河流:武河'>小红圈</span>", "06-13 08:00", "Ⅱ", "<span data-toggle='tooltip' data-placement='right' title='原始值：23.9'>23.9</span>", "<span data-toggle='tooltip' data-placement='right' title='原始值：7.37'>7.37</span>", "<span data-toggle='tooltip' data-placement='right' title='原始值：7.91'>7.91</span>", "<span data-toggle='tooltip' data-placement='right' title='原始值：651.5'>651.5</span>", "<span data-toggle='tooltip' data-placement='right' title='原始值：2.27'>2.3</span>", "<span data-toggle='tooltip' data-placement='right' title='原始值：3.96'>3.96</span>", "<span data-toggle='tooltip' data-placement='right' title='原始值：0.12'>0.120</span>", "*", "*", "*", "*", "正常"], ["江苏省", "淮河流域", "<span data-toggle='tooltip' data-placement='right' title='所在地市:徐州市&#10;所属河流:沿河'>李集桥</span>", null, "", "--", "--", "--", "--", "--", "--", "--", "--", "--", "*", "*", "停站"], ["江苏省", "淮河流域", "<span data-toggle='tooltip' data-placement='right' title='所在地市:徐州市&#10;所属河流:邳苍分洪道'>艾山西大桥</span>", "06-13 08:00", "Ⅴ", "<span data-toggle='tooltip' data-placement='right' title='原始值：25.0432'>25.0</span>", "<span data-toggle='tooltip' data-placement='right' title='原始值：7.9076'>7.91</span>", "<span data-toggle='tooltip' data-placement='right' title='原始值：6.38993'>6.39</span>", "<span data-toggle='tooltip' data-placement='right' title='原始值：611.118'>611.1</span>", "<span data-toggle='tooltip' data-placement='right' title='原始值：15.0719'>15.1</span>", "<span data-toggle='tooltip' data-placement='right' title='原始值：12.36'>12.36</span>", "<span data-toggle='tooltip' data-placement='right' title='原始值：0.95'>0.950</span>", "<span data-toggle='tooltip' data-placement='right' title='原始值：0.04302'>0.043</span>", "<span data-toggle='tooltip' data-placement='right' title='原始值：0.63445'>0.63</span>", "*", "*", "正常"], ["江苏省", "太湖流域", "<span data-toggle='tooltip' data-placement='right' title='所在地市:苏州市&#10;所属河流:太湖'>兰山嘴(老)</span>", "06-13 08:00", "Ⅲ", "<span data-toggle='tooltip' data-placement='right' title='原始值：29.18767'>29.2</span>", "<span data-toggle='tooltip' data-placement='right' title='原始值：7.16107'>7.16</span>", "<span data-toggle='tooltip' data-placement='right' title='原始值：5.69036'>5.69</span>", "<span data-toggle='tooltip' data-placement='right' title='原始值：391.021'>391.0</span>", "<span data-toggle='tooltip' data-placement='right' title='原始值：30.68263'>30.7</span>", "<span data-toggle='tooltip' data-placement='right' title='原始值：2.89'>2.89</span>", "<span data-toggle='tooltip' data-placement='right' title='原始值：0.2'>0.200</span>", "<span data-toggle='tooltip' data-placement='right' title='原始值：0.08849'>0.088</span>", "<span data-toggle='tooltip' data-placement='right' title='原始值：2.88491'>2.88</span>", "*", "*", "正常"], ["江苏省", "太湖流域", "<span data-toggle='tooltip' data-placement='right' title='所在地市:苏州市&#10;所属河流:太湖'>西山</span>", null, "", "--", "--", "--", "--", "--", "--", "--", "--", "--", "*", "*", "维护"], ["江苏省", "淮河流域", "<span data-toggle='tooltip' data-placement='right' title='所在地市:连云港市&#10;所属河流:新沭河'>大兴桥</span>", "06-13 08:00", "Ⅲ", "<span data-toggle='tooltip' data-placement='right' title='原始值：25.5'>25.5</span>", "<span data-toggle='tooltip' data-placement='right' title='原始值：7.79'>7.79</span>", "<span data-toggle='tooltip' data-placement='right' title='原始值：6.24'>6.24</span>", "<span data-toggle='tooltip' data-placement='right' title='原始值：1445.7'>1445.7</span>", "<span data-toggle='tooltip' data-placement='right' title='原始值：119.33'>119.3</span>", "<span data-toggle='tooltip' data-placement='right' title='原始值：4.77'>4.77</span>", "<span data-toggle='tooltip' data-placement='right' title='原始值：0.106'>0.106</span>", "*", "*", "*", "*", "正常"], ["江苏省", "淮河流域", "<span data-toggle='tooltip' data-placement='right' title='所在地市:淮安市&#10;所属河流:淮河'>淮河大桥</span>", "06-13 08:00", "", "<span data-toggle='tooltip' data-placement='right' title='原始值：26.84146'>26.8</span>", "<span data-toggle='tooltip' data-placement='right' title='原始值：8.03101'>8.03</span>", "<span data-toggle='tooltip' data-placement='right' title='原始值：6.63627'>6.64</span>", "<span data-toggle='tooltip' data-placement='right' title='原始值：587.0983'>587.1</span>", "<span data-toggle='tooltip' data-placement='right' title='原始值：57.25476'>57.3</span>", "<span data-toggle='tooltip' data-placement='right' title='原始值：3.83'>3.83</span>", "<span data-toggle='tooltip' data-placement='right' title='原始值：0.22'>0.220</span>", "<span data-toggle='tooltip' data-placement='right' title='极值过滤'>--</span>", "<span data-toggle='tooltip' data-placement='right' title='极值过滤'>--</span>", "*", "*", "维护"], ["江苏省", "长江流域", "<span data-toggle='tooltip' data-placement='right' title='所在地市:扬州市&#10;所属河流:夹江'>三江营</span>", null, "", "--", "--", "--", "--", "--", "--", "--", "--", "--", "*", "*", "停站"], ["江苏省", "淮河流域", "<span data-toggle='tooltip' data-placement='right' title='所在地市:宿迁市&#10;所属河流:新濉河'>大屈</span>", "06-13 08:00", "Ⅲ", "<span data-toggle='tooltip' data-placement='right' title='原始值：24.4'>24.4</span>", "<span data-toggle='tooltip' data-placement='right' title='原始值：7.7'>7.70</span>", "<span data-toggle='tooltip' data-placement='right' title='原始值：6.1'>6.10</span>", "<span data-toggle='tooltip' data-placement='right' title='原始值：804.7'>804.7</span>", "<span data-toggle='tooltip' data-placement='right' title='原始值：91.67'>91.7</span>", "<span data-toggle='tooltip' data-placement='right' title='原始值：4.97'>4.97</span>", "<span data-toggle='tooltip' data-placement='right' title='原始值：0.18'>0.180</span>", "<span data-toggle='tooltip' data-placement='right' title='原始值：0.03'>0.030</span>", "<span data-toggle='tooltip' data-placement='right' title='原始值：0.918'>0.92</span>", "*", "*", "正常"], ["浙江省", "浙闽片河流", "<span data-toggle='tooltip' data-placement='right' title='所在地市:杭州市&#10;所属河流:新安江'>街口(鸠坑口)</span>", null, "", "--", "--", "--", "--", "--", "--", "--", "--", "--", "*", "*", "停站"], ["浙江省", "太湖流域", "<span data-toggle='tooltip' data-placement='right' title='所在地市:嘉兴市&#10;所属河流:斜路港河'>斜路港</span>", "06-13 08:00", "Ⅴ", "<span data-toggle='tooltip' data-placement='right' title='原始值：28.9'>28.9</span>", "<span data-toggle='tooltip' data-placement='right' title='原始值：7.21'>7.21</span>", "<span data-toggle='tooltip' data-placement='right' title='原始值：2.88'>2.88</span>", "<span data-toggle='tooltip' data-placement='right' title='原始值：570'>570.0</span>", "<span data-toggle='tooltip' data-placement='right' title='原始值：192.8'>192.8</span>", "<span data-toggle='tooltip' data-placement='right' title='原始值：5.97'>5.97</span>", "<span data-toggle='tooltip' data-placement='right' title='原始值：0.03591'>0.036</span>", "<span data-toggle='tooltip' data-placement='right' title='原始值：0.06943'>0.069</span>", "<span data-toggle='tooltip' data-placement='right' title='原始值：2.46586'>2.47</span>", "*", "*", "正常"], ["浙江省", "太湖流域", "<span data-toggle='tooltip' data-placement='right' title='所在地市:嘉兴市&#10;所属河流:京杭运河'>王江泾</span>", null, "", "--", "--", "--", "--", "--", "--", "--", "--", "--", "*", "*", "停站"], ["浙江省", "太湖流域", "<span data-toggle='tooltip' data-placement='right' title='所在地市:湖州市&#10;所属河流:西苕溪'>新港口(新塘港)</span>", "06-13 08:00", "Ⅱ", "<span data-toggle='tooltip' data-placement='right' title='原始值：26.4249'>26.4</span>", "<span data-toggle='tooltip' data-placement='right' title='原始值：6.9013'>6.90</span>", "<span data-toggle='tooltip' data-placement='right' title='原始值：7.27634'>7.28</span>", "<span data-toggle='tooltip' data-placement='right' title='原始值：222.28'>222.3</span>", "<span data-toggle='tooltip' data-placement='right' title='原始值：91.39159'>91.4</span>", "<span data-toggle='tooltip' data-placement='right' title='原始值：2.73624'>2.74</span>", "<span data-toggle='tooltip' data-placement='right' title='原始值：0.13596'>0.136</span>", "<span data-toggle='tooltip' data-placement='right' title='原始值：0.09779'>0.098</span>", "<span data-toggle='tooltip' data-placement='right' title='原始值：5.50088'>5.50</span>", "*", "*", "正常"], ["安徽省", "巢湖流域", "<span data-toggle='tooltip' data-placement='right' title='所在地市:合肥市&#10;所属河流:巢湖'>湖滨(老)</span>", "06-13 08:00", "Ⅳ", "<span data-toggle='tooltip' data-placement='right' title='原始值：28.584'>28.6</span>", "<span data-toggle='tooltip' data-placement='right' title='原始值：6.53694'>6.54</span>", "<span data-toggle='tooltip' data-placement='right' title='原始值：4.50012'>4.50</span>", "<span data-toggle='tooltip' data-placement='right' title='原始值：421.285'>421.3</span>", "<span data-toggle='tooltip' data-placement='right' title='原始值：205.6194'>205.6</span>", "<span data-toggle='tooltip' data-placement='right' title='原始值：7.6'>7.60</span>", "<span data-toggle='tooltip' data-placement='right' title='原始值：0.3'>0.300</span>", "<span data-toggle='tooltip' data-placement='right' title='原始值：0.0753'>0.075</span>", "<span data-toggle='tooltip' data-placement='right' title='原始值：1.316'>1.32</span>", "<span data-toggle='tooltip' data-placement='right' title='原始值：0.02619'>0.026</span>", "*", "正常"], ["安徽省", "巢湖流域", "<span data-toggle='tooltip' data-placement='right' title='所在地市:芜湖市&#10;所属河流:巢湖'>裕溪口(老)</span>", "06-13 08:10", "Ⅴ", "<span data-toggle='tooltip' data-placement='right' title='原始值：26.55006'>26.6</span>", "<span data-toggle='tooltip' data-placement='right' title='原始值：8.32743'>8.33</span>", "<span data-toggle='tooltip' data-placement='right' title='原始值：7.7711'>7.77</span>", "<span data-toggle='tooltip' data-placement='right' title='极值过滤'>--</span>", "<span data-toggle='tooltip' data-placement='right' title='原始值：0.36194'>0.4</span>", "<span data-toggle='tooltip' data-placement='right' title='原始值：3.67'>3.67</span>", "<span data-toggle='tooltip' data-placement='right' title='原始值：0.19'>0.190</span>", "<span data-toggle='tooltip' data-placement='right' title='原始值：0.1774'>0.177</span>", "<span data-toggle='tooltip' data-placement='right' title='原始值：3.06'>3.06</span>", "*", "*", "维护"], ["安徽省", "淮河流域", "<span data-toggle='tooltip' data-placement='right' title='所在地市:蚌埠市&#10;所属河流:淮河'>蚌埠闸上(蚌埠闸)</span>", null, "", "--", "--", "--", "--", "--", "--", "--", "--", "--", "*", "*", "停站"], ["安徽省", "淮河流域", "<span data-toggle='tooltip' data-placement='right' title='所在地市:淮南市&#10;所属河流:淮河'>石头埠(老)</span>", "06-13 08:01", "Ⅱ", "<span data-toggle='tooltip' data-placement='right' title='原始值：26.04979'>26.0</span>", "<span data-toggle='tooltip' data-placement='right' title='原始值：7.28408'>7.28</span>", "<span data-toggle='tooltip' data-placement='right' title='原始值：6.15223'>6.15</span>", "<span data-toggle='tooltip' data-placement='right' title='原始值：725.4297'>725.4</span>", "<span data-toggle='tooltip' data-placement='right' title='原始值：38.12551'>38.1</span>", "<span data-toggle='tooltip' data-placement='right' title='原始值：4'>4.00</span>", "<span data-toggle='tooltip' data-placement='right' title='原始值：0.16'>0.160</span>", "*", "*", "*", "*", "正常"], ["安徽省", "淮河流域", "<span data-toggle='tooltip' data-placement='right' title='所在地市:淮北市&#10;所属河流:沱河'>小王桥</span>", "06-13 08:00", "Ⅳ", "<span data-toggle='tooltip' data-placement='right' title='原始值：26.38'>26.4</span>", "<span data-toggle='tooltip' data-placement='right' title='原始值：8.25'>8.25</span>", "<span data-toggle='tooltip' data-placement='right' title='原始值：4.68'>4.68</span>", "<span data-toggle='tooltip' data-placement='right' title='原始值：2517.03'>2517.0</span>", "<span data-toggle='tooltip' data-placement='right' title='原始值：46.16'>46.2</span>", "<span data-toggle='tooltip' data-placement='right' title='原始值：5.438'>5.44</span>", "<span data-toggle='tooltip' data-placement='right' title='原始值：0.161'>0.161</span>", "<span data-toggle='tooltip' data-placement='right' title='原始值：0.128'>0.128</span>", "<span data-toggle='tooltip' data-placement='right' title='极值过滤'>--</span>", "*", "*", "维护"], ["安徽省", "长江流域", "<span data-toggle='tooltip' data-placement='right' title='所在地市:安庆市&#10;所属河流:长江'>皖河口</span>", null, "", "--", "--", "--", "--", "--", "--", "--", "--", "--", "*", "*", "停站"], ["安徽省", "淮河流域", "<span data-toggle='tooltip' data-placement='right' title='所在地市:滁州市&#10;所属河流:淮河'>小柳巷</span>", "06-13 08:00", "Ⅱ", "<span data-toggle='tooltip' data-placement='right' title='原始值：26.9'>26.9</span>", "<span data-toggle='tooltip' data-placement='right' title='原始值：7.65'>7.65</span>", "<span data-toggle='tooltip' data-placement='right' title='原始值：7.3'>7.30</span>", "<span data-toggle='tooltip' data-placement='right' title='原始值：741.2'>741.2</span>", "<span data-toggle='tooltip' data-placement='right' title='原始值：57.17'>57.2</span>", "<span data-toggle='tooltip' data-placement='right' title='原始值：2.34'>2.34</span>", "<span data-toggle='tooltip' data-placement='right' title='原始值：0.06'>0.060</span>", "<span data-toggle='tooltip' data-placement='right' title='原始值：0.062'>0.062</span>", "<span data-toggle='tooltip' data-placement='right' title='原始值：1.874'>1.87</span>", "*", "*", "正常"], ["安徽省", "淮河流域", "<span data-toggle='tooltip' data-placement='right' title='所在地市:阜阳市&#10;所属河流:黑茨河'>张大桥</span>", "06-13 08:00", "Ⅲ", "<span data-toggle='tooltip' data-placement='right' title='原始值：26.4'>26.4</span>", "<span data-toggle='tooltip' data-placement='right' title='原始值：8.49'>8.49</span>", "<span data-toggle='tooltip' data-placement='right' title='原始值：8.29'>8.29</span>", "<span data-toggle='tooltip' data-placement='right' title='原始值：2588.7'>2588.7</span>", "<span data-toggle='tooltip' data-placement='right' title='原始值：28.79'>28.8</span>", "<span data-toggle='tooltip' data-placement='right' title='原始值：3.86'>3.86</span>", "<span data-toggle='tooltip' data-placement='right' title='原始值：0.03'>0.030</span>", "<span data-toggle='tooltip' data-placement='right' title='原始值：0.13'>0.130</span>", "<span data-toggle='tooltip' data-placement='right' title='原始值：1.229'>1.23</span>", "*", "*", "正常"], ["安徽省", "淮河流域", "<span data-toggle='tooltip' data-placement='right' title='所在地市:阜阳市&#10;所属河流:淮河'>王家坝</span>", "06-13 08:00", "Ⅳ", "<span data-toggle='tooltip' data-placement='right' title='原始值：27.66999'>27.7</span>", "<span data-toggle='tooltip' data-placement='right' title='原始值：7.54714'>7.55</span>", "<span data-toggle='tooltip' data-placement='right' title='原始值：3.84315'>3.84</span>", "<span data-toggle='tooltip' data-placement='right' title='原始值：1045.681'>1045.7</span>", "<span data-toggle='tooltip' data-placement='right' title='原始值：25.70236'>25.7</span>", "<span data-toggle='tooltip' data-placement='right' title='原始值：4.92'>4.92</span>", "<span data-toggle='tooltip' data-placement='right' title='原始值：0.849'>0.849</span>", "<span data-toggle='tooltip' data-placement='right' title='原始值：0.26531'>0.265</span>", "<span data-toggle='tooltip' data-placement='right' title='原始值：1.83303'>1.83</span>", "*", "*", "正常"], ["安徽省", "淮河流域", "<span data-toggle='tooltip' data-placement='right' title='所在地市:阜阳市&#10;所属河流:颍河'>界首七渡口(七渡口)</span>", "06-13 08:00", "Ⅳ", "<span data-toggle='tooltip' data-placement='right' title='原始值：19.81998'>19.8</span>", "<span data-toggle='tooltip' data-placement='right' title='原始值：7.91165'>7.91</span>", "<span data-toggle='tooltip' data-placement='right' title='原始值：4.94548'>4.95</span>", "<span data-toggle='tooltip' data-placement='right' title='原始值：865.2229'>865.2</span>", "<span data-toggle='tooltip' data-placement='right' title='原始值：7.11068'>7.1</span>", "<span data-toggle='tooltip' data-placement='right' title='原始值：5.26'>5.26</span>", "<span data-toggle='tooltip' data-placement='right' title='原始值：0.42'>0.420</span>", "<span data-toggle='tooltip' data-placement='right' title='原始值：0.07717'>0.077</span>", "<span data-toggle='tooltip' data-placement='right' title='原始值：3.173'>3.17</span>", "*", "*", "正常"], ["安徽省", "淮河流域", "<span data-toggle='tooltip' data-placement='right' title='所在地市:阜阳市&#10;所属河流:泉河'>许庄(徐庄)</span>", "06-13 08:00", "Ⅲ", "<span data-toggle='tooltip' data-placement='right' title='原始值：24.5'>24.5</span>", "<span data-toggle='tooltip' data-placement='right' title='原始值：7.4'>7.40</span>", "<span data-toggle='tooltip' data-placement='right' title='原始值：7.23'>7.23</span>", "<span data-toggle='tooltip' data-placement='right' title='原始值：953.8'>953.8</span>", "<span data-toggle='tooltip' data-placement='right' title='原始值：118.57'>118.6</span>", "<span data-toggle='tooltip' data-placement='right' title='原始值：5.31'>5.31</span>", "<span data-toggle='tooltip' data-placement='right' title='原始值：0.03'>0.030</span>", "<span data-toggle='tooltip' data-placement='right' title='原始值：0.159'>0.159</span>", "<span data-toggle='tooltip' data-placement='right' title='原始值：1.759'>1.76</span>", "*", "*", "正常"], ["安徽省", "淮河流域", "<span data-toggle='tooltip' data-placement='right' title='所在地市:宿州市&#10;所属河流:奎河'>杨庄</span>", "06-13 08:02", "劣Ⅴ", "<span data-toggle='tooltip' data-placement='right' title='原始值：23.64'>23.6</span>", "<span data-toggle='tooltip' data-placement='right' title='原始值：7.18'>7.18</span>", "<span data-toggle='tooltip' data-placement='right' title='原始值：2.72'>2.72</span>", "<span data-toggle='tooltip' data-placement='right' title='原始值：453.2'>453.2</span>", "<span data-toggle='tooltip' data-placement='right' title='原始值：191.03'>191.0</span>", "<span data-toggle='tooltip' data-placement='right' title='原始值：7.33'>7.33</span>", "<span data-toggle='tooltip' data-placement='right' title='原始值：3.223'>3.223</span>", "*", "*", "*", "*", "正常"], ["安徽省", "淮河流域", "<span data-toggle='tooltip' data-placement='right' title='所在地市:宿州市&#10;所属河流:新汴河'>泗县公路桥</span>", "06-13 08:00", "Ⅲ", "<span data-toggle='tooltip' data-placement='right' title='原始值：25.9'>25.9</span>", "<span data-toggle='tooltip' data-placement='right' title='原始值：8.75'>8.75</span>", "<span data-toggle='tooltip' data-placement='right' title='原始值：5.89'>5.89</span>", "<span data-toggle='tooltip' data-placement='right' title='原始值：1069.8'>1069.8</span>", "<span data-toggle='tooltip' data-placement='right' title='原始值：51.76'>51.8</span>", "<span data-toggle='tooltip' data-placement='right' title='原始值：3.18'>3.18</span>", "<span data-toggle='tooltip' data-placement='right' title='原始值：0.14'>0.140</span>", "*", "*", "*", "*", "正常"], ["安徽省", "淮河流域", "<span data-toggle='tooltip' data-placement='right' title='所在地市:亳州市&#10;所属河流:包河'>颜集</span>", "06-13 08:00", "Ⅴ", "<span data-toggle='tooltip' data-placement='right' title='原始值：24.2'>24.2</span>", "<span data-toggle='tooltip' data-placement='right' title='原始值：7.76'>7.76</span>", "<span data-toggle='tooltip' data-placement='right' title='原始值：2.19'>2.19</span>", "<span data-toggle='tooltip' data-placement='right' title='原始值：1307.3'>1307.3</span>", "<span data-toggle='tooltip' data-placement='right' title='原始值：152.46'>152.5</span>", "<span data-toggle='tooltip' data-placement='right' title='原始值：3.91'>3.91</span>", "<span data-toggle='tooltip' data-placement='right' title='原始值：0.27'>0.270</span>", "<span data-toggle='tooltip' data-placement='right' title='原始值：0.275'>0.275</span>", "<span data-toggle='tooltip' data-placement='right' title='原始值：5.01'>5.01</span>", "*", "*", "正常"], ["福建省", "浙闽片河流", "<span data-toggle='tooltip' data-placement='right' title='所在地市:福州市&#10;所属河流:闽江'>白岩潭</span>", "06-13 08:00", "Ⅱ", "<span data-toggle='tooltip' data-placement='right' title='原始值：24.8'>24.8</span>", "<span data-toggle='tooltip' data-placement='right' title='原始值：6.37'>6.37</span>", "<span data-toggle='tooltip' data-placement='right' title='原始值：7.92'>7.92</span>", "<span data-toggle='tooltip' data-placement='right' title='原始值：96.8'>96.8</span>", "<span data-toggle='tooltip' data-placement='right' title='原始值：77.84'>77.8</span>", "<span data-toggle='tooltip' data-placement='right' title='原始值：2.42'>2.42</span>", "<span data-toggle='tooltip' data-placement='right' title='原始值：0.11'>0.110</span>", "*", "*", "*", "*", "正常"], ["江西省", "长江流域", "<span data-toggle='tooltip' data-placement='right' title='所在地市:南昌市&#10;所属河流:赣江南支'>滁槎</span>", null, "", "--", "--", "--", "--", "--", "--", "--", "--", "--", "*", "*", "维护"], ["江西省", "长江流域", "<span data-toggle='tooltip' data-placement='right' title='所在地市:九江市&#10;所属河流:长江'>姚港(河西水厂)</span>", null, "", "--", "--", "--", "--", "--", "--", "--", "--", "--", "*", "*", "停站"], ["江西省", "长江流域", "<span data-toggle='tooltip' data-placement='right' title='所在地市:九江市&#10;所属河流:鄱阳湖'>蛤蟆石</span>", null, "", "--", "--", "--", "--", "--", "--", "--", "--", "--", "--", "--", "停站"], ["山东省", "黄河流域", "<span data-toggle='tooltip' data-placement='right' title='所在地市:济南市&#10;所属河流:黄河'>泺口</span>", "06-13 08:00", "Ⅱ", "<span data-toggle='tooltip' data-placement='right' title='原始值：25.7936'>25.8</span>", "<span data-toggle='tooltip' data-placement='right' title='原始值：8.41671'>8.42</span>", "<span data-toggle='tooltip' data-placement='right' title='原始值：7.44957'>7.45</span>", "<span data-toggle='tooltip' data-placement='right' title='原始值：1037.33'>1037.3</span>", "<span data-toggle='tooltip' data-placement='right' title='原始值：736.062'>736.1</span>", "<span data-toggle='tooltip' data-placement='right' title='原始值：1.53'>1.53</span>", "<span data-toggle='tooltip' data-placement='right' title='原始值：0.12955'>0.130</span>", "<span data-toggle='tooltip' data-placement='right' title='原始值：0.01908'>0.019</span>", "<span data-toggle='tooltip' data-placement='right' title='原始值：3.79'>3.79</span>", "*", "*", "正常"], ["山东省", "淮河流域", "<span data-toggle='tooltip' data-placement='right' title='所在地市:枣庄市&#10;所属河流:京杭大运河（韩庄运河）'>台儿庄大桥</span>", "06-13 08:00", "Ⅱ", "<span data-toggle='tooltip' data-placement='right' title='原始值：25.25'>25.2</span>", "<span data-toggle='tooltip' data-placement='right' title='原始值：7.67612'>7.68</span>", "<span data-toggle='tooltip' data-placement='right' title='原始值：6.44916'>6.45</span>", "<span data-toggle='tooltip' data-placement='right' title='原始值：724.2594'>724.3</span>", "<span data-toggle='tooltip' data-placement='right' title='原始值：41.45327'>41.5</span>", "<span data-toggle='tooltip' data-placement='right' title='原始值：3.35578'>3.36</span>", "<span data-toggle='tooltip' data-placement='right' title='原始值：0.05402'>0.054</span>", "<span data-toggle='tooltip' data-placement='right' title='原始值：0.04177'>0.042</span>", "<span data-toggle='tooltip' data-placement='right' title='原始值：1.14552'>1.15</span>", "*", "*", "正常"], ["山东省", "淮河流域", "<span data-toggle='tooltip' data-placement='right' title='所在地市:临沂市&#10;所属河流:沭河'>清泉寺</span>", "06-13 08:00", "Ⅳ", "<span data-toggle='tooltip' data-placement='right' title='原始值：25.52882'>25.5</span>", "<span data-toggle='tooltip' data-placement='right' title='原始值：8.20371'>8.20</span>", "<span data-toggle='tooltip' data-placement='right' title='原始值：4.76353'>4.76</span>", "<span data-toggle='tooltip' data-placement='right' title='原始值：1297.052'>1297.1</span>", "<span data-toggle='tooltip' data-placement='right' title='原始值：19.17966'>19.2</span>", "<span data-toggle='tooltip' data-placement='right' title='原始值：7.67'>7.67</span>", "<span data-toggle='tooltip' data-placement='right' title='原始值：0.37'>0.370</span>", "*", "*", "*", "*", "正常"], ["山东省", "淮河流域", "<span data-toggle='tooltip' data-placement='right' title='所在地市:临沂市&#10;所属河流:沂河'>重坊桥</span>", "06-13 08:00", "Ⅲ", "<span data-toggle='tooltip' data-placement='right' title='原始值：25.08038'>25.1</span>", "<span data-toggle='tooltip' data-placement='right' title='原始值：7.52318'>7.52</span>", "<span data-toggle='tooltip' data-placement='right' title='原始值：6.62197'>6.62</span>", "<span data-toggle='tooltip' data-placement='right' title='原始值：850'>850.0</span>", "<span data-toggle='tooltip' data-placement='right' title='原始值：15.78598'>15.8</span>", "<span data-toggle='tooltip' data-placement='right' title='原始值：4.27'>4.27</span>", "<span data-toggle='tooltip' data-placement='right' title='原始值：0.1351'>0.135</span>", "*", "*", "*", "*", "正常"], ["山东省", "淮河流域", "<span data-toggle='tooltip' data-placement='right' title='所在地市:临沂市&#10;所属河流:白马河'>捷庄(涝沟桥)</span>", "06-13 08:00", "Ⅲ", "<span data-toggle='tooltip' data-placement='right' title='原始值：22.6'>22.6</span>", "<span data-toggle='tooltip' data-placement='right' title='原始值：7.55'>7.55</span>", "<span data-toggle='tooltip' data-placement='right' title='原始值：6.62476'>6.62</span>", "<span data-toggle='tooltip' data-placement='right' title='原始值：836'>836.0</span>", "<span data-toggle='tooltip' data-placement='right' title='原始值：54.97749'>55.0</span>", "<span data-toggle='tooltip' data-placement='right' title='原始值：5.58'>5.58</span>", "<span data-toggle='tooltip' data-placement='right' title='原始值：0.06269'>0.063</span>", "<span data-toggle='tooltip' data-placement='right' title='原始值：0.11555'>0.116</span>", "<span data-toggle='tooltip' data-placement='right' title='原始值：1.36968'>1.37</span>", "*", "*", "正常"], ["山东省", "海河流域", "<span data-toggle='tooltip' data-placement='right' title='所在地市:聊城市&#10;所属河流:卫运河'>秤勾湾(秤钩湾)</span>", null, "", "--", "--", "--", "--", "--", "--", "--", "--", "--", "*", "*", "停站"], ["河南省", "长江流域", "<span data-toggle='tooltip' data-placement='right' title='所在地市:南阳市&#10;所属河流:丹江口水库'>陶岔</span>", null, "", "--", "--", "--", "--", "--", "--", "--", "--", "--", "--", "--", "维护"], ["河南省", "淮河流域", "<span data-toggle='tooltip' data-placement='right' title='所在地市:商丘市&#10;所属河流:浍河'>黄口</span>", "06-13 08:00", "Ⅲ", "<span data-toggle='tooltip' data-placement='right' title='原始值：25.3'>25.3</span>", "<span data-toggle='tooltip' data-placement='right' title='原始值：8.07'>8.07</span>", "<span data-toggle='tooltip' data-placement='right' title='原始值：6.53032'>6.53</span>", "<span data-toggle='tooltip' data-placement='right' title='原始值：4994.937'>4994.9</span>", "<span data-toggle='tooltip' data-placement='right' title='原始值：91.32317'>91.3</span>", "<span data-toggle='tooltip' data-placement='right' title='原始值：5.4'>5.40</span>", "<span data-toggle='tooltip' data-placement='right' title='原始值：0.15294'>0.153</span>", "<span data-toggle='tooltip' data-placement='right' title='原始值：0.1665'>0.166</span>", "<span data-toggle='tooltip' data-placement='right' title='原始值：1.80884'>1.81</span>", "*", "*", "正常"], ["河南省", "淮河流域", "<span data-toggle='tooltip' data-placement='right' title='所在地市:信阳市&#10;所属河流:史灌河'>蒋集</span>", null, "", "--", "--", "--", "--", "--", "--", "--", "--", "--", "*", "*", "停站"], ["河南省", "淮河流域", "<span data-toggle='tooltip' data-placement='right' title='所在地市:信阳市&#10;所属河流:淮河'>淮滨水文站(淮滨)</span>", "06-13 08:00", "Ⅱ", "<span data-toggle='tooltip' data-placement='right' title='原始值：25.79961'>25.8</span>", "<span data-toggle='tooltip' data-placement='right' title='原始值：7.3625'>7.36</span>", "<span data-toggle='tooltip' data-placement='right' title='原始值：6.94'>6.94</span>", "<span data-toggle='tooltip' data-placement='right' title='原始值：327'>327.0</span>", "<span data-toggle='tooltip' data-placement='right' title='原始值：41.38029'>41.4</span>", "<span data-toggle='tooltip' data-placement='right' title='原始值：2.47271'>2.47</span>", "<span data-toggle='tooltip' data-placement='right' title='原始值：0.23139'>0.231</span>", "<span data-toggle='tooltip' data-placement='right' title='原始值：0.06647'>0.066</span>", "<span data-toggle='tooltip' data-placement='right' title='原始值：1.06226'>1.06</span>", "*", "*", "正常"], ["河南省", "淮河流域", "<span data-toggle='tooltip' data-placement='right' title='所在地市:周口市&#10;所属河流:沙河'>沈丘闸</span>", "06-13 08:00", "Ⅲ", "<span data-toggle='tooltip' data-placement='right' title='原始值：24.27933'>24.3</span>", "<span data-toggle='tooltip' data-placement='right' title='原始值：7.74857'>7.75</span>", "<span data-toggle='tooltip' data-placement='right' title='原始值：6.03361'>6.03</span>", "<span data-toggle='tooltip' data-placement='right' title='原始值：874.6909'>874.7</span>", "<span data-toggle='tooltip' data-placement='right' title='原始值：13.07942'>13.1</span>", "<span data-toggle='tooltip' data-placement='right' title='原始值：3.99'>3.99</span>", "<span data-toggle='tooltip' data-placement='right' title='原始值：0.54'>0.540</span>", "*", "*", "*", "*", "正常"], ["河南省", "淮河流域", "<span data-toggle='tooltip' data-placement='right' title='所在地市:周口市&#10;所属河流:涡河'>鹿邑付桥(鹿邑付桥闸)</span>", "06-13 08:00", "Ⅲ", "<span data-toggle='tooltip' data-placement='right' title='原始值：24.90914'>24.9</span>", "<span data-toggle='tooltip' data-placement='right' title='原始值：8.39643'>8.40</span>", "<span data-toggle='tooltip' data-placement='right' title='原始值：5.80764'>5.81</span>", "<span data-toggle='tooltip' data-placement='right' title='原始值：1443.275'>1443.3</span>", "<span data-toggle='tooltip' data-placement='right' title='原始值：16.52418'>16.5</span>", "<span data-toggle='tooltip' data-placement='right' title='原始值：5.86092'>5.86</span>", "<span data-toggle='tooltip' data-placement='right' title='原始值：0.13'>0.130</span>", "<span data-toggle='tooltip' data-placement='right' title='原始值：0.1233'>0.123</span>", "<span data-toggle='tooltip' data-placement='right' title='原始值：1.82319'>1.82</span>", "*", "*", "正常"], ["河南省", "淮河流域", "<span data-toggle='tooltip' data-placement='right' title='所在地市:驻马店市&#10;所属河流:洪河'>新蔡班台(班台)</span>", "06-13 04:00", "劣Ⅴ", "<span data-toggle='tooltip' data-placement='right' title='原始值：25.53286'>25.5</span>", "<span data-toggle='tooltip' data-placement='right' title='原始值：6.4171'>6.42</span>", "<span data-toggle='tooltip' data-placement='right' title='原始值：4.24915'>4.25</span>", "<span data-toggle='tooltip' data-placement='right' title='原始值：974.2538'>974.3</span>", "<span data-toggle='tooltip' data-placement='right' title='原始值：18.35314'>18.4</span>", "<span data-toggle='tooltip' data-placement='right' title='原始值：7.97'>7.97</span>", "<span data-toggle='tooltip' data-placement='right' title='原始值：0.98'>0.980</span>", "<span data-toggle='tooltip' data-placement='right' title='原始值：0.42439'>0.424</span>", "<span data-toggle='tooltip' data-placement='right' title='原始值：4.69838'>4.70</span>", "*", "*", "正常"], ["河南省", "黄河流域", "<span data-toggle='tooltip' data-placement='right' title='所在地市:济源市&#10;所属河流:黄河'>小浪底水库(小浪底)</span>", "06-13 08:00", "Ⅲ", "<span data-toggle='tooltip' data-placement='right' title='原始值：20.45494'>20.5</span>", "<span data-toggle='tooltip' data-placement='right' title='原始值：8.65569'>8.66</span>", "<span data-toggle='tooltip' data-placement='right' title='原始值：5.49753'>5.50</span>", "<span data-toggle='tooltip' data-placement='right' title='原始值：969.6876'>969.7</span>", "<span data-toggle='tooltip' data-placement='right' title='原始值：4.32631'>4.3</span>", "<span data-toggle='tooltip' data-placement='right' title='原始值：1.77'>1.77</span>", "<span data-toggle='tooltip' data-placement='right' title='原始值：0.12'>0.120</span>", "<span data-toggle='tooltip' data-placement='right' title='原始值：0.024'>0.024</span>", "<span data-toggle='tooltip' data-placement='right' title='原始值：2.9775'>2.98</span>", "*", "*", "正常"], ["湖北省", "长江流域", "<span data-toggle='tooltip' data-placement='right' title='所在地市:武汉市&#10;所属河流:汉江'>宗关</span>", null, "", "--", "--", "--", "--", "--", "--", "--", "--", "--", "*", "*", "停站"], ["湖北省", "长江流域", "<span data-toggle='tooltip' data-placement='right' title='所在地市:十堰市&#10;所属河流:丹江口水库'>坝上中(胡家岭)</span>", null, "", "--", "--", "--", "--", "--", "--", "--", "--", "--", "--", "--", "维护"], ["湖北省", "长江流域", "<span data-toggle='tooltip' data-placement='right' title='所在地市:宜昌市&#10;所属河流:长江'>南津关</span>", null, "", "--", "--", "--", "--", "--", "--", "--", "--", "--", "*", "*", "停站"], ["湖南省", "长江流域", "<span data-toggle='tooltip' data-placement='right' title='所在地市:长沙市&#10;所属河流:湘江'>新港</span>", null, "", "--", "--", "--", "--", "--", "--", "--", "--", "--", "*", "*", "停站"], ["湖南省", "长江流域", "<span data-toggle='tooltip' data-placement='right' title='所在地市:岳阳市&#10;所属河流:洞庭湖'>岳阳楼</span>", null, "", "--", "--", "--", "--", "--", "--", "--", "--", "--", "--", "--", "停站"], ["湖南省", "长江流域", "<span data-toggle='tooltip' data-placement='right' title='所在地市:岳阳市&#10;所属河流:长江'>城陵矶</span>", null, "", "--", "--", "--", "--", "--", "--", "--", "--", "--", "*", "*", "停站"], ["广东省", "珠江流域", "<span data-toggle='tooltip' data-placement='right' title='所在地市:清远市&#10;所属河流:北江'>七星岗</span>", "06-13 08:00", "劣Ⅴ", "<span data-toggle='tooltip' data-placement='right' title='原始值：29.78052'>29.8</span>", "<span data-toggle='tooltip' data-placement='right' title='原始值：5.44991'>5.45</span>", "<span data-toggle='tooltip' data-placement='right' title='原始值：6.0015'>6.00</span>", "<span data-toggle='tooltip' data-placement='right' title='原始值：150.6943'>150.7</span>", "<span data-toggle='tooltip' data-placement='right' title='原始值：279.1636'>279.2</span>", "<span data-toggle='tooltip' data-placement='right' title='原始值：2.03'>2.03</span>", "<span data-toggle='tooltip' data-placement='right' title='原始值：0.10758'>0.108</span>", "<span data-toggle='tooltip' data-placement='right' title='原始值：0.59763'>0.598</span>", "<span data-toggle='tooltip' data-placement='right' title='原始值：2.5744'>2.57</span>", "*", "*", "正常"], ["广东省", "珠江流域", "<span data-toggle='tooltip' data-placement='right' title='所在地市:中山市&#10;所属河流:西江'>横栏</span>", null, "", "--", "--", "--", "--", "--", "--", "--", "--", "--", "*", "*", "停站"], ["广西壮族自治区", "珠江流域", "<span data-toggle='tooltip' data-placement='right' title='所在地市:南宁市&#10;所属河流:邕江'>老口</span>", "06-13 08:00", "Ⅲ", "<span data-toggle='tooltip' data-placement='right' title='原始值：27.86899'>27.9</span>", "<span data-toggle='tooltip' data-placement='right' title='原始值：7.57979'>7.58</span>", "<span data-toggle='tooltip' data-placement='right' title='原始值：5.87758'>5.88</span>", "<span data-toggle='tooltip' data-placement='right' title='原始值：357.7053'>357.7</span>", "<span data-toggle='tooltip' data-placement='right' title='原始值：22.19524'>22.2</span>", "<span data-toggle='tooltip' data-placement='right' title='原始值：1.33927'>1.34</span>", "<span data-toggle='tooltip' data-placement='right' title='原始值：0.07439'>0.074</span>", "<span data-toggle='tooltip' data-placement='right' title='原始值：0.03399'>0.034</span>", "<span data-toggle='tooltip' data-placement='right' title='原始值：2.47623'>2.48</span>", "*", "*", "正常"], ["广西壮族自治区", "珠江流域", "<span data-toggle='tooltip' data-placement='right' title='所在地市:桂林市&#10;所属河流:漓江'>阳朔</span>", null, "", "--", "--", "--", "--", "--", "--", "--", "--", "--", "*", "*", "停站"], ["广西壮族自治区", "珠江流域", "<span data-toggle='tooltip' data-placement='right' title='所在地市:梧州市&#10;所属河流:浔江'>界首</span>", null, "", "--", "--", "--", "--", "--", "--", "--", "--", "--", "*", "*", "停站"], ["广西壮族自治区", "珠江流域", "<span data-toggle='tooltip' data-placement='right' title='所在地市:贵港市&#10;所属河流:浔江'>石嘴</span>", "06-13 08:00", "Ⅱ", "<span data-toggle='tooltip' data-placement='right' title='原始值：26.39101'>26.4</span>", "<span data-toggle='tooltip' data-placement='right' title='原始值：6.65978'>6.66</span>", "<span data-toggle='tooltip' data-placement='right' title='原始值：9.09585'>9.10</span>", "<span data-toggle='tooltip' data-placement='right' title='原始值：249.9587'>250.0</span>", "<span data-toggle='tooltip' data-placement='right' title='原始值：388.1046'>388.1</span>", "<span data-toggle='tooltip' data-placement='right' title='原始值：3.8'>3.80</span>", "<span data-toggle='tooltip' data-placement='right' title='原始值：0.1'>0.100</span>", "<span data-toggle='tooltip' data-placement='right' title='原始值：0.08597'>0.086</span>", "<span data-toggle='tooltip' data-placement='right' title='原始值：6.4361'>6.44</span>", "*", "*", "正常"], ["广西壮族自治区", "珠江流域", "<span data-toggle='tooltip' data-placement='right' title='所在地市:崇左市&#10;所属河流:平而河'>平而关</span>", null, "", "--", "--", "--", "--", "--", "--", "--", "*", "*", "*", "*", "维护"], ["重庆市", "长江流域", "<span data-toggle='tooltip' data-placement='right' title='所在地市:永川区&#10;所属河流:长江'>朱沱</span>", null, "", "--", "--", "--", "--", "--", "--", "--", "--", "--", "*", "*", "停站"], ["四川省", "长江流域", "<span data-toggle='tooltip' data-placement='right' title='所在地市:攀枝花市&#10;所属河流:金沙江'>龙洞</span>", "06-13 08:00", "Ⅰ", "<span data-toggle='tooltip' data-placement='right' title='原始值：21.4849'>21.5</span>", "<span data-toggle='tooltip' data-placement='right' title='原始值：8.27245'>8.27</span>", "<span data-toggle='tooltip' data-placement='right' title='原始值：8.47746'>8.48</span>", "<span data-toggle='tooltip' data-placement='right' title='原始值：983.4349'>983.4</span>", "<span data-toggle='tooltip' data-placement='right' title='原始值：2.08646'>2.1</span>", "<span data-toggle='tooltip' data-placement='right' title='原始值：1.29'>1.29</span>", "<span data-toggle='tooltip' data-placement='right' title='原始值：0.04'>0.040</span>", "<span data-toggle='tooltip' data-placement='right' title='原始值：0.00513'>0.005</span>", "<span data-toggle='tooltip' data-placement='right' title='原始值：0.26205'>0.26</span>", "*", "*", "正常"], ["四川省", "长江流域", "<span data-toggle='tooltip' data-placement='right' title='所在地市:泸州市&#10;所属河流:沱江'>沱江大桥(沱江二桥)</span>", null, "", "--", "--", "--", "--", "--", "--", "--", "--", "--", "*", "*", "停站"], ["四川省", "长江流域", "<span data-toggle='tooltip' data-placement='right' title='所在地市:广元市&#10;所属河流:嘉陵江'>清风峡</span>", "06-13 08:00", "Ⅱ", "<span data-toggle='tooltip' data-placement='right' title='原始值：24.37036'>24.4</span>", "<span data-toggle='tooltip' data-placement='right' title='原始值：8.07001'>8.07</span>", "<span data-toggle='tooltip' data-placement='right' title='原始值：8.66203'>8.66</span>", "<span data-toggle='tooltip' data-placement='right' title='原始值：335.3889'>335.4</span>", "<span data-toggle='tooltip' data-placement='right' title='原始值：58.00927'>58.0</span>", "<span data-toggle='tooltip' data-placement='right' title='原始值：1.66'>1.66</span>", "<span data-toggle='tooltip' data-placement='right' title='原始值：0.16969'>0.170</span>", "*", "*", "*", "*", "正常"], ["四川省", "长江流域", "<span data-toggle='tooltip' data-placement='right' title='所在地市:乐山市&#10;所属河流:岷江'>岷江大桥</span>", "06-13 08:00", "Ⅱ", "<span data-toggle='tooltip' data-placement='right' title='原始值：26.39537'>26.4</span>", "<span data-toggle='tooltip' data-placement='right' title='原始值：7.40117'>7.40</span>", "<span data-toggle='tooltip' data-placement='right' title='原始值：6.33717'>6.34</span>", "<span data-toggle='tooltip' data-placement='right' title='原始值：399.3743'>399.4</span>", "<span data-toggle='tooltip' data-placement='right' title='原始值：57.4612'>57.5</span>", "<span data-toggle='tooltip' data-placement='right' title='原始值：3.36'>3.36</span>", "<span data-toggle='tooltip' data-placement='right' title='原始值：0.24'>0.240</span>", "*", "*", "*", "*", "正常"], ["四川省", "长江流域", "<span data-toggle='tooltip' data-placement='right' title='所在地市:宜宾市&#10;所属河流:岷江'>凉姜沟</span>", null, "", "--", "--", "--", "--", "--", "--", "--", "--", "--", "*", "*", "停站"], ["云南省", "滇池流域", "<span data-toggle='tooltip' data-placement='right' title='所在地市:昆明市&#10;所属河流:滇池'>西苑隧道</span>", "06-13 08:02", "", "<span data-toggle='tooltip' data-placement='right' title='原始值：25.01594'>25.0</span>", "<span data-toggle='tooltip' data-placement='right' title='原始值：6.96679'>6.97</span>", "<span data-toggle='tooltip' data-placement='right' title='原始值：4.82646'>4.83</span>", "<span data-toggle='tooltip' data-placement='right' title='原始值：626.9746'>627.0</span>", "<span data-toggle='tooltip' data-placement='right' title='原始值：66.61346'>66.6</span>", "<span data-toggle='tooltip' data-placement='right' title='原始值：9.88999'>9.89</span>", "<span data-toggle='tooltip' data-placement='right' title='极值过滤'>--</span>", "<span data-toggle='tooltip' data-placement='right' title='原始值：0.06966'>0.070</span>", "<span data-toggle='tooltip' data-placement='right' title='原始值：4.68557'>4.69</span>", "<span data-toggle='tooltip' data-placement='right' title='原始值：0.02287'>0.023</span>", "<span data-toggle='tooltip' data-placement='right' title='原始值：7081621'>7081621</span>", "维护"], ["云南省", "滇池流域", "<span data-toggle='tooltip' data-placement='right' title='所在地市:昆明市&#10;所属河流:滇池'>观音山</span>", "06-13 08:00", "", "<span data-toggle='tooltip' data-placement='right' title='原始值：24.16712'>24.2</span>", "<span data-toggle='tooltip' data-placement='right' title='原始值：7.78715'>7.79</span>", "<span data-toggle='tooltip' data-placement='right' title='原始值：6.85242'>6.85</span>", "<span data-toggle='tooltip' data-placement='right' title='原始值：433.9326'>433.9</span>", "<span data-toggle='tooltip' data-placement='right' title='原始值：51.01182'>51.0</span>", "<span data-toggle='tooltip' data-placement='right' title='原始值：12.24'>12.24</span>", "<span data-toggle='tooltip' data-placement='right' title='原始值：0.18'>0.180</span>", "<span data-toggle='tooltip' data-placement='right' title='极值过滤'>--</span>", "<span data-toggle='tooltip' data-placement='right' title='原始值：15.17'>15.17</span>", "<span data-toggle='tooltip' data-placement='right' title='原始值：0.03366'>0.034</span>", "<span data-toggle='tooltip' data-placement='right' title='原始值：7699800'>7699800</span>", "维护"], ["云南省", "西南诸河", "<span data-toggle='tooltip' data-placement='right' title='所在地市:红河哈尼族彝族自治州&#10;所属河流:红河'>河口县医院(河口)</span>", "06-13 08:00", "劣Ⅴ", "<span data-toggle='tooltip' data-placement='right' title='原始值：25.4'>25.4</span>", "<span data-toggle='tooltip' data-placement='right' title='原始值：7.45936'>7.46</span>", "<span data-toggle='tooltip' data-placement='right' title='原始值：7.39999'>7.40</span>", "<span data-toggle='tooltip' data-placement='right' title='原始值：90'>90.0</span>", "<span data-toggle='tooltip' data-placement='right' title='原始值：86.24024'>86.2</span>", "<span data-toggle='tooltip' data-placement='right' title='原始值：19.38'>19.38</span>", "<span data-toggle='tooltip' data-placement='right' title='原始值：0.24457'>0.245</span>", "<span data-toggle='tooltip' data-placement='right' title='原始值：0.01627'>0.016</span>", "<span data-toggle='tooltip' data-placement='right' title='原始值：0.88579'>0.89</span>", "*", "*", "正常"], ["云南省", "西南诸河", "<span data-toggle='tooltip' data-placement='right' title='所在地市:西双版纳傣族自治州&#10;所属河流:澜沧江'>橄榄坝</span>", "06-13 08:01", "", "<span data-toggle='tooltip' data-placement='right' title='原始值：17.99187'>18.0</span>", "<span data-toggle='tooltip' data-placement='right' title='原始值：7.45564'>7.46</span>", "<span data-toggle='tooltip' data-placement='right' title='原始值：6.16897'>6.17</span>", "<span data-toggle='tooltip' data-placement='right' title='原始值：639.4951'>639.5</span>", "<span data-toggle='tooltip' data-placement='right' title='原始值：7.28849'>7.3</span>", "<span data-toggle='tooltip' data-placement='right' title='极值过滤'>--</span>", "<span data-toggle='tooltip' data-placement='right' title='原始值：0.08552'>0.086</span>", "*", "*", "*", "*", "维护"], ["陕西省", "黄河流域", "<span data-toggle='tooltip' data-placement='right' title='所在地市:渭南市&#10;所属河流:渭河'>潼关吊桥</span>", "06-13 08:00", "Ⅲ", "<span data-toggle='tooltip' data-placement='right' title='原始值：24.3'>24.3</span>", "<span data-toggle='tooltip' data-placement='right' title='原始值：7.71'>7.71</span>", "<span data-toggle='tooltip' data-placement='right' title='原始值：5.1175'>5.12</span>", "<span data-toggle='tooltip' data-placement='right' title='原始值：1028.008'>1028.0</span>", "<span data-toggle='tooltip' data-placement='right' title='原始值：159.5708'>159.6</span>", "<span data-toggle='tooltip' data-placement='right' title='原始值：4.88'>4.88</span>", "<span data-toggle='tooltip' data-placement='right' title='原始值：0.68'>0.680</span>", "<span data-toggle='tooltip' data-placement='right' title='原始值：0.09978'>0.100</span>", "<span data-toggle='tooltip' data-placement='right' title='原始值：5.06954'>5.07</span>", "*", "*", "正常"], ["甘肃省", "黄河流域", "<span data-toggle='tooltip' data-placement='right' title='所在地市:兰州市&#10;所属河流:黄河'>新城桥</span>", null, "", "--", "--", "--", "--", "--", "--", "--", "--", "--", "*", "*", "停站"], ["宁夏回族自治区", "黄河流域", "<span data-toggle='tooltip' data-placement='right' title='所在地市:中卫市&#10;所属河流:黄河'>中卫下河沿(新墩)</span>", "06-13 08:00", "Ⅱ", "<span data-toggle='tooltip' data-placement='right' title='原始值：19.41936'>19.4</span>", "<span data-toggle='tooltip' data-placement='right' title='原始值：7.91684'>7.92</span>", "<span data-toggle='tooltip' data-placement='right' title='原始值：7.19787'>7.20</span>", "<span data-toggle='tooltip' data-placement='right' title='原始值：587.3743'>587.4</span>", "<span data-toggle='tooltip' data-placement='right' title='原始值：108.8926'>108.9</span>", "<span data-toggle='tooltip' data-placement='right' title='原始值：2.77'>2.77</span>", "<span data-toggle='tooltip' data-placement='right' title='原始值：0.14'>0.140</span>", "<span data-toggle='tooltip' data-placement='right' title='原始值：0.0033'>0.003</span>", "<span data-toggle='tooltip' data-placement='right' title='原始值：2.3992'>2.40</span>", "*", "*", "正常"]]}