{"result": 1, "total": 1, "records": 98, "thead": ["省份", "流域", "断面名称", "监测时间", "水质类别", "水温<br/><span class='unit'>(℃)</span>", "pH<br/><span class='unit'>(无量纲)</span>", "溶解氧<br/><span class='unit'>(mg/L)</span>", "电导率<br/><span class='unit'>(μS/cm)</span>", "浊度<br/><span class='unit'>(NTU)</span>", "高锰酸盐指数<br/><span class='unit'>(mg/L)</span>", "氨氮<br/><span class='unit'>(mg/L)</span>", "总磷<br/><span class='unit'>(mg/L)</span>", "总氮<br/><span class='unit'>(mg/L)</span>", "叶绿素α<br/><span class='unit'>(mg/L)</span>", "藻密度<br/><span class='unit'>(cells/L)</span>", "站点情况"], "tbody": [["北京市", "海河流域", "<span data-toggle='tooltip' data-placement='right' title='所在地市:门头沟区&#10;所属河流:永定河'>沿河城</span>", "06-11 08:00", "Ⅳ", "<span data-toggle='tooltip' data-placement='right' title='原始值：21.81076'>21.8</span>", "<span data-toggle='tooltip' data-placement='right' title='原始值：8.26972'>8.27</span>", "<span data-toggle='tooltip' data-placement='right' title='原始值：7.69911'>7.70</span>", "<span data-toggle='tooltip' data-placement='right' title='原始值：1488.889'>1488.9</span>", "<span data-toggle='tooltip' data-placement='right' title='原始值：7.10957'>7.1</span>", "<span data-toggle='tooltip' data-placement='right' title='原始值：6.725'>6.72</span>", "<span data-toggle='tooltip' data-placement='right' title='原始值：0.08'>0.080</span>", "<span data-toggle='tooltip' data-placement='right' title='原始值：0.02612'>0.026</span>", "<span data-toggle='tooltip' data-placement='right' title='原始值：1.21887'>1.22</span>", "*", "*", "正常"], ["北京市", "海河流域", "<span data-toggle='tooltip' data-placement='right' title='所在地市:密云区&#10;所属河流:潮河'>古北口</span>", "06-11 08:00", "Ⅱ", "<span data-toggle='tooltip' data-placement='right' title='原始值：23.82598'>23.8</span>", "<span data-toggle='tooltip' data-placement='right' title='原始值：7.22401'>7.22</span>", "<span data-toggle='tooltip' data-placement='right' title='原始值：7.40541'>7.41</span>", "<span data-toggle='tooltip' data-placement='right' title='原始值：626.5162'>626.5</span>", "<span data-toggle='tooltip' data-placement='right' title='原始值：4.1575'>4.2</span>", "<span data-toggle='tooltip' data-placement='right' title='原始值：0.5875'>0.59</span>", "<span data-toggle='tooltip' data-placement='right' title='原始值：0.25'>0.250</span>", "<span data-toggle='tooltip' data-placement='right' title='原始值：0.0031'>0.003</span>", "<span data-toggle='tooltip' data-placement='right' title='原始值：3.405'>3.40</span>", "*", "*", "正常"], ["天津市", "海河流域", "<span data-toggle='tooltip' data-placement='right' title='所在地市:河北区&#10;所属河流:海河'>三岔口</span>", "06-11 08:00", "Ⅲ", "<span data-toggle='tooltip' data-placement='right' title='原始值：26.4933'>26.5</span>", "<span data-toggle='tooltip' data-placement='right' title='原始值：7.5943'>7.59</span>", "<span data-toggle='tooltip' data-placement='right' title='原始值：5.958'>5.96</span>", "<span data-toggle='tooltip' data-placement='right' title='原始值：483.9745'>484.0</span>", "<span data-toggle='tooltip' data-placement='right' title='原始值：25.471'>25.5</span>", "<span data-toggle='tooltip' data-placement='right' title='原始值：3.45'>3.45</span>", "<span data-toggle='tooltip' data-placement='right' title='原始值：0.48'>0.480</span>", "<span data-toggle='tooltip' data-placement='right' title='原始值：0.1804'>0.180</span>", "<span data-toggle='tooltip' data-placement='right' title='原始值：0.9033'>0.90</span>", "*", "*", "正常"], ["天津市", "海河流域", "<span data-toggle='tooltip' data-placement='right' title='所在地市:蓟州区&#10;所属河流:果河'>果河桥</span>", "06-11 08:00", "Ⅱ", "<span data-toggle='tooltip' data-placement='right' title='原始值：26.6'>26.6</span>", "<span data-toggle='tooltip' data-placement='right' title='原始值：8.633'>8.63</span>", "<span data-toggle='tooltip' data-placement='right' title='原始值：10.576'>10.58</span>", "<span data-toggle='tooltip' data-placement='right' title='原始值：570.572'>570.6</span>", "<span data-toggle='tooltip' data-placement='right' title='原始值：4.078'>4.1</span>", "<span data-toggle='tooltip' data-placement='right' title='原始值：2.2581'>2.26</span>", "<span data-toggle='tooltip' data-placement='right' title='原始值：0.12'>0.120</span>", "<span data-toggle='tooltip' data-placement='right' title='原始值：0.0198'>0.020</span>", "<span data-toggle='tooltip' data-placement='right' title='原始值：2.5154'>2.52</span>", "*", "*", "正常"], ["河北省", "海河流域", "<span data-toggle='tooltip' data-placement='right' title='所在地市:石家庄市&#10;所属河流:滹沱河'>岗南水库</span>", "06-11 08:00", "劣Ⅴ", "<span data-toggle='tooltip' data-placement='right' title='原始值：25.63346'>25.6</span>", "<span data-toggle='tooltip' data-placement='right' title='原始值：8.42973'>8.43</span>", "<span data-toggle='tooltip' data-placement='right' title='原始值：10.34863'>10.35</span>", "<span data-toggle='tooltip' data-placement='right' title='原始值：588.0336'>588.0</span>", "<span data-toggle='tooltip' data-placement='right' title='原始值：6.94055'>6.9</span>", "<span data-toggle='tooltip' data-placement='right' title='原始值：2.13864'>2.14</span>", "<span data-toggle='tooltip' data-placement='right' title='原始值：2.4'>2.400</span>", "<span data-toggle='tooltip' data-placement='right' title='原始值：0.00844'>0.008</span>", "<span data-toggle='tooltip' data-placement='right' title='原始值：2.14594'>2.15</span>", "*", "*", "正常"], ["河北省", "海河流域", "<span data-toggle='tooltip' data-placement='right' title='所在地市:张家口市&#10;所属河流:永定河'>八号桥</span>", null, "", "--", "--", "--", "--", "--", "--", "--", "--", "--", "*", "*", "停站"], ["山西省", "黄河流域", "<span data-toggle='tooltip' data-placement='right' title='所在地市:运城市&#10;所属河流:汾河'>河津大桥</span>", "06-11 08:00", "Ⅳ", "<span data-toggle='tooltip' data-placement='right' title='原始值：25.2899'>25.3</span>", "<span data-toggle='tooltip' data-placement='right' title='原始值：7.66895'>7.67</span>", "<span data-toggle='tooltip' data-placement='right' title='原始值：6.06938'>6.07</span>", "<span data-toggle='tooltip' data-placement='right' title='原始值：1413.934'>1413.9</span>", "<span data-toggle='tooltip' data-placement='right' title='原始值：326.4637'>326.5</span>", "<span data-toggle='tooltip' data-placement='right' title='原始值：7.225'>7.22</span>", "<span data-toggle='tooltip' data-placement='right' title='原始值：0.07'>0.070</span>", "*", "*", "*", "*", "正常"], ["山西省", "黄河流域", "<span data-toggle='tooltip' data-placement='right' title='所在地市:忻州市&#10;所属河流:黄河'>万家寨水库</span>", "06-11 08:00", "Ⅳ", "<span data-toggle='tooltip' data-placement='right' title='原始值：22.70856'>22.7</span>", "<span data-toggle='tooltip' data-placement='right' title='原始值：7.9242'>7.92</span>", "<span data-toggle='tooltip' data-placement='right' title='原始值：7.15305'>7.15</span>", "<span data-toggle='tooltip' data-placement='right' title='原始值：1016.791'>1016.8</span>", "<span data-toggle='tooltip' data-placement='right' title='原始值：10.13775'>10.1</span>", "<span data-toggle='tooltip' data-placement='right' title='原始值：6.48'>6.48</span>", "<span data-toggle='tooltip' data-placement='right' title='原始值：0.27'>0.270</span>", "<span data-toggle='tooltip' data-placement='right' title='原始值：0.02475'>0.025</span>", "<span data-toggle='tooltip' data-placement='right' title='原始值：1.8625'>1.86</span>", "*", "*", "正常"], ["内蒙古自治区", "黄河流域", "<span data-toggle='tooltip' data-placement='right' title='所在地市:包头市&#10;所属河流:黄河'>画匠营子</span>", "06-11 08:00", "Ⅱ", "<span data-toggle='tooltip' data-placement='right' title='原始值：18.54547'>18.5</span>", "<span data-toggle='tooltip' data-placement='right' title='原始值：7.58125'>7.58</span>", "<span data-toggle='tooltip' data-placement='right' title='原始值：7.32603'>7.33</span>", "<span data-toggle='tooltip' data-placement='right' title='原始值：955.6032'>955.6</span>", "<span data-toggle='tooltip' data-placement='right' title='原始值：754.5549'>754.6</span>", "<span data-toggle='tooltip' data-placement='right' title='原始值：3.6408'>3.64</span>", "<span data-toggle='tooltip' data-placement='right' title='原始值：0.03073'>0.031</span>", "*", "*", "*", "*", "正常"], ["内蒙古自治区", "黄河流域", "<span data-toggle='tooltip' data-placement='right' title='所在地市:乌海市&#10;所属河流:黄河'>海勃湾</span>", "06-11 08:05", "Ⅱ", "<span data-toggle='tooltip' data-placement='right' title='原始值：21.71068'>21.7</span>", "<span data-toggle='tooltip' data-placement='right' title='原始值：7.58254'>7.58</span>", "<span data-toggle='tooltip' data-placement='right' title='原始值：6.28446'>6.28</span>", "<span data-toggle='tooltip' data-placement='right' title='原始值：784.7053'>784.7</span>", "<span data-toggle='tooltip' data-placement='right' title='原始值：32.79078'>32.8</span>", "<span data-toggle='tooltip' data-placement='right' title='原始值：2.7'>2.70</span>", "<span data-toggle='tooltip' data-placement='right' title='原始值：0.11'>0.110</span>", "*", "*", "*", "*", "正常"], ["内蒙古自治区", "松花江流域", "<span data-toggle='tooltip' data-placement='right' title='所在地市:呼伦贝尔市&#10;所属河流:额尔古纳河'>黑山头</span>", null, "", "--", "--", "--", "--", "--", "--", "--", "--", "--", "*", "*", "停站"], ["辽宁省", "辽河流域", "<span data-toggle='tooltip' data-placement='right' title='所在地市:抚顺市&#10;所属河流:浑河'>大伙房水库</span>", "06-11 08:00", "", "<span data-toggle='tooltip' data-placement='right' title='原始值：18.4624'>18.5</span>", "<span data-toggle='tooltip' data-placement='right' title='原始值：6.60191'>6.60</span>", "<span data-toggle='tooltip' data-placement='right' title='原始值：9.30055'>9.30</span>", "<span data-toggle='tooltip' data-placement='right' title='原始值：352.8875'>352.9</span>", "<span data-toggle='tooltip' data-placement='right' title='原始值：12.4533'>12.5</span>", "<span data-toggle='tooltip' data-placement='right' title='原始值：2.13'>2.13</span>", "<span data-toggle='tooltip' data-placement='right' title='原始值：0.02'>0.020</span>", "<span data-toggle='tooltip' data-placement='right' title='极值过滤'>--</span>", "<span data-toggle='tooltip' data-placement='right' title='极值过滤'>--</span>", "<span data-toggle='tooltip' data-placement='right' title='原始值：0.00082'>0.001</span>", "*", "维护"], ["辽宁省", "辽河流域", "<span data-toggle='tooltip' data-placement='right' title='所在地市:丹东市&#10;所属河流:鸭绿江'>江桥</span>", "06-11 08:00", "Ⅱ", "<span data-toggle='tooltip' data-placement='right' title='原始值：16.2125'>16.2</span>", "<span data-toggle='tooltip' data-placement='right' title='原始值：6.77'>6.77</span>", "<span data-toggle='tooltip' data-placement='right' title='原始值：8.95'>8.95</span>", "<span data-toggle='tooltip' data-placement='right' title='原始值：147'>147.0</span>", "<span data-toggle='tooltip' data-placement='right' title='原始值：3.7'>3.7</span>", "<span data-toggle='tooltip' data-placement='right' title='原始值：1.12'>1.12</span>", "<span data-toggle='tooltip' data-placement='right' title='原始值：0.03262'>0.033</span>", "<span data-toggle='tooltip' data-placement='right' title='原始值：0.02324'>0.023</span>", "<span data-toggle='tooltip' data-placement='right' title='原始值：2.50433'>2.50</span>", "*", "*", "正常"], ["辽宁省", "辽河流域", "<span data-toggle='tooltip' data-placement='right' title='所在地市:营口市&#10;所属河流:大辽河'>辽河公园</span>", "06-11 08:05", "Ⅲ", "<span data-toggle='tooltip' data-placement='right' title='原始值：21.77418'>21.8</span>", "<span data-toggle='tooltip' data-placement='right' title='原始值：6.25597'>6.26</span>", "<span data-toggle='tooltip' data-placement='right' title='原始值：7.42156'>7.42</span>", "<span data-toggle='tooltip' data-placement='right' title='原始值：25705.34'>25705.3</span>", "<span data-toggle='tooltip' data-placement='right' title='原始值：184.9558'>185.0</span>", "<span data-toggle='tooltip' data-placement='right' title='原始值：3.81204'>3.81</span>", "<span data-toggle='tooltip' data-placement='right' title='原始值：0.13534'>0.135</span>", "<span data-toggle='tooltip' data-placement='right' title='原始值：0.19817'>0.198</span>", "<span data-toggle='tooltip' data-placement='right' title='原始值：4.45869'>4.46</span>", "*", "*", "正常"], ["辽宁省", "辽河流域", "<span data-toggle='tooltip' data-placement='right' title='所在地市:辽阳市&#10;所属河流:太子河'>汤河水库</span>", "06-11 08:00", "Ⅳ", "<span data-toggle='tooltip' data-placement='right' title='原始值：15.7'>15.7</span>", "<span data-toggle='tooltip' data-placement='right' title='原始值：7.78'>7.78</span>", "<span data-toggle='tooltip' data-placement='right' title='原始值：4.96'>4.96</span>", "<span data-toggle='tooltip' data-placement='right' title='原始值：478.0655'>478.1</span>", "<span data-toggle='tooltip' data-placement='right' title='原始值：6.21866'>6.2</span>", "<span data-toggle='tooltip' data-placement='right' title='原始值：1.13'>1.13</span>", "<span data-toggle='tooltip' data-placement='right' title='原始值：0.04493'>0.045</span>", "<span data-toggle='tooltip' data-placement='right' title='原始值：0.00264'>0.003</span>", "<span data-toggle='tooltip' data-placement='right' title='原始值：1.91407'>1.91</span>", "*", "*", "正常"], ["辽宁省", "辽河流域", "<span data-toggle='tooltip' data-placement='right' title='所在地市:盘锦市&#10;所属河流:辽河'>盘锦兴安(兴安)</span>", "06-11 08:00", "", "<span data-toggle='tooltip' data-placement='right' title='原始值：22.90876'>22.9</span>", "<span data-toggle='tooltip' data-placement='right' title='原始值：7.28736'>7.29</span>", "<span data-toggle='tooltip' data-placement='right' title='原始值：5.23726'>5.24</span>", "<span data-toggle='tooltip' data-placement='right' title='原始值：2910.243'>2910.2</span>", "<span data-toggle='tooltip' data-placement='right' title='原始值：23.38113'>23.4</span>", "<span data-toggle='tooltip' data-placement='right' title='极值过滤'>--</span>", "<span data-toggle='tooltip' data-placement='right' title='极值过滤'>--</span>", "<span data-toggle='tooltip' data-placement='right' title='原始值：0.07993'>0.080</span>", "<span data-toggle='tooltip' data-placement='right' title='原始值：0.92565'>0.93</span>", "*", "*", "维护"], ["辽宁省", "辽河流域", "<span data-toggle='tooltip' data-placement='right' title='所在地市:铁岭市&#10;所属河流:辽河'>珠尔山</span>", "06-11 08:00", "Ⅱ", "<span data-toggle='tooltip' data-placement='right' title='原始值：21.98214'>22.0</span>", "<span data-toggle='tooltip' data-placement='right' title='原始值：7.44978'>7.45</span>", "<span data-toggle='tooltip' data-placement='right' title='原始值：6.20982'>6.21</span>", "<span data-toggle='tooltip' data-placement='right' title='原始值：389.0716'>389.1</span>", "<span data-toggle='tooltip' data-placement='right' title='原始值：83.26965'>83.3</span>", "<span data-toggle='tooltip' data-placement='right' title='原始值：3.42669'>3.43</span>", "<span data-toggle='tooltip' data-placement='right' title='原始值：0.24'>0.240</span>", "<span data-toggle='tooltip' data-placement='right' title='原始值：0.09266'>0.093</span>", "<span data-toggle='tooltip' data-placement='right' title='原始值：2.18'>2.18</span>", "*", "*", "正常"], ["吉林省", "松花江流域", "<span data-toggle='tooltip' data-placement='right' title='所在地市:长春市&#10;所属河流:松花江'>松花江村</span>", "06-11 08:04", "", "<span data-toggle='tooltip' data-placement='right' title='原始值：16.02844'>16.0</span>", "<span data-toggle='tooltip' data-placement='right' title='原始值：6.45834'>6.46</span>", "<span data-toggle='tooltip' data-placement='right' title='原始值：6.45609'>6.46</span>", "<span data-toggle='tooltip' data-placement='right' title='原始值：229.0663'>229.1</span>", "<span data-toggle='tooltip' data-placement='right' title='原始值：32.94562'>32.9</span>", "<span data-toggle='tooltip' data-placement='right' title='原始值：1.88'>1.88</span>", "<span data-toggle='tooltip' data-placement='right' title='原始值：0.27'>0.270</span>", "<span data-toggle='tooltip' data-placement='right' title='极值过滤'>--</span>", "<span data-toggle='tooltip' data-placement='right' title='原始值：3.14588'>3.15</span>", "*", "*", "维护"], ["吉林省", "松花江流域", "<span data-toggle='tooltip' data-placement='right' title='所在地市:白城市&#10;所属河流:嫩江'>白沙滩</span>", "06-11 08:00", "Ⅳ", "<span data-toggle='tooltip' data-placement='right' title='原始值：18.33253'>18.3</span>", "<span data-toggle='tooltip' data-placement='right' title='原始值：6.75831'>6.76</span>", "<span data-toggle='tooltip' data-placement='right' title='原始值：8.02802'>8.03</span>", "<span data-toggle='tooltip' data-placement='right' title='原始值：203.2554'>203.3</span>", "<span data-toggle='tooltip' data-placement='right' title='原始值：161.411'>161.4</span>", "<span data-toggle='tooltip' data-placement='right' title='原始值：9.54'>9.54</span>", "<span data-toggle='tooltip' data-placement='right' title='原始值：0.18'>0.180</span>", "<span data-toggle='tooltip' data-placement='right' title='原始值：0.10052'>0.101</span>", "<span data-toggle='tooltip' data-placement='right' title='原始值：2.18484'>2.18</span>", "*", "*", "正常"], ["吉林省", "松花江流域", "<span data-toggle='tooltip' data-placement='right' title='所在地市:延边朝鲜族自治州&#10;所属河流:图们江'>圈河</span>", "06-11 08:00", "Ⅳ", "<span data-toggle='tooltip' data-placement='right' title='原始值：22.7'>22.7</span>", "<span data-toggle='tooltip' data-placement='right' title='原始值：8.27'>8.27</span>", "<span data-toggle='tooltip' data-placement='right' title='原始值：5.87252'>5.87</span>", "<span data-toggle='tooltip' data-placement='right' title='原始值：201'>201.0</span>", "<span data-toggle='tooltip' data-placement='right' title='原始值：12'>12.0</span>", "<span data-toggle='tooltip' data-placement='right' title='原始值：6.15'>6.15</span>", "<span data-toggle='tooltip' data-placement='right' title='原始值：0.10088'>0.101</span>", "<span data-toggle='tooltip' data-placement='right' title='原始值：0.11486'>0.115</span>", "<span data-toggle='tooltip' data-placement='right' title='原始值：1.999'>2.00</span>", "*", "*", "正常"], ["黑龙江省", "松花江流域", "<span data-toggle='tooltip' data-placement='right' title='所在地市:大庆市&#10;所属河流:松花江'>肇源</span>", null, "", "--", "--", "--", "--", "--", "--", "--", "--", "--", "*", "*", "停站"], ["黑龙江省", "松花江流域", "<span data-toggle='tooltip' data-placement='right' title='所在地市:佳木斯市&#10;所属河流:乌苏里江'>乌苏镇</span>", null, "", "--", "--", "--", "--", "--", "--", "--", "--", "--", "*", "*", "停站"], ["黑龙江省", "松花江流域", "<span data-toggle='tooltip' data-placement='right' title='所在地市:佳木斯市&#10;所属河流:松花江'>同江</span>", "06-11 08:00", "Ⅳ", "<span data-toggle='tooltip' data-placement='right' title='原始值：18.72872'>18.7</span>", "<span data-toggle='tooltip' data-placement='right' title='原始值：7.18751'>7.19</span>", "<span data-toggle='tooltip' data-placement='right' title='原始值：9.43752'>9.44</span>", "<span data-toggle='tooltip' data-placement='right' title='原始值：209.9612'>210.0</span>", "<span data-toggle='tooltip' data-placement='right' title='原始值：76.50211'>76.5</span>", "<span data-toggle='tooltip' data-placement='right' title='原始值：6.23026'>6.23</span>", "<span data-toggle='tooltip' data-placement='right' title='原始值：0.08743'>0.087</span>", "<span data-toggle='tooltip' data-placement='right' title='原始值：0.12158'>0.122</span>", "<span data-toggle='tooltip' data-placement='right' title='原始值：2.15908'>2.16</span>", "*", "*", "正常"], ["黑龙江省", "松花江流域", "<span data-toggle='tooltip' data-placement='right' title='所在地市:黑河市&#10;所属河流:黑龙江'>黑河下(黑河)</span>", null, "", "--", "--", "--", "--", "--", "--", "--", "--", "--", "*", "*", "停站"], ["上海市", "长江流域", "<span data-toggle='tooltip' data-placement='right' title='所在地市:青浦区&#10;所属河流:淀山湖'>急水港桥</span>", "06-11 08:00", "Ⅴ", "<span data-toggle='tooltip' data-placement='right' title='原始值：27.1'>27.1</span>", "<span data-toggle='tooltip' data-placement='right' title='原始值：7.02'>7.02</span>", "<span data-toggle='tooltip' data-placement='right' title='原始值：2.62'>2.62</span>", "<span data-toggle='tooltip' data-placement='right' title='原始值：710'>710.0</span>", "<span data-toggle='tooltip' data-placement='right' title='原始值：73.3'>73.3</span>", "<span data-toggle='tooltip' data-placement='right' title='原始值：9.8125'>9.81</span>", "<span data-toggle='tooltip' data-placement='right' title='原始值：0.20397'>0.204</span>", "<span data-toggle='tooltip' data-placement='right' title='原始值：0.08203'>0.082</span>", "<span data-toggle='tooltip' data-placement='right' title='原始值：2.59377'>2.59</span>", "<span data-toggle='tooltip' data-placement='right' title='原始值：0.00406'>0.004</span>", "<span data-toggle='tooltip' data-placement='right' title='原始值：2854365'>2854365</span>", "正常"], ["江苏省", "长江流域", "<span data-toggle='tooltip' data-placement='right' title='所在地市:南京市&#10;所属河流:长江'>林山</span>", "06-11 08:00", "Ⅱ", "<span data-toggle='tooltip' data-placement='right' title='原始值：26.3398'>26.3</span>", "<span data-toggle='tooltip' data-placement='right' title='原始值：7.91533'>7.92</span>", "<span data-toggle='tooltip' data-placement='right' title='原始值：6.59923'>6.60</span>", "<span data-toggle='tooltip' data-placement='right' title='原始值：296.545'>296.5</span>", "<span data-toggle='tooltip' data-placement='right' title='原始值：65.4753'>65.5</span>", "<span data-toggle='tooltip' data-placement='right' title='原始值：2.61'>2.61</span>", "<span data-toggle='tooltip' data-placement='right' title='原始值：0.068'>0.068</span>", "*", "*", "*", "*", "正常"], ["江苏省", "太湖流域", "<span data-toggle='tooltip' data-placement='right' title='所在地市:无锡市&#10;所属河流:太湖'>沙渚</span>", "06-11 08:00", "Ⅲ", "<span data-toggle='tooltip' data-placement='right' title='原始值：26.05461'>26.1</span>", "<span data-toggle='tooltip' data-placement='right' title='原始值：7.8114'>7.81</span>", "<span data-toggle='tooltip' data-placement='right' title='原始值：6.487252'>6.49</span>", "<span data-toggle='tooltip' data-placement='right' title='原始值：482.2099'>482.2</span>", "<span data-toggle='tooltip' data-placement='right' title='原始值：14.04544'>14.0</span>", "<span data-toggle='tooltip' data-placement='right' title='原始值：4.8'>4.80</span>", "<span data-toggle='tooltip' data-placement='right' title='原始值：0.33'>0.330</span>", "<span data-toggle='tooltip' data-placement='right' title='原始值：0.0437'>0.044</span>", "<span data-toggle='tooltip' data-placement='right' title='原始值：0.8505'>0.85</span>", "*", "*", "正常"], ["江苏省", "淮河流域", "<span data-toggle='tooltip' data-placement='right' title='所在地市:徐州市&#10;所属河流:武河'>小红圈</span>", "06-11 08:00", "Ⅲ", "<span data-toggle='tooltip' data-placement='right' title='原始值：27.5'>27.5</span>", "<span data-toggle='tooltip' data-placement='right' title='原始值：8.74'>8.74</span>", "<span data-toggle='tooltip' data-placement='right' title='原始值：7.84'>7.84</span>", "<span data-toggle='tooltip' data-placement='right' title='原始值：722.2'>722.2</span>", "<span data-toggle='tooltip' data-placement='right' title='原始值：2.72'>2.7</span>", "<span data-toggle='tooltip' data-placement='right' title='原始值：5.38'>5.38</span>", "<span data-toggle='tooltip' data-placement='right' title='原始值：0.09'>0.090</span>", "*", "*", "*", "*", "正常"], ["江苏省", "淮河流域", "<span data-toggle='tooltip' data-placement='right' title='所在地市:徐州市&#10;所属河流:沿河'>李集桥</span>", null, "", "--", "--", "--", "--", "--", "--", "--", "--", "--", "*", "*", "维护"], ["江苏省", "淮河流域", "<span data-toggle='tooltip' data-placement='right' title='所在地市:徐州市&#10;所属河流:邳苍分洪道'>艾山西大桥</span>", "06-11 08:00", "Ⅲ", "<span data-toggle='tooltip' data-placement='right' title='原始值：27.3974'>27.4</span>", "<span data-toggle='tooltip' data-placement='right' title='原始值：8.10425'>8.10</span>", "<span data-toggle='tooltip' data-placement='right' title='原始值：6.97249'>6.97</span>", "<span data-toggle='tooltip' data-placement='right' title='原始值：638.331'>638.3</span>", "<span data-toggle='tooltip' data-placement='right' title='原始值：12.7148'>12.7</span>", "<span data-toggle='tooltip' data-placement='right' title='原始值：5.94'>5.94</span>", "<span data-toggle='tooltip' data-placement='right' title='原始值：0.17'>0.170</span>", "<span data-toggle='tooltip' data-placement='right' title='原始值：0.0426'>0.043</span>", "<span data-toggle='tooltip' data-placement='right' title='原始值：0.00646'>0.01</span>", "*", "*", "正常"], ["江苏省", "太湖流域", "<span data-toggle='tooltip' data-placement='right' title='所在地市:苏州市&#10;所属河流:太湖'>兰山嘴(老)</span>", "06-11 08:00", "Ⅲ", "<span data-toggle='tooltip' data-placement='right' title='原始值：27.28011'>27.3</span>", "<span data-toggle='tooltip' data-placement='right' title='原始值：7.08311'>7.08</span>", "<span data-toggle='tooltip' data-placement='right' title='原始值：5.10345'>5.10</span>", "<span data-toggle='tooltip' data-placement='right' title='原始值：421.9479'>421.9</span>", "<span data-toggle='tooltip' data-placement='right' title='原始值：35.02978'>35.0</span>", "<span data-toggle='tooltip' data-placement='right' title='原始值：3.06'>3.06</span>", "<span data-toggle='tooltip' data-placement='right' title='原始值：0.27'>0.270</span>", "<span data-toggle='tooltip' data-placement='right' title='原始值：0.07834'>0.078</span>", "<span data-toggle='tooltip' data-placement='right' title='原始值：2.52054'>2.52</span>", "*", "*", "正常"], ["江苏省", "太湖流域", "<span data-toggle='tooltip' data-placement='right' title='所在地市:苏州市&#10;所属河流:太湖'>西山</span>", null, "", "--", "--", "--", "--", "--", "--", "--", "--", "--", "*", "*", "维护"], ["江苏省", "淮河流域", "<span data-toggle='tooltip' data-placement='right' title='所在地市:连云港市&#10;所属河流:新沭河'>大兴桥</span>", "06-11 08:00", "Ⅲ", "<span data-toggle='tooltip' data-placement='right' title='原始值：26.9'>26.9</span>", "<span data-toggle='tooltip' data-placement='right' title='原始值：8.15'>8.15</span>", "<span data-toggle='tooltip' data-placement='right' title='原始值：8.5'>8.50</span>", "<span data-toggle='tooltip' data-placement='right' title='原始值：1446.9'>1446.9</span>", "<span data-toggle='tooltip' data-placement='right' title='原始值：38.87'>38.9</span>", "<span data-toggle='tooltip' data-placement='right' title='原始值：4.88'>4.88</span>", "<span data-toggle='tooltip' data-placement='right' title='原始值：0.084'>0.084</span>", "*", "*", "*", "*", "正常"], ["江苏省", "淮河流域", "<span data-toggle='tooltip' data-placement='right' title='所在地市:淮安市&#10;所属河流:淮河'>淮河大桥</span>", "06-11 08:00", "Ⅲ", "<span data-toggle='tooltip' data-placement='right' title='原始值：27.59634'>27.6</span>", "<span data-toggle='tooltip' data-placement='right' title='原始值：8.07453'>8.07</span>", "<span data-toggle='tooltip' data-placement='right' title='原始值：6.73864'>6.74</span>", "<span data-toggle='tooltip' data-placement='right' title='原始值：624.4233'>624.4</span>", "<span data-toggle='tooltip' data-placement='right' title='原始值：70.69417'>70.7</span>", "<span data-toggle='tooltip' data-placement='right' title='原始值：3.36'>3.36</span>", "<span data-toggle='tooltip' data-placement='right' title='原始值：0.05'>0.050</span>", "<span data-toggle='tooltip' data-placement='right' title='原始值：0.13575'>0.136</span>", "<span data-toggle='tooltip' data-placement='right' title='原始值：0.5525'>0.55</span>", "*", "*", "正常"], ["江苏省", "长江流域", "<span data-toggle='tooltip' data-placement='right' title='所在地市:扬州市&#10;所属河流:夹江'>三江营</span>", null, "", "--", "--", "--", "--", "--", "--", "--", "--", "--", "*", "*", "停站"], ["江苏省", "淮河流域", "<span data-toggle='tooltip' data-placement='right' title='所在地市:宿迁市&#10;所属河流:新濉河'>大屈</span>", "06-11 08:00", "Ⅳ", "<span data-toggle='tooltip' data-placement='right' title='原始值：24.8'>24.8</span>", "<span data-toggle='tooltip' data-placement='right' title='原始值：7.75'>7.75</span>", "<span data-toggle='tooltip' data-placement='right' title='原始值：5.92'>5.92</span>", "<span data-toggle='tooltip' data-placement='right' title='原始值：852.1'>852.1</span>", "<span data-toggle='tooltip' data-placement='right' title='原始值：36.14'>36.1</span>", "<span data-toggle='tooltip' data-placement='right' title='原始值：6.55'>6.55</span>", "<span data-toggle='tooltip' data-placement='right' title='原始值：0.16'>0.160</span>", "<span data-toggle='tooltip' data-placement='right' title='原始值：0.087'>0.087</span>", "<span data-toggle='tooltip' data-placement='right' title='原始值：0.91'>0.91</span>", "*", "*", "正常"], ["浙江省", "浙闽片河流", "<span data-toggle='tooltip' data-placement='right' title='所在地市:杭州市&#10;所属河流:新安江'>街口(鸠坑口)</span>", null, "", "--", "--", "--", "--", "--", "--", "--", "--", "--", "*", "*", "停站"], ["浙江省", "太湖流域", "<span data-toggle='tooltip' data-placement='right' title='所在地市:嘉兴市&#10;所属河流:斜路港河'>斜路港</span>", "06-11 08:00", "Ⅳ", "<span data-toggle='tooltip' data-placement='right' title='原始值：27.3'>27.3</span>", "<span data-toggle='tooltip' data-placement='right' title='原始值：7.25'>7.25</span>", "<span data-toggle='tooltip' data-placement='right' title='原始值：3.15'>3.15</span>", "<span data-toggle='tooltip' data-placement='right' title='原始值：529'>529.0</span>", "<span data-toggle='tooltip' data-placement='right' title='原始值：97.5'>97.5</span>", "<span data-toggle='tooltip' data-placement='right' title='原始值：5.74'>5.74</span>", "<span data-toggle='tooltip' data-placement='right' title='原始值：0.04063'>0.041</span>", "<span data-toggle='tooltip' data-placement='right' title='原始值：0.07469'>0.075</span>", "<span data-toggle='tooltip' data-placement='right' title='原始值：2.43229'>2.43</span>", "*", "*", "正常"], ["浙江省", "太湖流域", "<span data-toggle='tooltip' data-placement='right' title='所在地市:嘉兴市&#10;所属河流:京杭运河'>王江泾</span>", null, "", "--", "--", "--", "--", "--", "--", "--", "--", "--", "*", "*", "停站"], ["浙江省", "太湖流域", "<span data-toggle='tooltip' data-placement='right' title='所在地市:湖州市&#10;所属河流:西苕溪'>新港口(新塘港)</span>", "06-11 08:00", "Ⅲ", "<span data-toggle='tooltip' data-placement='right' title='原始值：24.9449'>24.9</span>", "<span data-toggle='tooltip' data-placement='right' title='原始值：6.87889'>6.88</span>", "<span data-toggle='tooltip' data-placement='right' title='原始值：7.09183'>7.09</span>", "<span data-toggle='tooltip' data-placement='right' title='原始值：243.922'>243.9</span>", "<span data-toggle='tooltip' data-placement='right' title='原始值：125.297'>125.3</span>", "<span data-toggle='tooltip' data-placement='right' title='原始值：3.41888'>3.42</span>", "<span data-toggle='tooltip' data-placement='right' title='原始值：0.29023'>0.290</span>", "<span data-toggle='tooltip' data-placement='right' title='原始值：0.12299'>0.123</span>", "<span data-toggle='tooltip' data-placement='right' title='原始值：7.10155'>7.10</span>", "*", "*", "正常"], ["安徽省", "巢湖流域", "<span data-toggle='tooltip' data-placement='right' title='所在地市:合肥市&#10;所属河流:巢湖'>湖滨(老)</span>", "06-11 08:00", "Ⅴ", "<span data-toggle='tooltip' data-placement='right' title='原始值：26.84138'>26.8</span>", "<span data-toggle='tooltip' data-placement='right' title='原始值：6.46836'>6.47</span>", "<span data-toggle='tooltip' data-placement='right' title='原始值：2.76247'>2.76</span>", "<span data-toggle='tooltip' data-placement='right' title='原始值：466.0057'>466.0</span>", "<span data-toggle='tooltip' data-placement='right' title='原始值：111.5021'>111.5</span>", "<span data-toggle='tooltip' data-placement='right' title='原始值：6.36'>6.36</span>", "<span data-toggle='tooltip' data-placement='right' title='原始值：0.4'>0.400</span>", "<span data-toggle='tooltip' data-placement='right' title='原始值：0.0867'>0.087</span>", "<span data-toggle='tooltip' data-placement='right' title='原始值：1.431'>1.43</span>", "<span data-toggle='tooltip' data-placement='right' title='原始值：0.0254'>0.025</span>", "*", "正常"], ["安徽省", "巢湖流域", "<span data-toggle='tooltip' data-placement='right' title='所在地市:芜湖市&#10;所属河流:巢湖'>裕溪口(老)</span>", "06-11 08:10", "Ⅴ", "<span data-toggle='tooltip' data-placement='right' title='原始值：26.27255'>26.3</span>", "<span data-toggle='tooltip' data-placement='right' title='原始值：6.39636'>6.40</span>", "<span data-toggle='tooltip' data-placement='right' title='原始值：6.66138'>6.66</span>", "<span data-toggle='tooltip' data-placement='right' title='原始值：448.4668'>448.5</span>", "<span data-toggle='tooltip' data-placement='right' title='原始值：96.41406'>96.4</span>", "<span data-toggle='tooltip' data-placement='right' title='原始值：3.57'>3.57</span>", "<span data-toggle='tooltip' data-placement='right' title='原始值：0.2'>0.200</span>", "<span data-toggle='tooltip' data-placement='right' title='原始值：0.118'>0.118</span>", "<span data-toggle='tooltip' data-placement='right' title='原始值：1.201'>1.20</span>", "*", "*", "正常"], ["安徽省", "淮河流域", "<span data-toggle='tooltip' data-placement='right' title='所在地市:蚌埠市&#10;所属河流:淮河'>蚌埠闸上(蚌埠闸)</span>", null, "", "--", "--", "--", "--", "--", "--", "--", "--", "--", "*", "*", "停站"], ["安徽省", "淮河流域", "<span data-toggle='tooltip' data-placement='right' title='所在地市:淮南市&#10;所属河流:淮河'>石头埠(老)</span>", "06-11 08:01", "Ⅲ", "<span data-toggle='tooltip' data-placement='right' title='原始值：25.83656'>25.8</span>", "<span data-toggle='tooltip' data-placement='right' title='原始值：7.03913'>7.04</span>", "<span data-toggle='tooltip' data-placement='right' title='原始值：5.48882'>5.49</span>", "<span data-toggle='tooltip' data-placement='right' title='原始值：725.1243'>725.1</span>", "<span data-toggle='tooltip' data-placement='right' title='原始值：39.39035'>39.4</span>", "<span data-toggle='tooltip' data-placement='right' title='原始值：3.95999'>3.96</span>", "<span data-toggle='tooltip' data-placement='right' title='原始值：0.14'>0.140</span>", "*", "*", "*", "*", "正常"], ["安徽省", "淮河流域", "<span data-toggle='tooltip' data-placement='right' title='所在地市:淮北市&#10;所属河流:沱河'>小王桥</span>", "06-11 08:00", "Ⅲ", "<span data-toggle='tooltip' data-placement='right' title='原始值：27.39'>27.4</span>", "<span data-toggle='tooltip' data-placement='right' title='原始值：8.44'>8.44</span>", "<span data-toggle='tooltip' data-placement='right' title='原始值：8.66'>8.66</span>", "<span data-toggle='tooltip' data-placement='right' title='原始值：2617.18'>2617.2</span>", "<span data-toggle='tooltip' data-placement='right' title='原始值：39.76'>39.8</span>", "<span data-toggle='tooltip' data-placement='right' title='原始值：5.798'>5.80</span>", "<span data-toggle='tooltip' data-placement='right' title='原始值：0.06'>0.060</span>", "<span data-toggle='tooltip' data-placement='right' title='原始值：0.144'>0.144</span>", "<span data-toggle='tooltip' data-placement='right' title='极值过滤'>--</span>", "*", "*", "维护"], ["安徽省", "长江流域", "<span data-toggle='tooltip' data-placement='right' title='所在地市:安庆市&#10;所属河流:长江'>皖河口</span>", null, "", "--", "--", "--", "--", "--", "--", "--", "--", "--", "*", "*", "停站"], ["安徽省", "淮河流域", "<span data-toggle='tooltip' data-placement='right' title='所在地市:滁州市&#10;所属河流:淮河'>小柳巷</span>", "06-11 08:00", "Ⅱ", "<span data-toggle='tooltip' data-placement='right' title='原始值：27'>27.0</span>", "<span data-toggle='tooltip' data-placement='right' title='原始值：7.68'>7.68</span>", "<span data-toggle='tooltip' data-placement='right' title='原始值：7.56'>7.56</span>", "<span data-toggle='tooltip' data-placement='right' title='原始值：739.9'>739.9</span>", "<span data-toggle='tooltip' data-placement='right' title='原始值：39.98'>40.0</span>", "<span data-toggle='tooltip' data-placement='right' title='原始值：1.76'>1.76</span>", "<span data-toggle='tooltip' data-placement='right' title='原始值：0.05'>0.050</span>", "<span data-toggle='tooltip' data-placement='right' title='原始值：0.059'>0.059</span>", "<span data-toggle='tooltip' data-placement='right' title='原始值：1.944'>1.94</span>", "*", "*", "正常"], ["安徽省", "淮河流域", "<span data-toggle='tooltip' data-placement='right' title='所在地市:阜阳市&#10;所属河流:黑茨河'>张大桥</span>", "06-11 08:00", "Ⅲ", "<span data-toggle='tooltip' data-placement='right' title='原始值：27'>27.0</span>", "<span data-toggle='tooltip' data-placement='right' title='原始值：8.55'>8.55</span>", "<span data-toggle='tooltip' data-placement='right' title='原始值：7.95'>7.95</span>", "<span data-toggle='tooltip' data-placement='right' title='原始值：2625.4'>2625.4</span>", "<span data-toggle='tooltip' data-placement='right' title='原始值：47.05'>47.0</span>", "<span data-toggle='tooltip' data-placement='right' title='原始值：3.88'>3.88</span>", "<span data-toggle='tooltip' data-placement='right' title='原始值：0.02'>0.020</span>", "<span data-toggle='tooltip' data-placement='right' title='原始值：0.121'>0.121</span>", "<span data-toggle='tooltip' data-placement='right' title='原始值：1.126'>1.13</span>", "*", "*", "正常"], ["安徽省", "淮河流域", "<span data-toggle='tooltip' data-placement='right' title='所在地市:阜阳市&#10;所属河流:淮河'>王家坝</span>", "06-11 08:00", "Ⅲ", "<span data-toggle='tooltip' data-placement='right' title='原始值：28.19934'>28.2</span>", "<span data-toggle='tooltip' data-placement='right' title='原始值：7.97658'>7.98</span>", "<span data-toggle='tooltip' data-placement='right' title='原始值：6.60133'>6.60</span>", "<span data-toggle='tooltip' data-placement='right' title='原始值：745.0339'>745.0</span>", "<span data-toggle='tooltip' data-placement='right' title='原始值：21.49434'>21.5</span>", "<span data-toggle='tooltip' data-placement='right' title='原始值：4.94'>4.94</span>", "<span data-toggle='tooltip' data-placement='right' title='原始值：0.39'>0.390</span>", "<span data-toggle='tooltip' data-placement='right' title='原始值：0.13284'>0.133</span>", "<span data-toggle='tooltip' data-placement='right' title='原始值：1.43134'>1.43</span>", "*", "*", "正常"], ["安徽省", "淮河流域", "<span data-toggle='tooltip' data-placement='right' title='所在地市:阜阳市&#10;所属河流:颍河'>界首七渡口(七渡口)</span>", "06-11 08:00", "Ⅳ", "<span data-toggle='tooltip' data-placement='right' title='原始值：20.0053'>20.0</span>", "<span data-toggle='tooltip' data-placement='right' title='原始值：7.68366'>7.68</span>", "<span data-toggle='tooltip' data-placement='right' title='原始值：4.07842'>4.08</span>", "<span data-toggle='tooltip' data-placement='right' title='原始值：862.3331'>862.3</span>", "<span data-toggle='tooltip' data-placement='right' title='原始值：6.49625'>6.5</span>", "<span data-toggle='tooltip' data-placement='right' title='原始值：3.67'>3.67</span>", "<span data-toggle='tooltip' data-placement='right' title='原始值：0.18'>0.180</span>", "<span data-toggle='tooltip' data-placement='right' title='原始值：0.06354'>0.064</span>", "<span data-toggle='tooltip' data-placement='right' title='原始值：3.07913'>3.08</span>", "*", "*", "正常"], ["安徽省", "淮河流域", "<span data-toggle='tooltip' data-placement='right' title='所在地市:阜阳市&#10;所属河流:泉河'>许庄(徐庄)</span>", "06-11 04:00", "Ⅲ", "<span data-toggle='tooltip' data-placement='right' title='原始值：25.2'>25.2</span>", "<span data-toggle='tooltip' data-placement='right' title='原始值：7.37'>7.37</span>", "<span data-toggle='tooltip' data-placement='right' title='原始值：7.04'>7.04</span>", "<span data-toggle='tooltip' data-placement='right' title='原始值：1000.8'>1000.8</span>", "<span data-toggle='tooltip' data-placement='right' title='原始值：126.5'>126.5</span>", "<span data-toggle='tooltip' data-placement='right' title='原始值：5.2'>5.20</span>", "<span data-toggle='tooltip' data-placement='right' title='原始值：0.04'>0.040</span>", "<span data-toggle='tooltip' data-placement='right' title='原始值：0.121'>0.121</span>", "<span data-toggle='tooltip' data-placement='right' title='原始值：1.218'>1.22</span>", "*", "*", "正常"], ["安徽省", "淮河流域", "<span data-toggle='tooltip' data-placement='right' title='所在地市:宿州市&#10;所属河流:奎河'>杨庄</span>", "06-11 08:02", "Ⅲ", "<span data-toggle='tooltip' data-placement='right' title='原始值：26.62'>26.6</span>", "<span data-toggle='tooltip' data-placement='right' title='原始值：7.29'>7.29</span>", "<span data-toggle='tooltip' data-placement='right' title='原始值：7.41'>7.41</span>", "<span data-toggle='tooltip' data-placement='right' title='原始值：1061.4'>1061.4</span>", "<span data-toggle='tooltip' data-placement='right' title='原始值：304.81'>304.8</span>", "<span data-toggle='tooltip' data-placement='right' title='原始值：4.4'>4.40</span>", "<span data-toggle='tooltip' data-placement='right' title='原始值：0.404'>0.404</span>", "*", "*", "*", "*", "正常"], ["安徽省", "淮河流域", "<span data-toggle='tooltip' data-placement='right' title='所在地市:宿州市&#10;所属河流:新汴河'>泗县公路桥</span>", null, "", "--", "--", "--", "--", "--", "--", "--", "*", "*", "*", "*", "维护"], ["安徽省", "淮河流域", "<span data-toggle='tooltip' data-placement='right' title='所在地市:亳州市&#10;所属河流:包河'>颜集</span>", "06-11 08:00", "", "<span data-toggle='tooltip' data-placement='right' title='原始值：27.6'>27.6</span>", "<span data-toggle='tooltip' data-placement='right' title='原始值：7.81'>7.81</span>", "<span data-toggle='tooltip' data-placement='right' title='原始值：6.11'>6.11</span>", "<span data-toggle='tooltip' data-placement='right' title='原始值：1997'>1997.0</span>", "<span data-toggle='tooltip' data-placement='right' title='原始值：96.07'>96.1</span>", "<span data-toggle='tooltip' data-placement='right' title='原始值：4.47'>4.47</span>", "<span data-toggle='tooltip' data-placement='right' title='极值过滤'>--</span>", "<span data-toggle='tooltip' data-placement='right' title='原始值：0.498'>0.498</span>", "<span data-toggle='tooltip' data-placement='right' title='极值过滤'>--</span>", "*", "*", "维护"], ["福建省", "浙闽片河流", "<span data-toggle='tooltip' data-placement='right' title='所在地市:福州市&#10;所属河流:闽江'>白岩潭</span>", "06-11 08:00", "Ⅱ", "<span data-toggle='tooltip' data-placement='right' title='原始值：23.86'>23.9</span>", "<span data-toggle='tooltip' data-placement='right' title='原始值：6.45'>6.45</span>", "<span data-toggle='tooltip' data-placement='right' title='原始值：7.89'>7.89</span>", "<span data-toggle='tooltip' data-placement='right' title='原始值：98.7'>98.7</span>", "<span data-toggle='tooltip' data-placement='right' title='原始值：86.29'>86.3</span>", "<span data-toggle='tooltip' data-placement='right' title='原始值：2.9'>2.90</span>", "<span data-toggle='tooltip' data-placement='right' title='原始值：0.18'>0.180</span>", "*", "*", "*", "*", "正常"], ["江西省", "长江流域", "<span data-toggle='tooltip' data-placement='right' title='所在地市:南昌市&#10;所属河流:赣江南支'>滁槎</span>", null, "", "--", "--", "--", "--", "--", "--", "--", "--", "--", "*", "*", "维护"], ["江西省", "长江流域", "<span data-toggle='tooltip' data-placement='right' title='所在地市:九江市&#10;所属河流:长江'>姚港(河西水厂)</span>", null, "", "--", "--", "--", "--", "--", "--", "--", "--", "--", "*", "*", "停站"], ["江西省", "长江流域", "<span data-toggle='tooltip' data-placement='right' title='所在地市:九江市&#10;所属河流:鄱阳湖'>蛤蟆石</span>", null, "", "--", "--", "--", "--", "--", "--", "--", "--", "--", "--", "--", "停站"], ["山东省", "黄河流域", "<span data-toggle='tooltip' data-placement='right' title='所在地市:济南市&#10;所属河流:黄河'>泺口</span>", "06-11 08:00", "Ⅱ", "<span data-toggle='tooltip' data-placement='right' title='原始值：26.5353'>26.5</span>", "<span data-toggle='tooltip' data-placement='right' title='原始值：8.42937'>8.43</span>", "<span data-toggle='tooltip' data-placement='right' title='原始值：7.53454'>7.53</span>", "<span data-toggle='tooltip' data-placement='right' title='原始值：1054.44'>1054.4</span>", "<span data-toggle='tooltip' data-placement='right' title='原始值：599.39'>599.4</span>", "<span data-toggle='tooltip' data-placement='right' title='原始值：1.63'>1.63</span>", "<span data-toggle='tooltip' data-placement='right' title='原始值：0.13161'>0.132</span>", "<span data-toggle='tooltip' data-placement='right' title='原始值：0.02103'>0.021</span>", "<span data-toggle='tooltip' data-placement='right' title='原始值：3.935'>3.94</span>", "*", "*", "正常"], ["山东省", "淮河流域", "<span data-toggle='tooltip' data-placement='right' title='所在地市:枣庄市&#10;所属河流:京杭大运河（韩庄运河）'>台儿庄大桥</span>", "06-11 08:00", "Ⅱ", "<span data-toggle='tooltip' data-placement='right' title='原始值：26.54'>26.5</span>", "<span data-toggle='tooltip' data-placement='right' title='原始值：7.75683'>7.76</span>", "<span data-toggle='tooltip' data-placement='right' title='原始值：7.04635'>7.05</span>", "<span data-toggle='tooltip' data-placement='right' title='原始值：738.7013'>738.7</span>", "<span data-toggle='tooltip' data-placement='right' title='原始值：36.85102'>36.9</span>", "<span data-toggle='tooltip' data-placement='right' title='原始值：3.43582'>3.44</span>", "<span data-toggle='tooltip' data-placement='right' title='原始值：0.05156'>0.052</span>", "<span data-toggle='tooltip' data-placement='right' title='原始值：0.03422'>0.034</span>", "<span data-toggle='tooltip' data-placement='right' title='原始值：0.97974'>0.98</span>", "*", "*", "正常"], ["山东省", "淮河流域", "<span data-toggle='tooltip' data-placement='right' title='所在地市:临沂市&#10;所属河流:沭河'>清泉寺</span>", "06-11 08:00", "Ⅳ", "<span data-toggle='tooltip' data-placement='right' title='原始值：27.03183'>27.0</span>", "<span data-toggle='tooltip' data-placement='right' title='原始值：8.67198'>8.67</span>", "<span data-toggle='tooltip' data-placement='right' title='原始值：8.91802'>8.92</span>", "<span data-toggle='tooltip' data-placement='right' title='原始值：1318.436'>1318.4</span>", "<span data-toggle='tooltip' data-placement='right' title='原始值：20.75877'>20.8</span>", "<span data-toggle='tooltip' data-placement='right' title='原始值：8.96'>8.96</span>", "<span data-toggle='tooltip' data-placement='right' title='原始值：0.15'>0.150</span>", "*", "*", "*", "*", "正常"], ["山东省", "淮河流域", "<span data-toggle='tooltip' data-placement='right' title='所在地市:临沂市&#10;所属河流:沂河'>重坊桥</span>", "06-11 08:00", "Ⅲ", "<span data-toggle='tooltip' data-placement='right' title='原始值：26.87498'>26.9</span>", "<span data-toggle='tooltip' data-placement='right' title='原始值：7.49926'>7.50</span>", "<span data-toggle='tooltip' data-placement='right' title='原始值：6.5938'>6.59</span>", "<span data-toggle='tooltip' data-placement='right' title='原始值：903.7963'>903.8</span>", "<span data-toggle='tooltip' data-placement='right' title='原始值：5.85648'>5.9</span>", "<span data-toggle='tooltip' data-placement='right' title='原始值：4.12'>4.12</span>", "<span data-toggle='tooltip' data-placement='right' title='原始值：0.13109'>0.131</span>", "*", "*", "*", "*", "正常"], ["山东省", "淮河流域", "<span data-toggle='tooltip' data-placement='right' title='所在地市:临沂市&#10;所属河流:白马河'>捷庄(涝沟桥)</span>", "06-11 08:00", "Ⅳ", "<span data-toggle='tooltip' data-placement='right' title='原始值：26.19844'>26.2</span>", "<span data-toggle='tooltip' data-placement='right' title='原始值：7.4'>7.40</span>", "<span data-toggle='tooltip' data-placement='right' title='原始值：12.45967'>12.46</span>", "<span data-toggle='tooltip' data-placement='right' title='原始值：957'>957.0</span>", "<span data-toggle='tooltip' data-placement='right' title='原始值：39.44975'>39.4</span>", "<span data-toggle='tooltip' data-placement='right' title='原始值：7.37'>7.37</span>", "<span data-toggle='tooltip' data-placement='right' title='原始值：0.05824'>0.058</span>", "<span data-toggle='tooltip' data-placement='right' title='原始值：0.11842'>0.118</span>", "<span data-toggle='tooltip' data-placement='right' title='原始值：1.43864'>1.44</span>", "*", "*", "正常"], ["山东省", "海河流域", "<span data-toggle='tooltip' data-placement='right' title='所在地市:聊城市&#10;所属河流:卫运河'>秤勾湾(秤钩湾)</span>", null, "", "--", "--", "--", "--", "--", "--", "--", "--", "--", "*", "*", "停站"], ["河南省", "长江流域", "<span data-toggle='tooltip' data-placement='right' title='所在地市:南阳市&#10;所属河流:丹江口水库'>陶岔</span>", "06-11 08:00", "Ⅱ", "<span data-toggle='tooltip' data-placement='right' title='原始值：25.39'>25.4</span>", "<span data-toggle='tooltip' data-placement='right' title='原始值：7.9243'>7.92</span>", "<span data-toggle='tooltip' data-placement='right' title='原始值：8.69731'>8.70</span>", "<span data-toggle='tooltip' data-placement='right' title='原始值：308.9341'>308.9</span>", "<span data-toggle='tooltip' data-placement='right' title='原始值：2.22278'>2.2</span>", "<span data-toggle='tooltip' data-placement='right' title='原始值：3.14'>3.14</span>", "<span data-toggle='tooltip' data-placement='right' title='原始值：0.00887'>0.009</span>", "<span data-toggle='tooltip' data-placement='right' title='原始值：0.00875'>0.009</span>", "<span data-toggle='tooltip' data-placement='right' title='原始值：0.9475'>0.95</span>", "<span data-toggle='tooltip' data-placement='right' title='原始值：0.01395'>0.014</span>", "<span data-toggle='tooltip' data-placement='right' title='原始值：224866'>224866</span>", "正常"], ["河南省", "淮河流域", "<span data-toggle='tooltip' data-placement='right' title='所在地市:商丘市&#10;所属河流:浍河'>黄口</span>", "06-11 08:00", "Ⅲ", "<span data-toggle='tooltip' data-placement='right' title='原始值：27.49999'>27.5</span>", "<span data-toggle='tooltip' data-placement='right' title='原始值：7.89'>7.89</span>", "<span data-toggle='tooltip' data-placement='right' title='原始值：5.5'>5.50</span>", "<span data-toggle='tooltip' data-placement='right' title='原始值：5297.246'>5297.2</span>", "<span data-toggle='tooltip' data-placement='right' title='原始值：100.2084'>100.2</span>", "<span data-toggle='tooltip' data-placement='right' title='原始值：4.78'>4.78</span>", "<span data-toggle='tooltip' data-placement='right' title='原始值：0.28179'>0.282</span>", "<span data-toggle='tooltip' data-placement='right' title='原始值：0.0746'>0.075</span>", "<span data-toggle='tooltip' data-placement='right' title='原始值：1.00539'>1.01</span>", "*", "*", "正常"], ["河南省", "淮河流域", "<span data-toggle='tooltip' data-placement='right' title='所在地市:信阳市&#10;所属河流:史灌河'>蒋集</span>", null, "", "--", "--", "--", "--", "--", "--", "--", "*", "*", "*", "*", "维护"], ["河南省", "淮河流域", "<span data-toggle='tooltip' data-placement='right' title='所在地市:信阳市&#10;所属河流:淮河'>淮滨水文站(淮滨)</span>", "06-11 08:00", "", "<span data-toggle='tooltip' data-placement='right' title='原始值：26.4'>26.4</span>", "<span data-toggle='tooltip' data-placement='right' title='原始值：7.53'>7.53</span>", "<span data-toggle='tooltip' data-placement='right' title='原始值：7.29001'>7.29</span>", "<span data-toggle='tooltip' data-placement='right' title='原始值：336'>336.0</span>", "<span data-toggle='tooltip' data-placement='right' title='原始值：28.59355'>28.6</span>", "<span data-toggle='tooltip' data-placement='right' title='极值过滤'>--</span>", "<span data-toggle='tooltip' data-placement='right' title='原始值：0.11429'>0.114</span>", "<span data-toggle='tooltip' data-placement='right' title='极值过滤'>--</span>", "<span data-toggle='tooltip' data-placement='right' title='原始值：1.08592'>1.09</span>", "*", "*", "维护"], ["河南省", "淮河流域", "<span data-toggle='tooltip' data-placement='right' title='所在地市:周口市&#10;所属河流:沙河'>沈丘闸</span>", "06-11 08:00", "Ⅲ", "<span data-toggle='tooltip' data-placement='right' title='原始值：24.96075'>25.0</span>", "<span data-toggle='tooltip' data-placement='right' title='原始值：8.35302'>8.35</span>", "<span data-toggle='tooltip' data-placement='right' title='原始值：11.80107'>11.80</span>", "<span data-toggle='tooltip' data-placement='right' title='原始值：857.6'>857.6</span>", "<span data-toggle='tooltip' data-placement='right' title='原始值：4.58363'>4.6</span>", "<span data-toggle='tooltip' data-placement='right' title='原始值：5.53'>5.53</span>", "<span data-toggle='tooltip' data-placement='right' title='原始值：0.28'>0.280</span>", "*", "*", "*", "*", "正常"], ["河南省", "淮河流域", "<span data-toggle='tooltip' data-placement='right' title='所在地市:周口市&#10;所属河流:涡河'>鹿邑付桥(鹿邑付桥闸)</span>", "06-11 08:00", "", "<span data-toggle='tooltip' data-placement='right' title='原始值：25.85558'>25.9</span>", "<span data-toggle='tooltip' data-placement='right' title='原始值：8.49192'>8.49</span>", "<span data-toggle='tooltip' data-placement='right' title='原始值：9.96189'>9.96</span>", "<span data-toggle='tooltip' data-placement='right' title='原始值：1490.517'>1490.5</span>", "<span data-toggle='tooltip' data-placement='right' title='原始值：9.70607'>9.7</span>", "<span data-toggle='tooltip' data-placement='right' title='原始值：5.86092'>5.86</span>", "<span data-toggle='tooltip' data-placement='right' title='极值过滤'>--</span>", "<span data-toggle='tooltip' data-placement='right' title='原始值：0.1021'>0.102</span>", "<span data-toggle='tooltip' data-placement='right' title='原始值：1.61598'>1.62</span>", "*", "*", "维护"], ["河南省", "淮河流域", "<span data-toggle='tooltip' data-placement='right' title='所在地市:驻马店市&#10;所属河流:洪河'>新蔡班台(班台)</span>", "06-11 08:00", "Ⅳ", "<span data-toggle='tooltip' data-placement='right' title='原始值：25.48189'>25.5</span>", "<span data-toggle='tooltip' data-placement='right' title='原始值：6.38076'>6.38</span>", "<span data-toggle='tooltip' data-placement='right' title='原始值：4.85138'>4.85</span>", "<span data-toggle='tooltip' data-placement='right' title='原始值：1021.009'>1021.0</span>", "<span data-toggle='tooltip' data-placement='right' title='原始值：7.6707'>7.7</span>", "<span data-toggle='tooltip' data-placement='right' title='原始值：5.765'>5.76</span>", "<span data-toggle='tooltip' data-placement='right' title='原始值：0.29'>0.290</span>", "<span data-toggle='tooltip' data-placement='right' title='原始值：0.2198'>0.220</span>", "<span data-toggle='tooltip' data-placement='right' title='原始值：2.55821'>2.56</span>", "*", "*", "正常"], ["河南省", "黄河流域", "<span data-toggle='tooltip' data-placement='right' title='所在地市:济源市&#10;所属河流:黄河'>小浪底水库(小浪底)</span>", "06-11 08:00", "Ⅲ", "<span data-toggle='tooltip' data-placement='right' title='原始值：19.7712'>19.8</span>", "<span data-toggle='tooltip' data-placement='right' title='原始值：8.66344'>8.66</span>", "<span data-toggle='tooltip' data-placement='right' title='原始值：5.75496'>5.75</span>", "<span data-toggle='tooltip' data-placement='right' title='原始值：982.816'>982.8</span>", "<span data-toggle='tooltip' data-placement='right' title='原始值：4.04971'>4.0</span>", "<span data-toggle='tooltip' data-placement='right' title='原始值：1.8425'>1.84</span>", "<span data-toggle='tooltip' data-placement='right' title='原始值：0.14'>0.140</span>", "<span data-toggle='tooltip' data-placement='right' title='原始值：0.0275'>0.028</span>", "<span data-toggle='tooltip' data-placement='right' title='原始值：2.9175'>2.92</span>", "*", "*", "正常"], ["湖北省", "长江流域", "<span data-toggle='tooltip' data-placement='right' title='所在地市:武汉市&#10;所属河流:汉江'>宗关</span>", null, "", "--", "--", "--", "--", "--", "--", "--", "--", "--", "*", "*", "停站"], ["湖北省", "长江流域", "<span data-toggle='tooltip' data-placement='right' title='所在地市:十堰市&#10;所属河流:丹江口水库'>坝上中(胡家岭)</span>", null, "", "--", "--", "--", "--", "--", "--", "--", "--", "--", "--", "--", "维护"], ["湖北省", "长江流域", "<span data-toggle='tooltip' data-placement='right' title='所在地市:宜昌市&#10;所属河流:长江'>南津关</span>", null, "", "--", "--", "--", "--", "--", "--", "--", "--", "--", "*", "*", "停站"], ["湖南省", "长江流域", "<span data-toggle='tooltip' data-placement='right' title='所在地市:长沙市&#10;所属河流:湘江'>新港</span>", null, "", "--", "--", "--", "--", "--", "--", "--", "--", "--", "*", "*", "停站"], ["湖南省", "长江流域", "<span data-toggle='tooltip' data-placement='right' title='所在地市:岳阳市&#10;所属河流:洞庭湖'>岳阳楼</span>", null, "", "--", "--", "--", "--", "--", "--", "--", "--", "--", "--", "--", "停站"], ["湖南省", "长江流域", "<span data-toggle='tooltip' data-placement='right' title='所在地市:岳阳市&#10;所属河流:长江'>城陵矶</span>", null, "", "--", "--", "--", "--", "--", "--", "--", "--", "--", "*", "*", "停站"], ["广东省", "珠江流域", "<span data-toggle='tooltip' data-placement='right' title='所在地市:清远市&#10;所属河流:北江'>七星岗</span>", "06-11 08:00", "劣Ⅴ", "<span data-toggle='tooltip' data-placement='right' title='原始值：25.78217'>25.8</span>", "<span data-toggle='tooltip' data-placement='right' title='原始值：5.83565'>5.84</span>", "<span data-toggle='tooltip' data-placement='right' title='原始值：6.69796'>6.70</span>", "<span data-toggle='tooltip' data-placement='right' title='原始值：144.6459'>144.6</span>", "<span data-toggle='tooltip' data-placement='right' title='原始值：599.1852'>599.2</span>", "<span data-toggle='tooltip' data-placement='right' title='原始值：5.11'>5.11</span>", "<span data-toggle='tooltip' data-placement='right' title='原始值：0.07736'>0.077</span>", "<span data-toggle='tooltip' data-placement='right' title='原始值：1'>1.000</span>", "<span data-toggle='tooltip' data-placement='right' title='原始值：6.6648'>6.66</span>", "*", "*", "正常"], ["广东省", "珠江流域", "<span data-toggle='tooltip' data-placement='right' title='所在地市:中山市&#10;所属河流:西江'>横栏</span>", "06-11 08:00", "Ⅱ", "<span data-toggle='tooltip' data-placement='right' title='原始值：24.6'>24.6</span>", "<span data-toggle='tooltip' data-placement='right' title='原始值：7.48'>7.48</span>", "<span data-toggle='tooltip' data-placement='right' title='原始值：6.99'>6.99</span>", "<span data-toggle='tooltip' data-placement='right' title='原始值：186'>186.0</span>", "<span data-toggle='tooltip' data-placement='right' title='原始值：339.1'>339.1</span>", "<span data-toggle='tooltip' data-placement='right' title='原始值：3.9'>3.90</span>", "<span data-toggle='tooltip' data-placement='right' title='原始值：0.12195'>0.122</span>", "*", "*", "*", "*", "正常"], ["广西壮族自治区", "珠江流域", "<span data-toggle='tooltip' data-placement='right' title='所在地市:南宁市&#10;所属河流:邕江'>老口</span>", "06-11 08:00", "Ⅳ", "<span data-toggle='tooltip' data-placement='right' title='原始值：28.11895'>28.1</span>", "<span data-toggle='tooltip' data-placement='right' title='原始值：7.48751'>7.49</span>", "<span data-toggle='tooltip' data-placement='right' title='原始值：4.99533'>5.00</span>", "<span data-toggle='tooltip' data-placement='right' title='原始值：298.8893'>298.9</span>", "<span data-toggle='tooltip' data-placement='right' title='原始值：60.35008'>60.4</span>", "<span data-toggle='tooltip' data-placement='right' title='原始值：1.51955'>1.52</span>", "<span data-toggle='tooltip' data-placement='right' title='原始值：0.75578'>0.756</span>", "<span data-toggle='tooltip' data-placement='right' title='原始值：0.04574'>0.046</span>", "<span data-toggle='tooltip' data-placement='right' title='原始值：2.97414'>2.97</span>", "*", "*", "正常"], ["广西壮族自治区", "珠江流域", "<span data-toggle='tooltip' data-placement='right' title='所在地市:桂林市&#10;所属河流:漓江'>阳朔</span>", null, "", "--", "--", "--", "--", "--", "--", "--", "--", "--", "*", "*", "停站"], ["广西壮族自治区", "珠江流域", "<span data-toggle='tooltip' data-placement='right' title='所在地市:梧州市&#10;所属河流:浔江'>界首</span>", null, "", "--", "--", "--", "--", "--", "--", "--", "--", "--", "*", "*", "停站"], ["广西壮族自治区", "珠江流域", "<span data-toggle='tooltip' data-placement='right' title='所在地市:贵港市&#10;所属河流:浔江'>石嘴</span>", "06-11 08:00", "", "<span data-toggle='tooltip' data-placement='right' title='原始值：25.47241'>25.5</span>", "<span data-toggle='tooltip' data-placement='right' title='原始值：6.7447'>6.74</span>", "<span data-toggle='tooltip' data-placement='right' title='原始值：9.05291'>9.05</span>", "<span data-toggle='tooltip' data-placement='right' title='原始值：214.7014'>214.7</span>", "<span data-toggle='tooltip' data-placement='right' title='原始值：357.7995'>357.8</span>", "<span data-toggle='tooltip' data-placement='right' title='原始值：3.84'>3.84</span>", "<span data-toggle='tooltip' data-placement='right' title='极值过滤'>--</span>", "<span data-toggle='tooltip' data-placement='right' title='原始值：0.09257'>0.093</span>", "<span data-toggle='tooltip' data-placement='right' title='原始值：6.4316'>6.43</span>", "*", "*", "维护"], ["广西壮族自治区", "珠江流域", "<span data-toggle='tooltip' data-placement='right' title='所在地市:崇左市&#10;所属河流:平而河'>平而关</span>", "06-11 08:00", "Ⅱ", "<span data-toggle='tooltip' data-placement='right' title='原始值：31.12828'>31.1</span>", "<span data-toggle='tooltip' data-placement='right' title='原始值：7.91695'>7.92</span>", "<span data-toggle='tooltip' data-placement='right' title='原始值：6.75115'>6.75</span>", "<span data-toggle='tooltip' data-placement='right' title='原始值：204.978'>205.0</span>", "<span data-toggle='tooltip' data-placement='right' title='原始值：22.66094'>22.7</span>", "<span data-toggle='tooltip' data-placement='right' title='原始值：1.32054'>1.32</span>", "<span data-toggle='tooltip' data-placement='right' title='原始值：0.25'>0.250</span>", "*", "*", "*", "*", "正常"], ["重庆市", "长江流域", "<span data-toggle='tooltip' data-placement='right' title='所在地市:永川区&#10;所属河流:长江'>朱沱</span>", null, "", "--", "--", "--", "--", "--", "--", "--", "--", "--", "*", "*", "停站"], ["四川省", "长江流域", "<span data-toggle='tooltip' data-placement='right' title='所在地市:攀枝花市&#10;所属河流:金沙江'>龙洞</span>", "06-11 08:00", "Ⅰ", "<span data-toggle='tooltip' data-placement='right' title='原始值：20.9939'>21.0</span>", "<span data-toggle='tooltip' data-placement='right' title='原始值：8.25413'>8.25</span>", "<span data-toggle='tooltip' data-placement='right' title='原始值：8.51293'>8.51</span>", "<span data-toggle='tooltip' data-placement='right' title='原始值：923.5718'>923.6</span>", "<span data-toggle='tooltip' data-placement='right' title='原始值：1.93403'>1.9</span>", "<span data-toggle='tooltip' data-placement='right' title='原始值：1.34'>1.34</span>", "<span data-toggle='tooltip' data-placement='right' title='原始值：0.06'>0.060</span>", "<span data-toggle='tooltip' data-placement='right' title='原始值：0.00429'>0.004</span>", "<span data-toggle='tooltip' data-placement='right' title='原始值：0.20361'>0.20</span>", "*", "*", "正常"], ["四川省", "长江流域", "<span data-toggle='tooltip' data-placement='right' title='所在地市:泸州市&#10;所属河流:沱江'>沱江大桥(沱江二桥)</span>", null, "", "--", "--", "--", "--", "--", "--", "--", "--", "--", "*", "*", "停站"], ["四川省", "长江流域", "<span data-toggle='tooltip' data-placement='right' title='所在地市:广元市&#10;所属河流:嘉陵江'>清风峡</span>", "06-11 08:00", "Ⅰ", "<span data-toggle='tooltip' data-placement='right' title='原始值：23.87777'>23.9</span>", "<span data-toggle='tooltip' data-placement='right' title='原始值：8.09001'>8.09</span>", "<span data-toggle='tooltip' data-placement='right' title='原始值：8.38417'>8.38</span>", "<span data-toggle='tooltip' data-placement='right' title='原始值：339'>339.0</span>", "<span data-toggle='tooltip' data-placement='right' title='原始值：45.75835'>45.8</span>", "<span data-toggle='tooltip' data-placement='right' title='原始值：0.93'>0.93</span>", "<span data-toggle='tooltip' data-placement='right' title='原始值：0.06372'>0.064</span>", "*", "*", "*", "*", "正常"], ["四川省", "长江流域", "<span data-toggle='tooltip' data-placement='right' title='所在地市:乐山市&#10;所属河流:岷江'>岷江大桥</span>", "06-11 08:00", "Ⅱ", "<span data-toggle='tooltip' data-placement='right' title='原始值：26.4256'>26.4</span>", "<span data-toggle='tooltip' data-placement='right' title='原始值：7.39764'>7.40</span>", "<span data-toggle='tooltip' data-placement='right' title='原始值：6.63011'>6.63</span>", "<span data-toggle='tooltip' data-placement='right' title='原始值：410.0973'>410.1</span>", "<span data-toggle='tooltip' data-placement='right' title='原始值：53.87714'>53.9</span>", "<span data-toggle='tooltip' data-placement='right' title='原始值：3.66'>3.66</span>", "<span data-toggle='tooltip' data-placement='right' title='原始值：0.23'>0.230</span>", "*", "*", "*", "*", "正常"], ["四川省", "长江流域", "<span data-toggle='tooltip' data-placement='right' title='所在地市:宜宾市&#10;所属河流:岷江'>凉姜沟</span>", null, "", "--", "--", "--", "--", "--", "--", "--", "--", "--", "*", "*", "停站"], ["云南省", "滇池流域", "<span data-toggle='tooltip' data-placement='right' title='所在地市:昆明市&#10;所属河流:滇池'>西苑隧道</span>", "06-11 08:02", "Ⅴ", "<span data-toggle='tooltip' data-placement='right' title='原始值：23.64257'>23.6</span>", "<span data-toggle='tooltip' data-placement='right' title='原始值：7.12042'>7.12</span>", "<span data-toggle='tooltip' data-placement='right' title='原始值：3.89191'>3.89</span>", "<span data-toggle='tooltip' data-placement='right' title='原始值：643.5394'>643.5</span>", "<span data-toggle='tooltip' data-placement='right' title='原始值：33.7984'>33.8</span>", "<span data-toggle='tooltip' data-placement='right' title='原始值：8.42002'>8.42</span>", "<span data-toggle='tooltip' data-placement='right' title='原始值：0.47'>0.470</span>", "<span data-toggle='tooltip' data-placement='right' title='原始值：0.11935'>0.119</span>", "<span data-toggle='tooltip' data-placement='right' title='原始值：2.65318'>2.65</span>", "<span data-toggle='tooltip' data-placement='right' title='原始值：0.04165'>0.042</span>", "<span data-toggle='tooltip' data-placement='right' title='原始值：8081334'>8081334</span>", "正常"], ["云南省", "滇池流域", "<span data-toggle='tooltip' data-placement='right' title='所在地市:昆明市&#10;所属河流:滇池'>观音山</span>", "06-11 08:00", "Ⅴ", "<span data-toggle='tooltip' data-placement='right' title='原始值：24.36833'>24.4</span>", "<span data-toggle='tooltip' data-placement='right' title='原始值：8.09049'>8.09</span>", "<span data-toggle='tooltip' data-placement='right' title='原始值：7.32858'>7.33</span>", "<span data-toggle='tooltip' data-placement='right' title='原始值：432.0457'>432.0</span>", "<span data-toggle='tooltip' data-placement='right' title='原始值：57.81962'>57.8</span>", "<span data-toggle='tooltip' data-placement='right' title='原始值：12.07'>12.07</span>", "<span data-toggle='tooltip' data-placement='right' title='原始值：0.16'>0.160</span>", "<span data-toggle='tooltip' data-placement='right' title='原始值：0.1177'>0.118</span>", "<span data-toggle='tooltip' data-placement='right' title='原始值：1.367'>1.37</span>", "<span data-toggle='tooltip' data-placement='right' title='原始值：0.03622'>0.036</span>", "<span data-toggle='tooltip' data-placement='right' title='原始值：7699878'>7699878</span>", "正常"], ["云南省", "西南诸河", "<span data-toggle='tooltip' data-placement='right' title='所在地市:红河哈尼族彝族自治州&#10;所属河流:红河'>河口县医院(河口)</span>", "06-11 04:00", "Ⅳ", "<span data-toggle='tooltip' data-placement='right' title='原始值：24.8'>24.8</span>", "<span data-toggle='tooltip' data-placement='right' title='原始值：7.61492'>7.61</span>", "<span data-toggle='tooltip' data-placement='right' title='原始值：7.54'>7.54</span>", "<span data-toggle='tooltip' data-placement='right' title='原始值：144'>144.0</span>", "<span data-toggle='tooltip' data-placement='right' title='原始值：107.1528'>107.2</span>", "<span data-toggle='tooltip' data-placement='right' title='原始值：6.63'>6.63</span>", "<span data-toggle='tooltip' data-placement='right' title='原始值：0.14506'>0.145</span>", "<span data-toggle='tooltip' data-placement='right' title='原始值：0.01564'>0.016</span>", "<span data-toggle='tooltip' data-placement='right' title='原始值：1.06362'>1.06</span>", "*", "*", "正常"], ["云南省", "西南诸河", "<span data-toggle='tooltip' data-placement='right' title='所在地市:西双版纳傣族自治州&#10;所属河流:澜沧江'>橄榄坝</span>", "06-11 08:01", "Ⅱ", "<span data-toggle='tooltip' data-placement='right' title='原始值：18.05355'>18.1</span>", "<span data-toggle='tooltip' data-placement='right' title='原始值：7.45641'>7.46</span>", "<span data-toggle='tooltip' data-placement='right' title='原始值：6.1316'>6.13</span>", "<span data-toggle='tooltip' data-placement='right' title='原始值：606.2223'>606.2</span>", "<span data-toggle='tooltip' data-placement='right' title='原始值：4.73311'>4.7</span>", "<span data-toggle='tooltip' data-placement='right' title='原始值：0.61'>0.61</span>", "<span data-toggle='tooltip' data-placement='right' title='原始值：0.09407'>0.094</span>", "*", "*", "*", "*", "正常"], ["陕西省", "黄河流域", "<span data-toggle='tooltip' data-placement='right' title='所在地市:渭南市&#10;所属河流:渭河'>潼关吊桥</span>", "06-11 08:00", "Ⅲ", "<span data-toggle='tooltip' data-placement='right' title='原始值：23.49922'>23.5</span>", "<span data-toggle='tooltip' data-placement='right' title='原始值：7.88'>7.88</span>", "<span data-toggle='tooltip' data-placement='right' title='原始值：5.59'>5.59</span>", "<span data-toggle='tooltip' data-placement='right' title='原始值：1056.992'>1057.0</span>", "<span data-toggle='tooltip' data-placement='right' title='原始值：228.4214'>228.4</span>", "<span data-toggle='tooltip' data-placement='right' title='原始值：4.13'>4.13</span>", "<span data-toggle='tooltip' data-placement='right' title='原始值：0.5'>0.500</span>", "<span data-toggle='tooltip' data-placement='right' title='原始值：0.11759'>0.118</span>", "<span data-toggle='tooltip' data-placement='right' title='原始值：4.63777'>4.64</span>", "*", "*", "正常"], ["甘肃省", "黄河流域", "<span data-toggle='tooltip' data-placement='right' title='所在地市:兰州市&#10;所属河流:黄河'>新城桥</span>", "06-11 08:00", "Ⅱ", "<span data-toggle='tooltip' data-placement='right' title='原始值：21.91157'>21.9</span>", "<span data-toggle='tooltip' data-placement='right' title='原始值：6.37363'>6.37</span>", "<span data-toggle='tooltip' data-placement='right' title='原始值：6.38082'>6.38</span>", "<span data-toggle='tooltip' data-placement='right' title='原始值：428.4589'>428.5</span>", "<span data-toggle='tooltip' data-placement='right' title='原始值：18.73542'>18.7</span>", "<span data-toggle='tooltip' data-placement='right' title='原始值：2.04'>2.04</span>", "<span data-toggle='tooltip' data-placement='right' title='原始值：0.13'>0.130</span>", "<span data-toggle='tooltip' data-placement='right' title='原始值：0.01632'>0.016</span>", "<span data-toggle='tooltip' data-placement='right' title='原始值：1.59248'>1.59</span>", "*", "*", "正常"], ["宁夏回族自治区", "黄河流域", "<span data-toggle='tooltip' data-placement='right' title='所在地市:中卫市&#10;所属河流:黄河'>中卫下河沿(新墩)</span>", "06-11 08:00", "Ⅱ", "<span data-toggle='tooltip' data-placement='right' title='原始值：18.8792'>18.9</span>", "<span data-toggle='tooltip' data-placement='right' title='原始值：7.96889'>7.97</span>", "<span data-toggle='tooltip' data-placement='right' title='原始值：7.33764'>7.34</span>", "<span data-toggle='tooltip' data-placement='right' title='原始值：600.6847'>600.7</span>", "<span data-toggle='tooltip' data-placement='right' title='原始值：130.7418'>130.7</span>", "<span data-toggle='tooltip' data-placement='right' title='原始值：2.1'>2.10</span>", "<span data-toggle='tooltip' data-placement='right' title='原始值：0.12'>0.120</span>", "<span data-toggle='tooltip' data-placement='right' title='原始值：0.0174'>0.017</span>", "<span data-toggle='tooltip' data-placement='right' title='原始值：2.3072'>2.31</span>", "*", "*", "正常"]]}