{"result": 1, "total": 1, "records": 98, "thead": ["省份", "流域", "断面名称", "监测时间", "水质类别", "水温<br/><span class='unit'>(℃)</span>", "pH<br/><span class='unit'>(无量纲)</span>", "溶解氧<br/><span class='unit'>(mg/L)</span>", "电导率<br/><span class='unit'>(μS/cm)</span>", "浊度<br/><span class='unit'>(NTU)</span>", "高锰酸盐指数<br/><span class='unit'>(mg/L)</span>", "氨氮<br/><span class='unit'>(mg/L)</span>", "总磷<br/><span class='unit'>(mg/L)</span>", "总氮<br/><span class='unit'>(mg/L)</span>", "叶绿素α<br/><span class='unit'>(mg/L)</span>", "藻密度<br/><span class='unit'>(cells/L)</span>", "站点情况"], "tbody": [["北京市", "海河流域", "<span data-toggle='tooltip' data-placement='right' title='所在地市:门头沟区&#10;所属河流:永定河'>沿河城</span>", null, "", "--", "--", "--", "--", "--", "--", "--", "--", "--", "*", "*", "维护"], ["北京市", "海河流域", "<span data-toggle='tooltip' data-placement='right' title='所在地市:密云区&#10;所属河流:潮河'>古北口</span>", "06-21 08:00", "Ⅱ", "<span data-toggle='tooltip' data-placement='right' title='原始值：24.43865'>24.4</span>", "<span data-toggle='tooltip' data-placement='right' title='原始值：7.25593'>7.26</span>", "<span data-toggle='tooltip' data-placement='right' title='原始值：7.94396'>7.94</span>", "<span data-toggle='tooltip' data-placement='right' title='原始值：633.741'>633.7</span>", "<span data-toggle='tooltip' data-placement='right' title='原始值：4.15428'>4.2</span>", "<span data-toggle='tooltip' data-placement='right' title='原始值：1.1025'>1.10</span>", "<span data-toggle='tooltip' data-placement='right' title='原始值：0.28'>0.280</span>", "<span data-toggle='tooltip' data-placement='right' title='原始值：0.0011'>0.001</span>", "<span data-toggle='tooltip' data-placement='right' title='原始值：2.5823'>2.58</span>", "*", "*", "正常"], ["天津市", "海河流域", "<span data-toggle='tooltip' data-placement='right' title='所在地市:河北区&#10;所属河流:海河'>三岔口</span>", "06-21 08:00", "Ⅲ", "<span data-toggle='tooltip' data-placement='right' title='原始值：26.8623'>26.9</span>", "<span data-toggle='tooltip' data-placement='right' title='原始值：7.7387'>7.74</span>", "<span data-toggle='tooltip' data-placement='right' title='原始值：6.456'>6.46</span>", "<span data-toggle='tooltip' data-placement='right' title='原始值：521.9656'>522.0</span>", "<span data-toggle='tooltip' data-placement='right' title='原始值：15.92'>15.9</span>", "<span data-toggle='tooltip' data-placement='right' title='原始值：5.77'>5.77</span>", "<span data-toggle='tooltip' data-placement='right' title='原始值：0.32'>0.320</span>", "<span data-toggle='tooltip' data-placement='right' title='原始值：0.0851'>0.085</span>", "<span data-toggle='tooltip' data-placement='right' title='原始值：0.737'>0.74</span>", "*", "*", "正常"], ["天津市", "海河流域", "<span data-toggle='tooltip' data-placement='right' title='所在地市:蓟州区&#10;所属河流:果河'>果河桥</span>", "06-21 08:00", "Ⅱ", "<span data-toggle='tooltip' data-placement='right' title='原始值：20.6'>20.6</span>", "<span data-toggle='tooltip' data-placement='right' title='原始值：8.267'>8.27</span>", "<span data-toggle='tooltip' data-placement='right' title='原始值：8.799'>8.80</span>", "<span data-toggle='tooltip' data-placement='right' title='原始值：594.297'>594.3</span>", "<span data-toggle='tooltip' data-placement='right' title='原始值：8.367'>8.4</span>", "<span data-toggle='tooltip' data-placement='right' title='原始值：1.5994'>1.60</span>", "<span data-toggle='tooltip' data-placement='right' title='原始值：0.03'>0.030</span>", "<span data-toggle='tooltip' data-placement='right' title='原始值：0.0445'>0.044</span>", "<span data-toggle='tooltip' data-placement='right' title='原始值：3.4482'>3.45</span>", "*", "*", "正常"], ["河北省", "海河流域", "<span data-toggle='tooltip' data-placement='right' title='所在地市:石家庄市&#10;所属河流:滹沱河'>岗南水库</span>", "06-21 08:00", "Ⅱ", "<span data-toggle='tooltip' data-placement='right' title='原始值：26.04415'>26.0</span>", "<span data-toggle='tooltip' data-placement='right' title='原始值：8.46317'>8.46</span>", "<span data-toggle='tooltip' data-placement='right' title='原始值：9.01914'>9.02</span>", "<span data-toggle='tooltip' data-placement='right' title='原始值：577.3539'>577.4</span>", "<span data-toggle='tooltip' data-placement='right' title='原始值：2.03487'>2.0</span>", "<span data-toggle='tooltip' data-placement='right' title='原始值：2.05667'>2.06</span>", "<span data-toggle='tooltip' data-placement='right' title='原始值：0.05'>0.050</span>", "<span data-toggle='tooltip' data-placement='right' title='原始值：0.00962'>0.010</span>", "<span data-toggle='tooltip' data-placement='right' title='原始值：2.03624'>2.04</span>", "*", "*", "正常"], ["河北省", "海河流域", "<span data-toggle='tooltip' data-placement='right' title='所在地市:张家口市&#10;所属河流:永定河'>八号桥</span>", null, "", "--", "--", "--", "--", "--", "--", "--", "--", "--", "*", "*", "停站"], ["山西省", "黄河流域", "<span data-toggle='tooltip' data-placement='right' title='所在地市:运城市&#10;所属河流:汾河'>河津大桥</span>", "06-21 08:00", "Ⅳ", "<span data-toggle='tooltip' data-placement='right' title='原始值：26.03005'>26.0</span>", "<span data-toggle='tooltip' data-placement='right' title='原始值：7.39557'>7.40</span>", "<span data-toggle='tooltip' data-placement='right' title='原始值：5.60533'>5.61</span>", "<span data-toggle='tooltip' data-placement='right' title='原始值：1277.236'>1277.2</span>", "<span data-toggle='tooltip' data-placement='right' title='原始值：366.417'>366.4</span>", "<span data-toggle='tooltip' data-placement='right' title='原始值：7.275'>7.28</span>", "<span data-toggle='tooltip' data-placement='right' title='原始值：0.12'>0.120</span>", "*", "*", "*", "*", "正常"], ["山西省", "黄河流域", "<span data-toggle='tooltip' data-placement='right' title='所在地市:忻州市&#10;所属河流:黄河'>万家寨水库</span>", "06-21 08:00", "Ⅱ", "<span data-toggle='tooltip' data-placement='right' title='原始值：23.73631'>23.7</span>", "<span data-toggle='tooltip' data-placement='right' title='原始值：8.04861'>8.05</span>", "<span data-toggle='tooltip' data-placement='right' title='原始值：8.17172'>8.17</span>", "<span data-toggle='tooltip' data-placement='right' title='原始值：1003.482'>1003.5</span>", "<span data-toggle='tooltip' data-placement='right' title='原始值：20.14584'>20.1</span>", "<span data-toggle='tooltip' data-placement='right' title='原始值：3.42'>3.42</span>", "<span data-toggle='tooltip' data-placement='right' title='原始值：0.33'>0.330</span>", "<span data-toggle='tooltip' data-placement='right' title='原始值：0.04875'>0.049</span>", "<span data-toggle='tooltip' data-placement='right' title='原始值：1.825'>1.82</span>", "*", "*", "正常"], ["内蒙古自治区", "黄河流域", "<span data-toggle='tooltip' data-placement='right' title='所在地市:包头市&#10;所属河流:黄河'>画匠营子</span>", "06-21 08:00", "Ⅱ", "<span data-toggle='tooltip' data-placement='right' title='原始值：21.00051'>21.0</span>", "<span data-toggle='tooltip' data-placement='right' title='原始值：7.81066'>7.81</span>", "<span data-toggle='tooltip' data-placement='right' title='原始值：7.11846'>7.12</span>", "<span data-toggle='tooltip' data-placement='right' title='原始值：961.2186'>961.2</span>", "<span data-toggle='tooltip' data-placement='right' title='原始值：527.954'>528.0</span>", "<span data-toggle='tooltip' data-placement='right' title='原始值：3.27153'>3.27</span>", "<span data-toggle='tooltip' data-placement='right' title='原始值：0.0342'>0.034</span>", "*", "*", "*", "*", "正常"], ["内蒙古自治区", "黄河流域", "<span data-toggle='tooltip' data-placement='right' title='所在地市:乌海市&#10;所属河流:黄河'>海勃湾</span>", "06-21 08:00", "Ⅲ", "<span data-toggle='tooltip' data-placement='right' title='原始值：23.11352'>23.1</span>", "<span data-toggle='tooltip' data-placement='right' title='原始值：7.44675'>7.45</span>", "<span data-toggle='tooltip' data-placement='right' title='原始值：5.80293'>5.80</span>", "<span data-toggle='tooltip' data-placement='right' title='原始值：809.9406'>809.9</span>", "<span data-toggle='tooltip' data-placement='right' title='原始值：47.86543'>47.9</span>", "<span data-toggle='tooltip' data-placement='right' title='原始值：3.2'>3.20</span>", "<span data-toggle='tooltip' data-placement='right' title='原始值：0.14'>0.140</span>", "*", "*", "*", "*", "正常"], ["内蒙古自治区", "松花江流域", "<span data-toggle='tooltip' data-placement='right' title='所在地市:呼伦贝尔市&#10;所属河流:额尔古纳河'>黑山头</span>", null, "", "--", "--", "--", "--", "--", "--", "--", "--", "--", "*", "*", "停站"], ["辽宁省", "辽河流域", "<span data-toggle='tooltip' data-placement='right' title='所在地市:抚顺市&#10;所属河流:浑河'>大伙房水库</span>", "06-21 04:00", "", "<span data-toggle='tooltip' data-placement='right' title='原始值：21.90569'>21.9</span>", "<span data-toggle='tooltip' data-placement='right' title='原始值：6.49703'>6.50</span>", "<span data-toggle='tooltip' data-placement='right' title='原始值：8.2557'>8.26</span>", "<span data-toggle='tooltip' data-placement='right' title='原始值：344.1216'>344.1</span>", "<span data-toggle='tooltip' data-placement='right' title='原始值：2.95248'>3.0</span>", "<span data-toggle='tooltip' data-placement='right' title='原始值：3.11'>3.11</span>", "<span data-toggle='tooltip' data-placement='right' title='原始值：0.04'>0.040</span>", "<span data-toggle='tooltip' data-placement='right' title='极值过滤'>--</span>", "<span data-toggle='tooltip' data-placement='right' title='原始值：2.08713'>2.09</span>", "<span data-toggle='tooltip' data-placement='right' title='原始值：0.00082'>0.001</span>", "*", "维护"], ["辽宁省", "辽河流域", "<span data-toggle='tooltip' data-placement='right' title='所在地市:丹东市&#10;所属河流:鸭绿江'>江桥</span>", "06-21 08:00", "Ⅱ", "<span data-toggle='tooltip' data-placement='right' title='原始值：16.2'>16.2</span>", "<span data-toggle='tooltip' data-placement='right' title='原始值：7.28'>7.28</span>", "<span data-toggle='tooltip' data-placement='right' title='原始值：9.11937'>9.12</span>", "<span data-toggle='tooltip' data-placement='right' title='原始值：143'>143.0</span>", "<span data-toggle='tooltip' data-placement='right' title='原始值：2.6'>2.6</span>", "<span data-toggle='tooltip' data-placement='right' title='原始值：2.4'>2.40</span>", "<span data-toggle='tooltip' data-placement='right' title='原始值：0.002'>0.002</span>", "<span data-toggle='tooltip' data-placement='right' title='原始值：0.02932'>0.029</span>", "<span data-toggle='tooltip' data-placement='right' title='原始值：2.43754'>2.44</span>", "*", "*", "正常"], ["辽宁省", "辽河流域", "<span data-toggle='tooltip' data-placement='right' title='所在地市:营口市&#10;所属河流:大辽河'>辽河公园</span>", "06-21 08:00", "", "<span data-toggle='tooltip' data-placement='right' title='原始值：23.13108'>23.1</span>", "<span data-toggle='tooltip' data-placement='right' title='原始值：7.60575'>7.61</span>", "<span data-toggle='tooltip' data-placement='right' title='原始值：8.45937'>8.46</span>", "<span data-toggle='tooltip' data-placement='right' title='原始值：42949.65'>42949.6</span>", "<span data-toggle='tooltip' data-placement='right' title='原始值：128.5592'>128.6</span>", "<span data-toggle='tooltip' data-placement='right' title='原始值：10.6377'>10.64</span>", "<span data-toggle='tooltip' data-placement='right' title='极值过滤'>--</span>", "<span data-toggle='tooltip' data-placement='right' title='原始值：0.14791'>0.148</span>", "<span data-toggle='tooltip' data-placement='right' title='原始值：2.51316'>2.51</span>", "*", "*", "维护"], ["辽宁省", "辽河流域", "<span data-toggle='tooltip' data-placement='right' title='所在地市:辽阳市&#10;所属河流:太子河'>汤河水库</span>", "06-21 08:00", "Ⅳ", "<span data-toggle='tooltip' data-placement='right' title='原始值：16.5'>16.5</span>", "<span data-toggle='tooltip' data-placement='right' title='原始值：7.66'>7.66</span>", "<span data-toggle='tooltip' data-placement='right' title='原始值：3.49'>3.49</span>", "<span data-toggle='tooltip' data-placement='right' title='原始值：479.5156'>479.5</span>", "<span data-toggle='tooltip' data-placement='right' title='原始值：13.18515'>13.2</span>", "<span data-toggle='tooltip' data-placement='right' title='原始值：1.07'>1.07</span>", "<span data-toggle='tooltip' data-placement='right' title='原始值：0.03695'>0.037</span>", "<span data-toggle='tooltip' data-placement='right' title='原始值：0.00612'>0.006</span>", "<span data-toggle='tooltip' data-placement='right' title='原始值：1.90679'>1.91</span>", "*", "*", "正常"], ["辽宁省", "辽河流域", "<span data-toggle='tooltip' data-placement='right' title='所在地市:盘锦市&#10;所属河流:辽河'>盘锦兴安(兴安)</span>", "06-21 08:00", "Ⅳ", "<span data-toggle='tooltip' data-placement='right' title='原始值：24.47563'>24.5</span>", "<span data-toggle='tooltip' data-placement='right' title='原始值：6.72884'>6.73</span>", "<span data-toggle='tooltip' data-placement='right' title='原始值：3.71774'>3.72</span>", "<span data-toggle='tooltip' data-placement='right' title='原始值：2976.951'>2977.0</span>", "<span data-toggle='tooltip' data-placement='right' title='原始值：96.34517'>96.3</span>", "<span data-toggle='tooltip' data-placement='right' title='原始值：2.96475'>2.96</span>", "<span data-toggle='tooltip' data-placement='right' title='原始值：0.21'>0.210</span>", "<span data-toggle='tooltip' data-placement='right' title='原始值：0.13683'>0.137</span>", "<span data-toggle='tooltip' data-placement='right' title='原始值：1.84458'>1.84</span>", "*", "*", "正常"], ["辽宁省", "辽河流域", "<span data-toggle='tooltip' data-placement='right' title='所在地市:铁岭市&#10;所属河流:辽河'>珠尔山</span>", "06-21 08:00", "Ⅲ", "<span data-toggle='tooltip' data-placement='right' title='原始值：25.42619'>25.4</span>", "<span data-toggle='tooltip' data-placement='right' title='原始值：7.51038'>7.51</span>", "<span data-toggle='tooltip' data-placement='right' title='原始值：5.346'>5.35</span>", "<span data-toggle='tooltip' data-placement='right' title='原始值：562.3392'>562.3</span>", "<span data-toggle='tooltip' data-placement='right' title='原始值：134.5852'>134.6</span>", "<span data-toggle='tooltip' data-placement='right' title='原始值：4.56835'>4.57</span>", "<span data-toggle='tooltip' data-placement='right' title='原始值：0.16'>0.160</span>", "<span data-toggle='tooltip' data-placement='right' title='原始值：0.1484'>0.148</span>", "<span data-toggle='tooltip' data-placement='right' title='原始值：1.6238'>1.62</span>", "*", "*", "正常"], ["吉林省", "松花江流域", "<span data-toggle='tooltip' data-placement='right' title='所在地市:长春市&#10;所属河流:松花江'>松花江村</span>", "06-21 08:00", "Ⅳ", "<span data-toggle='tooltip' data-placement='right' title='原始值：17.57717'>17.6</span>", "<span data-toggle='tooltip' data-placement='right' title='原始值：6.88149'>6.88</span>", "<span data-toggle='tooltip' data-placement='right' title='原始值：4.34383'>4.34</span>", "<span data-toggle='tooltip' data-placement='right' title='原始值：291.5774'>291.6</span>", "<span data-toggle='tooltip' data-placement='right' title='原始值：28.84059'>28.8</span>", "<span data-toggle='tooltip' data-placement='right' title='原始值：1.19219'>1.19</span>", "<span data-toggle='tooltip' data-placement='right' title='原始值：0.56'>0.560</span>", "<span data-toggle='tooltip' data-placement='right' title='原始值：0.21308'>0.213</span>", "<span data-toggle='tooltip' data-placement='right' title='原始值：3.91348'>3.91</span>", "*", "*", "正常"], ["吉林省", "松花江流域", "<span data-toggle='tooltip' data-placement='right' title='所在地市:白城市&#10;所属河流:嫩江'>白沙滩</span>", "06-21 08:00", "", "<span data-toggle='tooltip' data-placement='right' title='原始值：23.67052'>23.7</span>", "<span data-toggle='tooltip' data-placement='right' title='原始值：7.50396'>7.50</span>", "<span data-toggle='tooltip' data-placement='right' title='原始值：7.62523'>7.63</span>", "<span data-toggle='tooltip' data-placement='right' title='原始值：235.1377'>235.1</span>", "<span data-toggle='tooltip' data-placement='right' title='原始值：140.7615'>140.8</span>", "<span data-toggle='tooltip' data-placement='right' title='极值过滤'>--</span>", "<span data-toggle='tooltip' data-placement='right' title='原始值：0.22'>0.220</span>", "<span data-toggle='tooltip' data-placement='right' title='原始值：0.11451'>0.115</span>", "<span data-toggle='tooltip' data-placement='right' title='原始值：2.12891'>2.13</span>", "*", "*", "维护"], ["吉林省", "松花江流域", "<span data-toggle='tooltip' data-placement='right' title='所在地市:延边朝鲜族自治州&#10;所属河流:图们江'>圈河</span>", "06-21 08:00", "Ⅲ", "<span data-toggle='tooltip' data-placement='right' title='原始值：21.7'>21.7</span>", "<span data-toggle='tooltip' data-placement='right' title='原始值：8.59'>8.59</span>", "<span data-toggle='tooltip' data-placement='right' title='原始值：5.09375'>5.09</span>", "<span data-toggle='tooltip' data-placement='right' title='原始值：243'>243.0</span>", "<span data-toggle='tooltip' data-placement='right' title='原始值：14'>14.0</span>", "<span data-toggle='tooltip' data-placement='right' title='原始值：4.64'>4.64</span>", "<span data-toggle='tooltip' data-placement='right' title='原始值：0.06586'>0.066</span>", "<span data-toggle='tooltip' data-placement='right' title='原始值：0.10411'>0.104</span>", "<span data-toggle='tooltip' data-placement='right' title='原始值：2.01554'>2.02</span>", "*", "*", "正常"], ["黑龙江省", "松花江流域", "<span data-toggle='tooltip' data-placement='right' title='所在地市:大庆市&#10;所属河流:松花江'>肇源</span>", null, "", "--", "--", "--", "--", "--", "--", "--", "--", "--", "*", "*", "停站"], ["黑龙江省", "松花江流域", "<span data-toggle='tooltip' data-placement='right' title='所在地市:佳木斯市&#10;所属河流:乌苏里江'>乌苏镇</span>", null, "", "--", "--", "--", "--", "--", "--", "--", "--", "--", "*", "*", "停站"], ["黑龙江省", "松花江流域", "<span data-toggle='tooltip' data-placement='right' title='所在地市:佳木斯市&#10;所属河流:松花江'>同江</span>", "06-21 08:00", "Ⅴ", "<span data-toggle='tooltip' data-placement='right' title='原始值：17.79352'>17.8</span>", "<span data-toggle='tooltip' data-placement='right' title='原始值：7.21876'>7.22</span>", "<span data-toggle='tooltip' data-placement='right' title='原始值：7.53126'>7.53</span>", "<span data-toggle='tooltip' data-placement='right' title='原始值：168.9456'>168.9</span>", "<span data-toggle='tooltip' data-placement='right' title='原始值：584.0168'>584.0</span>", "<span data-toggle='tooltip' data-placement='right' title='原始值：12.18433'>12.18</span>", "<span data-toggle='tooltip' data-placement='right' title='原始值：0.16548'>0.165</span>", "<span data-toggle='tooltip' data-placement='right' title='原始值：0.36328'>0.363</span>", "<span data-toggle='tooltip' data-placement='right' title='原始值：2.50455'>2.50</span>", "*", "*", "正常"], ["黑龙江省", "松花江流域", "<span data-toggle='tooltip' data-placement='right' title='所在地市:黑河市&#10;所属河流:黑龙江'>黑河下(黑河)</span>", null, "", "--", "--", "--", "--", "--", "--", "--", "--", "--", "*", "*", "停站"], ["上海市", "长江流域", "<span data-toggle='tooltip' data-placement='right' title='所在地市:青浦区&#10;所属河流:淀山湖'>急水港桥</span>", "06-21 08:00", "Ⅳ", "<span data-toggle='tooltip' data-placement='right' title='原始值：25.4'>25.4</span>", "<span data-toggle='tooltip' data-placement='right' title='原始值：7.06'>7.06</span>", "<span data-toggle='tooltip' data-placement='right' title='原始值：3.75'>3.75</span>", "<span data-toggle='tooltip' data-placement='right' title='原始值：686'>686.0</span>", "<span data-toggle='tooltip' data-placement='right' title='原始值：93.3'>93.3</span>", "<span data-toggle='tooltip' data-placement='right' title='原始值：4.25'>4.25</span>", "<span data-toggle='tooltip' data-placement='right' title='原始值：0.44555'>0.446</span>", "<span data-toggle='tooltip' data-placement='right' title='原始值：0.08301'>0.083</span>", "<span data-toggle='tooltip' data-placement='right' title='原始值：3.00002'>3.00</span>", "<span data-toggle='tooltip' data-placement='right' title='原始值：0.00368'>0.004</span>", "<span data-toggle='tooltip' data-placement='right' title='原始值：6634121'>6634121</span>", "正常"], ["江苏省", "长江流域", "<span data-toggle='tooltip' data-placement='right' title='所在地市:南京市&#10;所属河流:长江'>林山</span>", null, "", "--", "--", "--", "--", "--", "--", "--", "--", "--", "*", "*", "停站"], ["江苏省", "太湖流域", "<span data-toggle='tooltip' data-placement='right' title='所在地市:无锡市&#10;所属河流:太湖'>沙渚</span>", "06-21 08:00", "Ⅳ", "<span data-toggle='tooltip' data-placement='right' title='原始值：24.09437'>24.1</span>", "<span data-toggle='tooltip' data-placement='right' title='原始值：7.575345'>7.58</span>", "<span data-toggle='tooltip' data-placement='right' title='原始值：6.545627'>6.55</span>", "<span data-toggle='tooltip' data-placement='right' title='原始值：378.0164'>378.0</span>", "<span data-toggle='tooltip' data-placement='right' title='原始值：62.41066'>62.4</span>", "<span data-toggle='tooltip' data-placement='right' title='原始值：6.5'>6.50</span>", "<span data-toggle='tooltip' data-placement='right' title='原始值：0.33'>0.330</span>", "<span data-toggle='tooltip' data-placement='right' title='原始值：0.0652'>0.065</span>", "<span data-toggle='tooltip' data-placement='right' title='原始值：2'>2.00</span>", "*", "*", "正常"], ["江苏省", "淮河流域", "<span data-toggle='tooltip' data-placement='right' title='所在地市:徐州市&#10;所属河流:武河'>小红圈</span>", "06-21 08:00", "Ⅱ", "<span data-toggle='tooltip' data-placement='right' title='原始值：25.6'>25.6</span>", "<span data-toggle='tooltip' data-placement='right' title='原始值：7.38'>7.38</span>", "<span data-toggle='tooltip' data-placement='right' title='原始值：6.92'>6.92</span>", "<span data-toggle='tooltip' data-placement='right' title='原始值：639.6'>639.6</span>", "<span data-toggle='tooltip' data-placement='right' title='原始值：6.59'>6.6</span>", "<span data-toggle='tooltip' data-placement='right' title='原始值：3.56'>3.56</span>", "<span data-toggle='tooltip' data-placement='right' title='原始值：0.09'>0.090</span>", "*", "*", "*", "*", "正常"], ["江苏省", "淮河流域", "<span data-toggle='tooltip' data-placement='right' title='所在地市:徐州市&#10;所属河流:沿河'>李集桥</span>", "06-21 08:00", "", "<span data-toggle='tooltip' data-placement='right' title='原始值：24.9'>24.9</span>", "<span data-toggle='tooltip' data-placement='right' title='原始值：7.7'>7.70</span>", "<span data-toggle='tooltip' data-placement='right' title='原始值：4.96'>4.96</span>", "<span data-toggle='tooltip' data-placement='right' title='原始值：951.1'>951.1</span>", "<span data-toggle='tooltip' data-placement='right' title='原始值：203.46'>203.5</span>", "<span data-toggle='tooltip' data-placement='right' title='原始值：4.24'>4.24</span>", "<span data-toggle='tooltip' data-placement='right' title='原始值：0.166'>0.166</span>", "<span data-toggle='tooltip' data-placement='right' title='极值过滤'>--</span>", "<span data-toggle='tooltip' data-placement='right' title='原始值：1.583'>1.58</span>", "*", "*", "维护"], ["江苏省", "淮河流域", "<span data-toggle='tooltip' data-placement='right' title='所在地市:徐州市&#10;所属河流:邳苍分洪道'>艾山西大桥</span>", "06-21 08:00", "Ⅲ", "<span data-toggle='tooltip' data-placement='right' title='原始值：24.1559'>24.2</span>", "<span data-toggle='tooltip' data-placement='right' title='原始值：7.63981'>7.64</span>", "<span data-toggle='tooltip' data-placement='right' title='原始值：8.58325'>8.58</span>", "<span data-toggle='tooltip' data-placement='right' title='原始值：665.397'>665.4</span>", "<span data-toggle='tooltip' data-placement='right' title='极值过滤'>--</span>", "<span data-toggle='tooltip' data-placement='right' title='原始值：4.94'>4.94</span>", "<span data-toggle='tooltip' data-placement='right' title='原始值：0.2'>0.200</span>", "<span data-toggle='tooltip' data-placement='right' title='原始值：0.07648'>0.076</span>", "<span data-toggle='tooltip' data-placement='right' title='原始值：2.92561'>2.93</span>", "*", "*", "维护"], ["江苏省", "太湖流域", "<span data-toggle='tooltip' data-placement='right' title='所在地市:苏州市&#10;所属河流:太湖'>兰山嘴(老)</span>", "06-21 08:00", "Ⅲ", "<span data-toggle='tooltip' data-placement='right' title='原始值：25.49237'>25.5</span>", "<span data-toggle='tooltip' data-placement='right' title='原始值：7.12651'>7.13</span>", "<span data-toggle='tooltip' data-placement='right' title='原始值：5.4163'>5.42</span>", "<span data-toggle='tooltip' data-placement='right' title='原始值：420.6309'>420.6</span>", "<span data-toggle='tooltip' data-placement='right' title='原始值：122.4892'>122.5</span>", "<span data-toggle='tooltip' data-placement='right' title='原始值：3.97'>3.97</span>", "<span data-toggle='tooltip' data-placement='right' title='原始值：0.09'>0.090</span>", "<span data-toggle='tooltip' data-placement='right' title='原始值：0.18737'>0.187</span>", "<span data-toggle='tooltip' data-placement='right' title='原始值：4.53161'>4.53</span>", "*", "*", "正常"], ["江苏省", "太湖流域", "<span data-toggle='tooltip' data-placement='right' title='所在地市:苏州市&#10;所属河流:太湖'>西山</span>", null, "", "--", "--", "--", "--", "--", "--", "--", "--", "--", "*", "*", "维护"], ["江苏省", "淮河流域", "<span data-toggle='tooltip' data-placement='right' title='所在地市:连云港市&#10;所属河流:新沭河'>大兴桥</span>", "06-21 08:00", "Ⅳ", "<span data-toggle='tooltip' data-placement='right' title='原始值：25.6'>25.6</span>", "<span data-toggle='tooltip' data-placement='right' title='原始值：7.99'>7.99</span>", "<span data-toggle='tooltip' data-placement='right' title='原始值：9.15'>9.15</span>", "<span data-toggle='tooltip' data-placement='right' title='原始值：1291.1'>1291.1</span>", "<span data-toggle='tooltip' data-placement='right' title='原始值：225.2'>225.2</span>", "<span data-toggle='tooltip' data-placement='right' title='原始值：6.28'>6.28</span>", "<span data-toggle='tooltip' data-placement='right' title='原始值：0.93'>0.930</span>", "*", "*", "*", "*", "正常"], ["江苏省", "淮河流域", "<span data-toggle='tooltip' data-placement='right' title='所在地市:淮安市&#10;所属河流:淮河'>淮河大桥</span>", "06-21 08:00", "", "<span data-toggle='tooltip' data-placement='right' title='原始值：26.0344'>26.0</span>", "<span data-toggle='tooltip' data-placement='right' title='原始值：7.66214'>7.66</span>", "<span data-toggle='tooltip' data-placement='right' title='原始值：4.38534'>4.39</span>", "<span data-toggle='tooltip' data-placement='right' title='原始值：657.1814'>657.2</span>", "<span data-toggle='tooltip' data-placement='right' title='原始值：105.9845'>106.0</span>", "<span data-toggle='tooltip' data-placement='right' title='原始值：3.71'>3.71</span>", "<span data-toggle='tooltip' data-placement='right' title='原始值：0.07'>0.070</span>", "<span data-toggle='tooltip' data-placement='right' title='极值过滤'>--</span>", "<span data-toggle='tooltip' data-placement='right' title='极值过滤'>--</span>", "*", "*", "维护"], ["江苏省", "长江流域", "<span data-toggle='tooltip' data-placement='right' title='所在地市:扬州市&#10;所属河流:夹江'>三江营</span>", null, "", "--", "--", "--", "--", "--", "--", "--", "--", "--", "*", "*", "停站"], ["江苏省", "淮河流域", "<span data-toggle='tooltip' data-placement='right' title='所在地市:宿迁市&#10;所属河流:新濉河'>大屈</span>", "06-21 08:00", "", "<span data-toggle='tooltip' data-placement='right' title='原始值：24'>24.0</span>", "<span data-toggle='tooltip' data-placement='right' title='原始值：7.74'>7.74</span>", "<span data-toggle='tooltip' data-placement='right' title='极值过滤'>--</span>", "<span data-toggle='tooltip' data-placement='right' title='原始值：606.3'>606.3</span>", "<span data-toggle='tooltip' data-placement='right' title='原始值：24.52'>24.5</span>", "<span data-toggle='tooltip' data-placement='right' title='原始值：6.71'>6.71</span>", "<span data-toggle='tooltip' data-placement='right' title='原始值：0.89'>0.890</span>", "<span data-toggle='tooltip' data-placement='right' title='原始值：0.069'>0.069</span>", "<span data-toggle='tooltip' data-placement='right' title='原始值：5.468'>5.47</span>", "*", "*", "维护"], ["浙江省", "浙闽片河流", "<span data-toggle='tooltip' data-placement='right' title='所在地市:杭州市&#10;所属河流:新安江'>街口(鸠坑口)</span>", null, "", "--", "--", "--", "--", "--", "--", "--", "--", "--", "*", "*", "停站"], ["浙江省", "太湖流域", "<span data-toggle='tooltip' data-placement='right' title='所在地市:嘉兴市&#10;所属河流:斜路港河'>斜路港</span>", "06-21 08:00", "Ⅳ", "<span data-toggle='tooltip' data-placement='right' title='原始值：26.4'>26.4</span>", "<span data-toggle='tooltip' data-placement='right' title='原始值：7.23'>7.23</span>", "<span data-toggle='tooltip' data-placement='right' title='原始值：3.08'>3.08</span>", "<span data-toggle='tooltip' data-placement='right' title='原始值：516'>516.0</span>", "<span data-toggle='tooltip' data-placement='right' title='原始值：107.3'>107.3</span>", "<span data-toggle='tooltip' data-placement='right' title='原始值：6.9'>6.90</span>", "<span data-toggle='tooltip' data-placement='right' title='原始值：0.06521'>0.065</span>", "<span data-toggle='tooltip' data-placement='right' title='原始值：0.08537'>0.085</span>", "<span data-toggle='tooltip' data-placement='right' title='原始值：2.10727'>2.11</span>", "*", "*", "正常"], ["浙江省", "太湖流域", "<span data-toggle='tooltip' data-placement='right' title='所在地市:嘉兴市&#10;所属河流:京杭运河'>王江泾</span>", null, "", "--", "--", "--", "--", "--", "--", "--", "--", "--", "*", "*", "停站"], ["浙江省", "太湖流域", "<span data-toggle='tooltip' data-placement='right' title='所在地市:湖州市&#10;所属河流:西苕溪'>新港口(新塘港)</span>", "06-21 08:00", "Ⅱ", "<span data-toggle='tooltip' data-placement='right' title='原始值：23.97'>24.0</span>", "<span data-toggle='tooltip' data-placement='right' title='原始值：7.01775'>7.02</span>", "<span data-toggle='tooltip' data-placement='right' title='原始值：7.51624'>7.52</span>", "<span data-toggle='tooltip' data-placement='right' title='原始值：209.966'>210.0</span>", "<span data-toggle='tooltip' data-placement='right' title='原始值：104.694'>104.7</span>", "<span data-toggle='tooltip' data-placement='right' title='原始值：2.55513'>2.56</span>", "<span data-toggle='tooltip' data-placement='right' title='原始值：0.14672'>0.147</span>", "<span data-toggle='tooltip' data-placement='right' title='原始值：0.09552'>0.096</span>", "<span data-toggle='tooltip' data-placement='right' title='原始值：7.53185'>7.53</span>", "*", "*", "正常"], ["安徽省", "巢湖流域", "<span data-toggle='tooltip' data-placement='right' title='所在地市:合肥市&#10;所属河流:巢湖'>湖滨(老)</span>", "06-21 08:00", "Ⅳ", "<span data-toggle='tooltip' data-placement='right' title='原始值：25.8041'>25.8</span>", "<span data-toggle='tooltip' data-placement='right' title='原始值：6.38899'>6.39</span>", "<span data-toggle='tooltip' data-placement='right' title='原始值：4.42413'>4.42</span>", "<span data-toggle='tooltip' data-placement='right' title='原始值：433.8352'>433.8</span>", "<span data-toggle='tooltip' data-placement='right' title='原始值：83.48976'>83.5</span>", "<span data-toggle='tooltip' data-placement='right' title='原始值：5.74'>5.74</span>", "<span data-toggle='tooltip' data-placement='right' title='原始值：0.31'>0.310</span>", "<span data-toggle='tooltip' data-placement='right' title='原始值：0.0413'>0.041</span>", "<span data-toggle='tooltip' data-placement='right' title='原始值：1.603'>1.60</span>", "<span data-toggle='tooltip' data-placement='right' title='原始值：0.01043'>0.010</span>", "*", "正常"], ["安徽省", "巢湖流域", "<span data-toggle='tooltip' data-placement='right' title='所在地市:芜湖市&#10;所属河流:巢湖'>裕溪口(老)</span>", "06-21 08:00", "Ⅳ", "<span data-toggle='tooltip' data-placement='right' title='原始值：24.67233'>24.7</span>", "<span data-toggle='tooltip' data-placement='right' title='原始值：8.12948'>8.13</span>", "<span data-toggle='tooltip' data-placement='right' title='原始值：7.38051'>7.38</span>", "<span data-toggle='tooltip' data-placement='right' title='原始值：426.9645'>427.0</span>", "<span data-toggle='tooltip' data-placement='right' title='原始值：91.99837'>92.0</span>", "<span data-toggle='tooltip' data-placement='right' title='原始值：3.97'>3.97</span>", "<span data-toggle='tooltip' data-placement='right' title='原始值：0.2'>0.200</span>", "<span data-toggle='tooltip' data-placement='right' title='原始值：0.0721'>0.072</span>", "<span data-toggle='tooltip' data-placement='right' title='原始值：2.302'>2.30</span>", "*", "*", "正常"], ["安徽省", "淮河流域", "<span data-toggle='tooltip' data-placement='right' title='所在地市:蚌埠市&#10;所属河流:淮河'>蚌埠闸上(蚌埠闸)</span>", null, "", "--", "--", "--", "--", "--", "--", "--", "--", "--", "*", "*", "停站"], ["安徽省", "淮河流域", "<span data-toggle='tooltip' data-placement='right' title='所在地市:淮南市&#10;所属河流:淮河'>石头埠(老)</span>", "06-21 08:00", "Ⅳ", "<span data-toggle='tooltip' data-placement='right' title='原始值：24.44847'>24.4</span>", "<span data-toggle='tooltip' data-placement='right' title='原始值：6.8397'>6.84</span>", "<span data-toggle='tooltip' data-placement='right' title='原始值：4.09191'>4.09</span>", "<span data-toggle='tooltip' data-placement='right' title='原始值：359.7185'>359.7</span>", "<span data-toggle='tooltip' data-placement='right' title='原始值：120.9374'>120.9</span>", "<span data-toggle='tooltip' data-placement='right' title='原始值：6.66999'>6.67</span>", "<span data-toggle='tooltip' data-placement='right' title='原始值：0.08'>0.080</span>", "*", "*", "*", "*", "正常"], ["安徽省", "淮河流域", "<span data-toggle='tooltip' data-placement='right' title='所在地市:淮北市&#10;所属河流:沱河'>小王桥</span>", "06-21 08:00", "Ⅳ", "<span data-toggle='tooltip' data-placement='right' title='原始值：25.16'>25.2</span>", "<span data-toggle='tooltip' data-placement='right' title='原始值：8.32'>8.32</span>", "<span data-toggle='tooltip' data-placement='right' title='原始值：10.29'>10.29</span>", "<span data-toggle='tooltip' data-placement='right' title='原始值：1798.11'>1798.1</span>", "<span data-toggle='tooltip' data-placement='right' title='原始值：51.09'>51.1</span>", "<span data-toggle='tooltip' data-placement='right' title='原始值：6.241'>6.24</span>", "<span data-toggle='tooltip' data-placement='right' title='原始值：0.289'>0.289</span>", "<span data-toggle='tooltip' data-placement='right' title='原始值：0.228'>0.228</span>", "<span data-toggle='tooltip' data-placement='right' title='极值过滤'>--</span>", "*", "*", "维护"], ["安徽省", "长江流域", "<span data-toggle='tooltip' data-placement='right' title='所在地市:安庆市&#10;所属河流:长江'>皖河口</span>", null, "", "--", "--", "--", "--", "--", "--", "--", "--", "--", "*", "*", "停站"], ["安徽省", "淮河流域", "<span data-toggle='tooltip' data-placement='right' title='所在地市:滁州市&#10;所属河流:淮河'>小柳巷</span>", "06-21 08:00", "Ⅳ", "<span data-toggle='tooltip' data-placement='right' title='原始值：25.8'>25.8</span>", "<span data-toggle='tooltip' data-placement='right' title='原始值：6.99'>6.99</span>", "<span data-toggle='tooltip' data-placement='right' title='原始值：6.37'>6.37</span>", "<span data-toggle='tooltip' data-placement='right' title='原始值：357'>357.0</span>", "<span data-toggle='tooltip' data-placement='right' title='原始值：114.76'>114.8</span>", "<span data-toggle='tooltip' data-placement='right' title='原始值：3.44'>3.44</span>", "<span data-toggle='tooltip' data-placement='right' title='原始值：0.07'>0.070</span>", "<span data-toggle='tooltip' data-placement='right' title='原始值：0.225'>0.225</span>", "<span data-toggle='tooltip' data-placement='right' title='原始值：1.982'>1.98</span>", "*", "*", "正常"], ["安徽省", "淮河流域", "<span data-toggle='tooltip' data-placement='right' title='所在地市:阜阳市&#10;所属河流:黑茨河'>张大桥</span>", "06-21 08:00", "Ⅳ", "<span data-toggle='tooltip' data-placement='right' title='原始值：25.3'>25.3</span>", "<span data-toggle='tooltip' data-placement='right' title='原始值：8.06'>8.06</span>", "<span data-toggle='tooltip' data-placement='right' title='原始值：9.56'>9.56</span>", "<span data-toggle='tooltip' data-placement='right' title='原始值：2047.9'>2047.9</span>", "<span data-toggle='tooltip' data-placement='right' title='原始值：18.53'>18.5</span>", "<span data-toggle='tooltip' data-placement='right' title='原始值：8.44'>8.44</span>", "<span data-toggle='tooltip' data-placement='right' title='原始值：0.05'>0.050</span>", "<span data-toggle='tooltip' data-placement='right' title='原始值：0.175'>0.175</span>", "<span data-toggle='tooltip' data-placement='right' title='原始值：3.898'>3.90</span>", "*", "*", "正常"], ["安徽省", "淮河流域", "<span data-toggle='tooltip' data-placement='right' title='所在地市:阜阳市&#10;所属河流:淮河'>王家坝</span>", "06-21 08:00", "Ⅳ", "<span data-toggle='tooltip' data-placement='right' title='原始值：25.4375'>25.4</span>", "<span data-toggle='tooltip' data-placement='right' title='原始值：7.04206'>7.04</span>", "<span data-toggle='tooltip' data-placement='right' title='原始值：3.46902'>3.47</span>", "<span data-toggle='tooltip' data-placement='right' title='原始值：419.1337'>419.1</span>", "<span data-toggle='tooltip' data-placement='right' title='原始值：72.61393'>72.6</span>", "<span data-toggle='tooltip' data-placement='right' title='原始值：4.44'>4.44</span>", "<span data-toggle='tooltip' data-placement='right' title='原始值：0.255'>0.255</span>", "<span data-toggle='tooltip' data-placement='right' title='原始值：0.18711'>0.187</span>", "<span data-toggle='tooltip' data-placement='right' title='原始值：1.79129'>1.79</span>", "*", "*", "正常"], ["安徽省", "淮河流域", "<span data-toggle='tooltip' data-placement='right' title='所在地市:阜阳市&#10;所属河流:颍河'>界首七渡口(七渡口)</span>", "06-21 08:00", "Ⅴ", "<span data-toggle='tooltip' data-placement='right' title='原始值：20.09919'>20.1</span>", "<span data-toggle='tooltip' data-placement='right' title='原始值：7.5356'>7.54</span>", "<span data-toggle='tooltip' data-placement='right' title='原始值：2.03736'>2.04</span>", "<span data-toggle='tooltip' data-placement='right' title='原始值：889.9772'>890.0</span>", "<span data-toggle='tooltip' data-placement='right' title='原始值：13.42997'>13.4</span>", "<span data-toggle='tooltip' data-placement='right' title='原始值：4.12'>4.12</span>", "<span data-toggle='tooltip' data-placement='right' title='原始值：1'>1.000</span>", "<span data-toggle='tooltip' data-placement='right' title='原始值：0.14022'>0.140</span>", "<span data-toggle='tooltip' data-placement='right' title='原始值：3.47898'>3.48</span>", "*", "*", "正常"], ["安徽省", "淮河流域", "<span data-toggle='tooltip' data-placement='right' title='所在地市:阜阳市&#10;所属河流:泉河'>许庄(徐庄)</span>", "06-21 08:00", "Ⅲ", "<span data-toggle='tooltip' data-placement='right' title='原始值：23.7'>23.7</span>", "<span data-toggle='tooltip' data-placement='right' title='原始值：7.28'>7.28</span>", "<span data-toggle='tooltip' data-placement='right' title='原始值：7.15'>7.15</span>", "<span data-toggle='tooltip' data-placement='right' title='原始值：959.2'>959.2</span>", "<span data-toggle='tooltip' data-placement='right' title='原始值：108.62'>108.6</span>", "<span data-toggle='tooltip' data-placement='right' title='原始值：4.33'>4.33</span>", "<span data-toggle='tooltip' data-placement='right' title='原始值：0.24'>0.240</span>", "<span data-toggle='tooltip' data-placement='right' title='原始值：0.156'>0.156</span>", "<span data-toggle='tooltip' data-placement='right' title='原始值：1.808'>1.81</span>", "*", "*", "正常"], ["安徽省", "淮河流域", "<span data-toggle='tooltip' data-placement='right' title='所在地市:宿州市&#10;所属河流:奎河'>杨庄</span>", "06-21 08:00", "Ⅳ", "<span data-toggle='tooltip' data-placement='right' title='原始值：24.52'>24.5</span>", "<span data-toggle='tooltip' data-placement='right' title='原始值：7.22'>7.22</span>", "<span data-toggle='tooltip' data-placement='right' title='原始值：5.92'>5.92</span>", "<span data-toggle='tooltip' data-placement='right' title='原始值：756.9'>756.9</span>", "<span data-toggle='tooltip' data-placement='right' title='原始值：203.89'>203.9</span>", "<span data-toggle='tooltip' data-placement='right' title='原始值：3.34'>3.34</span>", "<span data-toggle='tooltip' data-placement='right' title='原始值：1.486'>1.486</span>", "*", "*", "*", "*", "正常"], ["安徽省", "淮河流域", "<span data-toggle='tooltip' data-placement='right' title='所在地市:宿州市&#10;所属河流:新汴河'>泗县公路桥</span>", "06-21 08:00", "Ⅱ", "<span data-toggle='tooltip' data-placement='right' title='原始值：24.9'>24.9</span>", "<span data-toggle='tooltip' data-placement='right' title='原始值：8.29'>8.29</span>", "<span data-toggle='tooltip' data-placement='right' title='原始值：7.91'>7.91</span>", "<span data-toggle='tooltip' data-placement='right' title='原始值：1392.6'>1392.6</span>", "<span data-toggle='tooltip' data-placement='right' title='原始值：71.27'>71.3</span>", "<span data-toggle='tooltip' data-placement='right' title='原始值：2.68'>2.68</span>", "<span data-toggle='tooltip' data-placement='right' title='原始值：0.1'>0.100</span>", "*", "*", "*", "*", "正常"], ["安徽省", "淮河流域", "<span data-toggle='tooltip' data-placement='right' title='所在地市:亳州市&#10;所属河流:包河'>颜集</span>", "06-21 08:00", "劣Ⅴ", "<span data-toggle='tooltip' data-placement='right' title='原始值：25.1'>25.1</span>", "<span data-toggle='tooltip' data-placement='right' title='原始值：7.78'>7.78</span>", "<span data-toggle='tooltip' data-placement='right' title='原始值：6.23'>6.23</span>", "<span data-toggle='tooltip' data-placement='right' title='原始值：1154.1'>1154.1</span>", "<span data-toggle='tooltip' data-placement='right' title='原始值：318.38'>318.4</span>", "<span data-toggle='tooltip' data-placement='right' title='原始值：3.86'>3.86</span>", "<span data-toggle='tooltip' data-placement='right' title='原始值：2.09'>2.090</span>", "<span data-toggle='tooltip' data-placement='right' title='原始值：0.273'>0.273</span>", "<span data-toggle='tooltip' data-placement='right' title='原始值：5.447'>5.45</span>", "*", "*", "正常"], ["福建省", "浙闽片河流", "<span data-toggle='tooltip' data-placement='right' title='所在地市:福州市&#10;所属河流:闽江'>白岩潭</span>", "06-21 08:00", "Ⅱ", "<span data-toggle='tooltip' data-placement='right' title='原始值：26.06'>26.1</span>", "<span data-toggle='tooltip' data-placement='right' title='原始值：6.07'>6.07</span>", "<span data-toggle='tooltip' data-placement='right' title='原始值：9.37'>9.37</span>", "<span data-toggle='tooltip' data-placement='right' title='原始值：109.4'>109.4</span>", "<span data-toggle='tooltip' data-placement='right' title='原始值：291.21'>291.2</span>", "<span data-toggle='tooltip' data-placement='right' title='原始值：3.05'>3.05</span>", "<span data-toggle='tooltip' data-placement='right' title='原始值：0.05'>0.050</span>", "*", "*", "*", "*", "正常"], ["江西省", "长江流域", "<span data-toggle='tooltip' data-placement='right' title='所在地市:南昌市&#10;所属河流:赣江南支'>滁槎</span>", "06-21 08:00", "Ⅲ", "<span data-toggle='tooltip' data-placement='right' title='原始值：28.47894'>28.5</span>", "<span data-toggle='tooltip' data-placement='right' title='原始值：7.40181'>7.40</span>", "<span data-toggle='tooltip' data-placement='right' title='原始值：5.20493'>5.20</span>", "<span data-toggle='tooltip' data-placement='right' title='原始值：131.2618'>131.3</span>", "<span data-toggle='tooltip' data-placement='right' title='原始值：17.16357'>17.2</span>", "<span data-toggle='tooltip' data-placement='right' title='原始值：1.26'>1.26</span>", "<span data-toggle='tooltip' data-placement='right' title='原始值：0.13'>0.130</span>", "<span data-toggle='tooltip' data-placement='right' title='原始值：0.0945'>0.094</span>", "<span data-toggle='tooltip' data-placement='right' title='原始值：1.6825'>1.68</span>", "*", "*", "正常"], ["江西省", "长江流域", "<span data-toggle='tooltip' data-placement='right' title='所在地市:九江市&#10;所属河流:长江'>姚港(河西水厂)</span>", null, "", "--", "--", "--", "--", "--", "--", "--", "--", "--", "*", "*", "停站"], ["江西省", "长江流域", "<span data-toggle='tooltip' data-placement='right' title='所在地市:九江市&#10;所属河流:鄱阳湖'>蛤蟆石</span>", null, "", "--", "--", "--", "--", "--", "--", "--", "--", "--", "--", "--", "停站"], ["山东省", "黄河流域", "<span data-toggle='tooltip' data-placement='right' title='所在地市:济南市&#10;所属河流:黄河'>泺口</span>", "06-21 08:00", "Ⅱ", "<span data-toggle='tooltip' data-placement='right' title='原始值：23.7515'>23.8</span>", "<span data-toggle='tooltip' data-placement='right' title='原始值：8.33197'>8.33</span>", "<span data-toggle='tooltip' data-placement='right' title='原始值：7.54567'>7.55</span>", "<span data-toggle='tooltip' data-placement='right' title='原始值：952.821'>952.8</span>", "<span data-toggle='tooltip' data-placement='right' title='原始值：1615.36'>1615.4</span>", "<span data-toggle='tooltip' data-placement='right' title='原始值：2.55'>2.55</span>", "<span data-toggle='tooltip' data-placement='right' title='原始值：0.18769'>0.188</span>", "<span data-toggle='tooltip' data-placement='right' title='原始值：0.01945'>0.019</span>", "<span data-toggle='tooltip' data-placement='right' title='原始值：3.654'>3.65</span>", "*", "*", "正常"], ["山东省", "淮河流域", "<span data-toggle='tooltip' data-placement='right' title='所在地市:枣庄市&#10;所属河流:京杭大运河（韩庄运河）'>台儿庄大桥</span>", "06-21 08:00", "Ⅱ", "<span data-toggle='tooltip' data-placement='right' title='原始值：24.52'>24.5</span>", "<span data-toggle='tooltip' data-placement='right' title='原始值：7.68766'>7.69</span>", "<span data-toggle='tooltip' data-placement='right' title='原始值：6.5631'>6.56</span>", "<span data-toggle='tooltip' data-placement='right' title='原始值：731.8577'>731.9</span>", "<span data-toggle='tooltip' data-placement='right' title='原始值：44.73526'>44.7</span>", "<span data-toggle='tooltip' data-placement='right' title='原始值：3.42909'>3.43</span>", "<span data-toggle='tooltip' data-placement='right' title='原始值：0.07261'>0.073</span>", "<span data-toggle='tooltip' data-placement='right' title='原始值：0.05339'>0.053</span>", "<span data-toggle='tooltip' data-placement='right' title='原始值：1.71013'>1.71</span>", "*", "*", "正常"], ["山东省", "淮河流域", "<span data-toggle='tooltip' data-placement='right' title='所在地市:临沂市&#10;所属河流:沭河'>清泉寺</span>", "06-21 08:00", "Ⅳ", "<span data-toggle='tooltip' data-placement='right' title='原始值：24.38793'>24.4</span>", "<span data-toggle='tooltip' data-placement='right' title='原始值：8.38493'>8.38</span>", "<span data-toggle='tooltip' data-placement='right' title='原始值：10.84522'>10.85</span>", "<span data-toggle='tooltip' data-placement='right' title='原始值：1287.063'>1287.1</span>", "<span data-toggle='tooltip' data-placement='right' title='原始值：13.99109'>14.0</span>", "<span data-toggle='tooltip' data-placement='right' title='原始值：8.07001'>8.07</span>", "<span data-toggle='tooltip' data-placement='right' title='原始值：0.13'>0.130</span>", "*", "*", "*", "*", "正常"], ["山东省", "淮河流域", "<span data-toggle='tooltip' data-placement='right' title='所在地市:临沂市&#10;所属河流:沂河'>重坊桥</span>", "06-21 08:00", "Ⅲ", "<span data-toggle='tooltip' data-placement='right' title='原始值：24.50282'>24.5</span>", "<span data-toggle='tooltip' data-placement='right' title='原始值：7.54738'>7.55</span>", "<span data-toggle='tooltip' data-placement='right' title='原始值：6.80682'>6.81</span>", "<span data-toggle='tooltip' data-placement='right' title='原始值：847.1963'>847.2</span>", "<span data-toggle='tooltip' data-placement='right' title='原始值：20.02055'>20.0</span>", "<span data-toggle='tooltip' data-placement='right' title='原始值：4.27'>4.27</span>", "<span data-toggle='tooltip' data-placement='right' title='原始值：0.13505'>0.135</span>", "*", "*", "*", "*", "正常"], ["山东省", "淮河流域", "<span data-toggle='tooltip' data-placement='right' title='所在地市:临沂市&#10;所属河流:白马河'>捷庄(涝沟桥)</span>", "06-21 08:00", "Ⅴ", "<span data-toggle='tooltip' data-placement='right' title='原始值：24.5'>24.5</span>", "<span data-toggle='tooltip' data-placement='right' title='原始值：7.14'>7.14</span>", "<span data-toggle='tooltip' data-placement='right' title='原始值：4.66'>4.66</span>", "<span data-toggle='tooltip' data-placement='right' title='原始值：866.9993'>867.0</span>", "<span data-toggle='tooltip' data-placement='right' title='原始值：51.27249'>51.3</span>", "<span data-toggle='tooltip' data-placement='right' title='原始值：7.02'>7.02</span>", "<span data-toggle='tooltip' data-placement='right' title='原始值：1.93386'>1.934</span>", "<span data-toggle='tooltip' data-placement='right' title='原始值：0.2076'>0.208</span>", "<span data-toggle='tooltip' data-placement='right' title='原始值：4.08209'>4.08</span>", "*", "*", "正常"], ["山东省", "海河流域", "<span data-toggle='tooltip' data-placement='right' title='所在地市:聊城市&#10;所属河流:卫运河'>秤勾湾(秤钩湾)</span>", null, "", "--", "--", "--", "--", "--", "--", "--", "--", "--", "*", "*", "停站"], ["河南省", "长江流域", "<span data-toggle='tooltip' data-placement='right' title='所在地市:南阳市&#10;所属河流:丹江口水库'>陶岔</span>", "06-21 04:00", "Ⅱ", "<span data-toggle='tooltip' data-placement='right' title='原始值：23.72'>23.7</span>", "<span data-toggle='tooltip' data-placement='right' title='原始值：8.07064'>8.07</span>", "<span data-toggle='tooltip' data-placement='right' title='原始值：8.61681'>8.62</span>", "<span data-toggle='tooltip' data-placement='right' title='原始值：306.2144'>306.2</span>", "<span data-toggle='tooltip' data-placement='right' title='原始值：2.44649'>2.4</span>", "<span data-toggle='tooltip' data-placement='right' title='原始值：3.2'>3.20</span>", "<span data-toggle='tooltip' data-placement='right' title='原始值：0.00666'>0.007</span>", "<span data-toggle='tooltip' data-placement='right' title='原始值：0.01352'>0.014</span>", "<span data-toggle='tooltip' data-placement='right' title='原始值：1.02404'>1.02</span>", "<span data-toggle='tooltip' data-placement='right' title='原始值：0.02821'>0.028</span>", "<span data-toggle='tooltip' data-placement='right' title='原始值：870762.4'>870762</span>", "正常"], ["河南省", "淮河流域", "<span data-toggle='tooltip' data-placement='right' title='所在地市:商丘市&#10;所属河流:浍河'>黄口</span>", "06-21 08:00", "Ⅳ", "<span data-toggle='tooltip' data-placement='right' title='原始值：25.1'>25.1</span>", "<span data-toggle='tooltip' data-placement='right' title='原始值：8.39'>8.39</span>", "<span data-toggle='tooltip' data-placement='right' title='原始值：10.03984'>10.04</span>", "<span data-toggle='tooltip' data-placement='right' title='原始值：2050'>2050.0</span>", "<span data-toggle='tooltip' data-placement='right' title='原始值：43.19539'>43.2</span>", "<span data-toggle='tooltip' data-placement='right' title='原始值：7.29'>7.29</span>", "<span data-toggle='tooltip' data-placement='right' title='原始值：0.05627'>0.056</span>", "<span data-toggle='tooltip' data-placement='right' title='原始值：0.0807'>0.081</span>", "<span data-toggle='tooltip' data-placement='right' title='极值过滤'>--</span>", "*", "*", "维护"], ["河南省", "淮河流域", "<span data-toggle='tooltip' data-placement='right' title='所在地市:信阳市&#10;所属河流:史灌河'>蒋集</span>", "06-21 08:00", "Ⅳ", "<span data-toggle='tooltip' data-placement='right' title='原始值：25.93748'>25.9</span>", "<span data-toggle='tooltip' data-placement='right' title='原始值：6.58373'>6.58</span>", "<span data-toggle='tooltip' data-placement='right' title='原始值：4.30781'>4.31</span>", "<span data-toggle='tooltip' data-placement='right' title='原始值：212.2694'>212.3</span>", "<span data-toggle='tooltip' data-placement='right' title='原始值：81.40381'>81.4</span>", "<span data-toggle='tooltip' data-placement='right' title='原始值：3.92'>3.92</span>", "<span data-toggle='tooltip' data-placement='right' title='原始值：0.248'>0.248</span>", "*", "*", "*", "*", "正常"], ["河南省", "淮河流域", "<span data-toggle='tooltip' data-placement='right' title='所在地市:信阳市&#10;所属河流:淮河'>淮滨水文站(淮滨)</span>", "06-21 08:00", "Ⅳ", "<span data-toggle='tooltip' data-placement='right' title='原始值：23.6'>23.6</span>", "<span data-toggle='tooltip' data-placement='right' title='原始值：6.62'>6.62</span>", "<span data-toggle='tooltip' data-placement='right' title='原始值：4.41515'>4.42</span>", "<span data-toggle='tooltip' data-placement='right' title='原始值：216'>216.0</span>", "<span data-toggle='tooltip' data-placement='right' title='原始值：128.7547'>128.8</span>", "<span data-toggle='tooltip' data-placement='right' title='原始值：2.37767'>2.38</span>", "<span data-toggle='tooltip' data-placement='right' title='原始值：0.08784'>0.088</span>", "<span data-toggle='tooltip' data-placement='right' title='原始值：0.19339'>0.193</span>", "<span data-toggle='tooltip' data-placement='right' title='原始值：1.07707'>1.08</span>", "*", "*", "正常"], ["河南省", "淮河流域", "<span data-toggle='tooltip' data-placement='right' title='所在地市:周口市&#10;所属河流:沙河'>沈丘闸</span>", "06-21 08:00", "Ⅳ", "<span data-toggle='tooltip' data-placement='right' title='原始值：23.77481'>23.8</span>", "<span data-toggle='tooltip' data-placement='right' title='原始值：7.65294'>7.65</span>", "<span data-toggle='tooltip' data-placement='right' title='原始值：4.89946'>4.90</span>", "<span data-toggle='tooltip' data-placement='right' title='原始值：889.6'>889.6</span>", "<span data-toggle='tooltip' data-placement='right' title='原始值：6.10424'>6.1</span>", "<span data-toggle='tooltip' data-placement='right' title='原始值：5.01'>5.01</span>", "<span data-toggle='tooltip' data-placement='right' title='原始值：1.17'>1.170</span>", "*", "*", "*", "*", "正常"], ["河南省", "淮河流域", "<span data-toggle='tooltip' data-placement='right' title='所在地市:周口市&#10;所属河流:涡河'>鹿邑付桥(鹿邑付桥闸)</span>", "06-21 08:00", "", "<span data-toggle='tooltip' data-placement='right' title='原始值：23.88739'>23.9</span>", "<span data-toggle='tooltip' data-placement='right' title='原始值：8.52751'>8.53</span>", "<span data-toggle='tooltip' data-placement='right' title='原始值：12.0316'>12.03</span>", "<span data-toggle='tooltip' data-placement='right' title='原始值：1355.552'>1355.6</span>", "<span data-toggle='tooltip' data-placement='right' title='原始值：11.12561'>11.1</span>", "<span data-toggle='tooltip' data-placement='right' title='极值过滤'>--</span>", "<span data-toggle='tooltip' data-placement='right' title='极值过滤'>--</span>", "<span data-toggle='tooltip' data-placement='right' title='原始值：0.1464'>0.146</span>", "<span data-toggle='tooltip' data-placement='right' title='原始值：1.39354'>1.39</span>", "*", "*", "维护"], ["河南省", "淮河流域", "<span data-toggle='tooltip' data-placement='right' title='所在地市:驻马店市&#10;所属河流:洪河'>新蔡班台(班台)</span>", "06-21 08:00", "Ⅳ", "<span data-toggle='tooltip' data-placement='right' title='原始值：24.88329'>24.9</span>", "<span data-toggle='tooltip' data-placement='right' title='原始值：7.11215'>7.11</span>", "<span data-toggle='tooltip' data-placement='right' title='原始值：3.23309'>3.23</span>", "<span data-toggle='tooltip' data-placement='right' title='原始值：774.4216'>774.4</span>", "<span data-toggle='tooltip' data-placement='right' title='原始值：9.12434'>9.1</span>", "<span data-toggle='tooltip' data-placement='right' title='原始值：5.785'>5.78</span>", "<span data-toggle='tooltip' data-placement='right' title='原始值：1.49'>1.490</span>", "<span data-toggle='tooltip' data-placement='right' title='原始值：0.25715'>0.257</span>", "<span data-toggle='tooltip' data-placement='right' title='原始值：4.23785'>4.24</span>", "*", "*", "正常"], ["河南省", "黄河流域", "<span data-toggle='tooltip' data-placement='right' title='所在地市:济源市&#10;所属河流:黄河'>小浪底水库(小浪底)</span>", "06-21 08:00", "Ⅱ", "<span data-toggle='tooltip' data-placement='right' title='原始值：23.66644'>23.7</span>", "<span data-toggle='tooltip' data-placement='right' title='原始值：8.63205'>8.63</span>", "<span data-toggle='tooltip' data-placement='right' title='原始值：6.03762'>6.04</span>", "<span data-toggle='tooltip' data-placement='right' title='原始值：921.3907'>921.4</span>", "<span data-toggle='tooltip' data-placement='right' title='原始值：4.36633'>4.4</span>", "<span data-toggle='tooltip' data-placement='right' title='原始值：1.4475'>1.45</span>", "<span data-toggle='tooltip' data-placement='right' title='原始值：0.1'>0.100</span>", "<span data-toggle='tooltip' data-placement='right' title='原始值：0.033'>0.033</span>", "<span data-toggle='tooltip' data-placement='right' title='原始值：2.5025'>2.50</span>", "*", "*", "正常"], ["湖北省", "长江流域", "<span data-toggle='tooltip' data-placement='right' title='所在地市:武汉市&#10;所属河流:汉江'>宗关</span>", null, "", "--", "--", "--", "--", "--", "--", "--", "--", "--", "*", "*", "停站"], ["湖北省", "长江流域", "<span data-toggle='tooltip' data-placement='right' title='所在地市:十堰市&#10;所属河流:丹江口水库'>坝上中(胡家岭)</span>", null, "", "--", "--", "--", "--", "--", "--", "--", "--", "--", "--", "--", "维护"], ["湖北省", "长江流域", "<span data-toggle='tooltip' data-placement='right' title='所在地市:宜昌市&#10;所属河流:长江'>南津关</span>", null, "", "--", "--", "--", "--", "--", "--", "--", "--", "--", "*", "*", "停站"], ["湖南省", "长江流域", "<span data-toggle='tooltip' data-placement='right' title='所在地市:长沙市&#10;所属河流:湘江'>新港</span>", null, "", "--", "--", "--", "--", "--", "--", "--", "--", "--", "*", "*", "停站"], ["湖南省", "长江流域", "<span data-toggle='tooltip' data-placement='right' title='所在地市:岳阳市&#10;所属河流:洞庭湖'>岳阳楼</span>", null, "", "--", "--", "--", "--", "--", "--", "--", "--", "--", "--", "--", "停站"], ["湖南省", "长江流域", "<span data-toggle='tooltip' data-placement='right' title='所在地市:岳阳市&#10;所属河流:长江'>城陵矶</span>", null, "", "--", "--", "--", "--", "--", "--", "--", "--", "--", "*", "*", "停站"], ["广东省", "珠江流域", "<span data-toggle='tooltip' data-placement='right' title='所在地市:清远市&#10;所属河流:北江'>七星岗</span>", "06-21 08:00", "Ⅲ", "<span data-toggle='tooltip' data-placement='right' title='原始值：29.41777'>29.4</span>", "<span data-toggle='tooltip' data-placement='right' title='原始值：7.46373'>7.46</span>", "<span data-toggle='tooltip' data-placement='right' title='原始值：5.897'>5.90</span>", "<span data-toggle='tooltip' data-placement='right' title='原始值：154.7417'>154.7</span>", "<span data-toggle='tooltip' data-placement='right' title='原始值：22.21974'>22.2</span>", "<span data-toggle='tooltip' data-placement='right' title='原始值：0.42'>0.42</span>", "<span data-toggle='tooltip' data-placement='right' title='原始值：0.07507'>0.075</span>", "<span data-toggle='tooltip' data-placement='right' title='原始值：0.02927'>0.029</span>", "<span data-toggle='tooltip' data-placement='right' title='原始值：2.1024'>2.10</span>", "*", "*", "正常"], ["广东省", "珠江流域", "<span data-toggle='tooltip' data-placement='right' title='所在地市:中山市&#10;所属河流:西江'>横栏</span>", null, "", "--", "--", "--", "--", "--", "--", "--", "--", "--", "*", "*", "停站"], ["广西壮族自治区", "珠江流域", "<span data-toggle='tooltip' data-placement='right' title='所在地市:南宁市&#10;所属河流:邕江'>老口</span>", null, "", "--", "--", "--", "--", "--", "--", "--", "--", "--", "*", "*", "维护"], ["广西壮族自治区", "珠江流域", "<span data-toggle='tooltip' data-placement='right' title='所在地市:桂林市&#10;所属河流:漓江'>阳朔</span>", "06-21 08:00", "Ⅱ", "<span data-toggle='tooltip' data-placement='right' title='原始值：26'>26.0</span>", "<span data-toggle='tooltip' data-placement='right' title='原始值：7.29999'>7.30</span>", "<span data-toggle='tooltip' data-placement='right' title='原始值：6.75031'>6.75</span>", "<span data-toggle='tooltip' data-placement='right' title='原始值：157.9688'>158.0</span>", "<span data-toggle='tooltip' data-placement='right' title='原始值：28.69912'>28.7</span>", "<span data-toggle='tooltip' data-placement='right' title='原始值：2.87'>2.87</span>", "<span data-toggle='tooltip' data-placement='right' title='原始值：0.0251'>0.025</span>", "<span data-toggle='tooltip' data-placement='right' title='原始值：0.00653'>0.007</span>", "<span data-toggle='tooltip' data-placement='right' title='原始值：1.9247'>1.92</span>", "*", "*", "正常"], ["广西壮族自治区", "珠江流域", "<span data-toggle='tooltip' data-placement='right' title='所在地市:梧州市&#10;所属河流:浔江'>界首</span>", null, "", "--", "--", "--", "--", "--", "--", "--", "--", "--", "*", "*", "停站"], ["广西壮族自治区", "珠江流域", "<span data-toggle='tooltip' data-placement='right' title='所在地市:贵港市&#10;所属河流:浔江'>石嘴</span>", "06-21 08:00", "Ⅱ", "<span data-toggle='tooltip' data-placement='right' title='原始值：26.37673'>26.4</span>", "<span data-toggle='tooltip' data-placement='right' title='原始值：7.62323'>7.62</span>", "<span data-toggle='tooltip' data-placement='right' title='原始值：8.23426'>8.23</span>", "<span data-toggle='tooltip' data-placement='right' title='原始值：332.1125'>332.1</span>", "<span data-toggle='tooltip' data-placement='right' title='原始值：49.96976'>50.0</span>", "<span data-toggle='tooltip' data-placement='right' title='原始值：1.89'>1.89</span>", "<span data-toggle='tooltip' data-placement='right' title='原始值：0.14'>0.140</span>", "<span data-toggle='tooltip' data-placement='right' title='原始值：0.03512'>0.035</span>", "<span data-toggle='tooltip' data-placement='right' title='原始值：2.2958'>2.30</span>", "*", "*", "正常"], ["广西壮族自治区", "珠江流域", "<span data-toggle='tooltip' data-placement='right' title='所在地市:崇左市&#10;所属河流:平而河'>平而关</span>", "06-21 08:00", "Ⅱ", "<span data-toggle='tooltip' data-placement='right' title='原始值：31.21967'>31.2</span>", "<span data-toggle='tooltip' data-placement='right' title='原始值：7.74467'>7.74</span>", "<span data-toggle='tooltip' data-placement='right' title='原始值：6.65245'>6.65</span>", "<span data-toggle='tooltip' data-placement='right' title='原始值：187.6375'>187.6</span>", "<span data-toggle='tooltip' data-placement='right' title='原始值：39.24609'>39.2</span>", "<span data-toggle='tooltip' data-placement='right' title='原始值：1.66487'>1.66</span>", "<span data-toggle='tooltip' data-placement='right' title='原始值：0.22'>0.220</span>", "*", "*", "*", "*", "正常"], ["重庆市", "长江流域", "<span data-toggle='tooltip' data-placement='right' title='所在地市:永川区&#10;所属河流:长江'>朱沱</span>", null, "", "--", "--", "--", "--", "--", "--", "--", "--", "--", "*", "*", "停站"], ["四川省", "长江流域", "<span data-toggle='tooltip' data-placement='right' title='所在地市:攀枝花市&#10;所属河流:金沙江'>龙洞</span>", null, "", "--", "--", "--", "--", "--", "--", "--", "--", "--", "*", "*", "停站"], ["四川省", "长江流域", "<span data-toggle='tooltip' data-placement='right' title='所在地市:泸州市&#10;所属河流:沱江'>沱江大桥(沱江二桥)</span>", null, "", "--", "--", "--", "--", "--", "--", "--", "--", "--", "*", "*", "停站"], ["四川省", "长江流域", "<span data-toggle='tooltip' data-placement='right' title='所在地市:广元市&#10;所属河流:嘉陵江'>清风峡</span>", "06-21 08:00", "Ⅱ", "<span data-toggle='tooltip' data-placement='right' title='原始值：22.9'>22.9</span>", "<span data-toggle='tooltip' data-placement='right' title='原始值：7.98'>7.98</span>", "<span data-toggle='tooltip' data-placement='right' title='原始值：8.97888'>8.98</span>", "<span data-toggle='tooltip' data-placement='right' title='原始值：305.6111'>305.6</span>", "<span data-toggle='tooltip' data-placement='right' title='原始值：120.9935'>121.0</span>", "<span data-toggle='tooltip' data-placement='right' title='原始值：2.32'>2.32</span>", "<span data-toggle='tooltip' data-placement='right' title='原始值：0.04554'>0.046</span>", "*", "*", "*", "*", "正常"], ["四川省", "长江流域", "<span data-toggle='tooltip' data-placement='right' title='所在地市:乐山市&#10;所属河流:岷江'>岷江大桥</span>", "06-21 08:00", "Ⅱ", "<span data-toggle='tooltip' data-placement='right' title='原始值：22.78082'>22.8</span>", "<span data-toggle='tooltip' data-placement='right' title='原始值：7.48675'>7.49</span>", "<span data-toggle='tooltip' data-placement='right' title='原始值：8.27287'>8.27</span>", "<span data-toggle='tooltip' data-placement='right' title='原始值：297.3179'>297.3</span>", "<span data-toggle='tooltip' data-placement='right' title='原始值：227.5667'>227.6</span>", "<span data-toggle='tooltip' data-placement='right' title='原始值：2.99'>2.99</span>", "<span data-toggle='tooltip' data-placement='right' title='原始值：0.17'>0.170</span>", "*", "*", "*", "*", "正常"], ["四川省", "长江流域", "<span data-toggle='tooltip' data-placement='right' title='所在地市:宜宾市&#10;所属河流:岷江'>凉姜沟</span>", null, "", "--", "--", "--", "--", "--", "--", "--", "--", "--", "*", "*", "停站"], ["云南省", "滇池流域", "<span data-toggle='tooltip' data-placement='right' title='所在地市:昆明市&#10;所属河流:滇池'>西苑隧道</span>", "06-21 08:00", "Ⅴ", "<span data-toggle='tooltip' data-placement='right' title='原始值：24.14234'>24.1</span>", "<span data-toggle='tooltip' data-placement='right' title='原始值：6.67728'>6.68</span>", "<span data-toggle='tooltip' data-placement='right' title='原始值：2.6302'>2.63</span>", "<span data-toggle='tooltip' data-placement='right' title='原始值：615.843'>615.8</span>", "<span data-toggle='tooltip' data-placement='right' title='原始值：36.07788'>36.1</span>", "<span data-toggle='tooltip' data-placement='right' title='原始值：8.66'>8.66</span>", "<span data-toggle='tooltip' data-placement='right' title='原始值：0.85'>0.850</span>", "<span data-toggle='tooltip' data-placement='right' title='原始值：0.14279'>0.143</span>", "<span data-toggle='tooltip' data-placement='right' title='原始值：1.01176'>1.01</span>", "<span data-toggle='tooltip' data-placement='right' title='原始值：0.04007'>0.040</span>", "<span data-toggle='tooltip' data-placement='right' title='原始值：8625425'>8625425</span>", "正常"], ["云南省", "滇池流域", "<span data-toggle='tooltip' data-placement='right' title='所在地市:昆明市&#10;所属河流:滇池'>观音山</span>", "06-21 08:00", "Ⅴ", "<span data-toggle='tooltip' data-placement='right' title='原始值：24.30591'>24.3</span>", "<span data-toggle='tooltip' data-placement='right' title='原始值：7.61901'>7.62</span>", "<span data-toggle='tooltip' data-placement='right' title='原始值：5.65224'>5.65</span>", "<span data-toggle='tooltip' data-placement='right' title='原始值：433.4709'>433.5</span>", "<span data-toggle='tooltip' data-placement='right' title='原始值：75.05836'>75.1</span>", "<span data-toggle='tooltip' data-placement='right' title='原始值：11.48'>11.48</span>", "<span data-toggle='tooltip' data-placement='right' title='原始值：0.12'>0.120</span>", "<span data-toggle='tooltip' data-placement='right' title='原始值：0.1212'>0.121</span>", "<span data-toggle='tooltip' data-placement='right' title='原始值：1.518'>1.52</span>", "<span data-toggle='tooltip' data-placement='right' title='原始值：0.03884'>0.039</span>", "<span data-toggle='tooltip' data-placement='right' title='原始值：7699951'>7699951</span>", "正常"], ["云南省", "西南诸河", "<span data-toggle='tooltip' data-placement='right' title='所在地市:红河哈尼族彝族自治州&#10;所属河流:红河'>河口县医院(河口)</span>", "06-21 08:00", "劣Ⅴ", "<span data-toggle='tooltip' data-placement='right' title='原始值：25.6'>25.6</span>", "<span data-toggle='tooltip' data-placement='right' title='原始值：7.47998'>7.48</span>", "<span data-toggle='tooltip' data-placement='right' title='原始值：7.43877'>7.44</span>", "<span data-toggle='tooltip' data-placement='right' title='原始值：151'>151.0</span>", "<span data-toggle='tooltip' data-placement='right' title='原始值：166.1507'>166.2</span>", "<span data-toggle='tooltip' data-placement='right' title='原始值：42.45'>42.45</span>", "<span data-toggle='tooltip' data-placement='right' title='原始值：0.23466'>0.235</span>", "<span data-toggle='tooltip' data-placement='right' title='原始值：0.01854'>0.019</span>", "<span data-toggle='tooltip' data-placement='right' title='原始值：0.91104'>0.91</span>", "*", "*", "正常"], ["云南省", "西南诸河", "<span data-toggle='tooltip' data-placement='right' title='所在地市:西双版纳傣族自治州&#10;所属河流:澜沧江'>橄榄坝</span>", "06-21 08:00", "Ⅱ", "<span data-toggle='tooltip' data-placement='right' title='原始值：18.13066'>18.1</span>", "<span data-toggle='tooltip' data-placement='right' title='原始值：7.42176'>7.42</span>", "<span data-toggle='tooltip' data-placement='right' title='原始值：6.18843'>6.19</span>", "<span data-toggle='tooltip' data-placement='right' title='原始值：647.361'>647.4</span>", "<span data-toggle='tooltip' data-placement='right' title='原始值：13.95566'>14.0</span>", "<span data-toggle='tooltip' data-placement='right' title='原始值：0.74'>0.74</span>", "<span data-toggle='tooltip' data-placement='right' title='原始值：0.13275'>0.133</span>", "*", "*", "*", "*", "正常"], ["陕西省", "黄河流域", "<span data-toggle='tooltip' data-placement='right' title='所在地市:渭南市&#10;所属河流:渭河'>潼关吊桥</span>", "06-21 08:00", "Ⅳ", "<span data-toggle='tooltip' data-placement='right' title='原始值：22.6'>22.6</span>", "<span data-toggle='tooltip' data-placement='right' title='原始值：8.14999'>8.15</span>", "<span data-toggle='tooltip' data-placement='right' title='原始值：8.59984'>8.60</span>", "<span data-toggle='tooltip' data-placement='right' title='原始值：533'>533.0</span>", "<span data-toggle='tooltip' data-placement='right' title='原始值：760.8043'>760.8</span>", "<span data-toggle='tooltip' data-placement='right' title='原始值：9.47'>9.47</span>", "<span data-toggle='tooltip' data-placement='right' title='原始值：0.07'>0.070</span>", "<span data-toggle='tooltip' data-placement='right' title='原始值：0.18015'>0.180</span>", "<span data-toggle='tooltip' data-placement='right' title='原始值：4.58211'>4.58</span>", "*", "*", "正常"], ["甘肃省", "黄河流域", "<span data-toggle='tooltip' data-placement='right' title='所在地市:兰州市&#10;所属河流:黄河'>新城桥</span>", "06-21 08:00", "Ⅱ", "<span data-toggle='tooltip' data-placement='right' title='原始值：18.80515'>18.8</span>", "<span data-toggle='tooltip' data-placement='right' title='原始值：6.09347'>6.09</span>", "<span data-toggle='tooltip' data-placement='right' title='原始值：7.36514'>7.37</span>", "<span data-toggle='tooltip' data-placement='right' title='原始值：406.6434'>406.6</span>", "<span data-toggle='tooltip' data-placement='right' title='原始值：105.0872'>105.1</span>", "<span data-toggle='tooltip' data-placement='right' title='原始值：1.85'>1.85</span>", "<span data-toggle='tooltip' data-placement='right' title='原始值：0.12'>0.120</span>", "<span data-toggle='tooltip' data-placement='right' title='原始值：0.02756'>0.028</span>", "<span data-toggle='tooltip' data-placement='right' title='原始值：2.30318'>2.30</span>", "*", "*", "正常"], ["宁夏回族自治区", "黄河流域", "<span data-toggle='tooltip' data-placement='right' title='所在地市:中卫市&#10;所属河流:黄河'>中卫下河沿(新墩)</span>", "06-21 08:00", "劣Ⅴ", "<span data-toggle='tooltip' data-placement='right' title='原始值：20.11113'>20.1</span>", "<span data-toggle='tooltip' data-placement='right' title='原始值：8.17139'>8.17</span>", "<span data-toggle='tooltip' data-placement='right' title='原始值：6.80742'>6.81</span>", "<span data-toggle='tooltip' data-placement='right' title='原始值：553.267'>553.3</span>", "<span data-toggle='tooltip' data-placement='right' title='原始值：863.7048'>863.7</span>", "<span data-toggle='tooltip' data-placement='right' title='原始值：5.02'>5.02</span>", "<span data-toggle='tooltip' data-placement='right' title='原始值：0.13'>0.130</span>", "<span data-toggle='tooltip' data-placement='right' title='原始值：0.5558'>0.556</span>", "<span data-toggle='tooltip' data-placement='right' title='原始值：3.1685'>3.17</span>", "*", "*", "正常"]]}