{"result": 1, "total": 1, "records": 98, "thead": ["省份", "流域", "断面名称", "监测时间", "水质类别", "水温<br/><span class='unit'>(℃)</span>", "pH<br/><span class='unit'>(无量纲)</span>", "溶解氧<br/><span class='unit'>(mg/L)</span>", "电导率<br/><span class='unit'>(μS/cm)</span>", "浊度<br/><span class='unit'>(NTU)</span>", "高锰酸盐指数<br/><span class='unit'>(mg/L)</span>", "氨氮<br/><span class='unit'>(mg/L)</span>", "总磷<br/><span class='unit'>(mg/L)</span>", "总氮<br/><span class='unit'>(mg/L)</span>", "叶绿素α<br/><span class='unit'>(mg/L)</span>", "藻密度<br/><span class='unit'>(cells/L)</span>", "站点情况"], "tbody": [["北京市", "海河流域", "<span data-toggle='tooltip' data-placement='right' title='所在地市:门头沟区&#10;所属河流:永定河'>沿河城</span>", null, "", "--", "--", "--", "--", "--", "--", "--", "--", "--", "*", "*", "维护"], ["北京市", "海河流域", "<span data-toggle='tooltip' data-placement='right' title='所在地市:密云区&#10;所属河流:潮河'>古北口</span>", "06-29 08:00", "Ⅱ", "<span data-toggle='tooltip' data-placement='right' title='原始值：24.55907'>24.6</span>", "<span data-toggle='tooltip' data-placement='right' title='原始值：7.46166'>7.46</span>", "<span data-toggle='tooltip' data-placement='right' title='原始值：7.60428'>7.60</span>", "<span data-toggle='tooltip' data-placement='right' title='原始值：627.4382'>627.4</span>", "<span data-toggle='tooltip' data-placement='right' title='原始值：5.15628'>5.2</span>", "<span data-toggle='tooltip' data-placement='right' title='原始值：0.9425'>0.94</span>", "<span data-toggle='tooltip' data-placement='right' title='原始值：0.27'>0.270</span>", "<span data-toggle='tooltip' data-placement='right' title='原始值：0.0001'>0.0001</span>", "<span data-toggle='tooltip' data-placement='right' title='原始值：2.2813'>2.28</span>", "*", "*", "正常"], ["天津市", "海河流域", "<span data-toggle='tooltip' data-placement='right' title='所在地市:河北区&#10;所属河流:海河'>三岔口</span>", "06-29 08:00", "Ⅲ", "<span data-toggle='tooltip' data-placement='right' title='原始值：26.7367'>26.7</span>", "<span data-toggle='tooltip' data-placement='right' title='原始值：7.5761'>7.58</span>", "<span data-toggle='tooltip' data-placement='right' title='原始值：5.862'>5.86</span>", "<span data-toggle='tooltip' data-placement='right' title='原始值：485.091'>485.1</span>", "<span data-toggle='tooltip' data-placement='right' title='原始值：18.427'>18.4</span>", "<span data-toggle='tooltip' data-placement='right' title='原始值：3.47'>3.47</span>", "<span data-toggle='tooltip' data-placement='right' title='原始值：0.56'>0.560</span>", "<span data-toggle='tooltip' data-placement='right' title='原始值：0.0969'>0.097</span>", "<span data-toggle='tooltip' data-placement='right' title='原始值：0.8673'>0.87</span>", "*", "*", "正常"], ["天津市", "海河流域", "<span data-toggle='tooltip' data-placement='right' title='所在地市:蓟州区&#10;所属河流:果河'>果河桥</span>", "06-29 08:00", "Ⅱ", "<span data-toggle='tooltip' data-placement='right' title='原始值：19.2'>19.2</span>", "<span data-toggle='tooltip' data-placement='right' title='原始值：8.271'>8.27</span>", "<span data-toggle='tooltip' data-placement='right' title='原始值：9.035'>9.04</span>", "<span data-toggle='tooltip' data-placement='right' title='原始值：593.83'>593.8</span>", "<span data-toggle='tooltip' data-placement='right' title='原始值：7.81'>7.8</span>", "<span data-toggle='tooltip' data-placement='right' title='原始值：1.5848'>1.58</span>", "<span data-toggle='tooltip' data-placement='right' title='原始值：0.12'>0.120</span>", "<span data-toggle='tooltip' data-placement='right' title='原始值：0.0423'>0.042</span>", "<span data-toggle='tooltip' data-placement='right' title='原始值：3.3426'>3.34</span>", "*", "*", "正常"], ["河北省", "海河流域", "<span data-toggle='tooltip' data-placement='right' title='所在地市:石家庄市&#10;所属河流:滹沱河'>岗南水库</span>", "06-29 08:00", "Ⅱ", "<span data-toggle='tooltip' data-placement='right' title='原始值：26.72056'>26.7</span>", "<span data-toggle='tooltip' data-placement='right' title='原始值：8.36228'>8.36</span>", "<span data-toggle='tooltip' data-placement='right' title='原始值：8.31404'>8.31</span>", "<span data-toggle='tooltip' data-placement='right' title='原始值：572.4579'>572.5</span>", "<span data-toggle='tooltip' data-placement='right' title='原始值：3.72381'>3.7</span>", "<span data-toggle='tooltip' data-placement='right' title='原始值：2.02998'>2.03</span>", "<span data-toggle='tooltip' data-placement='right' title='原始值：0.04'>0.040</span>", "<span data-toggle='tooltip' data-placement='right' title='原始值：0.01365'>0.014</span>", "<span data-toggle='tooltip' data-placement='right' title='原始值：1.87211'>1.87</span>", "*", "*", "正常"], ["河北省", "海河流域", "<span data-toggle='tooltip' data-placement='right' title='所在地市:张家口市&#10;所属河流:永定河'>八号桥</span>", "06-29 08:00", "Ⅳ", "<span data-toggle='tooltip' data-placement='right' title='原始值：24.72631'>24.7</span>", "<span data-toggle='tooltip' data-placement='right' title='原始值：7.84933'>7.85</span>", "<span data-toggle='tooltip' data-placement='right' title='原始值：4.6807'>4.68</span>", "<span data-toggle='tooltip' data-placement='right' title='原始值：1307.224'>1307.2</span>", "<span data-toggle='tooltip' data-placement='right' title='原始值：56.27176'>56.3</span>", "<span data-toggle='tooltip' data-placement='right' title='原始值：6.92001'>6.92</span>", "<span data-toggle='tooltip' data-placement='right' title='原始值：0.4'>0.400</span>", "<span data-toggle='tooltip' data-placement='right' title='原始值：0.245'>0.245</span>", "<span data-toggle='tooltip' data-placement='right' title='原始值：3.84'>3.84</span>", "*", "*", "正常"], ["山西省", "黄河流域", "<span data-toggle='tooltip' data-placement='right' title='所在地市:运城市&#10;所属河流:汾河'>河津大桥</span>", "06-29 08:00", "Ⅳ", "<span data-toggle='tooltip' data-placement='right' title='原始值：27.05127'>27.1</span>", "<span data-toggle='tooltip' data-placement='right' title='原始值：7.51298'>7.51</span>", "<span data-toggle='tooltip' data-placement='right' title='原始值：6.72529'>6.73</span>", "<span data-toggle='tooltip' data-placement='right' title='原始值：1329.128'>1329.1</span>", "<span data-toggle='tooltip' data-placement='right' title='原始值：274.4931'>274.5</span>", "<span data-toggle='tooltip' data-placement='right' title='原始值：7.70724'>7.71</span>", "<span data-toggle='tooltip' data-placement='right' title='原始值：0.25'>0.250</span>", "*", "*", "*", "*", "正常"], ["山西省", "黄河流域", "<span data-toggle='tooltip' data-placement='right' title='所在地市:忻州市&#10;所属河流:黄河'>万家寨水库</span>", "06-29 08:00", "Ⅲ", "<span data-toggle='tooltip' data-placement='right' title='原始值：23.70899'>23.7</span>", "<span data-toggle='tooltip' data-placement='right' title='原始值：7.82816'>7.83</span>", "<span data-toggle='tooltip' data-placement='right' title='原始值：6.27635'>6.28</span>", "<span data-toggle='tooltip' data-placement='right' title='原始值：935.1155'>935.1</span>", "<span data-toggle='tooltip' data-placement='right' title='原始值：55.80472'>55.8</span>", "<span data-toggle='tooltip' data-placement='right' title='原始值：3.1'>3.10</span>", "<span data-toggle='tooltip' data-placement='right' title='原始值：0.3'>0.300</span>", "<span data-toggle='tooltip' data-placement='right' title='原始值：0.11475'>0.115</span>", "<span data-toggle='tooltip' data-placement='right' title='原始值：1.575'>1.58</span>", "*", "*", "正常"], ["内蒙古自治区", "黄河流域", "<span data-toggle='tooltip' data-placement='right' title='所在地市:包头市&#10;所属河流:黄河'>画匠营子</span>", "06-29 08:00", "Ⅱ", "<span data-toggle='tooltip' data-placement='right' title='原始值：19.79481'>19.8</span>", "<span data-toggle='tooltip' data-placement='right' title='原始值：7.71914'>7.72</span>", "<span data-toggle='tooltip' data-placement='right' title='原始值：7.2459'>7.25</span>", "<span data-toggle='tooltip' data-placement='right' title='原始值：830.9275'>830.9</span>", "<span data-toggle='tooltip' data-placement='right' title='原始值：1234.565'>1234.6</span>", "<span data-toggle='tooltip' data-placement='right' title='原始值：2.87327'>2.87</span>", "<span data-toggle='tooltip' data-placement='right' title='原始值：0.05397'>0.054</span>", "*", "*", "*", "*", "正常"], ["内蒙古自治区", "黄河流域", "<span data-toggle='tooltip' data-placement='right' title='所在地市:乌海市&#10;所属河流:黄河'>海勃湾</span>", "06-29 08:00", "Ⅲ", "<span data-toggle='tooltip' data-placement='right' title='原始值：21.83578'>21.8</span>", "<span data-toggle='tooltip' data-placement='right' title='原始值：7.64274'>7.64</span>", "<span data-toggle='tooltip' data-placement='right' title='原始值：5.7747'>5.77</span>", "<span data-toggle='tooltip' data-placement='right' title='原始值：727.2607'>727.3</span>", "<span data-toggle='tooltip' data-placement='right' title='原始值：271.7413'>271.7</span>", "<span data-toggle='tooltip' data-placement='right' title='原始值：3.01'>3.01</span>", "<span data-toggle='tooltip' data-placement='right' title='原始值：0.12'>0.120</span>", "*", "*", "*", "*", "正常"], ["内蒙古自治区", "松花江流域", "<span data-toggle='tooltip' data-placement='right' title='所在地市:呼伦贝尔市&#10;所属河流:额尔古纳河'>黑山头</span>", null, "", "--", "--", "--", "--", "--", "--", "--", "--", "--", "*", "*", "停站"], ["辽宁省", "辽河流域", "<span data-toggle='tooltip' data-placement='right' title='所在地市:抚顺市&#10;所属河流:浑河'>大伙房水库</span>", null, "", "--", "--", "--", "--", "--", "--", "--", "--", "--", "--", "*", "停站"], ["辽宁省", "辽河流域", "<span data-toggle='tooltip' data-placement='right' title='所在地市:丹东市&#10;所属河流:鸭绿江'>江桥</span>", "06-29 08:00", "Ⅰ", "<span data-toggle='tooltip' data-placement='right' title='原始值：17.8'>17.8</span>", "<span data-toggle='tooltip' data-placement='right' title='原始值：6.81999'>6.82</span>", "<span data-toggle='tooltip' data-placement='right' title='原始值：8.86985'>8.87</span>", "<span data-toggle='tooltip' data-placement='right' title='原始值：146'>146.0</span>", "<span data-toggle='tooltip' data-placement='right' title='原始值：1.99883'>2.0</span>", "<span data-toggle='tooltip' data-placement='right' title='原始值：1.35'>1.35</span>", "<span data-toggle='tooltip' data-placement='right' title='原始值：0.002'>0.002</span>", "<span data-toggle='tooltip' data-placement='right' title='原始值：0.01819'>0.018</span>", "<span data-toggle='tooltip' data-placement='right' title='原始值：2.50849'>2.51</span>", "*", "*", "正常"], ["辽宁省", "辽河流域", "<span data-toggle='tooltip' data-placement='right' title='所在地市:营口市&#10;所属河流:大辽河'>辽河公园</span>", "06-29 08:00", "Ⅳ", "<span data-toggle='tooltip' data-placement='right' title='原始值：23.18567'>23.2</span>", "<span data-toggle='tooltip' data-placement='right' title='原始值：6.19995'>6.20</span>", "<span data-toggle='tooltip' data-placement='right' title='原始值：7.86704'>7.87</span>", "<span data-toggle='tooltip' data-placement='right' title='原始值：32959.12'>32959.1</span>", "<span data-toggle='tooltip' data-placement='right' title='原始值：216.1731'>216.2</span>", "<span data-toggle='tooltip' data-placement='right' title='原始值：6.00535'>6.01</span>", "<span data-toggle='tooltip' data-placement='right' title='原始值：0.12254'>0.123</span>", "<span data-toggle='tooltip' data-placement='right' title='原始值：0.20287'>0.203</span>", "<span data-toggle='tooltip' data-placement='right' title='原始值：3.92221'>3.92</span>", "*", "*", "正常"], ["辽宁省", "辽河流域", "<span data-toggle='tooltip' data-placement='right' title='所在地市:辽阳市&#10;所属河流:太子河'>汤河水库</span>", "06-29 08:00", "Ⅴ", "<span data-toggle='tooltip' data-placement='right' title='原始值：16.8'>16.8</span>", "<span data-toggle='tooltip' data-placement='right' title='原始值：7.61'>7.61</span>", "<span data-toggle='tooltip' data-placement='right' title='原始值：2.38'>2.38</span>", "<span data-toggle='tooltip' data-placement='right' title='原始值：504.0039'>504.0</span>", "<span data-toggle='tooltip' data-placement='right' title='原始值：66.23509'>66.2</span>", "<span data-toggle='tooltip' data-placement='right' title='原始值：0.85'>0.85</span>", "<span data-toggle='tooltip' data-placement='right' title='原始值：0.06806'>0.068</span>", "<span data-toggle='tooltip' data-placement='right' title='原始值：0.00577'>0.006</span>", "<span data-toggle='tooltip' data-placement='right' title='原始值：1.92428'>1.92</span>", "*", "*", "正常"], ["辽宁省", "辽河流域", "<span data-toggle='tooltip' data-placement='right' title='所在地市:盘锦市&#10;所属河流:辽河'>盘锦兴安(兴安)</span>", "06-29 08:00", "", "<span data-toggle='tooltip' data-placement='right' title='原始值：25.11853'>25.1</span>", "<span data-toggle='tooltip' data-placement='right' title='原始值：6.84759'>6.85</span>", "<span data-toggle='tooltip' data-placement='right' title='原始值：5.6195'>5.62</span>", "<span data-toggle='tooltip' data-placement='right' title='原始值：3677.642'>3677.6</span>", "<span data-toggle='tooltip' data-placement='right' title='原始值：143.7552'>143.8</span>", "<span data-toggle='tooltip' data-placement='right' title='原始值：2.99061'>2.99</span>", "<span data-toggle='tooltip' data-placement='right' title='原始值：0.15'>0.150</span>", "<span data-toggle='tooltip' data-placement='right' title='极值过滤'>--</span>", "<span data-toggle='tooltip' data-placement='right' title='原始值：1.78028'>1.78</span>", "*", "*", "维护"], ["辽宁省", "辽河流域", "<span data-toggle='tooltip' data-placement='right' title='所在地市:铁岭市&#10;所属河流:辽河'>珠尔山</span>", "06-29 08:00", "Ⅳ", "<span data-toggle='tooltip' data-placement='right' title='原始值：24.7643'>24.8</span>", "<span data-toggle='tooltip' data-placement='right' title='原始值：7.40438'>7.40</span>", "<span data-toggle='tooltip' data-placement='right' title='原始值：5.68988'>5.69</span>", "<span data-toggle='tooltip' data-placement='right' title='原始值：435.5545'>435.6</span>", "<span data-toggle='tooltip' data-placement='right' title='原始值：317.7928'>317.8</span>", "<span data-toggle='tooltip' data-placement='right' title='原始值：3.91807'>3.92</span>", "<span data-toggle='tooltip' data-placement='right' title='原始值：0.2'>0.200</span>", "<span data-toggle='tooltip' data-placement='right' title='原始值：0.28801'>0.288</span>", "<span data-toggle='tooltip' data-placement='right' title='原始值：0.92994'>0.93</span>", "*", "*", "正常"], ["吉林省", "松花江流域", "<span data-toggle='tooltip' data-placement='right' title='所在地市:长春市&#10;所属河流:松花江'>松花江村</span>", "06-29 08:00", "Ⅴ", "<span data-toggle='tooltip' data-placement='right' title='原始值：20.79676'>20.8</span>", "<span data-toggle='tooltip' data-placement='right' title='原始值：7.64819'>7.65</span>", "<span data-toggle='tooltip' data-placement='right' title='原始值：2.39697'>2.40</span>", "<span data-toggle='tooltip' data-placement='right' title='原始值：239.0478'>239.0</span>", "<span data-toggle='tooltip' data-placement='right' title='原始值：81.28688'>81.3</span>", "<span data-toggle='tooltip' data-placement='right' title='原始值：1.38929'>1.39</span>", "<span data-toggle='tooltip' data-placement='right' title='原始值：0.01'>0.010</span>", "<span data-toggle='tooltip' data-placement='right' title='原始值：0.19089'>0.191</span>", "<span data-toggle='tooltip' data-placement='right' title='原始值：3.42851'>3.43</span>", "*", "*", "正常"], ["吉林省", "松花江流域", "<span data-toggle='tooltip' data-placement='right' title='所在地市:白城市&#10;所属河流:嫩江'>白沙滩</span>", "06-29 08:00", "Ⅲ", "<span data-toggle='tooltip' data-placement='right' title='原始值：23.62265'>23.6</span>", "<span data-toggle='tooltip' data-placement='right' title='原始值：7.33893'>7.34</span>", "<span data-toggle='tooltip' data-placement='right' title='原始值：8.27988'>8.28</span>", "<span data-toggle='tooltip' data-placement='right' title='原始值：256.0646'>256.1</span>", "<span data-toggle='tooltip' data-placement='right' title='原始值：119.6319'>119.6</span>", "<span data-toggle='tooltip' data-placement='right' title='原始值：4.54'>4.54</span>", "<span data-toggle='tooltip' data-placement='right' title='原始值：0.2'>0.200</span>", "<span data-toggle='tooltip' data-placement='right' title='原始值：0.0943'>0.094</span>", "<span data-toggle='tooltip' data-placement='right' title='原始值：2.07239'>2.07</span>", "*", "*", "正常"], ["吉林省", "松花江流域", "<span data-toggle='tooltip' data-placement='right' title='所在地市:延边朝鲜族自治州&#10;所属河流:图们江'>圈河</span>", "06-29 08:00", "Ⅴ", "<span data-toggle='tooltip' data-placement='right' title='原始值：20.89375'>20.9</span>", "<span data-toggle='tooltip' data-placement='right' title='原始值：7.57'>7.57</span>", "<span data-toggle='tooltip' data-placement='right' title='原始值：4.85'>4.85</span>", "<span data-toggle='tooltip' data-placement='right' title='原始值：204'>204.0</span>", "<span data-toggle='tooltip' data-placement='right' title='原始值：25'>25.0</span>", "<span data-toggle='tooltip' data-placement='right' title='原始值：10.1'>10.10</span>", "<span data-toggle='tooltip' data-placement='right' title='原始值：0.30158'>0.302</span>", "<span data-toggle='tooltip' data-placement='right' title='原始值：0.17306'>0.173</span>", "<span data-toggle='tooltip' data-placement='right' title='原始值：4.06187'>4.06</span>", "*", "*", "正常"], ["黑龙江省", "松花江流域", "<span data-toggle='tooltip' data-placement='right' title='所在地市:大庆市&#10;所属河流:松花江'>肇源</span>", null, "", "--", "--", "--", "--", "--", "--", "--", "--", "--", "*", "*", "停站"], ["黑龙江省", "松花江流域", "<span data-toggle='tooltip' data-placement='right' title='所在地市:佳木斯市&#10;所属河流:乌苏里江'>乌苏镇</span>", null, "", "--", "--", "--", "--", "--", "--", "--", "--", "--", "*", "*", "停站"], ["黑龙江省", "松花江流域", "<span data-toggle='tooltip' data-placement='right' title='所在地市:佳木斯市&#10;所属河流:松花江'>同江</span>", null, "", "--", "--", "--", "--", "--", "--", "--", "--", "--", "*", "*", "停站"], ["黑龙江省", "松花江流域", "<span data-toggle='tooltip' data-placement='right' title='所在地市:黑河市&#10;所属河流:黑龙江'>黑河下(黑河)</span>", null, "", "--", "--", "--", "--", "--", "--", "--", "--", "--", "*", "*", "停站"], ["上海市", "长江流域", "<span data-toggle='tooltip' data-placement='right' title='所在地市:青浦区&#10;所属河流:淀山湖'>急水港桥</span>", "06-29 08:00", "Ⅳ", "<span data-toggle='tooltip' data-placement='right' title='原始值：27'>27.0</span>", "<span data-toggle='tooltip' data-placement='right' title='原始值：7.03'>7.03</span>", "<span data-toggle='tooltip' data-placement='right' title='原始值：3.16'>3.16</span>", "<span data-toggle='tooltip' data-placement='right' title='原始值：584'>584.0</span>", "<span data-toggle='tooltip' data-placement='right' title='原始值：181.1'>181.1</span>", "<span data-toggle='tooltip' data-placement='right' title='原始值：3.96875'>3.97</span>", "<span data-toggle='tooltip' data-placement='right' title='原始值：0.28805'>0.288</span>", "<span data-toggle='tooltip' data-placement='right' title='原始值：0.08154'>0.082</span>", "<span data-toggle='tooltip' data-placement='right' title='原始值：3.40627'>3.41</span>", "<span data-toggle='tooltip' data-placement='right' title='原始值：0.0039'>0.004</span>", "<span data-toggle='tooltip' data-placement='right' title='原始值：4931172'>4931172</span>", "正常"], ["江苏省", "长江流域", "<span data-toggle='tooltip' data-placement='right' title='所在地市:南京市&#10;所属河流:长江'>林山</span>", "06-29 08:00", "Ⅳ", "<span data-toggle='tooltip' data-placement='right' title='原始值：26.3163'>26.3</span>", "<span data-toggle='tooltip' data-placement='right' title='原始值：7.41428'>7.41</span>", "<span data-toggle='tooltip' data-placement='right' title='原始值：4.77253'>4.77</span>", "<span data-toggle='tooltip' data-placement='right' title='原始值：313.668'>313.7</span>", "<span data-toggle='tooltip' data-placement='right' title='原始值：141.865'>141.9</span>", "<span data-toggle='tooltip' data-placement='right' title='原始值：7.1'>7.10</span>", "<span data-toggle='tooltip' data-placement='right' title='原始值：0.147'>0.147</span>", "*", "*", "*", "*", "正常"], ["江苏省", "太湖流域", "<span data-toggle='tooltip' data-placement='right' title='所在地市:无锡市&#10;所属河流:太湖'>沙渚</span>", "06-29 08:00", "Ⅳ", "<span data-toggle='tooltip' data-placement='right' title='原始值：24.82106'>24.8</span>", "<span data-toggle='tooltip' data-placement='right' title='原始值：8.096104'>8.10</span>", "<span data-toggle='tooltip' data-placement='right' title='原始值：7.162343'>7.16</span>", "<span data-toggle='tooltip' data-placement='right' title='原始值：420.0911'>420.1</span>", "<span data-toggle='tooltip' data-placement='right' title='原始值：99.26654'>99.3</span>", "<span data-toggle='tooltip' data-placement='right' title='原始值：6.39'>6.39</span>", "<span data-toggle='tooltip' data-placement='right' title='原始值：0.12'>0.120</span>", "<span data-toggle='tooltip' data-placement='right' title='原始值：0.096'>0.096</span>", "<span data-toggle='tooltip' data-placement='right' title='原始值：1.777'>1.78</span>", "*", "*", "正常"], ["江苏省", "淮河流域", "<span data-toggle='tooltip' data-placement='right' title='所在地市:徐州市&#10;所属河流:武河'>小红圈</span>", "06-29 08:00", "", "<span data-toggle='tooltip' data-placement='right' title='原始值：26.5'>26.5</span>", "<span data-toggle='tooltip' data-placement='right' title='原始值：8.57'>8.57</span>", "<span data-toggle='tooltip' data-placement='right' title='原始值：6.27'>6.27</span>", "<span data-toggle='tooltip' data-placement='right' title='原始值：558.2'>558.2</span>", "<span data-toggle='tooltip' data-placement='right' title='原始值：103.01'>103.0</span>", "<span data-toggle='tooltip' data-placement='right' title='原始值：4.04'>4.04</span>", "<span data-toggle='tooltip' data-placement='right' title='原始值：0.12'>0.120</span>", "--", "--", "*", "*", "维护"], ["江苏省", "淮河流域", "<span data-toggle='tooltip' data-placement='right' title='所在地市:徐州市&#10;所属河流:沿河'>李集桥</span>", "06-29 08:00", "", "<span data-toggle='tooltip' data-placement='right' title='原始值：26.5'>26.5</span>", "<span data-toggle='tooltip' data-placement='right' title='原始值：7.45'>7.45</span>", "<span data-toggle='tooltip' data-placement='right' title='原始值：4.44'>4.44</span>", "<span data-toggle='tooltip' data-placement='right' title='原始值：969.5'>969.5</span>", "<span data-toggle='tooltip' data-placement='right' title='原始值：124.35'>124.4</span>", "<span data-toggle='tooltip' data-placement='right' title='原始值：4.19'>4.19</span>", "<span data-toggle='tooltip' data-placement='right' title='原始值：0.299'>0.299</span>", "<span data-toggle='tooltip' data-placement='right' title='极值过滤'>--</span>", "<span data-toggle='tooltip' data-placement='right' title='原始值：1.202'>1.20</span>", "*", "*", "维护"], ["江苏省", "淮河流域", "<span data-toggle='tooltip' data-placement='right' title='所在地市:徐州市&#10;所属河流:邳苍分洪道'>艾山西大桥</span>", "06-29 08:00", "Ⅱ", "<span data-toggle='tooltip' data-placement='right' title='原始值：26.4091'>26.4</span>", "<span data-toggle='tooltip' data-placement='right' title='原始值：7.74171'>7.74</span>", "<span data-toggle='tooltip' data-placement='right' title='原始值：7.96345'>7.96</span>", "<span data-toggle='tooltip' data-placement='right' title='原始值：408.407'>408.4</span>", "<span data-toggle='tooltip' data-placement='right' title='原始值：28.8'>28.8</span>", "<span data-toggle='tooltip' data-placement='right' title='原始值：3.62'>3.62</span>", "<span data-toggle='tooltip' data-placement='right' title='原始值：0.17'>0.170</span>", "<span data-toggle='tooltip' data-placement='right' title='原始值：0.04884'>0.049</span>", "<span data-toggle='tooltip' data-placement='right' title='原始值：1.81878'>1.82</span>", "*", "*", "正常"], ["江苏省", "太湖流域", "<span data-toggle='tooltip' data-placement='right' title='所在地市:苏州市&#10;所属河流:太湖'>兰山嘴(老)</span>", "06-29 08:00", "Ⅳ", "<span data-toggle='tooltip' data-placement='right' title='原始值：26.97246'>27.0</span>", "<span data-toggle='tooltip' data-placement='right' title='原始值：6.92244'>6.92</span>", "<span data-toggle='tooltip' data-placement='right' title='原始值：4.30399'>4.30</span>", "<span data-toggle='tooltip' data-placement='right' title='原始值：349.9063'>349.9</span>", "<span data-toggle='tooltip' data-placement='right' title='原始值：64.07542'>64.1</span>", "<span data-toggle='tooltip' data-placement='right' title='原始值：3.83'>3.83</span>", "<span data-toggle='tooltip' data-placement='right' title='原始值：0.41'>0.410</span>", "<span data-toggle='tooltip' data-placement='right' title='原始值：0.1242'>0.124</span>", "<span data-toggle='tooltip' data-placement='right' title='原始值：4.03285'>4.03</span>", "*", "*", "正常"], ["江苏省", "太湖流域", "<span data-toggle='tooltip' data-placement='right' title='所在地市:苏州市&#10;所属河流:太湖'>西山</span>", null, "", "--", "--", "--", "--", "--", "--", "--", "--", "--", "*", "*", "维护"], ["江苏省", "淮河流域", "<span data-toggle='tooltip' data-placement='right' title='所在地市:连云港市&#10;所属河流:新沭河'>大兴桥</span>", "06-29 08:00", "Ⅲ", "<span data-toggle='tooltip' data-placement='right' title='原始值：27.6'>27.6</span>", "<span data-toggle='tooltip' data-placement='right' title='原始值：7.3'>7.30</span>", "<span data-toggle='tooltip' data-placement='right' title='原始值：5.07'>5.07</span>", "<span data-toggle='tooltip' data-placement='right' title='原始值：1392'>1392.0</span>", "<span data-toggle='tooltip' data-placement='right' title='原始值：614.52'>614.5</span>", "<span data-toggle='tooltip' data-placement='right' title='原始值：4.88'>4.88</span>", "<span data-toggle='tooltip' data-placement='right' title='原始值：0.23'>0.230</span>", "*", "*", "*", "*", "正常"], ["江苏省", "淮河流域", "<span data-toggle='tooltip' data-placement='right' title='所在地市:淮安市&#10;所属河流:淮河'>淮河大桥</span>", "06-29 08:00", "", "<span data-toggle='tooltip' data-placement='right' title='原始值：25.05534'>25.1</span>", "<span data-toggle='tooltip' data-placement='right' title='原始值：7.53383'>7.53</span>", "<span data-toggle='tooltip' data-placement='right' title='原始值：3.92788'>3.93</span>", "<span data-toggle='tooltip' data-placement='right' title='原始值：250.5694'>250.6</span>", "<span data-toggle='tooltip' data-placement='right' title='原始值：202.9012'>202.9</span>", "<span data-toggle='tooltip' data-placement='right' title='原始值：4.62'>4.62</span>", "<span data-toggle='tooltip' data-placement='right' title='原始值：0.33'>0.330</span>", "<span data-toggle='tooltip' data-placement='right' title='极值过滤'>--</span>", "<span data-toggle='tooltip' data-placement='right' title='极值过滤'>--</span>", "*", "*", "维护"], ["江苏省", "长江流域", "<span data-toggle='tooltip' data-placement='right' title='所在地市:扬州市&#10;所属河流:夹江'>三江营</span>", null, "", "--", "--", "--", "--", "--", "--", "--", "--", "--", "*", "*", "停站"], ["江苏省", "淮河流域", "<span data-toggle='tooltip' data-placement='right' title='所在地市:宿迁市&#10;所属河流:新濉河'>大屈</span>", "06-29 08:00", "Ⅳ", "<span data-toggle='tooltip' data-placement='right' title='原始值：24.9'>24.9</span>", "<span data-toggle='tooltip' data-placement='right' title='原始值：7.1'>7.10</span>", "<span data-toggle='tooltip' data-placement='right' title='原始值：5.42'>5.42</span>", "<span data-toggle='tooltip' data-placement='right' title='原始值：579.7'>579.7</span>", "<span data-toggle='tooltip' data-placement='right' title='原始值：41.42'>41.4</span>", "<span data-toggle='tooltip' data-placement='right' title='原始值：8.68'>8.68</span>", "<span data-toggle='tooltip' data-placement='right' title='原始值：0.05'>0.050</span>", "<span data-toggle='tooltip' data-placement='right' title='原始值：0.055'>0.055</span>", "<span data-toggle='tooltip' data-placement='right' title='原始值：4.152'>4.15</span>", "*", "*", "正常"], ["浙江省", "浙闽片河流", "<span data-toggle='tooltip' data-placement='right' title='所在地市:杭州市&#10;所属河流:新安江'>街口(鸠坑口)</span>", null, "", "--", "--", "--", "--", "--", "--", "--", "--", "--", "*", "*", "停站"], ["浙江省", "太湖流域", "<span data-toggle='tooltip' data-placement='right' title='所在地市:嘉兴市&#10;所属河流:斜路港河'>斜路港</span>", "06-29 08:00", "Ⅴ", "<span data-toggle='tooltip' data-placement='right' title='原始值：27'>27.0</span>", "<span data-toggle='tooltip' data-placement='right' title='原始值：7.19'>7.19</span>", "<span data-toggle='tooltip' data-placement='right' title='原始值：2.59'>2.59</span>", "<span data-toggle='tooltip' data-placement='right' title='原始值：523'>523.0</span>", "<span data-toggle='tooltip' data-placement='right' title='原始值：17.8'>17.8</span>", "<span data-toggle='tooltip' data-placement='right' title='原始值：2.85'>2.85</span>", "<span data-toggle='tooltip' data-placement='right' title='原始值：0.0221'>0.022</span>", "<span data-toggle='tooltip' data-placement='right' title='原始值：0.22591'>0.226</span>", "<span data-toggle='tooltip' data-placement='right' title='原始值：3.09758'>3.10</span>", "*", "*", "正常"], ["浙江省", "太湖流域", "<span data-toggle='tooltip' data-placement='right' title='所在地市:嘉兴市&#10;所属河流:京杭运河'>王江泾</span>", null, "", "--", "--", "--", "--", "--", "--", "--", "--", "--", "*", "*", "停站"], ["浙江省", "太湖流域", "<span data-toggle='tooltip' data-placement='right' title='所在地市:湖州市&#10;所属河流:西苕溪'>新港口(新塘港)</span>", "06-29 08:00", "Ⅱ", "<span data-toggle='tooltip' data-placement='right' title='原始值：25.4775'>25.5</span>", "<span data-toggle='tooltip' data-placement='right' title='原始值：6.91245'>6.91</span>", "<span data-toggle='tooltip' data-placement='right' title='原始值：7.64185'>7.64</span>", "<span data-toggle='tooltip' data-placement='right' title='原始值：193.295'>193.3</span>", "<span data-toggle='tooltip' data-placement='right' title='原始值：71.3836'>71.4</span>", "<span data-toggle='tooltip' data-placement='right' title='原始值：2.85239'>2.85</span>", "<span data-toggle='tooltip' data-placement='right' title='原始值：0.15839'>0.158</span>", "<span data-toggle='tooltip' data-placement='right' title='原始值：0.0745'>0.074</span>", "<span data-toggle='tooltip' data-placement='right' title='原始值：2.98924'>2.99</span>", "*", "*", "正常"], ["安徽省", "巢湖流域", "<span data-toggle='tooltip' data-placement='right' title='所在地市:合肥市&#10;所属河流:巢湖'>湖滨(老)</span>", "06-29 08:00", "Ⅳ", "<span data-toggle='tooltip' data-placement='right' title='原始值：28.37541'>28.4</span>", "<span data-toggle='tooltip' data-placement='right' title='原始值：6.3187'>6.32</span>", "<span data-toggle='tooltip' data-placement='right' title='原始值：4.44223'>4.44</span>", "<span data-toggle='tooltip' data-placement='right' title='原始值：374.862'>374.9</span>", "<span data-toggle='tooltip' data-placement='right' title='原始值：310.8328'>310.8</span>", "<span data-toggle='tooltip' data-placement='right' title='原始值：6.53'>6.53</span>", "<span data-toggle='tooltip' data-placement='right' title='原始值：0.24'>0.240</span>", "<span data-toggle='tooltip' data-placement='right' title='原始值：0.0401'>0.040</span>", "<span data-toggle='tooltip' data-placement='right' title='原始值：2.101'>2.10</span>", "<span data-toggle='tooltip' data-placement='right' title='原始值：0.01309'>0.013</span>", "*", "正常"], ["安徽省", "巢湖流域", "<span data-toggle='tooltip' data-placement='right' title='所在地市:芜湖市&#10;所属河流:巢湖'>裕溪口(老)</span>", "06-29 08:00", "劣Ⅴ", "<span data-toggle='tooltip' data-placement='right' title='原始值：26.54265'>26.5</span>", "<span data-toggle='tooltip' data-placement='right' title='原始值：7.67796'>7.68</span>", "<span data-toggle='tooltip' data-placement='right' title='原始值：7.44936'>7.45</span>", "<span data-toggle='tooltip' data-placement='right' title='原始值：374.4977'>374.5</span>", "<span data-toggle='tooltip' data-placement='right' title='原始值：227.3943'>227.4</span>", "<span data-toggle='tooltip' data-placement='right' title='原始值：6.85'>6.85</span>", "<span data-toggle='tooltip' data-placement='right' title='原始值：0.18'>0.180</span>", "<span data-toggle='tooltip' data-placement='right' title='原始值：0.2606'>0.261</span>", "<span data-toggle='tooltip' data-placement='right' title='原始值：5.993'>5.99</span>", "*", "*", "正常"], ["安徽省", "淮河流域", "<span data-toggle='tooltip' data-placement='right' title='所在地市:蚌埠市&#10;所属河流:淮河'>蚌埠闸上(蚌埠闸)</span>", null, "", "--", "--", "--", "--", "--", "--", "--", "--", "--", "*", "*", "停站"], ["安徽省", "淮河流域", "<span data-toggle='tooltip' data-placement='right' title='所在地市:淮南市&#10;所属河流:淮河'>石头埠(老)</span>", "06-29 08:00", "Ⅳ", "<span data-toggle='tooltip' data-placement='right' title='原始值：25.08286'>25.1</span>", "<span data-toggle='tooltip' data-placement='right' title='原始值：7.27104'>7.27</span>", "<span data-toggle='tooltip' data-placement='right' title='原始值：4.65338'>4.65</span>", "<span data-toggle='tooltip' data-placement='right' title='原始值：260.1537'>260.2</span>", "<span data-toggle='tooltip' data-placement='right' title='原始值：144.434'>144.4</span>", "<span data-toggle='tooltip' data-placement='right' title='原始值：6.22'>6.22</span>", "<span data-toggle='tooltip' data-placement='right' title='原始值：0.17'>0.170</span>", "*", "*", "*", "*", "正常"], ["安徽省", "淮河流域", "<span data-toggle='tooltip' data-placement='right' title='所在地市:淮北市&#10;所属河流:沱河'>小王桥</span>", "06-29 08:00", "", "<span data-toggle='tooltip' data-placement='right' title='原始值：25.4'>25.4</span>", "<span data-toggle='tooltip' data-placement='right' title='原始值：7.96'>7.96</span>", "<span data-toggle='tooltip' data-placement='right' title='原始值：3.32'>3.32</span>", "<span data-toggle='tooltip' data-placement='right' title='原始值：1930.91'>1930.9</span>", "<span data-toggle='tooltip' data-placement='right' title='原始值：55.4'>55.4</span>", "<span data-toggle='tooltip' data-placement='right' title='原始值：5.709'>5.71</span>", "<span data-toggle='tooltip' data-placement='right' title='原始值：0.258'>0.258</span>", "<span data-toggle='tooltip' data-placement='right' title='极值过滤'>--</span>", "<span data-toggle='tooltip' data-placement='right' title='极值过滤'>--</span>", "*", "*", "维护"], ["安徽省", "长江流域", "<span data-toggle='tooltip' data-placement='right' title='所在地市:安庆市&#10;所属河流:长江'>皖河口</span>", null, "", "--", "--", "--", "--", "--", "--", "--", "--", "--", "*", "*", "停站"], ["安徽省", "淮河流域", "<span data-toggle='tooltip' data-placement='right' title='所在地市:滁州市&#10;所属河流:淮河'>小柳巷</span>", "06-29 08:00", "Ⅳ", "<span data-toggle='tooltip' data-placement='right' title='原始值：26'>26.0</span>", "<span data-toggle='tooltip' data-placement='right' title='原始值：7.01'>7.01</span>", "<span data-toggle='tooltip' data-placement='right' title='原始值：5.75'>5.75</span>", "<span data-toggle='tooltip' data-placement='right' title='原始值：183'>183.0</span>", "<span data-toggle='tooltip' data-placement='right' title='原始值：206.53'>206.5</span>", "<span data-toggle='tooltip' data-placement='right' title='原始值：3.23'>3.23</span>", "<span data-toggle='tooltip' data-placement='right' title='原始值：0.06'>0.060</span>", "<span data-toggle='tooltip' data-placement='right' title='原始值：0.267'>0.267</span>", "<span data-toggle='tooltip' data-placement='right' title='原始值：1.884'>1.88</span>", "*", "*", "正常"], ["安徽省", "淮河流域", "<span data-toggle='tooltip' data-placement='right' title='所在地市:阜阳市&#10;所属河流:黑茨河'>张大桥</span>", "06-29 08:00", "Ⅲ", "<span data-toggle='tooltip' data-placement='right' title='原始值：25.9'>25.9</span>", "<span data-toggle='tooltip' data-placement='right' title='原始值：7.81'>7.81</span>", "<span data-toggle='tooltip' data-placement='right' title='原始值：7.27'>7.27</span>", "<span data-toggle='tooltip' data-placement='right' title='原始值：1977.7'>1977.7</span>", "<span data-toggle='tooltip' data-placement='right' title='原始值：115.03'>115.0</span>", "<span data-toggle='tooltip' data-placement='right' title='原始值：0.96'>0.96</span>", "<span data-toggle='tooltip' data-placement='right' title='原始值：0.39'>0.390</span>", "<span data-toggle='tooltip' data-placement='right' title='原始值：0.189'>0.189</span>", "<span data-toggle='tooltip' data-placement='right' title='原始值：5'>5.00</span>", "*", "*", "正常"], ["安徽省", "淮河流域", "<span data-toggle='tooltip' data-placement='right' title='所在地市:阜阳市&#10;所属河流:淮河'>王家坝</span>", "06-29 08:00", "劣Ⅴ", "<span data-toggle='tooltip' data-placement='right' title='原始值：26.31'>26.3</span>", "<span data-toggle='tooltip' data-placement='right' title='原始值：7.07699'>7.08</span>", "<span data-toggle='tooltip' data-placement='right' title='原始值：6.20992'>6.21</span>", "<span data-toggle='tooltip' data-placement='right' title='原始值：261.4429'>261.4</span>", "<span data-toggle='tooltip' data-placement='right' title='原始值：91.7189'>91.7</span>", "<span data-toggle='tooltip' data-placement='right' title='原始值：4.07'>4.07</span>", "<span data-toggle='tooltip' data-placement='right' title='原始值：0.215'>0.215</span>", "<span data-toggle='tooltip' data-placement='right' title='原始值：0.40698'>0.407</span>", "<span data-toggle='tooltip' data-placement='right' title='原始值：1.794'>1.79</span>", "*", "*", "正常"], ["安徽省", "淮河流域", "<span data-toggle='tooltip' data-placement='right' title='所在地市:阜阳市&#10;所属河流:颍河'>界首七渡口(七渡口)</span>", null, "", "--", "--", "--", "--", "--", "--", "--", "--", "--", "*", "*", "维护"], ["安徽省", "淮河流域", "<span data-toggle='tooltip' data-placement='right' title='所在地市:阜阳市&#10;所属河流:泉河'>许庄(徐庄)</span>", "06-29 08:00", "Ⅲ", "<span data-toggle='tooltip' data-placement='right' title='原始值：24.1'>24.1</span>", "<span data-toggle='tooltip' data-placement='right' title='原始值：7.4'>7.40</span>", "<span data-toggle='tooltip' data-placement='right' title='原始值：6.19'>6.19</span>", "<span data-toggle='tooltip' data-placement='right' title='原始值：986.4'>986.4</span>", "<span data-toggle='tooltip' data-placement='right' title='原始值：204.66'>204.7</span>", "<span data-toggle='tooltip' data-placement='right' title='原始值：3.42'>3.42</span>", "<span data-toggle='tooltip' data-placement='right' title='原始值：0.03'>0.030</span>", "<span data-toggle='tooltip' data-placement='right' title='原始值：0.151'>0.151</span>", "<span data-toggle='tooltip' data-placement='right' title='原始值：1.353'>1.35</span>", "*", "*", "正常"], ["安徽省", "淮河流域", "<span data-toggle='tooltip' data-placement='right' title='所在地市:宿州市&#10;所属河流:奎河'>杨庄</span>", "06-29 08:00", "Ⅴ", "<span data-toggle='tooltip' data-placement='right' title='原始值：25.31'>25.3</span>", "<span data-toggle='tooltip' data-placement='right' title='原始值：7.44'>7.44</span>", "<span data-toggle='tooltip' data-placement='right' title='原始值：3.3'>3.30</span>", "<span data-toggle='tooltip' data-placement='right' title='原始值：606.5'>606.5</span>", "<span data-toggle='tooltip' data-placement='right' title='原始值：423.18'>423.2</span>", "<span data-toggle='tooltip' data-placement='right' title='原始值：6.38'>6.38</span>", "<span data-toggle='tooltip' data-placement='right' title='原始值：1.82'>1.820</span>", "*", "*", "*", "*", "正常"], ["安徽省", "淮河流域", "<span data-toggle='tooltip' data-placement='right' title='所在地市:宿州市&#10;所属河流:新汴河'>泗县公路桥</span>", "06-29 08:00", "Ⅱ", "<span data-toggle='tooltip' data-placement='right' title='原始值：26.2'>26.2</span>", "<span data-toggle='tooltip' data-placement='right' title='原始值：8.48'>8.48</span>", "<span data-toggle='tooltip' data-placement='right' title='原始值：8.04'>8.04</span>", "<span data-toggle='tooltip' data-placement='right' title='原始值：1212.7'>1212.7</span>", "<span data-toggle='tooltip' data-placement='right' title='原始值：156.51'>156.5</span>", "<span data-toggle='tooltip' data-placement='right' title='原始值：2.75'>2.75</span>", "<span data-toggle='tooltip' data-placement='right' title='原始值：0.1'>0.100</span>", "*", "*", "*", "*", "正常"], ["安徽省", "淮河流域", "<span data-toggle='tooltip' data-placement='right' title='所在地市:亳州市&#10;所属河流:包河'>颜集</span>", "06-29 08:00", "", "<span data-toggle='tooltip' data-placement='right' title='原始值：24.4'>24.4</span>", "<span data-toggle='tooltip' data-placement='right' title='原始值：7.49'>7.49</span>", "<span data-toggle='tooltip' data-placement='right' title='原始值：6.29'>6.29</span>", "<span data-toggle='tooltip' data-placement='right' title='原始值：1251'>1251.0</span>", "<span data-toggle='tooltip' data-placement='right' title='原始值：160.34'>160.3</span>", "<span data-toggle='tooltip' data-placement='right' title='原始值：3.83'>3.83</span>", "<span data-toggle='tooltip' data-placement='right' title='原始值：0.15'>0.150</span>", "<span data-toggle='tooltip' data-placement='right' title='极值过滤'>--</span>", "<span data-toggle='tooltip' data-placement='right' title='原始值：4.972'>4.97</span>", "*", "*", "维护"], ["福建省", "浙闽片河流", "<span data-toggle='tooltip' data-placement='right' title='所在地市:福州市&#10;所属河流:闽江'>白岩潭</span>", "06-29 08:00", "", "<span data-toggle='tooltip' data-placement='right' title='原始值：29.01'>29.0</span>", "<span data-toggle='tooltip' data-placement='right' title='原始值：6.61'>6.61</span>", "<span data-toggle='tooltip' data-placement='right' title='原始值：6.93'>6.93</span>", "<span data-toggle='tooltip' data-placement='right' title='原始值：236.8'>236.8</span>", "<span data-toggle='tooltip' data-placement='right' title='原始值：56.26'>56.3</span>", "<span data-toggle='tooltip' data-placement='right' title='极值过滤'>--</span>", "<span data-toggle='tooltip' data-placement='right' title='原始值：0.39'>0.390</span>", "*", "*", "*", "*", "维护"], ["江西省", "长江流域", "<span data-toggle='tooltip' data-placement='right' title='所在地市:南昌市&#10;所属河流:赣江南支'>滁槎</span>", "06-29 08:00", "Ⅲ", "<span data-toggle='tooltip' data-placement='right' title='原始值：29.4835'>29.5</span>", "<span data-toggle='tooltip' data-placement='right' title='原始值：6.49877'>6.50</span>", "<span data-toggle='tooltip' data-placement='right' title='原始值：6.71732'>6.72</span>", "<span data-toggle='tooltip' data-placement='right' title='原始值：122.6337'>122.6</span>", "<span data-toggle='tooltip' data-placement='right' title='原始值：54.63484'>54.6</span>", "<span data-toggle='tooltip' data-placement='right' title='原始值：1.38'>1.38</span>", "<span data-toggle='tooltip' data-placement='right' title='原始值：0.16'>0.160</span>", "<span data-toggle='tooltip' data-placement='right' title='原始值：0.121'>0.121</span>", "<span data-toggle='tooltip' data-placement='right' title='原始值：1.6725'>1.67</span>", "*", "*", "正常"], ["江西省", "长江流域", "<span data-toggle='tooltip' data-placement='right' title='所在地市:九江市&#10;所属河流:长江'>姚港(河西水厂)</span>", null, "", "--", "--", "--", "--", "--", "--", "--", "--", "--", "*", "*", "停站"], ["江西省", "长江流域", "<span data-toggle='tooltip' data-placement='right' title='所在地市:九江市&#10;所属河流:鄱阳湖'>蛤蟆石</span>", null, "", "--", "--", "--", "--", "--", "--", "--", "--", "--", "--", "--", "停站"], ["山东省", "黄河流域", "<span data-toggle='tooltip' data-placement='right' title='所在地市:济南市&#10;所属河流:黄河'>泺口</span>", null, "", "--", "--", "--", "--", "--", "--", "--", "--", "--", "*", "*", "停站"], ["山东省", "淮河流域", "<span data-toggle='tooltip' data-placement='right' title='所在地市:枣庄市&#10;所属河流:京杭大运河（韩庄运河）'>台儿庄大桥</span>", "06-29 08:00", "Ⅱ", "<span data-toggle='tooltip' data-placement='right' title='原始值：25.41'>25.4</span>", "<span data-toggle='tooltip' data-placement='right' title='原始值：7.77062'>7.77</span>", "<span data-toggle='tooltip' data-placement='right' title='原始值：6.29867'>6.30</span>", "<span data-toggle='tooltip' data-placement='right' title='原始值：714.5977'>714.6</span>", "<span data-toggle='tooltip' data-placement='right' title='原始值：34.28318'>34.3</span>", "<span data-toggle='tooltip' data-placement='right' title='原始值：2.90025'>2.90</span>", "<span data-toggle='tooltip' data-placement='right' title='原始值：0.10291'>0.103</span>", "<span data-toggle='tooltip' data-placement='right' title='原始值：0.06455'>0.065</span>", "<span data-toggle='tooltip' data-placement='right' title='原始值：1.36697'>1.37</span>", "*", "*", "正常"], ["山东省", "淮河流域", "<span data-toggle='tooltip' data-placement='right' title='所在地市:临沂市&#10;所属河流:沭河'>清泉寺</span>", "06-29 08:00", "Ⅳ", "<span data-toggle='tooltip' data-placement='right' title='原始值：25.86795'>25.9</span>", "<span data-toggle='tooltip' data-placement='right' title='原始值：7.86851'>7.87</span>", "<span data-toggle='tooltip' data-placement='right' title='原始值：6.41363'>6.41</span>", "<span data-toggle='tooltip' data-placement='right' title='原始值：1276.533'>1276.5</span>", "<span data-toggle='tooltip' data-placement='right' title='原始值：80.2449'>80.2</span>", "<span data-toggle='tooltip' data-placement='right' title='原始值：7.98'>7.98</span>", "<span data-toggle='tooltip' data-placement='right' title='原始值：0.36'>0.360</span>", "*", "*", "*", "*", "正常"], ["山东省", "淮河流域", "<span data-toggle='tooltip' data-placement='right' title='所在地市:临沂市&#10;所属河流:沂河'>重坊桥</span>", "06-29 08:00", "Ⅱ", "<span data-toggle='tooltip' data-placement='right' title='原始值：25.18784'>25.2</span>", "<span data-toggle='tooltip' data-placement='right' title='原始值：7.26197'>7.26</span>", "<span data-toggle='tooltip' data-placement='right' title='原始值：6.38608'>6.39</span>", "<span data-toggle='tooltip' data-placement='right' title='原始值：726.9159'>726.9</span>", "<span data-toggle='tooltip' data-placement='right' title='原始值：11.39813'>11.4</span>", "<span data-toggle='tooltip' data-placement='right' title='原始值：3.76'>3.76</span>", "<span data-toggle='tooltip' data-placement='right' title='原始值：0.0979'>0.098</span>", "*", "*", "*", "*", "正常"], ["山东省", "淮河流域", "<span data-toggle='tooltip' data-placement='right' title='所在地市:临沂市&#10;所属河流:白马河'>捷庄(涝沟桥)</span>", "06-29 08:00", "Ⅳ", "<span data-toggle='tooltip' data-placement='right' title='原始值：26.4'>26.4</span>", "<span data-toggle='tooltip' data-placement='right' title='原始值：7.39992'>7.40</span>", "<span data-toggle='tooltip' data-placement='right' title='原始值：5.45896'>5.46</span>", "<span data-toggle='tooltip' data-placement='right' title='原始值：892.0151'>892.0</span>", "<span data-toggle='tooltip' data-placement='right' title='原始值：24.64917'>24.6</span>", "<span data-toggle='tooltip' data-placement='right' title='原始值：6.15'>6.15</span>", "<span data-toggle='tooltip' data-placement='right' title='原始值：0.06781'>0.068</span>", "<span data-toggle='tooltip' data-placement='right' title='原始值：0.14356'>0.144</span>", "<span data-toggle='tooltip' data-placement='right' title='原始值：2.49515'>2.50</span>", "*", "*", "正常"], ["山东省", "海河流域", "<span data-toggle='tooltip' data-placement='right' title='所在地市:聊城市&#10;所属河流:卫运河'>秤勾湾(秤钩湾)</span>", null, "", "--", "--", "--", "--", "--", "--", "--", "--", "--", "*", "*", "停站"], ["河南省", "长江流域", "<span data-toggle='tooltip' data-placement='right' title='所在地市:南阳市&#10;所属河流:丹江口水库'>陶岔</span>", "06-29 08:00", "Ⅱ", "<span data-toggle='tooltip' data-placement='right' title='原始值：25.48'>25.5</span>", "<span data-toggle='tooltip' data-placement='right' title='原始值：7.9589'>7.96</span>", "<span data-toggle='tooltip' data-placement='right' title='原始值：9.0977'>9.10</span>", "<span data-toggle='tooltip' data-placement='right' title='原始值：295.4942'>295.5</span>", "<span data-toggle='tooltip' data-placement='right' title='原始值：3.03086'>3.0</span>", "<span data-toggle='tooltip' data-placement='right' title='原始值：3.55'>3.55</span>", "<span data-toggle='tooltip' data-placement='right' title='原始值：0.00708'>0.007</span>", "<span data-toggle='tooltip' data-placement='right' title='原始值：0.01571'>0.016</span>", "<span data-toggle='tooltip' data-placement='right' title='原始值：0.9488'>0.95</span>", "<span data-toggle='tooltip' data-placement='right' title='原始值：0.02194'>0.022</span>", "<span data-toggle='tooltip' data-placement='right' title='原始值：258951.9'>258952</span>", "正常"], ["河南省", "淮河流域", "<span data-toggle='tooltip' data-placement='right' title='所在地市:商丘市&#10;所属河流:浍河'>黄口</span>", "06-29 08:00", "Ⅳ", "<span data-toggle='tooltip' data-placement='right' title='原始值：24.3'>24.3</span>", "<span data-toggle='tooltip' data-placement='right' title='原始值：7.61'>7.61</span>", "<span data-toggle='tooltip' data-placement='right' title='原始值：3.985'>3.98</span>", "<span data-toggle='tooltip' data-placement='right' title='原始值：2000.5'>2000.5</span>", "<span data-toggle='tooltip' data-placement='right' title='原始值：41.34771'>41.3</span>", "<span data-toggle='tooltip' data-placement='right' title='原始值：5.37'>5.37</span>", "<span data-toggle='tooltip' data-placement='right' title='原始值：0.05657'>0.057</span>", "<span data-toggle='tooltip' data-placement='right' title='原始值：0.1091'>0.109</span>", "<span data-toggle='tooltip' data-placement='right' title='原始值：1.30396'>1.30</span>", "*", "*", "正常"], ["河南省", "淮河流域", "<span data-toggle='tooltip' data-placement='right' title='所在地市:信阳市&#10;所属河流:史灌河'>蒋集</span>", "06-29 08:00", "Ⅳ", "<span data-toggle='tooltip' data-placement='right' title='原始值：27.59995'>27.6</span>", "<span data-toggle='tooltip' data-placement='right' title='原始值：6.58049'>6.58</span>", "<span data-toggle='tooltip' data-placement='right' title='原始值：4.32047'>4.32</span>", "<span data-toggle='tooltip' data-placement='right' title='原始值：174.0002'>174.0</span>", "<span data-toggle='tooltip' data-placement='right' title='原始值：407.9191'>407.9</span>", "<span data-toggle='tooltip' data-placement='right' title='原始值：3.78'>3.78</span>", "<span data-toggle='tooltip' data-placement='right' title='原始值：0.1902'>0.190</span>", "*", "*", "*", "*", "正常"], ["河南省", "淮河流域", "<span data-toggle='tooltip' data-placement='right' title='所在地市:信阳市&#10;所属河流:淮河'>淮滨水文站(淮滨)</span>", "06-29 08:00", "Ⅴ", "<span data-toggle='tooltip' data-placement='right' title='原始值：24.5'>24.5</span>", "<span data-toggle='tooltip' data-placement='right' title='原始值：6.67'>6.67</span>", "<span data-toggle='tooltip' data-placement='right' title='原始值：5.71001'>5.71</span>", "<span data-toggle='tooltip' data-placement='right' title='原始值：213'>213.0</span>", "<span data-toggle='tooltip' data-placement='right' title='原始值：528.9797'>529.0</span>", "<span data-toggle='tooltip' data-placement='right' title='原始值：5.63552'>5.64</span>", "<span data-toggle='tooltip' data-placement='right' title='原始值：0.18068'>0.181</span>", "<span data-toggle='tooltip' data-placement='right' title='原始值：0.32763'>0.328</span>", "<span data-toggle='tooltip' data-placement='right' title='原始值：0.5504'>0.55</span>", "*", "*", "正常"], ["河南省", "淮河流域", "<span data-toggle='tooltip' data-placement='right' title='所在地市:周口市&#10;所属河流:沙河'>沈丘闸</span>", "06-29 08:00", "Ⅲ", "<span data-toggle='tooltip' data-placement='right' title='原始值：24.32988'>24.3</span>", "<span data-toggle='tooltip' data-placement='right' title='原始值：7.66234'>7.66</span>", "<span data-toggle='tooltip' data-placement='right' title='原始值：5.2428'>5.24</span>", "<span data-toggle='tooltip' data-placement='right' title='原始值：802.2182'>802.2</span>", "<span data-toggle='tooltip' data-placement='right' title='原始值：21.16078'>21.2</span>", "<span data-toggle='tooltip' data-placement='right' title='原始值：3.61'>3.61</span>", "<span data-toggle='tooltip' data-placement='right' title='原始值：0.42'>0.420</span>", "*", "*", "*", "*", "正常"], ["河南省", "淮河流域", "<span data-toggle='tooltip' data-placement='right' title='所在地市:周口市&#10;所属河流:涡河'>鹿邑付桥(鹿邑付桥闸)</span>", "06-29 08:00", "", "<span data-toggle='tooltip' data-placement='right' title='原始值：24.70199'>24.7</span>", "<span data-toggle='tooltip' data-placement='right' title='原始值：8.3621'>8.36</span>", "<span data-toggle='tooltip' data-placement='right' title='原始值：6.13139'>6.13</span>", "<span data-toggle='tooltip' data-placement='right' title='原始值：1415.075'>1415.1</span>", "<span data-toggle='tooltip' data-placement='right' title='原始值：15.48895'>15.5</span>", "<span data-toggle='tooltip' data-placement='right' title='原始值：5.545'>5.54</span>", "<span data-toggle='tooltip' data-placement='right' title='极值过滤'>--</span>", "<span data-toggle='tooltip' data-placement='right' title='原始值：0.1495'>0.150</span>", "<span data-toggle='tooltip' data-placement='right' title='原始值：1.25373'>1.25</span>", "*", "*", "维护"], ["河南省", "淮河流域", "<span data-toggle='tooltip' data-placement='right' title='所在地市:驻马店市&#10;所属河流:洪河'>新蔡班台(班台)</span>", "06-29 08:00", "Ⅴ", "<span data-toggle='tooltip' data-placement='right' title='原始值：25.10998'>25.1</span>", "<span data-toggle='tooltip' data-placement='right' title='原始值：6.75515'>6.76</span>", "<span data-toggle='tooltip' data-placement='right' title='原始值：3.61436'>3.61</span>", "<span data-toggle='tooltip' data-placement='right' title='原始值：667.4042'>667.4</span>", "<span data-toggle='tooltip' data-placement='right' title='原始值：24.33368'>24.3</span>", "<span data-toggle='tooltip' data-placement='right' title='原始值：5.085'>5.08</span>", "<span data-toggle='tooltip' data-placement='right' title='原始值：1.12'>1.120</span>", "<span data-toggle='tooltip' data-placement='right' title='原始值：0.32099'>0.321</span>", "<span data-toggle='tooltip' data-placement='right' title='原始值：4.26218'>4.26</span>", "*", "*", "正常"], ["河南省", "黄河流域", "<span data-toggle='tooltip' data-placement='right' title='所在地市:济源市&#10;所属河流:黄河'>小浪底水库(小浪底)</span>", "06-29 08:00", "Ⅱ", "<span data-toggle='tooltip' data-placement='right' title='原始值：25.17747'>25.2</span>", "<span data-toggle='tooltip' data-placement='right' title='原始值：8.72961'>8.73</span>", "<span data-toggle='tooltip' data-placement='right' title='原始值：6.96372'>6.96</span>", "<span data-toggle='tooltip' data-placement='right' title='原始值：910.2729'>910.3</span>", "<span data-toggle='tooltip' data-placement='right' title='原始值：9.86028'>9.9</span>", "<span data-toggle='tooltip' data-placement='right' title='原始值：1.105'>1.10</span>", "<span data-toggle='tooltip' data-placement='right' title='原始值：0.07'>0.070</span>", "<span data-toggle='tooltip' data-placement='right' title='原始值：0.044'>0.044</span>", "<span data-toggle='tooltip' data-placement='right' title='原始值：2.29687'>2.30</span>", "*", "*", "正常"], ["湖北省", "长江流域", "<span data-toggle='tooltip' data-placement='right' title='所在地市:武汉市&#10;所属河流:汉江'>宗关</span>", null, "", "--", "--", "--", "--", "--", "--", "--", "--", "--", "*", "*", "停站"], ["湖北省", "长江流域", "<span data-toggle='tooltip' data-placement='right' title='所在地市:十堰市&#10;所属河流:丹江口水库'>坝上中(胡家岭)</span>", null, "", "--", "--", "--", "--", "--", "--", "--", "--", "--", "--", "--", "维护"], ["湖北省", "长江流域", "<span data-toggle='tooltip' data-placement='right' title='所在地市:宜昌市&#10;所属河流:长江'>南津关</span>", null, "", "--", "--", "--", "--", "--", "--", "--", "--", "--", "*", "*", "停站"], ["湖南省", "长江流域", "<span data-toggle='tooltip' data-placement='right' title='所在地市:长沙市&#10;所属河流:湘江'>新港</span>", null, "", "--", "--", "--", "--", "--", "--", "--", "--", "--", "*", "*", "停站"], ["湖南省", "长江流域", "<span data-toggle='tooltip' data-placement='right' title='所在地市:岳阳市&#10;所属河流:洞庭湖'>岳阳楼</span>", null, "", "--", "--", "--", "--", "--", "--", "--", "--", "--", "--", "--", "停站"], ["湖南省", "长江流域", "<span data-toggle='tooltip' data-placement='right' title='所在地市:岳阳市&#10;所属河流:长江'>城陵矶</span>", null, "", "--", "--", "--", "--", "--", "--", "--", "--", "--", "*", "*", "停站"], ["广东省", "珠江流域", "<span data-toggle='tooltip' data-placement='right' title='所在地市:清远市&#10;所属河流:北江'>七星岗</span>", "06-29 08:00", "Ⅲ", "<span data-toggle='tooltip' data-placement='right' title='原始值：32.14369'>32.1</span>", "<span data-toggle='tooltip' data-placement='right' title='原始值：7.30825'>7.31</span>", "<span data-toggle='tooltip' data-placement='right' title='原始值：5.86107'>5.86</span>", "<span data-toggle='tooltip' data-placement='right' title='原始值：178.3517'>178.4</span>", "<span data-toggle='tooltip' data-placement='right' title='原始值：20.64711'>20.6</span>", "<span data-toggle='tooltip' data-placement='right' title='原始值：1.87'>1.87</span>", "<span data-toggle='tooltip' data-placement='right' title='原始值：0.06226'>0.062</span>", "<span data-toggle='tooltip' data-placement='right' title='原始值：0.02075'>0.021</span>", "<span data-toggle='tooltip' data-placement='right' title='原始值：1.3411'>1.34</span>", "*", "*", "正常"], ["广东省", "珠江流域", "<span data-toggle='tooltip' data-placement='right' title='所在地市:中山市&#10;所属河流:西江'>横栏</span>", null, "", "--", "--", "--", "--", "--", "--", "--", "--", "--", "*", "*", "停站"], ["广西壮族自治区", "珠江流域", "<span data-toggle='tooltip' data-placement='right' title='所在地市:南宁市&#10;所属河流:邕江'>老口</span>", "06-29 08:00", "Ⅲ", "<span data-toggle='tooltip' data-placement='right' title='原始值：27.93015'>27.9</span>", "<span data-toggle='tooltip' data-placement='right' title='原始值：7.46142'>7.46</span>", "<span data-toggle='tooltip' data-placement='right' title='原始值：5.21399'>5.21</span>", "<span data-toggle='tooltip' data-placement='right' title='原始值：282.2874'>282.3</span>", "<span data-toggle='tooltip' data-placement='right' title='原始值：49.36676'>49.4</span>", "<span data-toggle='tooltip' data-placement='right' title='原始值：1.83067'>1.83</span>", "<span data-toggle='tooltip' data-placement='right' title='原始值：0.18998'>0.190</span>", "<span data-toggle='tooltip' data-placement='right' title='原始值：0.06004'>0.060</span>", "<span data-toggle='tooltip' data-placement='right' title='原始值：3.34334'>3.34</span>", "*", "*", "正常"], ["广西壮族自治区", "珠江流域", "<span data-toggle='tooltip' data-placement='right' title='所在地市:桂林市&#10;所属河流:漓江'>阳朔</span>", null, "", "--", "--", "--", "--", "--", "--", "--", "--", "--", "*", "*", "维护"], ["广西壮族自治区", "珠江流域", "<span data-toggle='tooltip' data-placement='right' title='所在地市:梧州市&#10;所属河流:浔江'>界首</span>", null, "", "--", "--", "--", "--", "--", "--", "--", "--", "--", "*", "*", "停站"], ["广西壮族自治区", "珠江流域", "<span data-toggle='tooltip' data-placement='right' title='所在地市:贵港市&#10;所属河流:浔江'>石嘴</span>", "06-29 08:00", "Ⅱ", "<span data-toggle='tooltip' data-placement='right' title='原始值：28.09019'>28.1</span>", "<span data-toggle='tooltip' data-placement='right' title='原始值：6.93239'>6.93</span>", "<span data-toggle='tooltip' data-placement='right' title='原始值：8.2235'>8.22</span>", "<span data-toggle='tooltip' data-placement='right' title='原始值：287.2966'>287.3</span>", "<span data-toggle='tooltip' data-placement='right' title='原始值：157.3388'>157.3</span>", "<span data-toggle='tooltip' data-placement='right' title='原始值：3.14'>3.14</span>", "<span data-toggle='tooltip' data-placement='right' title='原始值：0.27'>0.270</span>", "<span data-toggle='tooltip' data-placement='right' title='原始值：0.05669'>0.057</span>", "<span data-toggle='tooltip' data-placement='right' title='原始值：3.5575'>3.56</span>", "*", "*", "正常"], ["广西壮族自治区", "珠江流域", "<span data-toggle='tooltip' data-placement='right' title='所在地市:崇左市&#10;所属河流:平而河'>平而关</span>", "06-29 04:00", "Ⅱ", "<span data-toggle='tooltip' data-placement='right' title='原始值：31.81674'>31.8</span>", "<span data-toggle='tooltip' data-placement='right' title='原始值：7.91915'>7.92</span>", "<span data-toggle='tooltip' data-placement='right' title='原始值：7.23945'>7.24</span>", "<span data-toggle='tooltip' data-placement='right' title='原始值：205.5943'>205.6</span>", "<span data-toggle='tooltip' data-placement='right' title='原始值：24.60099'>24.6</span>", "<span data-toggle='tooltip' data-placement='right' title='原始值：1.12487'>1.12</span>", "<span data-toggle='tooltip' data-placement='right' title='原始值：0.14'>0.140</span>", "*", "*", "*", "*", "正常"], ["重庆市", "长江流域", "<span data-toggle='tooltip' data-placement='right' title='所在地市:永川区&#10;所属河流:长江'>朱沱</span>", null, "", "--", "--", "--", "--", "--", "--", "--", "--", "--", "*", "*", "停站"], ["四川省", "长江流域", "<span data-toggle='tooltip' data-placement='right' title='所在地市:攀枝花市&#10;所属河流:金沙江'>龙洞</span>", null, "", "--", "--", "--", "--", "--", "--", "--", "--", "--", "*", "*", "停站"], ["四川省", "长江流域", "<span data-toggle='tooltip' data-placement='right' title='所在地市:泸州市&#10;所属河流:沱江'>沱江大桥(沱江二桥)</span>", null, "", "--", "--", "--", "--", "--", "--", "--", "--", "--", "*", "*", "停站"], ["四川省", "长江流域", "<span data-toggle='tooltip' data-placement='right' title='所在地市:广元市&#10;所属河流:嘉陵江'>清风峡</span>", "06-29 08:00", "Ⅰ", "<span data-toggle='tooltip' data-placement='right' title='原始值：24.39999'>24.4</span>", "<span data-toggle='tooltip' data-placement='right' title='原始值：8.0776'>8.08</span>", "<span data-toggle='tooltip' data-placement='right' title='原始值：8.69704'>8.70</span>", "<span data-toggle='tooltip' data-placement='right' title='原始值：314'>314.0</span>", "<span data-toggle='tooltip' data-placement='right' title='原始值：71.99446'>72.0</span>", "<span data-toggle='tooltip' data-placement='right' title='原始值：1.88'>1.88</span>", "<span data-toggle='tooltip' data-placement='right' title='原始值：0.02065'>0.021</span>", "*", "*", "*", "*", "正常"], ["四川省", "长江流域", "<span data-toggle='tooltip' data-placement='right' title='所在地市:乐山市&#10;所属河流:岷江'>岷江大桥</span>", "06-29 08:00", "Ⅱ", "<span data-toggle='tooltip' data-placement='right' title='原始值：22.99792'>23.0</span>", "<span data-toggle='tooltip' data-placement='right' title='原始值：7.50267'>7.50</span>", "<span data-toggle='tooltip' data-placement='right' title='原始值：8.79147'>8.79</span>", "<span data-toggle='tooltip' data-placement='right' title='原始值：276.9651'>277.0</span>", "<span data-toggle='tooltip' data-placement='right' title='原始值：404.794'>404.8</span>", "<span data-toggle='tooltip' data-placement='right' title='原始值：3.44'>3.44</span>", "<span data-toggle='tooltip' data-placement='right' title='原始值：0.18'>0.180</span>", "*", "*", "*", "*", "正常"], ["四川省", "长江流域", "<span data-toggle='tooltip' data-placement='right' title='所在地市:宜宾市&#10;所属河流:岷江'>凉姜沟</span>", null, "", "--", "--", "--", "--", "--", "--", "--", "--", "--", "*", "*", "停站"], ["云南省", "滇池流域", "<span data-toggle='tooltip' data-placement='right' title='所在地市:昆明市&#10;所属河流:滇池'>西苑隧道</span>", "06-29 08:00", "Ⅴ", "<span data-toggle='tooltip' data-placement='right' title='原始值：24.43718'>24.4</span>", "<span data-toggle='tooltip' data-placement='right' title='原始值：6.19187'>6.19</span>", "<span data-toggle='tooltip' data-placement='right' title='原始值：4.94496'>4.94</span>", "<span data-toggle='tooltip' data-placement='right' title='原始值：581.1658'>581.2</span>", "<span data-toggle='tooltip' data-placement='right' title='原始值：82.16558'>82.2</span>", "<span data-toggle='tooltip' data-placement='right' title='原始值：11.37997'>11.38</span>", "<span data-toggle='tooltip' data-placement='right' title='原始值：0.3'>0.300</span>", "<span data-toggle='tooltip' data-placement='right' title='原始值：0.12323'>0.123</span>", "<span data-toggle='tooltip' data-placement='right' title='原始值：1.01392'>1.01</span>", "<span data-toggle='tooltip' data-placement='right' title='原始值：0.01995'>0.020</span>", "<span data-toggle='tooltip' data-placement='right' title='原始值：8474170'>8474170</span>", "正常"], ["云南省", "滇池流域", "<span data-toggle='tooltip' data-placement='right' title='所在地市:昆明市&#10;所属河流:滇池'>观音山</span>", "06-29 08:00", "Ⅴ", "<span data-toggle='tooltip' data-placement='right' title='原始值：24.20793'>24.2</span>", "<span data-toggle='tooltip' data-placement='right' title='原始值：7.71116'>7.71</span>", "<span data-toggle='tooltip' data-placement='right' title='原始值：6.36175'>6.36</span>", "<span data-toggle='tooltip' data-placement='right' title='原始值：441.5815'>441.6</span>", "<span data-toggle='tooltip' data-placement='right' title='原始值：46.26535'>46.3</span>", "<span data-toggle='tooltip' data-placement='right' title='原始值：10.36'>10.36</span>", "<span data-toggle='tooltip' data-placement='right' title='原始值：0.12'>0.120</span>", "<span data-toggle='tooltip' data-placement='right' title='原始值：0.1102'>0.110</span>", "<span data-toggle='tooltip' data-placement='right' title='原始值：1.38'>1.38</span>", "<span data-toggle='tooltip' data-placement='right' title='原始值：0.03841'>0.038</span>", "<span data-toggle='tooltip' data-placement='right' title='原始值：7699862'>7699862</span>", "正常"], ["云南省", "西南诸河", "<span data-toggle='tooltip' data-placement='right' title='所在地市:红河哈尼族彝族自治州&#10;所属河流:红河'>河口县医院(河口)</span>", "06-29 08:00", "Ⅱ", "<span data-toggle='tooltip' data-placement='right' title='原始值：25.5'>25.5</span>", "<span data-toggle='tooltip' data-placement='right' title='原始值：7.51969'>7.52</span>", "<span data-toggle='tooltip' data-placement='right' title='原始值：20'>20.00</span>", "<span data-toggle='tooltip' data-placement='right' title='原始值：312'>312.0</span>", "<span data-toggle='tooltip' data-placement='right' title='原始值：368.5925'>368.6</span>", "<span data-toggle='tooltip' data-placement='right' title='原始值：1.71376'>1.71</span>", "<span data-toggle='tooltip' data-placement='right' title='原始值：0.26295'>0.263</span>", "<span data-toggle='tooltip' data-placement='right' title='原始值：0.01932'>0.019</span>", "<span data-toggle='tooltip' data-placement='right' title='原始值：0.89225'>0.89</span>", "*", "*", "正常"], ["云南省", "西南诸河", "<span data-toggle='tooltip' data-placement='right' title='所在地市:西双版纳傣族自治州&#10;所属河流:澜沧江'>橄榄坝</span>", "06-29 08:00", "Ⅱ", "<span data-toggle='tooltip' data-placement='right' title='原始值：18.30925'>18.3</span>", "<span data-toggle='tooltip' data-placement='right' title='原始值：7.46666'>7.47</span>", "<span data-toggle='tooltip' data-placement='right' title='原始值：6.12917'>6.13</span>", "<span data-toggle='tooltip' data-placement='right' title='原始值：661.223'>661.2</span>", "<span data-toggle='tooltip' data-placement='right' title='原始值：9.78443'>9.8</span>", "<span data-toggle='tooltip' data-placement='right' title='原始值：1.34'>1.34</span>", "<span data-toggle='tooltip' data-placement='right' title='原始值：0.11687'>0.117</span>", "*", "*", "*", "*", "正常"], ["陕西省", "黄河流域", "<span data-toggle='tooltip' data-placement='right' title='所在地市:渭南市&#10;所属河流:渭河'>潼关吊桥</span>", null, "", "--", "--", "--", "--", "--", "--", "--", "--", "--", "*", "*", "停站"], ["甘肃省", "黄河流域", "<span data-toggle='tooltip' data-placement='right' title='所在地市:兰州市&#10;所属河流:黄河'>新城桥</span>", "06-29 08:00", "Ⅲ", "<span data-toggle='tooltip' data-placement='right' title='原始值：17.11931'>17.1</span>", "<span data-toggle='tooltip' data-placement='right' title='原始值：6.94418'>6.94</span>", "<span data-toggle='tooltip' data-placement='right' title='原始值：7.54406'>7.54</span>", "<span data-toggle='tooltip' data-placement='right' title='原始值：412.3508'>412.4</span>", "<span data-toggle='tooltip' data-placement='right' title='原始值：89.87498'>89.9</span>", "<span data-toggle='tooltip' data-placement='right' title='原始值：2.84'>2.84</span>", "<span data-toggle='tooltip' data-placement='right' title='原始值：0.19'>0.190</span>", "<span data-toggle='tooltip' data-placement='right' title='原始值：0.17048'>0.170</span>", "<span data-toggle='tooltip' data-placement='right' title='原始值：2.17941'>2.18</span>", "*", "*", "正常"], ["宁夏回族自治区", "黄河流域", "<span data-toggle='tooltip' data-placement='right' title='所在地市:中卫市&#10;所属河流:黄河'>中卫下河沿(新墩)</span>", "06-29 08:00", "Ⅴ", "<span data-toggle='tooltip' data-placement='right' title='原始值：20.19626'>20.2</span>", "<span data-toggle='tooltip' data-placement='right' title='原始值：7.72538'>7.73</span>", "<span data-toggle='tooltip' data-placement='right' title='原始值：7.20189'>7.20</span>", "<span data-toggle='tooltip' data-placement='right' title='原始值：702.8922'>702.9</span>", "<span data-toggle='tooltip' data-placement='right' title='原始值：206.6902'>206.7</span>", "<span data-toggle='tooltip' data-placement='right' title='原始值：6.09'>6.09</span>", "<span data-toggle='tooltip' data-placement='right' title='原始值：0.06'>0.060</span>", "<span data-toggle='tooltip' data-placement='right' title='原始值：0.3493'>0.349</span>", "<span data-toggle='tooltip' data-placement='right' title='原始值：2.2009'>2.20</span>", "*", "*", "正常"]]}