{"result": 1, "total": 1, "records": 98, "thead": ["省份", "流域", "断面名称", "监测时间", "水质类别", "水温<br/><span class='unit'>(℃)</span>", "pH<br/><span class='unit'>(无量纲)</span>", "溶解氧<br/><span class='unit'>(mg/L)</span>", "电导率<br/><span class='unit'>(μS/cm)</span>", "浊度<br/><span class='unit'>(NTU)</span>", "高锰酸盐指数<br/><span class='unit'>(mg/L)</span>", "氨氮<br/><span class='unit'>(mg/L)</span>", "总磷<br/><span class='unit'>(mg/L)</span>", "总氮<br/><span class='unit'>(mg/L)</span>", "叶绿素α<br/><span class='unit'>(mg/L)</span>", "藻密度<br/><span class='unit'>(cells/L)</span>", "站点情况"], "tbody": [["北京市", "海河流域", "<span data-toggle='tooltip' data-placement='right' title='所在地市:门头沟区&#10;所属河流:永定河'>沿河城</span>", null, "", "--", "--", "--", "--", "--", "--", "--", "--", "--", "*", "*", "维护"], ["北京市", "海河流域", "<span data-toggle='tooltip' data-placement='right' title='所在地市:密云区&#10;所属河流:潮河'>古北口</span>", "06-23 08:00", "", "<span data-toggle='tooltip' data-placement='right' title='原始值：24.30535'>24.3</span>", "<span data-toggle='tooltip' data-placement='right' title='原始值：7.19906'>7.20</span>", "<span data-toggle='tooltip' data-placement='right' title='原始值：7.48542'>7.49</span>", "<span data-toggle='tooltip' data-placement='right' title='原始值：629.6311'>629.6</span>", "<span data-toggle='tooltip' data-placement='right' title='原始值：4.35843'>4.4</span>", "<span data-toggle='tooltip' data-placement='right' title='原始值：1.0525'>1.05</span>", "<span data-toggle='tooltip' data-placement='right' title='原始值：0.28'>0.280</span>", "<span data-toggle='tooltip' data-placement='right' title='极值过滤'>--</span>", "<span data-toggle='tooltip' data-placement='right' title='原始值：2.747'>2.75</span>", "*", "*", "维护"], ["天津市", "海河流域", "<span data-toggle='tooltip' data-placement='right' title='所在地市:河北区&#10;所属河流:海河'>三岔口</span>", "06-23 08:00", "Ⅲ", "<span data-toggle='tooltip' data-placement='right' title='原始值：27.0078'>27.0</span>", "<span data-toggle='tooltip' data-placement='right' title='原始值：7.8432'>7.84</span>", "<span data-toggle='tooltip' data-placement='right' title='原始值：6.866'>6.87</span>", "<span data-toggle='tooltip' data-placement='right' title='原始值：397.0254'>397.0</span>", "<span data-toggle='tooltip' data-placement='right' title='原始值：13.414'>13.4</span>", "<span data-toggle='tooltip' data-placement='right' title='原始值：5.1'>5.10</span>", "<span data-toggle='tooltip' data-placement='right' title='原始值：0.39'>0.390</span>", "<span data-toggle='tooltip' data-placement='right' title='原始值：0.0845'>0.084</span>", "<span data-toggle='tooltip' data-placement='right' title='原始值：0.7307'>0.73</span>", "*", "*", "正常"], ["天津市", "海河流域", "<span data-toggle='tooltip' data-placement='right' title='所在地市:蓟州区&#10;所属河流:果河'>果河桥</span>", "06-23 08:00", "Ⅱ", "<span data-toggle='tooltip' data-placement='right' title='原始值：19.2'>19.2</span>", "<span data-toggle='tooltip' data-placement='right' title='原始值：8.276'>8.28</span>", "<span data-toggle='tooltip' data-placement='right' title='原始值：9.034'>9.03</span>", "<span data-toggle='tooltip' data-placement='right' title='原始值：599.659'>599.7</span>", "<span data-toggle='tooltip' data-placement='right' title='原始值：7.024'>7.0</span>", "<span data-toggle='tooltip' data-placement='right' title='原始值：1.2045'>1.20</span>", "<span data-toggle='tooltip' data-placement='right' title='原始值：0.45'>0.450</span>", "<span data-toggle='tooltip' data-placement='right' title='原始值：0.0383'>0.038</span>", "<span data-toggle='tooltip' data-placement='right' title='原始值：3.5377'>3.54</span>", "*", "*", "正常"], ["河北省", "海河流域", "<span data-toggle='tooltip' data-placement='right' title='所在地市:石家庄市&#10;所属河流:滹沱河'>岗南水库</span>", "06-23 08:00", "Ⅱ", "<span data-toggle='tooltip' data-placement='right' title='原始值：26.15693'>26.2</span>", "<span data-toggle='tooltip' data-placement='right' title='原始值：8.42806'>8.43</span>", "<span data-toggle='tooltip' data-placement='right' title='原始值：8.74416'>8.74</span>", "<span data-toggle='tooltip' data-placement='right' title='原始值：552.4734'>552.5</span>", "<span data-toggle='tooltip' data-placement='right' title='原始值：2.98495'>3.0</span>", "<span data-toggle='tooltip' data-placement='right' title='原始值：2.06089'>2.06</span>", "<span data-toggle='tooltip' data-placement='right' title='原始值：0.07'>0.070</span>", "<span data-toggle='tooltip' data-placement='right' title='原始值：0.01164'>0.012</span>", "<span data-toggle='tooltip' data-placement='right' title='原始值：1.90616'>1.91</span>", "*", "*", "正常"], ["河北省", "海河流域", "<span data-toggle='tooltip' data-placement='right' title='所在地市:张家口市&#10;所属河流:永定河'>八号桥</span>", "06-23 08:00", "Ⅳ", "<span data-toggle='tooltip' data-placement='right' title='原始值：23.95374'>24.0</span>", "<span data-toggle='tooltip' data-placement='right' title='原始值：7.97859'>7.98</span>", "<span data-toggle='tooltip' data-placement='right' title='原始值：6.18008'>6.18</span>", "<span data-toggle='tooltip' data-placement='right' title='原始值：1163.886'>1163.9</span>", "<span data-toggle='tooltip' data-placement='right' title='原始值：79.90144'>79.9</span>", "<span data-toggle='tooltip' data-placement='right' title='原始值：6.92999'>6.93</span>", "<span data-toggle='tooltip' data-placement='right' title='原始值：0.32'>0.320</span>", "<span data-toggle='tooltip' data-placement='right' title='原始值：0.2455'>0.246</span>", "<span data-toggle='tooltip' data-placement='right' title='原始值：4.275'>4.28</span>", "*", "*", "正常"], ["山西省", "黄河流域", "<span data-toggle='tooltip' data-placement='right' title='所在地市:运城市&#10;所属河流:汾河'>河津大桥</span>", "06-23 08:00", "Ⅳ", "<span data-toggle='tooltip' data-placement='right' title='原始值：26.05245'>26.1</span>", "<span data-toggle='tooltip' data-placement='right' title='原始值：7.60592'>7.61</span>", "<span data-toggle='tooltip' data-placement='right' title='原始值：6.56519'>6.57</span>", "<span data-toggle='tooltip' data-placement='right' title='原始值：1373.455'>1373.5</span>", "<span data-toggle='tooltip' data-placement='right' title='原始值：298.063'>298.1</span>", "<span data-toggle='tooltip' data-placement='right' title='原始值：7.325'>7.32</span>", "<span data-toggle='tooltip' data-placement='right' title='原始值：0.15'>0.150</span>", "*", "*", "*", "*", "正常"], ["山西省", "黄河流域", "<span data-toggle='tooltip' data-placement='right' title='所在地市:忻州市&#10;所属河流:黄河'>万家寨水库</span>", "06-23 08:00", "Ⅱ", "<span data-toggle='tooltip' data-placement='right' title='原始值：24.20348'>24.2</span>", "<span data-toggle='tooltip' data-placement='right' title='原始值：7.88029'>7.88</span>", "<span data-toggle='tooltip' data-placement='right' title='原始值：6.7144'>6.71</span>", "<span data-toggle='tooltip' data-placement='right' title='原始值：1011.705'>1011.7</span>", "<span data-toggle='tooltip' data-placement='right' title='原始值：19.90329'>19.9</span>", "<span data-toggle='tooltip' data-placement='right' title='原始值：3.13'>3.13</span>", "<span data-toggle='tooltip' data-placement='right' title='原始值：0.33'>0.330</span>", "<span data-toggle='tooltip' data-placement='right' title='原始值：0.0435'>0.044</span>", "<span data-toggle='tooltip' data-placement='right' title='原始值：1.825'>1.82</span>", "*", "*", "正常"], ["内蒙古自治区", "黄河流域", "<span data-toggle='tooltip' data-placement='right' title='所在地市:包头市&#10;所属河流:黄河'>画匠营子</span>", "06-23 08:00", "Ⅱ", "<span data-toggle='tooltip' data-placement='right' title='原始值：19.89232'>19.9</span>", "<span data-toggle='tooltip' data-placement='right' title='原始值：7.79897'>7.80</span>", "<span data-toggle='tooltip' data-placement='right' title='原始值：7.20085'>7.20</span>", "<span data-toggle='tooltip' data-placement='right' title='原始值：928.8001'>928.8</span>", "<span data-toggle='tooltip' data-placement='right' title='原始值：833.1768'>833.2</span>", "<span data-toggle='tooltip' data-placement='right' title='原始值：3.6347'>3.63</span>", "<span data-toggle='tooltip' data-placement='right' title='原始值：0.04642'>0.046</span>", "*", "*", "*", "*", "正常"], ["内蒙古自治区", "黄河流域", "<span data-toggle='tooltip' data-placement='right' title='所在地市:乌海市&#10;所属河流:黄河'>海勃湾</span>", "06-23 08:00", "Ⅲ", "<span data-toggle='tooltip' data-placement='right' title='原始值：23.04523'>23.0</span>", "<span data-toggle='tooltip' data-placement='right' title='原始值：7.40414'>7.40</span>", "<span data-toggle='tooltip' data-placement='right' title='原始值：5.93289'>5.93</span>", "<span data-toggle='tooltip' data-placement='right' title='原始值：789.5334'>789.5</span>", "<span data-toggle='tooltip' data-placement='right' title='原始值：56.8129'>56.8</span>", "<span data-toggle='tooltip' data-placement='right' title='原始值：3.31'>3.31</span>", "<span data-toggle='tooltip' data-placement='right' title='原始值：0.14'>0.140</span>", "*", "*", "*", "*", "正常"], ["内蒙古自治区", "松花江流域", "<span data-toggle='tooltip' data-placement='right' title='所在地市:呼伦贝尔市&#10;所属河流:额尔古纳河'>黑山头</span>", null, "", "--", "--", "--", "--", "--", "--", "--", "--", "--", "*", "*", "停站"], ["辽宁省", "辽河流域", "<span data-toggle='tooltip' data-placement='right' title='所在地市:抚顺市&#10;所属河流:浑河'>大伙房水库</span>", null, "", "--", "--", "--", "--", "--", "--", "--", "--", "--", "--", "*", "维护"], ["辽宁省", "辽河流域", "<span data-toggle='tooltip' data-placement='right' title='所在地市:丹东市&#10;所属河流:鸭绿江'>江桥</span>", "06-23 08:00", "Ⅱ", "<span data-toggle='tooltip' data-placement='right' title='原始值：16.7'>16.7</span>", "<span data-toggle='tooltip' data-placement='right' title='原始值：7.33'>7.33</span>", "<span data-toggle='tooltip' data-placement='right' title='原始值：9.29'>9.29</span>", "<span data-toggle='tooltip' data-placement='right' title='原始值：146.5'>146.5</span>", "<span data-toggle='tooltip' data-placement='right' title='原始值：3.90154'>3.9</span>", "<span data-toggle='tooltip' data-placement='right' title='原始值：2.38'>2.38</span>", "<span data-toggle='tooltip' data-placement='right' title='原始值：0.05652'>0.057</span>", "<span data-toggle='tooltip' data-placement='right' title='原始值：0.05003'>0.050</span>", "<span data-toggle='tooltip' data-placement='right' title='原始值：2.52212'>2.52</span>", "*", "*", "正常"], ["辽宁省", "辽河流域", "<span data-toggle='tooltip' data-placement='right' title='所在地市:营口市&#10;所属河流:大辽河'>辽河公园</span>", "06-23 08:00", "Ⅴ", "<span data-toggle='tooltip' data-placement='right' title='原始值：22.87981'>22.9</span>", "<span data-toggle='tooltip' data-placement='right' title='原始值：6.31288'>6.31</span>", "<span data-toggle='tooltip' data-placement='right' title='原始值：8.20923'>8.21</span>", "<span data-toggle='tooltip' data-placement='right' title='原始值：42771.52'>42771.5</span>", "<span data-toggle='tooltip' data-placement='right' title='原始值：197.3665'>197.4</span>", "<span data-toggle='tooltip' data-placement='right' title='原始值：12.27216'>12.27</span>", "<span data-toggle='tooltip' data-placement='right' title='原始值：0.12005'>0.120</span>", "<span data-toggle='tooltip' data-placement='right' title='原始值：0.18344'>0.183</span>", "<span data-toggle='tooltip' data-placement='right' title='原始值：3.22285'>3.22</span>", "*", "*", "正常"], ["辽宁省", "辽河流域", "<span data-toggle='tooltip' data-placement='right' title='所在地市:辽阳市&#10;所属河流:太子河'>汤河水库</span>", "06-23 08:00", "Ⅳ", "<span data-toggle='tooltip' data-placement='right' title='原始值：17'>17.0</span>", "<span data-toggle='tooltip' data-placement='right' title='原始值：7.65'>7.65</span>", "<span data-toggle='tooltip' data-placement='right' title='原始值：3.21'>3.21</span>", "<span data-toggle='tooltip' data-placement='right' title='原始值：506.7537'>506.8</span>", "<span data-toggle='tooltip' data-placement='right' title='原始值：17.27487'>17.3</span>", "<span data-toggle='tooltip' data-placement='right' title='原始值：1.13'>1.13</span>", "<span data-toggle='tooltip' data-placement='right' title='原始值：0.02805'>0.028</span>", "<span data-toggle='tooltip' data-placement='right' title='原始值：0.00567'>0.006</span>", "<span data-toggle='tooltip' data-placement='right' title='原始值：1.89669'>1.90</span>", "*", "*", "正常"], ["辽宁省", "辽河流域", "<span data-toggle='tooltip' data-placement='right' title='所在地市:盘锦市&#10;所属河流:辽河'>盘锦兴安(兴安)</span>", "06-23 08:00", "Ⅳ", "<span data-toggle='tooltip' data-placement='right' title='原始值：24.24551'>24.2</span>", "<span data-toggle='tooltip' data-placement='right' title='原始值：6.72431'>6.72</span>", "<span data-toggle='tooltip' data-placement='right' title='原始值：3.04458'>3.04</span>", "<span data-toggle='tooltip' data-placement='right' title='原始值：7538.614'>7538.6</span>", "<span data-toggle='tooltip' data-placement='right' title='原始值：92.49825'>92.5</span>", "<span data-toggle='tooltip' data-placement='right' title='原始值：3.02379'>3.02</span>", "<span data-toggle='tooltip' data-placement='right' title='原始值：0.27'>0.270</span>", "<span data-toggle='tooltip' data-placement='right' title='原始值：0.12279'>0.123</span>", "<span data-toggle='tooltip' data-placement='right' title='原始值：2.55134'>2.55</span>", "*", "*", "正常"], ["辽宁省", "辽河流域", "<span data-toggle='tooltip' data-placement='right' title='所在地市:铁岭市&#10;所属河流:辽河'>珠尔山</span>", "06-23 08:00", "Ⅲ", "<span data-toggle='tooltip' data-placement='right' title='原始值：25.29126'>25.3</span>", "<span data-toggle='tooltip' data-placement='right' title='原始值：7.68072'>7.68</span>", "<span data-toggle='tooltip' data-placement='right' title='原始值：6.85909'>6.86</span>", "<span data-toggle='tooltip' data-placement='right' title='原始值：602.8254'>602.8</span>", "<span data-toggle='tooltip' data-placement='right' title='原始值：80.99609'>81.0</span>", "<span data-toggle='tooltip' data-placement='right' title='原始值：4.46957'>4.47</span>", "<span data-toggle='tooltip' data-placement='right' title='原始值：0.17'>0.170</span>", "<span data-toggle='tooltip' data-placement='right' title='原始值：0.11199'>0.112</span>", "<span data-toggle='tooltip' data-placement='right' title='原始值：1.81612'>1.82</span>", "*", "*", "正常"], ["吉林省", "松花江流域", "<span data-toggle='tooltip' data-placement='right' title='所在地市:长春市&#10;所属河流:松花江'>松花江村</span>", "06-23 08:00", "Ⅳ", "<span data-toggle='tooltip' data-placement='right' title='原始值：17.76793'>17.8</span>", "<span data-toggle='tooltip' data-placement='right' title='原始值：6.93824'>6.94</span>", "<span data-toggle='tooltip' data-placement='right' title='原始值：4.70236'>4.70</span>", "<span data-toggle='tooltip' data-placement='right' title='原始值：278.8754'>278.9</span>", "<span data-toggle='tooltip' data-placement='right' title='原始值：27.88871'>27.9</span>", "<span data-toggle='tooltip' data-placement='right' title='原始值：0.99498'>0.99</span>", "<span data-toggle='tooltip' data-placement='right' title='原始值：0.57'>0.570</span>", "<span data-toggle='tooltip' data-placement='right' title='原始值：0.20303'>0.203</span>", "<span data-toggle='tooltip' data-placement='right' title='原始值：3.937'>3.94</span>", "*", "*", "正常"], ["吉林省", "松花江流域", "<span data-toggle='tooltip' data-placement='right' title='所在地市:白城市&#10;所属河流:嫩江'>白沙滩</span>", "06-23 08:00", "Ⅲ", "<span data-toggle='tooltip' data-placement='right' title='原始值：22.91755'>22.9</span>", "<span data-toggle='tooltip' data-placement='right' title='原始值：7.65192'>7.65</span>", "<span data-toggle='tooltip' data-placement='right' title='原始值：7.93201'>7.93</span>", "<span data-toggle='tooltip' data-placement='right' title='原始值：234.659'>234.7</span>", "<span data-toggle='tooltip' data-placement='right' title='原始值：162.4781'>162.5</span>", "<span data-toggle='tooltip' data-placement='right' title='原始值：2.84'>2.84</span>", "<span data-toggle='tooltip' data-placement='right' title='原始值：0.22'>0.220</span>", "<span data-toggle='tooltip' data-placement='right' title='原始值：0.11062'>0.111</span>", "<span data-toggle='tooltip' data-placement='right' title='原始值：2.28848'>2.29</span>", "*", "*", "正常"], ["吉林省", "松花江流域", "<span data-toggle='tooltip' data-placement='right' title='所在地市:延边朝鲜族自治州&#10;所属河流:图们江'>圈河</span>", "06-23 08:00", "Ⅳ", "<span data-toggle='tooltip' data-placement='right' title='原始值：22.1'>22.1</span>", "<span data-toggle='tooltip' data-placement='right' title='原始值：7.84'>7.84</span>", "<span data-toggle='tooltip' data-placement='right' title='原始值：4.07001'>4.07</span>", "<span data-toggle='tooltip' data-placement='right' title='原始值：246'>246.0</span>", "<span data-toggle='tooltip' data-placement='right' title='原始值：14'>14.0</span>", "<span data-toggle='tooltip' data-placement='right' title='原始值：4.23'>4.23</span>", "<span data-toggle='tooltip' data-placement='right' title='原始值：0.04'>0.040</span>", "<span data-toggle='tooltip' data-placement='right' title='原始值：0.10348'>0.103</span>", "<span data-toggle='tooltip' data-placement='right' title='原始值：2.45339'>2.45</span>", "*", "*", "正常"], ["黑龙江省", "松花江流域", "<span data-toggle='tooltip' data-placement='right' title='所在地市:大庆市&#10;所属河流:松花江'>肇源</span>", null, "", "--", "--", "--", "--", "--", "--", "--", "--", "--", "*", "*", "停站"], ["黑龙江省", "松花江流域", "<span data-toggle='tooltip' data-placement='right' title='所在地市:佳木斯市&#10;所属河流:乌苏里江'>乌苏镇</span>", null, "", "--", "--", "--", "--", "--", "--", "--", "--", "--", "*", "*", "停站"], ["黑龙江省", "松花江流域", "<span data-toggle='tooltip' data-placement='right' title='所在地市:佳木斯市&#10;所属河流:松花江'>同江</span>", "06-23 08:00", "劣Ⅴ", "<span data-toggle='tooltip' data-placement='right' title='原始值：16.7964'>16.8</span>", "<span data-toggle='tooltip' data-placement='right' title='原始值：7.25001'>7.25</span>", "<span data-toggle='tooltip' data-placement='right' title='原始值：7.71876'>7.72</span>", "<span data-toggle='tooltip' data-placement='right' title='原始值：156.2503'>156.3</span>", "<span data-toggle='tooltip' data-placement='right' title='原始值：720.0168'>720.0</span>", "<span data-toggle='tooltip' data-placement='right' title='原始值：14.7509'>14.75</span>", "<span data-toggle='tooltip' data-placement='right' title='原始值：0.19341'>0.193</span>", "<span data-toggle='tooltip' data-placement='right' title='原始值：0.51562'>0.516</span>", "<span data-toggle='tooltip' data-placement='right' title='原始值：3.86445'>3.86</span>", "*", "*", "正常"], ["黑龙江省", "松花江流域", "<span data-toggle='tooltip' data-placement='right' title='所在地市:黑河市&#10;所属河流:黑龙江'>黑河下(黑河)</span>", null, "", "--", "--", "--", "--", "--", "--", "--", "--", "--", "*", "*", "停站"], ["上海市", "长江流域", "<span data-toggle='tooltip' data-placement='right' title='所在地市:青浦区&#10;所属河流:淀山湖'>急水港桥</span>", "06-23 08:00", "Ⅳ", "<span data-toggle='tooltip' data-placement='right' title='原始值：25'>25.0</span>", "<span data-toggle='tooltip' data-placement='right' title='原始值：7.05'>7.05</span>", "<span data-toggle='tooltip' data-placement='right' title='原始值：3.17'>3.17</span>", "<span data-toggle='tooltip' data-placement='right' title='原始值：662'>662.0</span>", "<span data-toggle='tooltip' data-placement='right' title='原始值：347.5'>347.5</span>", "<span data-toggle='tooltip' data-placement='right' title='原始值：5.28125'>5.28</span>", "<span data-toggle='tooltip' data-placement='right' title='原始值：0.24625'>0.246</span>", "<span data-toggle='tooltip' data-placement='right' title='原始值：0.08692'>0.087</span>", "<span data-toggle='tooltip' data-placement='right' title='原始值：3.73439'>3.73</span>", "<span data-toggle='tooltip' data-placement='right' title='原始值：0.00449'>0.004</span>", "<span data-toggle='tooltip' data-placement='right' title='原始值：9903830'>9903830</span>", "正常"], ["江苏省", "长江流域", "<span data-toggle='tooltip' data-placement='right' title='所在地市:南京市&#10;所属河流:长江'>林山</span>", null, "", "--", "--", "--", "--", "--", "--", "--", "--", "--", "*", "*", "停站"], ["江苏省", "太湖流域", "<span data-toggle='tooltip' data-placement='right' title='所在地市:无锡市&#10;所属河流:太湖'>沙渚</span>", "06-23 04:00", "Ⅲ", "<span data-toggle='tooltip' data-placement='right' title='原始值：24.29884'>24.3</span>", "<span data-toggle='tooltip' data-placement='right' title='原始值：7.583961'>7.58</span>", "<span data-toggle='tooltip' data-placement='right' title='原始值：6.321628'>6.32</span>", "<span data-toggle='tooltip' data-placement='right' title='原始值：396.0417'>396.0</span>", "<span data-toggle='tooltip' data-placement='right' title='原始值：57.50467'>57.5</span>", "<span data-toggle='tooltip' data-placement='right' title='原始值：5.63'>5.63</span>", "<span data-toggle='tooltip' data-placement='right' title='原始值：0.51'>0.510</span>", "<span data-toggle='tooltip' data-placement='right' title='原始值：0.0575'>0.058</span>", "<span data-toggle='tooltip' data-placement='right' title='原始值：2.17'>2.17</span>", "*", "*", "正常"], ["江苏省", "淮河流域", "<span data-toggle='tooltip' data-placement='right' title='所在地市:徐州市&#10;所属河流:武河'>小红圈</span>", "06-23 08:00", "Ⅲ", "<span data-toggle='tooltip' data-placement='right' title='原始值：25.4'>25.4</span>", "<span data-toggle='tooltip' data-placement='right' title='原始值：7.53'>7.53</span>", "<span data-toggle='tooltip' data-placement='right' title='原始值：5.37'>5.37</span>", "<span data-toggle='tooltip' data-placement='right' title='原始值：622'>622.0</span>", "<span data-toggle='tooltip' data-placement='right' title='原始值：4.61'>4.6</span>", "<span data-toggle='tooltip' data-placement='right' title='原始值：3.5'>3.50</span>", "<span data-toggle='tooltip' data-placement='right' title='原始值：0.11'>0.110</span>", "*", "*", "*", "*", "正常"], ["江苏省", "淮河流域", "<span data-toggle='tooltip' data-placement='right' title='所在地市:徐州市&#10;所属河流:沿河'>李集桥</span>", "06-23 08:00", "", "<span data-toggle='tooltip' data-placement='right' title='原始值：25'>25.0</span>", "<span data-toggle='tooltip' data-placement='right' title='原始值：7.8'>7.80</span>", "<span data-toggle='tooltip' data-placement='right' title='原始值：5.7'>5.70</span>", "<span data-toggle='tooltip' data-placement='right' title='原始值：945.5'>945.5</span>", "<span data-toggle='tooltip' data-placement='right' title='原始值：357.57'>357.6</span>", "<span data-toggle='tooltip' data-placement='right' title='原始值：4.42'>4.42</span>", "<span data-toggle='tooltip' data-placement='right' title='原始值：0.046'>0.046</span>", "<span data-toggle='tooltip' data-placement='right' title='极值过滤'>--</span>", "<span data-toggle='tooltip' data-placement='right' title='原始值：1.317'>1.32</span>", "*", "*", "维护"], ["江苏省", "淮河流域", "<span data-toggle='tooltip' data-placement='right' title='所在地市:徐州市&#10;所属河流:邳苍分洪道'>艾山西大桥</span>", "06-23 08:00", "Ⅲ", "<span data-toggle='tooltip' data-placement='right' title='原始值：24.5906'>24.6</span>", "<span data-toggle='tooltip' data-placement='right' title='原始值：7.77675'>7.78</span>", "<span data-toggle='tooltip' data-placement='right' title='原始值：8.1305'>8.13</span>", "<span data-toggle='tooltip' data-placement='right' title='原始值：611.668'>611.7</span>", "<span data-toggle='tooltip' data-placement='right' title='原始值：29.2742'>29.3</span>", "<span data-toggle='tooltip' data-placement='right' title='原始值：4.62'>4.62</span>", "<span data-toggle='tooltip' data-placement='right' title='原始值：0.19'>0.190</span>", "<span data-toggle='tooltip' data-placement='right' title='原始值：0.06805'>0.068</span>", "<span data-toggle='tooltip' data-placement='right' title='原始值：2.99568'>3.00</span>", "*", "*", "正常"], ["江苏省", "太湖流域", "<span data-toggle='tooltip' data-placement='right' title='所在地市:苏州市&#10;所属河流:太湖'>兰山嘴(老)</span>", "06-23 08:00", "Ⅳ", "<span data-toggle='tooltip' data-placement='right' title='原始值：24.44863'>24.4</span>", "<span data-toggle='tooltip' data-placement='right' title='原始值：7.08028'>7.08</span>", "<span data-toggle='tooltip' data-placement='right' title='原始值：5.02305'>5.02</span>", "<span data-toggle='tooltip' data-placement='right' title='原始值：417.0647'>417.1</span>", "<span data-toggle='tooltip' data-placement='right' title='原始值：147.0622'>147.1</span>", "<span data-toggle='tooltip' data-placement='right' title='原始值：2.89'>2.89</span>", "<span data-toggle='tooltip' data-placement='right' title='原始值：0.57'>0.570</span>", "<span data-toggle='tooltip' data-placement='right' title='原始值：0.22076'>0.221</span>", "<span data-toggle='tooltip' data-placement='right' title='原始值：7.2109'>7.21</span>", "*", "*", "正常"], ["江苏省", "太湖流域", "<span data-toggle='tooltip' data-placement='right' title='所在地市:苏州市&#10;所属河流:太湖'>西山</span>", "06-23 08:00", "Ⅳ", "<span data-toggle='tooltip' data-placement='right' title='原始值：25.68164'>25.7</span>", "<span data-toggle='tooltip' data-placement='right' title='原始值：7.62929'>7.63</span>", "<span data-toggle='tooltip' data-placement='right' title='原始值：7.37434'>7.37</span>", "<span data-toggle='tooltip' data-placement='right' title='原始值：409.1336'>409.1</span>", "<span data-toggle='tooltip' data-placement='right' title='原始值：70.76073'>70.8</span>", "<span data-toggle='tooltip' data-placement='right' title='原始值：2.84'>2.84</span>", "<span data-toggle='tooltip' data-placement='right' title='原始值：0.17'>0.170</span>", "<span data-toggle='tooltip' data-placement='right' title='原始值：0.0521'>0.052</span>", "<span data-toggle='tooltip' data-placement='right' title='原始值：0.3195'>0.32</span>", "*", "*", "正常"], ["江苏省", "淮河流域", "<span data-toggle='tooltip' data-placement='right' title='所在地市:连云港市&#10;所属河流:新沭河'>大兴桥</span>", "06-23 08:00", "Ⅲ", "<span data-toggle='tooltip' data-placement='right' title='原始值：25.1'>25.1</span>", "<span data-toggle='tooltip' data-placement='right' title='原始值：7.84'>7.84</span>", "<span data-toggle='tooltip' data-placement='right' title='原始值：7.73'>7.73</span>", "<span data-toggle='tooltip' data-placement='right' title='原始值：1400.8'>1400.8</span>", "<span data-toggle='tooltip' data-placement='right' title='原始值：29.55'>29.6</span>", "<span data-toggle='tooltip' data-placement='right' title='原始值：5.9'>5.90</span>", "<span data-toggle='tooltip' data-placement='right' title='原始值：0.636'>0.636</span>", "*", "*", "*", "*", "正常"], ["江苏省", "淮河流域", "<span data-toggle='tooltip' data-placement='right' title='所在地市:淮安市&#10;所属河流:淮河'>淮河大桥</span>", "06-23 08:00", "", "<span data-toggle='tooltip' data-placement='right' title='原始值：25.16225'>25.2</span>", "<span data-toggle='tooltip' data-placement='right' title='原始值：7.50143'>7.50</span>", "<span data-toggle='tooltip' data-placement='right' title='原始值：3.54621'>3.55</span>", "<span data-toggle='tooltip' data-placement='right' title='原始值：415.6299'>415.6</span>", "<span data-toggle='tooltip' data-placement='right' title='原始值：105.0272'>105.0</span>", "<span data-toggle='tooltip' data-placement='right' title='原始值：4.43'>4.43</span>", "<span data-toggle='tooltip' data-placement='right' title='原始值：0.01'>0.010</span>", "<span data-toggle='tooltip' data-placement='right' title='极值过滤'>--</span>", "<span data-toggle='tooltip' data-placement='right' title='极值过滤'>--</span>", "*", "*", "维护"], ["江苏省", "长江流域", "<span data-toggle='tooltip' data-placement='right' title='所在地市:扬州市&#10;所属河流:夹江'>三江营</span>", null, "", "--", "--", "--", "--", "--", "--", "--", "--", "--", "*", "*", "停站"], ["江苏省", "淮河流域", "<span data-toggle='tooltip' data-placement='right' title='所在地市:宿迁市&#10;所属河流:新濉河'>大屈</span>", "06-23 08:00", "Ⅳ", "<span data-toggle='tooltip' data-placement='right' title='原始值：23.6'>23.6</span>", "<span data-toggle='tooltip' data-placement='right' title='原始值：7.68'>7.68</span>", "<span data-toggle='tooltip' data-placement='right' title='原始值：5.81'>5.81</span>", "<span data-toggle='tooltip' data-placement='right' title='原始值：567.6'>567.6</span>", "<span data-toggle='tooltip' data-placement='right' title='原始值：26.23'>26.2</span>", "<span data-toggle='tooltip' data-placement='right' title='原始值：6.46'>6.46</span>", "<span data-toggle='tooltip' data-placement='right' title='原始值：0.84'>0.840</span>", "<span data-toggle='tooltip' data-placement='right' title='原始值：0.083'>0.083</span>", "<span data-toggle='tooltip' data-placement='right' title='原始值：5.285'>5.28</span>", "*", "*", "正常"], ["浙江省", "浙闽片河流", "<span data-toggle='tooltip' data-placement='right' title='所在地市:杭州市&#10;所属河流:新安江'>街口(鸠坑口)</span>", null, "", "--", "--", "--", "--", "--", "--", "--", "--", "--", "*", "*", "停站"], ["浙江省", "太湖流域", "<span data-toggle='tooltip' data-placement='right' title='所在地市:嘉兴市&#10;所属河流:斜路港河'>斜路港</span>", "06-23 08:00", "Ⅴ", "<span data-toggle='tooltip' data-placement='right' title='原始值：25.2'>25.2</span>", "<span data-toggle='tooltip' data-placement='right' title='原始值：7.08'>7.08</span>", "<span data-toggle='tooltip' data-placement='right' title='原始值：2.33'>2.33</span>", "<span data-toggle='tooltip' data-placement='right' title='原始值：570'>570.0</span>", "<span data-toggle='tooltip' data-placement='right' title='原始值：37.5'>37.5</span>", "<span data-toggle='tooltip' data-placement='right' title='原始值：8.73'>8.73</span>", "<span data-toggle='tooltip' data-placement='right' title='原始值：0.23822'>0.238</span>", "<span data-toggle='tooltip' data-placement='right' title='原始值：0.07103'>0.071</span>", "<span data-toggle='tooltip' data-placement='right' title='原始值：1.20699'>1.21</span>", "*", "*", "正常"], ["浙江省", "太湖流域", "<span data-toggle='tooltip' data-placement='right' title='所在地市:嘉兴市&#10;所属河流:京杭运河'>王江泾</span>", null, "", "--", "--", "--", "--", "--", "--", "--", "--", "--", "*", "*", "停站"], ["浙江省", "太湖流域", "<span data-toggle='tooltip' data-placement='right' title='所在地市:湖州市&#10;所属河流:西苕溪'>新港口(新塘港)</span>", "06-23 08:00", "Ⅱ", "<span data-toggle='tooltip' data-placement='right' title='原始值：23.2867'>23.3</span>", "<span data-toggle='tooltip' data-placement='right' title='原始值：6.97162'>6.97</span>", "<span data-toggle='tooltip' data-placement='right' title='原始值：7.08994'>7.09</span>", "<span data-toggle='tooltip' data-placement='right' title='原始值：178.668'>178.7</span>", "<span data-toggle='tooltip' data-placement='right' title='原始值：183.088'>183.1</span>", "<span data-toggle='tooltip' data-placement='right' title='原始值：3.22761'>3.23</span>", "<span data-toggle='tooltip' data-placement='right' title='原始值：0.19501'>0.195</span>", "<span data-toggle='tooltip' data-placement='right' title='原始值：0.02773'>0.028</span>", "<span data-toggle='tooltip' data-placement='right' title='原始值：9.42702'>9.43</span>", "*", "*", "正常"], ["安徽省", "巢湖流域", "<span data-toggle='tooltip' data-placement='right' title='所在地市:合肥市&#10;所属河流:巢湖'>湖滨(老)</span>", "06-23 08:00", "Ⅳ", "<span data-toggle='tooltip' data-placement='right' title='原始值：25.02106'>25.0</span>", "<span data-toggle='tooltip' data-placement='right' title='原始值：6.30804'>6.31</span>", "<span data-toggle='tooltip' data-placement='right' title='原始值：4.76938'>4.77</span>", "<span data-toggle='tooltip' data-placement='right' title='原始值：403.4283'>403.4</span>", "<span data-toggle='tooltip' data-placement='right' title='原始值：255.5803'>255.6</span>", "<span data-toggle='tooltip' data-placement='right' title='原始值：6.59'>6.59</span>", "<span data-toggle='tooltip' data-placement='right' title='原始值：0.32'>0.320</span>", "<span data-toggle='tooltip' data-placement='right' title='原始值：0.0405'>0.040</span>", "<span data-toggle='tooltip' data-placement='right' title='原始值：2.375'>2.38</span>", "<span data-toggle='tooltip' data-placement='right' title='原始值：0.01009'>0.010</span>", "*", "正常"], ["安徽省", "巢湖流域", "<span data-toggle='tooltip' data-placement='right' title='所在地市:芜湖市&#10;所属河流:巢湖'>裕溪口(老)</span>", "06-23 08:00", "Ⅳ", "<span data-toggle='tooltip' data-placement='right' title='原始值：24.53332'>24.5</span>", "<span data-toggle='tooltip' data-placement='right' title='原始值：8.111'>8.11</span>", "<span data-toggle='tooltip' data-placement='right' title='原始值：7.70354'>7.70</span>", "<span data-toggle='tooltip' data-placement='right' title='原始值：417.2633'>417.3</span>", "<span data-toggle='tooltip' data-placement='right' title='原始值：84.65372'>84.7</span>", "<span data-toggle='tooltip' data-placement='right' title='原始值：5.41'>5.41</span>", "<span data-toggle='tooltip' data-placement='right' title='原始值：0.19'>0.190</span>", "<span data-toggle='tooltip' data-placement='right' title='原始值：0.0991'>0.099</span>", "<span data-toggle='tooltip' data-placement='right' title='原始值：2.712'>2.71</span>", "*", "*", "正常"], ["安徽省", "淮河流域", "<span data-toggle='tooltip' data-placement='right' title='所在地市:蚌埠市&#10;所属河流:淮河'>蚌埠闸上(蚌埠闸)</span>", null, "", "--", "--", "--", "--", "--", "--", "--", "--", "--", "*", "*", "停站"], ["安徽省", "淮河流域", "<span data-toggle='tooltip' data-placement='right' title='所在地市:淮南市&#10;所属河流:淮河'>石头埠(老)</span>", "06-23 08:00", "Ⅳ", "<span data-toggle='tooltip' data-placement='right' title='原始值：23.99856'>24.0</span>", "<span data-toggle='tooltip' data-placement='right' title='原始值：6.91585'>6.92</span>", "<span data-toggle='tooltip' data-placement='right' title='原始值：4.26572'>4.27</span>", "<span data-toggle='tooltip' data-placement='right' title='原始值：363.3265'>363.3</span>", "<span data-toggle='tooltip' data-placement='right' title='原始值：98.28322'>98.3</span>", "<span data-toggle='tooltip' data-placement='right' title='原始值：6.30003'>6.30</span>", "<span data-toggle='tooltip' data-placement='right' title='原始值：0.15'>0.150</span>", "*", "*", "*", "*", "正常"], ["安徽省", "淮河流域", "<span data-toggle='tooltip' data-placement='right' title='所在地市:淮北市&#10;所属河流:沱河'>小王桥</span>", "06-23 08:00", "Ⅳ", "<span data-toggle='tooltip' data-placement='right' title='原始值：25.12'>25.1</span>", "<span data-toggle='tooltip' data-placement='right' title='原始值：8.29'>8.29</span>", "<span data-toggle='tooltip' data-placement='right' title='原始值：9.38'>9.38</span>", "<span data-toggle='tooltip' data-placement='right' title='原始值：1795.52'>1795.5</span>", "<span data-toggle='tooltip' data-placement='right' title='原始值：53.41'>53.4</span>", "<span data-toggle='tooltip' data-placement='right' title='原始值：6.142'>6.14</span>", "<span data-toggle='tooltip' data-placement='right' title='原始值：0.211'>0.211</span>", "<span data-toggle='tooltip' data-placement='right' title='原始值：0.154'>0.154</span>", "<span data-toggle='tooltip' data-placement='right' title='极值过滤'>--</span>", "*", "*", "维护"], ["安徽省", "长江流域", "<span data-toggle='tooltip' data-placement='right' title='所在地市:安庆市&#10;所属河流:长江'>皖河口</span>", null, "", "--", "--", "--", "--", "--", "--", "--", "--", "--", "*", "*", "停站"], ["安徽省", "淮河流域", "<span data-toggle='tooltip' data-placement='right' title='所在地市:滁州市&#10;所属河流:淮河'>小柳巷</span>", "06-23 08:00", "Ⅳ", "<span data-toggle='tooltip' data-placement='right' title='原始值：25.3'>25.3</span>", "<span data-toggle='tooltip' data-placement='right' title='原始值：7.01'>7.01</span>", "<span data-toggle='tooltip' data-placement='right' title='原始值：4.6'>4.60</span>", "<span data-toggle='tooltip' data-placement='right' title='原始值：339.1'>339.1</span>", "<span data-toggle='tooltip' data-placement='right' title='原始值：105.15'>105.2</span>", "<span data-toggle='tooltip' data-placement='right' title='原始值：3.48'>3.48</span>", "<span data-toggle='tooltip' data-placement='right' title='原始值：0.06'>0.060</span>", "<span data-toggle='tooltip' data-placement='right' title='原始值：0.171'>0.171</span>", "<span data-toggle='tooltip' data-placement='right' title='原始值：2.002'>2.00</span>", "*", "*", "正常"], ["安徽省", "淮河流域", "<span data-toggle='tooltip' data-placement='right' title='所在地市:阜阳市&#10;所属河流:黑茨河'>张大桥</span>", "06-23 08:00", "Ⅳ", "<span data-toggle='tooltip' data-placement='right' title='原始值：25.2'>25.2</span>", "<span data-toggle='tooltip' data-placement='right' title='原始值：8.14'>8.14</span>", "<span data-toggle='tooltip' data-placement='right' title='原始值：9.55'>9.55</span>", "<span data-toggle='tooltip' data-placement='right' title='原始值：1919.5'>1919.5</span>", "<span data-toggle='tooltip' data-placement='right' title='原始值：77.16'>77.2</span>", "<span data-toggle='tooltip' data-placement='right' title='原始值：3.72'>3.72</span>", "<span data-toggle='tooltip' data-placement='right' title='原始值：0.04'>0.040</span>", "<span data-toggle='tooltip' data-placement='right' title='原始值：0.292'>0.292</span>", "<span data-toggle='tooltip' data-placement='right' title='原始值：5.341'>5.34</span>", "*", "*", "正常"], ["安徽省", "淮河流域", "<span data-toggle='tooltip' data-placement='right' title='所在地市:阜阳市&#10;所属河流:淮河'>王家坝</span>", "06-23 08:00", "Ⅳ", "<span data-toggle='tooltip' data-placement='right' title='原始值：24.62996'>24.6</span>", "<span data-toggle='tooltip' data-placement='right' title='原始值：7.01927'>7.02</span>", "<span data-toggle='tooltip' data-placement='right' title='原始值：3.93847'>3.94</span>", "<span data-toggle='tooltip' data-placement='right' title='原始值：361.6727'>361.7</span>", "<span data-toggle='tooltip' data-placement='right' title='原始值：83.33708'>83.3</span>", "<span data-toggle='tooltip' data-placement='right' title='原始值：4.17'>4.17</span>", "<span data-toggle='tooltip' data-placement='right' title='原始值：0.249'>0.249</span>", "<span data-toggle='tooltip' data-placement='right' title='原始值：0.23853'>0.239</span>", "<span data-toggle='tooltip' data-placement='right' title='原始值：1.83026'>1.83</span>", "*", "*", "正常"], ["安徽省", "淮河流域", "<span data-toggle='tooltip' data-placement='right' title='所在地市:阜阳市&#10;所属河流:颍河'>界首七渡口(七渡口)</span>", "06-23 08:00", "Ⅴ", "<span data-toggle='tooltip' data-placement='right' title='原始值：13.88478'>13.9</span>", "<span data-toggle='tooltip' data-placement='right' title='原始值：7.64904'>7.65</span>", "<span data-toggle='tooltip' data-placement='right' title='原始值：2.9386'>2.94</span>", "<span data-toggle='tooltip' data-placement='right' title='原始值：855.3626'>855.4</span>", "<span data-toggle='tooltip' data-placement='right' title='原始值：12.65625'>12.7</span>", "<span data-toggle='tooltip' data-placement='right' title='原始值：4.02'>4.02</span>", "<span data-toggle='tooltip' data-placement='right' title='原始值：0.69'>0.690</span>", "<span data-toggle='tooltip' data-placement='right' title='原始值：0.13052'>0.131</span>", "<span data-toggle='tooltip' data-placement='right' title='原始值：3.59003'>3.59</span>", "*", "*", "正常"], ["安徽省", "淮河流域", "<span data-toggle='tooltip' data-placement='right' title='所在地市:阜阳市&#10;所属河流:泉河'>许庄(徐庄)</span>", "06-23 08:00", "劣Ⅴ", "<span data-toggle='tooltip' data-placement='right' title='原始值：23.3'>23.3</span>", "<span data-toggle='tooltip' data-placement='right' title='原始值：7.45'>7.45</span>", "<span data-toggle='tooltip' data-placement='right' title='原始值：6.72'>6.72</span>", "<span data-toggle='tooltip' data-placement='right' title='原始值：995.4'>995.4</span>", "<span data-toggle='tooltip' data-placement='right' title='原始值：43.47'>43.5</span>", "<span data-toggle='tooltip' data-placement='right' title='原始值：4.47'>4.47</span>", "<span data-toggle='tooltip' data-placement='right' title='原始值：3.92'>3.920</span>", "<span data-toggle='tooltip' data-placement='right' title='原始值：0.19'>0.190</span>", "<span data-toggle='tooltip' data-placement='right' title='原始值：1.34'>1.34</span>", "*", "*", "正常"], ["安徽省", "淮河流域", "<span data-toggle='tooltip' data-placement='right' title='所在地市:宿州市&#10;所属河流:奎河'>杨庄</span>", "06-23 08:00", "劣Ⅴ", "<span data-toggle='tooltip' data-placement='right' title='原始值：24.7'>24.7</span>", "<span data-toggle='tooltip' data-placement='right' title='原始值：7.23'>7.23</span>", "<span data-toggle='tooltip' data-placement='right' title='原始值：4.28'>4.28</span>", "<span data-toggle='tooltip' data-placement='right' title='原始值：839'>839.0</span>", "<span data-toggle='tooltip' data-placement='right' title='原始值：367.51'>367.5</span>", "<span data-toggle='tooltip' data-placement='right' title='原始值：3.97'>3.97</span>", "<span data-toggle='tooltip' data-placement='right' title='原始值：2.227'>2.227</span>", "*", "*", "*", "*", "正常"], ["安徽省", "淮河流域", "<span data-toggle='tooltip' data-placement='right' title='所在地市:宿州市&#10;所属河流:新汴河'>泗县公路桥</span>", "06-23 08:00", "Ⅱ", "<span data-toggle='tooltip' data-placement='right' title='原始值：24.7'>24.7</span>", "<span data-toggle='tooltip' data-placement='right' title='原始值：8.36'>8.36</span>", "<span data-toggle='tooltip' data-placement='right' title='原始值：8.04'>8.04</span>", "<span data-toggle='tooltip' data-placement='right' title='原始值：1315'>1315.0</span>", "<span data-toggle='tooltip' data-placement='right' title='原始值：73.55'>73.6</span>", "<span data-toggle='tooltip' data-placement='right' title='原始值：2.93'>2.93</span>", "<span data-toggle='tooltip' data-placement='right' title='原始值：0.13'>0.130</span>", "*", "*", "*", "*", "正常"], ["安徽省", "淮河流域", "<span data-toggle='tooltip' data-placement='right' title='所在地市:亳州市&#10;所属河流:包河'>颜集</span>", "06-23 08:00", "", "<span data-toggle='tooltip' data-placement='right' title='原始值：24.6'>24.6</span>", "<span data-toggle='tooltip' data-placement='right' title='原始值：7.59'>7.59</span>", "<span data-toggle='tooltip' data-placement='right' title='原始值：4.74'>4.74</span>", "<span data-toggle='tooltip' data-placement='right' title='原始值：1312.6'>1312.6</span>", "<span data-toggle='tooltip' data-placement='right' title='原始值：249.91'>249.9</span>", "<span data-toggle='tooltip' data-placement='right' title='原始值：4.47'>4.47</span>", "<span data-toggle='tooltip' data-placement='right' title='原始值：0.21'>0.210</span>", "<span data-toggle='tooltip' data-placement='right' title='极值过滤'>--</span>", "<span data-toggle='tooltip' data-placement='right' title='原始值：1.897'>1.90</span>", "*", "*", "维护"], ["福建省", "浙闽片河流", "<span data-toggle='tooltip' data-placement='right' title='所在地市:福州市&#10;所属河流:闽江'>白岩潭</span>", "06-23 08:00", "Ⅱ", "<span data-toggle='tooltip' data-placement='right' title='原始值：27.27'>27.3</span>", "<span data-toggle='tooltip' data-placement='right' title='原始值：6.33'>6.33</span>", "<span data-toggle='tooltip' data-placement='right' title='原始值：7.14'>7.14</span>", "<span data-toggle='tooltip' data-placement='right' title='原始值：121.5'>121.5</span>", "<span data-toggle='tooltip' data-placement='right' title='原始值：22.49'>22.5</span>", "<span data-toggle='tooltip' data-placement='right' title='原始值：2.09'>2.09</span>", "<span data-toggle='tooltip' data-placement='right' title='原始值：0.05'>0.050</span>", "*", "*", "*", "*", "正常"], ["江西省", "长江流域", "<span data-toggle='tooltip' data-placement='right' title='所在地市:南昌市&#10;所属河流:赣江南支'>滁槎</span>", null, "", "--", "--", "--", "--", "--", "--", "--", "--", "--", "*", "*", "维护"], ["江西省", "长江流域", "<span data-toggle='tooltip' data-placement='right' title='所在地市:九江市&#10;所属河流:长江'>姚港(河西水厂)</span>", null, "", "--", "--", "--", "--", "--", "--", "--", "--", "--", "*", "*", "停站"], ["江西省", "长江流域", "<span data-toggle='tooltip' data-placement='right' title='所在地市:九江市&#10;所属河流:鄱阳湖'>蛤蟆石</span>", null, "", "--", "--", "--", "--", "--", "--", "--", "--", "--", "--", "--", "停站"], ["山东省", "黄河流域", "<span data-toggle='tooltip' data-placement='right' title='所在地市:济南市&#10;所属河流:黄河'>泺口</span>", "06-23 08:00", "Ⅱ", "<span data-toggle='tooltip' data-placement='right' title='原始值：25.6481'>25.6</span>", "<span data-toggle='tooltip' data-placement='right' title='原始值：8.35944'>8.36</span>", "<span data-toggle='tooltip' data-placement='right' title='原始值：7.23828'>7.24</span>", "<span data-toggle='tooltip' data-placement='right' title='原始值：957.722'>957.7</span>", "<span data-toggle='tooltip' data-placement='right' title='原始值：1434.23'>1434.2</span>", "<span data-toggle='tooltip' data-placement='right' title='原始值：2.46'>2.46</span>", "<span data-toggle='tooltip' data-placement='right' title='原始值：0.15976'>0.160</span>", "<span data-toggle='tooltip' data-placement='right' title='原始值：0.01229'>0.012</span>", "<span data-toggle='tooltip' data-placement='right' title='原始值：3.675'>3.68</span>", "*", "*", "正常"], ["山东省", "淮河流域", "<span data-toggle='tooltip' data-placement='right' title='所在地市:枣庄市&#10;所属河流:京杭大运河（韩庄运河）'>台儿庄大桥</span>", "06-23 08:00", "Ⅱ", "<span data-toggle='tooltip' data-placement='right' title='原始值：24.30046'>24.3</span>", "<span data-toggle='tooltip' data-placement='right' title='原始值：7.7072'>7.71</span>", "<span data-toggle='tooltip' data-placement='right' title='原始值：6.54221'>6.54</span>", "<span data-toggle='tooltip' data-placement='right' title='原始值：727.9888'>728.0</span>", "<span data-toggle='tooltip' data-placement='right' title='原始值：29.93369'>29.9</span>", "<span data-toggle='tooltip' data-placement='right' title='原始值：3.08725'>3.09</span>", "<span data-toggle='tooltip' data-placement='right' title='原始值：0.11914'>0.119</span>", "<span data-toggle='tooltip' data-placement='right' title='原始值：0.05291'>0.053</span>", "<span data-toggle='tooltip' data-placement='right' title='原始值：1.54778'>1.55</span>", "*", "*", "正常"], ["山东省", "淮河流域", "<span data-toggle='tooltip' data-placement='right' title='所在地市:临沂市&#10;所属河流:沭河'>清泉寺</span>", "06-23 08:00", "Ⅳ", "<span data-toggle='tooltip' data-placement='right' title='原始值：24.78127'>24.8</span>", "<span data-toggle='tooltip' data-placement='right' title='原始值：8.40266'>8.40</span>", "<span data-toggle='tooltip' data-placement='right' title='原始值：8.56176'>8.56</span>", "<span data-toggle='tooltip' data-placement='right' title='原始值：1269.507'>1269.5</span>", "<span data-toggle='tooltip' data-placement='right' title='原始值：20.00288'>20.0</span>", "<span data-toggle='tooltip' data-placement='right' title='原始值：8.60999'>8.61</span>", "<span data-toggle='tooltip' data-placement='right' title='原始值：0.15'>0.150</span>", "*", "*", "*", "*", "正常"], ["山东省", "淮河流域", "<span data-toggle='tooltip' data-placement='right' title='所在地市:临沂市&#10;所属河流:沂河'>重坊桥</span>", "06-23 08:00", "Ⅲ", "<span data-toggle='tooltip' data-placement='right' title='原始值：24.60185'>24.6</span>", "<span data-toggle='tooltip' data-placement='right' title='原始值：7.47268'>7.47</span>", "<span data-toggle='tooltip' data-placement='right' title='原始值：6.42065'>6.42</span>", "<span data-toggle='tooltip' data-placement='right' title='原始值：834.1945'>834.2</span>", "<span data-toggle='tooltip' data-placement='right' title='原始值：14.8537'>14.9</span>", "<span data-toggle='tooltip' data-placement='right' title='原始值：4.23'>4.23</span>", "<span data-toggle='tooltip' data-placement='right' title='原始值：0.21596'>0.216</span>", "*", "*", "*", "*", "正常"], ["山东省", "淮河流域", "<span data-toggle='tooltip' data-placement='right' title='所在地市:临沂市&#10;所属河流:白马河'>捷庄(涝沟桥)</span>", "06-23 08:00", "Ⅳ", "<span data-toggle='tooltip' data-placement='right' title='原始值：24.79995'>24.8</span>", "<span data-toggle='tooltip' data-placement='right' title='原始值：7.21'>7.21</span>", "<span data-toggle='tooltip' data-placement='right' title='原始值：5.84985'>5.85</span>", "<span data-toggle='tooltip' data-placement='right' title='原始值：847.9833'>848.0</span>", "<span data-toggle='tooltip' data-placement='right' title='原始值：24.4981'>24.5</span>", "<span data-toggle='tooltip' data-placement='right' title='原始值：6.57'>6.57</span>", "<span data-toggle='tooltip' data-placement='right' title='原始值：1.07513'>1.075</span>", "<span data-toggle='tooltip' data-placement='right' title='原始值：0.19442'>0.194</span>", "<span data-toggle='tooltip' data-placement='right' title='原始值：3.36577'>3.37</span>", "*", "*", "正常"], ["山东省", "海河流域", "<span data-toggle='tooltip' data-placement='right' title='所在地市:聊城市&#10;所属河流:卫运河'>秤勾湾(秤钩湾)</span>", null, "", "--", "--", "--", "--", "--", "--", "--", "--", "--", "*", "*", "停站"], ["河南省", "长江流域", "<span data-toggle='tooltip' data-placement='right' title='所在地市:南阳市&#10;所属河流:丹江口水库'>陶岔</span>", null, "", "--", "--", "--", "--", "--", "--", "--", "--", "--", "--", "--", "维护"], ["河南省", "淮河流域", "<span data-toggle='tooltip' data-placement='right' title='所在地市:商丘市&#10;所属河流:浍河'>黄口</span>", "06-23 08:00", "Ⅳ", "<span data-toggle='tooltip' data-placement='right' title='原始值：24.49961'>24.5</span>", "<span data-toggle='tooltip' data-placement='right' title='原始值：8.12004'>8.12</span>", "<span data-toggle='tooltip' data-placement='right' title='原始值：6.85008'>6.85</span>", "<span data-toggle='tooltip' data-placement='right' title='原始值：2041.75'>2041.8</span>", "<span data-toggle='tooltip' data-placement='right' title='原始值：24.87224'>24.9</span>", "<span data-toggle='tooltip' data-placement='right' title='原始值：6.43'>6.43</span>", "<span data-toggle='tooltip' data-placement='right' title='原始值：0.03587'>0.036</span>", "<span data-toggle='tooltip' data-placement='right' title='原始值：0.0625'>0.062</span>", "<span data-toggle='tooltip' data-placement='right' title='原始值：0.9319'>0.93</span>", "*", "*", "正常"], ["河南省", "淮河流域", "<span data-toggle='tooltip' data-placement='right' title='所在地市:信阳市&#10;所属河流:史灌河'>蒋集</span>", "06-23 08:00", "Ⅳ", "<span data-toggle='tooltip' data-placement='right' title='原始值：24.81162'>24.8</span>", "<span data-toggle='tooltip' data-placement='right' title='原始值：6.66931'>6.67</span>", "<span data-toggle='tooltip' data-placement='right' title='原始值：4.83006'>4.83</span>", "<span data-toggle='tooltip' data-placement='right' title='原始值：199.0625'>199.1</span>", "<span data-toggle='tooltip' data-placement='right' title='原始值：198.7459'>198.7</span>", "<span data-toggle='tooltip' data-placement='right' title='原始值：4.05'>4.05</span>", "<span data-toggle='tooltip' data-placement='right' title='原始值：0.20144'>0.201</span>", "*", "*", "*", "*", "正常"], ["河南省", "淮河流域", "<span data-toggle='tooltip' data-placement='right' title='所在地市:信阳市&#10;所属河流:淮河'>淮滨水文站(淮滨)</span>", "06-23 08:00", "Ⅳ", "<span data-toggle='tooltip' data-placement='right' title='原始值：22.7'>22.7</span>", "<span data-toggle='tooltip' data-placement='right' title='原始值：6.63'>6.63</span>", "<span data-toggle='tooltip' data-placement='right' title='原始值：4.55002'>4.55</span>", "<span data-toggle='tooltip' data-placement='right' title='原始值：214'>214.0</span>", "<span data-toggle='tooltip' data-placement='right' title='原始值：136.9664'>137.0</span>", "<span data-toggle='tooltip' data-placement='right' title='原始值：2.9653'>2.97</span>", "<span data-toggle='tooltip' data-placement='right' title='原始值：0.10798'>0.108</span>", "<span data-toggle='tooltip' data-placement='right' title='原始值：0.21287'>0.213</span>", "<span data-toggle='tooltip' data-placement='right' title='原始值：1.56049'>1.56</span>", "*", "*", "正常"], ["河南省", "淮河流域", "<span data-toggle='tooltip' data-placement='right' title='所在地市:周口市&#10;所属河流:沙河'>沈丘闸</span>", "06-23 08:00", "Ⅳ", "<span data-toggle='tooltip' data-placement='right' title='原始值：23.56657'>23.6</span>", "<span data-toggle='tooltip' data-placement='right' title='原始值：7.58292'>7.58</span>", "<span data-toggle='tooltip' data-placement='right' title='原始值：4.03496'>4.03</span>", "<span data-toggle='tooltip' data-placement='right' title='原始值：765.7091'>765.7</span>", "<span data-toggle='tooltip' data-placement='right' title='原始值：11.61554'>11.6</span>", "<span data-toggle='tooltip' data-placement='right' title='原始值：4.385'>4.38</span>", "<span data-toggle='tooltip' data-placement='right' title='原始值：0.89'>0.890</span>", "*", "*", "*", "*", "正常"], ["河南省", "淮河流域", "<span data-toggle='tooltip' data-placement='right' title='所在地市:周口市&#10;所属河流:涡河'>鹿邑付桥(鹿邑付桥闸)</span>", "06-23 08:00", "", "<span data-toggle='tooltip' data-placement='right' title='原始值：24.34564'>24.3</span>", "<span data-toggle='tooltip' data-placement='right' title='原始值：8.4529'>8.45</span>", "<span data-toggle='tooltip' data-placement='right' title='原始值：7.59336'>7.59</span>", "<span data-toggle='tooltip' data-placement='right' title='原始值：1399.551'>1399.6</span>", "<span data-toggle='tooltip' data-placement='right' title='原始值：13.87396'>13.9</span>", "<span data-toggle='tooltip' data-placement='right' title='原始值：2.8425'>2.84</span>", "<span data-toggle='tooltip' data-placement='right' title='极值过滤'>--</span>", "<span data-toggle='tooltip' data-placement='right' title='原始值：0.1417'>0.142</span>", "<span data-toggle='tooltip' data-placement='right' title='原始值：1.44335'>1.44</span>", "*", "*", "维护"], ["河南省", "淮河流域", "<span data-toggle='tooltip' data-placement='right' title='所在地市:驻马店市&#10;所属河流:洪河'>新蔡班台(班台)</span>", "06-23 04:00", "Ⅳ", "<span data-toggle='tooltip' data-placement='right' title='原始值：24.60406'>24.6</span>", "<span data-toggle='tooltip' data-placement='right' title='原始值：6.80988'>6.81</span>", "<span data-toggle='tooltip' data-placement='right' title='原始值：3.72905'>3.73</span>", "<span data-toggle='tooltip' data-placement='right' title='原始值：877.6686'>877.7</span>", "<span data-toggle='tooltip' data-placement='right' title='原始值：10.04453'>10.0</span>", "<span data-toggle='tooltip' data-placement='right' title='原始值：5.3'>5.30</span>", "<span data-toggle='tooltip' data-placement='right' title='原始值：1.22'>1.220</span>", "<span data-toggle='tooltip' data-placement='right' title='原始值：0.27086'>0.271</span>", "<span data-toggle='tooltip' data-placement='right' title='极值过滤'>--</span>", "*", "*", "维护"], ["河南省", "黄河流域", "<span data-toggle='tooltip' data-placement='right' title='所在地市:济源市&#10;所属河流:黄河'>小浪底水库(小浪底)</span>", "06-23 08:00", "Ⅱ", "<span data-toggle='tooltip' data-placement='right' title='原始值：24.02868'>24.0</span>", "<span data-toggle='tooltip' data-placement='right' title='原始值：8.64892'>8.65</span>", "<span data-toggle='tooltip' data-placement='right' title='原始值：6.23388'>6.23</span>", "<span data-toggle='tooltip' data-placement='right' title='原始值：924.8683'>924.9</span>", "<span data-toggle='tooltip' data-placement='right' title='原始值：5.02128'>5.0</span>", "<span data-toggle='tooltip' data-placement='right' title='原始值：0.69'>0.69</span>", "<span data-toggle='tooltip' data-placement='right' title='原始值：0.09'>0.090</span>", "<span data-toggle='tooltip' data-placement='right' title='原始值：0.0345'>0.034</span>", "<span data-toggle='tooltip' data-placement='right' title='原始值：2.38'>2.38</span>", "*", "*", "正常"], ["湖北省", "长江流域", "<span data-toggle='tooltip' data-placement='right' title='所在地市:武汉市&#10;所属河流:汉江'>宗关</span>", null, "", "--", "--", "--", "--", "--", "--", "--", "--", "--", "*", "*", "停站"], ["湖北省", "长江流域", "<span data-toggle='tooltip' data-placement='right' title='所在地市:十堰市&#10;所属河流:丹江口水库'>坝上中(胡家岭)</span>", null, "", "--", "--", "--", "--", "--", "--", "--", "--", "--", "--", "--", "维护"], ["湖北省", "长江流域", "<span data-toggle='tooltip' data-placement='right' title='所在地市:宜昌市&#10;所属河流:长江'>南津关</span>", null, "", "--", "--", "--", "--", "--", "--", "--", "--", "--", "*", "*", "停站"], ["湖南省", "长江流域", "<span data-toggle='tooltip' data-placement='right' title='所在地市:长沙市&#10;所属河流:湘江'>新港</span>", null, "", "--", "--", "--", "--", "--", "--", "--", "--", "--", "*", "*", "停站"], ["湖南省", "长江流域", "<span data-toggle='tooltip' data-placement='right' title='所在地市:岳阳市&#10;所属河流:洞庭湖'>岳阳楼</span>", null, "", "--", "--", "--", "--", "--", "--", "--", "--", "--", "--", "--", "停站"], ["湖南省", "长江流域", "<span data-toggle='tooltip' data-placement='right' title='所在地市:岳阳市&#10;所属河流:长江'>城陵矶</span>", null, "", "--", "--", "--", "--", "--", "--", "--", "--", "--", "*", "*", "停站"], ["广东省", "珠江流域", "<span data-toggle='tooltip' data-placement='right' title='所在地市:清远市&#10;所属河流:北江'>七星岗</span>", "06-23 08:00", "Ⅲ", "<span data-toggle='tooltip' data-placement='right' title='原始值：30.21195'>30.2</span>", "<span data-toggle='tooltip' data-placement='right' title='原始值：7.54324'>7.54</span>", "<span data-toggle='tooltip' data-placement='right' title='原始值：5.9901'>5.99</span>", "<span data-toggle='tooltip' data-placement='right' title='原始值：156.9637'>157.0</span>", "<span data-toggle='tooltip' data-placement='right' title='原始值：15.68106'>15.7</span>", "<span data-toggle='tooltip' data-placement='right' title='原始值：0.13'>0.13</span>", "<span data-toggle='tooltip' data-placement='right' title='原始值：0.11009'>0.110</span>", "<span data-toggle='tooltip' data-placement='right' title='原始值：0.02437'>0.024</span>", "<span data-toggle='tooltip' data-placement='right' title='原始值：1.7473'>1.75</span>", "*", "*", "正常"], ["广东省", "珠江流域", "<span data-toggle='tooltip' data-placement='right' title='所在地市:中山市&#10;所属河流:西江'>横栏</span>", null, "", "--", "--", "--", "--", "--", "--", "--", "--", "--", "*", "*", "停站"], ["广西壮族自治区", "珠江流域", "<span data-toggle='tooltip' data-placement='right' title='所在地市:南宁市&#10;所属河流:邕江'>老口</span>", "06-23 08:00", "Ⅱ", "<span data-toggle='tooltip' data-placement='right' title='原始值：28.20321'>28.2</span>", "<span data-toggle='tooltip' data-placement='right' title='原始值：7.72272'>7.72</span>", "<span data-toggle='tooltip' data-placement='right' title='原始值：6.68934'>6.69</span>", "<span data-toggle='tooltip' data-placement='right' title='原始值：313.8184'>313.8</span>", "<span data-toggle='tooltip' data-placement='right' title='原始值：7.54646'>7.5</span>", "<span data-toggle='tooltip' data-placement='right' title='原始值：0.91019'>0.91</span>", "<span data-toggle='tooltip' data-placement='right' title='原始值：0.10025'>0.100</span>", "<span data-toggle='tooltip' data-placement='right' title='原始值：0.02076'>0.021</span>", "<span data-toggle='tooltip' data-placement='right' title='原始值：2.17821'>2.18</span>", "*", "*", "正常"], ["广西壮族自治区", "珠江流域", "<span data-toggle='tooltip' data-placement='right' title='所在地市:桂林市&#10;所属河流:漓江'>阳朔</span>", "06-23 08:00", "Ⅱ", "<span data-toggle='tooltip' data-placement='right' title='原始值：25.7'>25.7</span>", "<span data-toggle='tooltip' data-placement='right' title='原始值：7.25'>7.25</span>", "<span data-toggle='tooltip' data-placement='right' title='原始值：6.60969'>6.61</span>", "<span data-toggle='tooltip' data-placement='right' title='原始值：147'>147.0</span>", "<span data-toggle='tooltip' data-placement='right' title='原始值：18.19966'>18.2</span>", "<span data-toggle='tooltip' data-placement='right' title='原始值：0.29'>0.29</span>", "<span data-toggle='tooltip' data-placement='right' title='原始值：0.03015'>0.030</span>", "<span data-toggle='tooltip' data-placement='right' title='原始值：0.00555'>0.006</span>", "<span data-toggle='tooltip' data-placement='right' title='原始值：1.8478'>1.85</span>", "*", "*", "正常"], ["广西壮族自治区", "珠江流域", "<span data-toggle='tooltip' data-placement='right' title='所在地市:梧州市&#10;所属河流:浔江'>界首</span>", null, "", "--", "--", "--", "--", "--", "--", "--", "--", "--", "*", "*", "停站"], ["广西壮族自治区", "珠江流域", "<span data-toggle='tooltip' data-placement='right' title='所在地市:贵港市&#10;所属河流:浔江'>石嘴</span>", "06-23 08:00", "", "<span data-toggle='tooltip' data-placement='right' title='原始值：26.57789'>26.6</span>", "<span data-toggle='tooltip' data-placement='right' title='原始值：7.57819'>7.58</span>", "<span data-toggle='tooltip' data-placement='right' title='原始值：8.26044'>8.26</span>", "<span data-toggle='tooltip' data-placement='right' title='原始值：332.4249'>332.4</span>", "<span data-toggle='tooltip' data-placement='right' title='原始值：45.16728'>45.2</span>", "<span data-toggle='tooltip' data-placement='right' title='原始值：1.65'>1.65</span>", "<span data-toggle='tooltip' data-placement='right' title='极值过滤'>--</span>", "<span data-toggle='tooltip' data-placement='right' title='原始值：0.02815'>0.028</span>", "<span data-toggle='tooltip' data-placement='right' title='原始值：2.22'>2.22</span>", "*", "*", "维护"], ["广西壮族自治区", "珠江流域", "<span data-toggle='tooltip' data-placement='right' title='所在地市:崇左市&#10;所属河流:平而河'>平而关</span>", "06-23 08:00", "Ⅲ", "<span data-toggle='tooltip' data-placement='right' title='原始值：32.16293'>32.2</span>", "<span data-toggle='tooltip' data-placement='right' title='原始值：7.7769'>7.78</span>", "<span data-toggle='tooltip' data-placement='right' title='原始值：6.71738'>6.72</span>", "<span data-toggle='tooltip' data-placement='right' title='原始值：190.83'>190.8</span>", "<span data-toggle='tooltip' data-placement='right' title='原始值：39.07172'>39.1</span>", "<span data-toggle='tooltip' data-placement='right' title='原始值：1.45513'>1.46</span>", "<span data-toggle='tooltip' data-placement='right' title='原始值：0.78'>0.780</span>", "*", "*", "*", "*", "正常"], ["重庆市", "长江流域", "<span data-toggle='tooltip' data-placement='right' title='所在地市:永川区&#10;所属河流:长江'>朱沱</span>", null, "", "--", "--", "--", "--", "--", "--", "--", "--", "--", "*", "*", "停站"], ["四川省", "长江流域", "<span data-toggle='tooltip' data-placement='right' title='所在地市:攀枝花市&#10;所属河流:金沙江'>龙洞</span>", null, "", "--", "--", "--", "--", "--", "--", "--", "--", "--", "*", "*", "停站"], ["四川省", "长江流域", "<span data-toggle='tooltip' data-placement='right' title='所在地市:泸州市&#10;所属河流:沱江'>沱江大桥(沱江二桥)</span>", null, "", "--", "--", "--", "--", "--", "--", "--", "--", "--", "*", "*", "停站"], ["四川省", "长江流域", "<span data-toggle='tooltip' data-placement='right' title='所在地市:广元市&#10;所属河流:嘉陵江'>清风峡</span>", "06-23 08:00", "Ⅱ", "<span data-toggle='tooltip' data-placement='right' title='原始值：23.4'>23.4</span>", "<span data-toggle='tooltip' data-placement='right' title='原始值：8.01001'>8.01</span>", "<span data-toggle='tooltip' data-placement='right' title='原始值：9.04666'>9.05</span>", "<span data-toggle='tooltip' data-placement='right' title='原始值：309'>309.0</span>", "<span data-toggle='tooltip' data-placement='right' title='原始值：80.52129'>80.5</span>", "<span data-toggle='tooltip' data-placement='right' title='原始值：2.2'>2.20</span>", "<span data-toggle='tooltip' data-placement='right' title='原始值：0.05947'>0.059</span>", "*", "*", "*", "*", "正常"], ["四川省", "长江流域", "<span data-toggle='tooltip' data-placement='right' title='所在地市:乐山市&#10;所属河流:岷江'>岷江大桥</span>", "06-23 08:00", "Ⅱ", "<span data-toggle='tooltip' data-placement='right' title='原始值：21.71645'>21.7</span>", "<span data-toggle='tooltip' data-placement='right' title='原始值：7.49826'>7.50</span>", "<span data-toggle='tooltip' data-placement='right' title='原始值：8.25649'>8.26</span>", "<span data-toggle='tooltip' data-placement='right' title='原始值：310.4082'>310.4</span>", "<span data-toggle='tooltip' data-placement='right' title='原始值：173.525'>173.5</span>", "<span data-toggle='tooltip' data-placement='right' title='原始值：2.88'>2.88</span>", "<span data-toggle='tooltip' data-placement='right' title='原始值：0.2'>0.200</span>", "*", "*", "*", "*", "正常"], ["四川省", "长江流域", "<span data-toggle='tooltip' data-placement='right' title='所在地市:宜宾市&#10;所属河流:岷江'>凉姜沟</span>", null, "", "--", "--", "--", "--", "--", "--", "--", "--", "--", "*", "*", "停站"], ["云南省", "滇池流域", "<span data-toggle='tooltip' data-placement='right' title='所在地市:昆明市&#10;所属河流:滇池'>西苑隧道</span>", "06-23 08:00", "Ⅴ", "<span data-toggle='tooltip' data-placement='right' title='原始值：24.60802'>24.6</span>", "<span data-toggle='tooltip' data-placement='right' title='原始值：6.59126'>6.59</span>", "<span data-toggle='tooltip' data-placement='right' title='原始值：4.66326'>4.66</span>", "<span data-toggle='tooltip' data-placement='right' title='原始值：611.1994'>611.2</span>", "<span data-toggle='tooltip' data-placement='right' title='原始值：40.03022'>40.0</span>", "<span data-toggle='tooltip' data-placement='right' title='原始值：8.84'>8.84</span>", "<span data-toggle='tooltip' data-placement='right' title='原始值：0.54'>0.540</span>", "<span data-toggle='tooltip' data-placement='right' title='原始值：0.12088'>0.121</span>", "<span data-toggle='tooltip' data-placement='right' title='原始值：1.12549'>1.13</span>", "<span data-toggle='tooltip' data-placement='right' title='原始值：0.02895'>0.029</span>", "<span data-toggle='tooltip' data-placement='right' title='原始值：7965840'>7965840</span>", "正常"], ["云南省", "滇池流域", "<span data-toggle='tooltip' data-placement='right' title='所在地市:昆明市&#10;所属河流:滇池'>观音山</span>", "06-23 08:00", "Ⅴ", "<span data-toggle='tooltip' data-placement='right' title='原始值：24.05753'>24.1</span>", "<span data-toggle='tooltip' data-placement='right' title='原始值：7.63945'>7.64</span>", "<span data-toggle='tooltip' data-placement='right' title='原始值：6.29778'>6.30</span>", "<span data-toggle='tooltip' data-placement='right' title='原始值：438.9009'>438.9</span>", "<span data-toggle='tooltip' data-placement='right' title='原始值：40.73055'>40.7</span>", "<span data-toggle='tooltip' data-placement='right' title='原始值：10.95'>10.95</span>", "<span data-toggle='tooltip' data-placement='right' title='原始值：0.3'>0.300</span>", "<span data-toggle='tooltip' data-placement='right' title='原始值：0.1212'>0.121</span>", "<span data-toggle='tooltip' data-placement='right' title='原始值：1.341'>1.34</span>", "<span data-toggle='tooltip' data-placement='right' title='原始值：0.03901'>0.039</span>", "<span data-toggle='tooltip' data-placement='right' title='原始值：7699815'>7699815</span>", "正常"], ["云南省", "西南诸河", "<span data-toggle='tooltip' data-placement='right' title='所在地市:红河哈尼族彝族自治州&#10;所属河流:红河'>河口县医院(河口)</span>", "06-23 08:00", "", "<span data-toggle='tooltip' data-placement='right' title='原始值：24.8'>24.8</span>", "<span data-toggle='tooltip' data-placement='right' title='原始值：7.59984'>7.60</span>", "<span data-toggle='tooltip' data-placement='right' title='原始值：10.76'>10.76</span>", "<span data-toggle='tooltip' data-placement='right' title='原始值：42.99999'>43.0</span>", "<span data-toggle='tooltip' data-placement='right' title='原始值：2000'>2000.0</span>", "<span data-toggle='tooltip' data-placement='right' title='极值过滤'>--</span>", "<span data-toggle='tooltip' data-placement='right' title='原始值：0.33026'>0.330</span>", "<span data-toggle='tooltip' data-placement='right' title='原始值：0.0194'>0.019</span>", "<span data-toggle='tooltip' data-placement='right' title='原始值：1.00702'>1.01</span>", "*", "*", "维护"], ["云南省", "西南诸河", "<span data-toggle='tooltip' data-placement='right' title='所在地市:西双版纳傣族自治州&#10;所属河流:澜沧江'>橄榄坝</span>", "06-23 08:00", "", "<span data-toggle='tooltip' data-placement='right' title='原始值：17.978'>18.0</span>", "<span data-toggle='tooltip' data-placement='right' title='原始值：7.42427'>7.42</span>", "<span data-toggle='tooltip' data-placement='right' title='原始值：6.02123'>6.02</span>", "<span data-toggle='tooltip' data-placement='right' title='原始值：380.6145'>380.6</span>", "<span data-toggle='tooltip' data-placement='right' title='原始值：10.3467'>10.3</span>", "<span data-toggle='tooltip' data-placement='right' title='极值过滤'>--</span>", "<span data-toggle='tooltip' data-placement='right' title='原始值：0.12303'>0.123</span>", "*", "*", "*", "*", "维护"], ["陕西省", "黄河流域", "<span data-toggle='tooltip' data-placement='right' title='所在地市:渭南市&#10;所属河流:渭河'>潼关吊桥</span>", null, "", "--", "--", "--", "--", "--", "--", "--", "--", "--", "*", "*", "停站"], ["甘肃省", "黄河流域", "<span data-toggle='tooltip' data-placement='right' title='所在地市:兰州市&#10;所属河流:黄河'>新城桥</span>", "06-23 08:00", "Ⅱ", "<span data-toggle='tooltip' data-placement='right' title='原始值：17.64061'>17.6</span>", "<span data-toggle='tooltip' data-placement='right' title='原始值：6.4636'>6.46</span>", "<span data-toggle='tooltip' data-placement='right' title='原始值：7.63221'>7.63</span>", "<span data-toggle='tooltip' data-placement='right' title='原始值：366.4862'>366.5</span>", "<span data-toggle='tooltip' data-placement='right' title='原始值：133.2433'>133.2</span>", "<span data-toggle='tooltip' data-placement='right' title='原始值：2.23'>2.23</span>", "<span data-toggle='tooltip' data-placement='right' title='原始值：0.16'>0.160</span>", "<span data-toggle='tooltip' data-placement='right' title='原始值：0.03955'>0.040</span>", "<span data-toggle='tooltip' data-placement='right' title='原始值：2.65641'>2.66</span>", "*", "*", "正常"], ["宁夏回族自治区", "黄河流域", "<span data-toggle='tooltip' data-placement='right' title='所在地市:中卫市&#10;所属河流:黄河'>中卫下河沿(新墩)</span>", "06-23 08:00", "Ⅱ", "<span data-toggle='tooltip' data-placement='right' title='原始值：19.49795'>19.5</span>", "<span data-toggle='tooltip' data-placement='right' title='原始值：8.309'>8.31</span>", "<span data-toggle='tooltip' data-placement='right' title='原始值：7.15946'>7.16</span>", "<span data-toggle='tooltip' data-placement='right' title='原始值：481.4581'>481.5</span>", "<span data-toggle='tooltip' data-placement='right' title='原始值：348.6953'>348.7</span>", "<span data-toggle='tooltip' data-placement='right' title='原始值：3.19'>3.19</span>", "<span data-toggle='tooltip' data-placement='right' title='原始值：0.08'>0.080</span>", "<span data-toggle='tooltip' data-placement='right' title='原始值：0.0509'>0.051</span>", "<span data-toggle='tooltip' data-placement='right' title='原始值：2.4553'>2.46</span>", "*", "*", "正常"]]}