{"result": 1, "total": 2, "records": 100, "thead": ["省份", "流域", "断面名称", "监测时间", "水质类别", "水温<br/><span class='unit'>(℃)</span>", "pH<br/><span class='unit'>(无量纲)</span>", "溶解氧<br/><span class='unit'>(mg/L)</span>", "电导率<br/><span class='unit'>(μS/cm)</span>", "浊度<br/><span class='unit'>(NTU)</span>", "高锰酸盐指数<br/><span class='unit'>(mg/L)</span>", "氨氮<br/><span class='unit'>(mg/L)</span>", "总磷<br/><span class='unit'>(mg/L)</span>", "总氮<br/><span class='unit'>(mg/L)</span>", "叶绿素α<br/><span class='unit'>(mg/L)</span>", "藻密度<br/><span class='unit'>(cells/L)</span>", "站点情况"], "tbody": [["北京市", "海河流域", "<span data-toggle='tooltip' data-placement='right' title='所在地市:门头沟区&#10;所属河流:永定河'>沿河城</span>", null, "", "--", "--", "--", "--", "--", "--", "--", "--", "--", "*", "*", "停站"], ["北京市", "淮河流域", "<span data-toggle='tooltip' data-placement='right' title='所在地市:房山区&#10;所属河流:小清河'>八间房漫水桥</span>", "04-02 08:00", "Ⅲ", "<span data-toggle='tooltip' data-placement='right' title='原始值：15.1'>15.1</span>", "<span data-toggle='tooltip' data-placement='right' title='原始值：7.66'>7.66</span>", "<span data-toggle='tooltip' data-placement='right' title='原始值：8.15'>8.15</span>", "<span data-toggle='tooltip' data-placement='right' title='原始值：1095.4'>1095.4</span>", "<span data-toggle='tooltip' data-placement='right' title='原始值：28.03'>28.0</span>", "<span data-toggle='tooltip' data-placement='right' title='原始值：5.718'>5.72</span>", "<span data-toggle='tooltip' data-placement='right' title='原始值：0.016'>0.016</span>", "<span data-toggle='tooltip' data-placement='right' title='原始值：0.093'>0.093</span>", "<span data-toggle='tooltip' data-placement='right' title='原始值：3.38'>3.38</span>", "*", "*", "正常"], ["北京市", "海河流域", "<span data-toggle='tooltip' data-placement='right' title='所在地市:密云区&#10;所属河流:潮河'>古北口</span>", "04-02 08:00", "Ⅱ", "<span data-toggle='tooltip' data-placement='right' title='原始值：12.249'>12.2</span>", "<span data-toggle='tooltip' data-placement='right' title='原始值：7.86303'>7.86</span>", "<span data-toggle='tooltip' data-placement='right' title='原始值：10.50469'>10.50</span>", "<span data-toggle='tooltip' data-placement='right' title='原始值：612.2721'>612.3</span>", "<span data-toggle='tooltip' data-placement='right' title='原始值：7.6457'>7.6</span>", "<span data-toggle='tooltip' data-placement='right' title='原始值：0.58'>0.58</span>", "<span data-toggle='tooltip' data-placement='right' title='原始值：0.19'>0.190</span>", "<span data-toggle='tooltip' data-placement='right' title='原始值：0.0001'>0.0001</span>", "<span data-toggle='tooltip' data-placement='right' title='原始值：8.2011'>8.20</span>", "*", "*", "正常"], ["天津市", "海河流域", "<span data-toggle='tooltip' data-placement='right' title='所在地市:河北区&#10;所属河流:海河'>三岔口</span>", "04-02 08:00", "Ⅱ", "<span data-toggle='tooltip' data-placement='right' title='原始值：13.97'>14.0</span>", "<span data-toggle='tooltip' data-placement='right' title='原始值：7.9216'>7.92</span>", "<span data-toggle='tooltip' data-placement='right' title='原始值：9.874'>9.87</span>", "<span data-toggle='tooltip' data-placement='right' title='原始值：647.165'>647.2</span>", "<span data-toggle='tooltip' data-placement='right' title='原始值：12.863'>12.9</span>", "<span data-toggle='tooltip' data-placement='right' title='原始值：1.18'>1.18</span>", "<span data-toggle='tooltip' data-placement='right' title='原始值：0.07'>0.070</span>", "<span data-toggle='tooltip' data-placement='right' title='原始值：0.03'>0.030</span>", "<span data-toggle='tooltip' data-placement='right' title='原始值：0.976'>0.98</span>", "*", "*", "正常"], ["天津市", "海河流域", "<span data-toggle='tooltip' data-placement='right' title='所在地市:蓟州区&#10;所属河流:果河'>果河桥</span>", "04-02 08:00", "", "<span data-toggle='tooltip' data-placement='right' title='原始值：14.4'>14.4</span>", "<span data-toggle='tooltip' data-placement='right' title='原始值：8.51'>8.51</span>", "<span data-toggle='tooltip' data-placement='right' title='原始值：10.416'>10.42</span>", "<span data-toggle='tooltip' data-placement='right' title='原始值：765.237'>765.2</span>", "<span data-toggle='tooltip' data-placement='right' title='原始值：9'>9.0</span>", "<span data-toggle='tooltip' data-placement='right' title='原始值：1.46'>1.46</span>", "<span data-toggle='tooltip' data-placement='right' title='极值过滤'>--</span>", "<span data-toggle='tooltip' data-placement='right' title='原始值：0.05'>0.050</span>", "<span data-toggle='tooltip' data-placement='right' title='原始值：9'>9.00</span>", "*", "*", "维护"], ["河北省", "海河流域", "<span data-toggle='tooltip' data-placement='right' title='所在地市:石家庄市&#10;所属河流:滹沱河'>岗南水库</span>", "04-02 08:00", "Ⅱ", "<span data-toggle='tooltip' data-placement='right' title='原始值：13.71696'>13.7</span>", "<span data-toggle='tooltip' data-placement='right' title='原始值：8.85037'>8.85</span>", "<span data-toggle='tooltip' data-placement='right' title='原始值：14.84713'>14.85</span>", "<span data-toggle='tooltip' data-placement='right' title='原始值：558.8763'>558.9</span>", "<span data-toggle='tooltip' data-placement='right' title='原始值：4.01995'>4.0</span>", "<span data-toggle='tooltip' data-placement='right' title='原始值：2.31944'>2.32</span>", "<span data-toggle='tooltip' data-placement='right' title='原始值：0.08'>0.080</span>", "<span data-toggle='tooltip' data-placement='right' title='原始值：0.00552'>0.006</span>", "<span data-toggle='tooltip' data-placement='right' title='原始值：0.90716'>0.91</span>", "*", "*", "正常"], ["河北省", "海河流域", "<span data-toggle='tooltip' data-placement='right' title='所在地市:张家口市&#10;所属河流:永定河'>八号桥</span>", "04-02 08:00", "Ⅲ", "<span data-toggle='tooltip' data-placement='right' title='原始值：11.51154'>11.5</span>", "<span data-toggle='tooltip' data-placement='right' title='原始值：8.25784'>8.26</span>", "<span data-toggle='tooltip' data-placement='right' title='原始值：10.14588'>10.15</span>", "<span data-toggle='tooltip' data-placement='right' title='原始值：1306.575'>1306.6</span>", "<span data-toggle='tooltip' data-placement='right' title='原始值：27.00827'>27.0</span>", "<span data-toggle='tooltip' data-placement='right' title='原始值：4.45'>4.45</span>", "<span data-toggle='tooltip' data-placement='right' title='原始值：0.19'>0.190</span>", "<span data-toggle='tooltip' data-placement='right' title='原始值：0.147'>0.147</span>", "<span data-toggle='tooltip' data-placement='right' title='原始值：5.605'>5.60</span>", "*", "*", "正常"], ["山西省", "黄河流域", "<span data-toggle='tooltip' data-placement='right' title='所在地市:运城市&#10;所属河流:汾河'>河津大桥</span>", null, "", "--", "--", "--", "--", "--", "--", "--", "--", "--", "*", "*", "停站"], ["山西省", "黄河流域", "<span data-toggle='tooltip' data-placement='right' title='所在地市:忻州市&#10;所属河流:黄河'>万家寨水库</span>", null, "", "--", "--", "--", "--", "--", "--", "--", "--", "--", "*", "*", "停站"], ["内蒙古自治区", "黄河流域", "<span data-toggle='tooltip' data-placement='right' title='所在地市:包头市&#10;所属河流:黄河'>画匠营子</span>", "04-02 08:00", "Ⅱ", "<span data-toggle='tooltip' data-placement='right' title='原始值：11.99759'>12.0</span>", "<span data-toggle='tooltip' data-placement='right' title='原始值：8.07427'>8.07</span>", "<span data-toggle='tooltip' data-placement='right' title='原始值：9.22678'>9.23</span>", "<span data-toggle='tooltip' data-placement='right' title='原始值：1383.833'>1383.8</span>", "<span data-toggle='tooltip' data-placement='right' title='原始值：720.8042'>720.8</span>", "<span data-toggle='tooltip' data-placement='right' title='原始值：3.9292'>3.93</span>", "<span data-toggle='tooltip' data-placement='right' title='原始值：0.05684'>0.057</span>", "*", "*", "*", "*", "正常"], ["内蒙古自治区", "黄河流域", "<span data-toggle='tooltip' data-placement='right' title='所在地市:乌海市&#10;所属河流:黄河'>海勃湾</span>", "04-02 08:00", "Ⅰ", "<span data-toggle='tooltip' data-placement='right' title='原始值：10.35658'>10.4</span>", "<span data-toggle='tooltip' data-placement='right' title='原始值：7.99413'>7.99</span>", "<span data-toggle='tooltip' data-placement='right' title='原始值：9.6571'>9.66</span>", "<span data-toggle='tooltip' data-placement='right' title='原始值：798.1663'>798.2</span>", "<span data-toggle='tooltip' data-placement='right' title='原始值：21.0662'>21.1</span>", "<span data-toggle='tooltip' data-placement='right' title='原始值：1.81'>1.81</span>", "<span data-toggle='tooltip' data-placement='right' title='原始值：0.14'>0.140</span>", "*", "*", "*", "*", "正常"], ["内蒙古自治区", "松花江流域", "<span data-toggle='tooltip' data-placement='right' title='所在地市:呼伦贝尔市&#10;所属河流:额尔古纳河'>黑山头</span>", null, "", "--", "--", "--", "--", "--", "--", "--", "--", "--", "*", "*", "停站"], ["辽宁省", "辽河流域", "<span data-toggle='tooltip' data-placement='right' title='所在地市:抚顺市&#10;所属河流:浑河'>大伙房水库</span>", "04-02 08:00", "Ⅱ", "<span data-toggle='tooltip' data-placement='right' title='原始值：6.56384'>6.6</span>", "<span data-toggle='tooltip' data-placement='right' title='原始值：7.60954'>7.61</span>", "<span data-toggle='tooltip' data-placement='right' title='原始值：10.34829'>10.35</span>", "<span data-toggle='tooltip' data-placement='right' title='原始值：332.0931'>332.1</span>", "<span data-toggle='tooltip' data-placement='right' title='原始值：8.04911'>8.0</span>", "<span data-toggle='tooltip' data-placement='right' title='原始值：3.83442'>3.83</span>", "<span data-toggle='tooltip' data-placement='right' title='原始值：0.14'>0.140</span>", "<span data-toggle='tooltip' data-placement='right' title='原始值：0.01162'>0.012</span>", "<span data-toggle='tooltip' data-placement='right' title='原始值：3.52428'>3.52</span>", "<span data-toggle='tooltip' data-placement='right' title='原始值：0.00236'>0.002</span>", "*", "正常"], ["辽宁省", "辽河流域", "<span data-toggle='tooltip' data-placement='right' title='所在地市:丹东市&#10;所属河流:鸭绿江'>江桥</span>", "04-02 08:00", "Ⅰ", "<span data-toggle='tooltip' data-placement='right' title='原始值：8.5'>8.5</span>", "<span data-toggle='tooltip' data-placement='right' title='原始值：6.58'>6.58</span>", "<span data-toggle='tooltip' data-placement='right' title='原始值：11.69'>11.69</span>", "<span data-toggle='tooltip' data-placement='right' title='原始值：151'>151.0</span>", "<span data-toggle='tooltip' data-placement='right' title='原始值：12.24622'>12.2</span>", "<span data-toggle='tooltip' data-placement='right' title='原始值：1.05'>1.05</span>", "<span data-toggle='tooltip' data-placement='right' title='原始值：0.0812'>0.081</span>", "<span data-toggle='tooltip' data-placement='right' title='原始值：0.01932'>0.019</span>", "<span data-toggle='tooltip' data-placement='right' title='原始值：1.72439'>1.72</span>", "*", "*", "正常"], ["辽宁省", "辽河流域", "<span data-toggle='tooltip' data-placement='right' title='所在地市:营口市&#10;所属河流:大辽河'>辽河公园</span>", "04-02 08:00", "Ⅳ", "<span data-toggle='tooltip' data-placement='right' title='原始值：11.89051'>11.9</span>", "<span data-toggle='tooltip' data-placement='right' title='原始值：7.6983'>7.70</span>", "<span data-toggle='tooltip' data-placement='right' title='原始值：10.1992'>10.20</span>", "<span data-toggle='tooltip' data-placement='right' title='原始值：20465.29'>20465.3</span>", "<span data-toggle='tooltip' data-placement='right' title='原始值：446.3555'>446.4</span>", "<span data-toggle='tooltip' data-placement='right' title='原始值：8.51577'>8.52</span>", "<span data-toggle='tooltip' data-placement='right' title='原始值：1.26116'>1.261</span>", "<span data-toggle='tooltip' data-placement='right' title='原始值：0.26594'>0.266</span>", "<span data-toggle='tooltip' data-placement='right' title='原始值：6.01812'>6.02</span>", "*", "*", "正常"], ["辽宁省", "辽河流域", "<span data-toggle='tooltip' data-placement='right' title='所在地市:辽阳市&#10;所属河流:太子河'>汤河水库</span>", null, "", "--", "--", "--", "--", "--", "--", "--", "--", "--", "*", "*", "停站"], ["辽宁省", "辽河流域", "<span data-toggle='tooltip' data-placement='right' title='所在地市:盘锦市&#10;所属河流:辽河'>盘锦兴安(兴安)</span>", null, "", "--", "--", "--", "--", "--", "--", "--", "--", "--", "*", "*", "停站"], ["辽宁省", "辽河流域", "<span data-toggle='tooltip' data-placement='right' title='所在地市:铁岭市&#10;所属河流:辽河'>珠尔山</span>", "04-02 08:00", "Ⅱ", "<span data-toggle='tooltip' data-placement='right' title='原始值：10.99568'>11.0</span>", "<span data-toggle='tooltip' data-placement='right' title='原始值：7.88998'>7.89</span>", "<span data-toggle='tooltip' data-placement='right' title='原始值：10.87045'>10.87</span>", "<span data-toggle='tooltip' data-placement='right' title='原始值：620.5115'>620.5</span>", "<span data-toggle='tooltip' data-placement='right' title='原始值：8.51164'>8.5</span>", "<span data-toggle='tooltip' data-placement='right' title='原始值：3.74306'>3.74</span>", "<span data-toggle='tooltip' data-placement='right' title='原始值：0.48'>0.480</span>", "<span data-toggle='tooltip' data-placement='right' title='原始值：0.09631'>0.096</span>", "<span data-toggle='tooltip' data-placement='right' title='原始值：6.3227'>6.32</span>", "*", "*", "正常"], ["吉林省", "松花江流域", "<span data-toggle='tooltip' data-placement='right' title='所在地市:长春市&#10;所属河流:松花江'>松花江村</span>", null, "", "--", "--", "--", "--", "--", "--", "--", "--", "--", "*", "*", "停站"], ["吉林省", "松花江流域", "<span data-toggle='tooltip' data-placement='right' title='所在地市:白城市&#10;所属河流:嫩江'>白沙滩</span>", "04-02 08:00", "Ⅱ", "<span data-toggle='tooltip' data-placement='right' title='原始值：4.92897'>4.9</span>", "<span data-toggle='tooltip' data-placement='right' title='原始值：6.83'>6.83</span>", "<span data-toggle='tooltip' data-placement='right' title='原始值：12.51002'>12.51</span>", "<span data-toggle='tooltip' data-placement='right' title='原始值：249.7645'>249.8</span>", "<span data-toggle='tooltip' data-placement='right' title='原始值：55.12881'>55.1</span>", "<span data-toggle='tooltip' data-placement='right' title='原始值：2.41519'>2.42</span>", "<span data-toggle='tooltip' data-placement='right' title='原始值：0.20597'>0.206</span>", "<span data-toggle='tooltip' data-placement='right' title='原始值：0.06444'>0.064</span>", "<span data-toggle='tooltip' data-placement='right' title='原始值：2.19083'>2.19</span>", "*", "*", "正常"], ["吉林省", "松花江流域", "<span data-toggle='tooltip' data-placement='right' title='所在地市:延边朝鲜族自治州&#10;所属河流:图们江'>圈河</span>", "04-02 08:00", "Ⅴ", "<span data-toggle='tooltip' data-placement='right' title='原始值：11.1'>11.1</span>", "<span data-toggle='tooltip' data-placement='right' title='原始值：6.82'>6.82</span>", "<span data-toggle='tooltip' data-placement='right' title='原始值：9.31001'>9.31</span>", "<span data-toggle='tooltip' data-placement='right' title='原始值：161.9995'>162.0</span>", "<span data-toggle='tooltip' data-placement='right' title='原始值：144'>144.0</span>", "<span data-toggle='tooltip' data-placement='right' title='原始值：8.84'>8.84</span>", "<span data-toggle='tooltip' data-placement='right' title='原始值：0.52651'>0.527</span>", "<span data-toggle='tooltip' data-placement='right' title='原始值：0.34484'>0.345</span>", "<span data-toggle='tooltip' data-placement='right' title='原始值：1.41219'>1.41</span>", "*", "*", "正常"], ["黑龙江省", "松花江流域", "<span data-toggle='tooltip' data-placement='right' title='所在地市:大庆市&#10;所属河流:松花江'>肇源</span>", null, "", "--", "--", "--", "--", "--", "--", "--", "--", "--", "*", "*", "停站"], ["黑龙江省", "松花江流域", "<span data-toggle='tooltip' data-placement='right' title='所在地市:佳木斯市&#10;所属河流:乌苏里江'>乌苏镇</span>", null, "", "--", "--", "--", "--", "--", "--", "--", "--", "--", "*", "*", "停站"], ["黑龙江省", "松花江流域", "<span data-toggle='tooltip' data-placement='right' title='所在地市:佳木斯市&#10;所属河流:松花江'>同江</span>", null, "", "--", "--", "--", "--", "--", "--", "--", "--", "--", "*", "*", "停站"], ["黑龙江省", "松花江流域", "<span data-toggle='tooltip' data-placement='right' title='所在地市:黑河市&#10;所属河流:黑龙江'>黑河下(黑河)</span>", null, "", "--", "--", "--", "--", "--", "--", "--", "--", "--", "*", "*", "停站"], ["上海市", "长江流域", "<span data-toggle='tooltip' data-placement='right' title='所在地市:青浦区&#10;所属河流:淀山湖'>急水港桥</span>", "04-02 08:00", "Ⅳ", "<span data-toggle='tooltip' data-placement='right' title='原始值：17.3'>17.3</span>", "<span data-toggle='tooltip' data-placement='right' title='原始值：7.25'>7.25</span>", "<span data-toggle='tooltip' data-placement='right' title='原始值：6.4'>6.40</span>", "<span data-toggle='tooltip' data-placement='right' title='原始值：689'>689.0</span>", "<span data-toggle='tooltip' data-placement='right' title='原始值：127.7'>127.7</span>", "<span data-toggle='tooltip' data-placement='right' title='原始值：3.5'>3.50</span>", "<span data-toggle='tooltip' data-placement='right' title='原始值：0.42346'>0.423</span>", "<span data-toggle='tooltip' data-placement='right' title='原始值：0.06439'>0.064</span>", "<span data-toggle='tooltip' data-placement='right' title='原始值：3.67894'>3.68</span>", "<span data-toggle='tooltip' data-placement='right' title='原始值：0.01378'>0.014</span>", "<span data-toggle='tooltip' data-placement='right' title='原始值：6432943'>6432943</span>", "正常"], ["江苏省", "长江流域", "<span data-toggle='tooltip' data-placement='right' title='所在地市:南京市&#10;所属河流:长江'>林山</span>", "04-02 08:00", "Ⅰ", "<span data-toggle='tooltip' data-placement='right' title='原始值：17.5368'>17.5</span>", "<span data-toggle='tooltip' data-placement='right' title='原始值：7.86676'>7.87</span>", "<span data-toggle='tooltip' data-placement='right' title='原始值：7.50961'>7.51</span>", "<span data-toggle='tooltip' data-placement='right' title='原始值：323.478'>323.5</span>", "<span data-toggle='tooltip' data-placement='right' title='原始值：67.9751'>68.0</span>", "<span data-toggle='tooltip' data-placement='right' title='原始值：1.85'>1.85</span>", "<span data-toggle='tooltip' data-placement='right' title='原始值：0.05222'>0.052</span>", "*", "*", "*", "*", "正常"], ["江苏省", "太湖流域", "<span data-toggle='tooltip' data-placement='right' title='所在地市:无锡市&#10;所属河流:太湖'>沙渚</span>", "04-02 08:00", "Ⅱ", "<span data-toggle='tooltip' data-placement='right' title='原始值：17.46078'>17.5</span>", "<span data-toggle='tooltip' data-placement='right' title='原始值：7.866725'>7.87</span>", "<span data-toggle='tooltip' data-placement='right' title='原始值：7.650898'>7.65</span>", "<span data-toggle='tooltip' data-placement='right' title='原始值：490.0753'>490.1</span>", "<span data-toggle='tooltip' data-placement='right' title='原始值：51.6822'>51.7</span>", "<span data-toggle='tooltip' data-placement='right' title='原始值：2.234832'>2.23</span>", "<span data-toggle='tooltip' data-placement='right' title='原始值：0.24'>0.240</span>", "<span data-toggle='tooltip' data-placement='right' title='原始值：0.0671'>0.067</span>", "<span data-toggle='tooltip' data-placement='right' title='原始值：1.798'>1.80</span>", "<span data-toggle='tooltip' data-placement='right' title='原始值：0.032456'>0.032</span>", "*", "正常"], ["江苏省", "淮河流域", "<span data-toggle='tooltip' data-placement='right' title='所在地市:徐州市&#10;所属河流:武河'>小红圈</span>", "04-02 08:00", "Ⅲ", "<span data-toggle='tooltip' data-placement='right' title='原始值：14.38'>14.4</span>", "<span data-toggle='tooltip' data-placement='right' title='原始值：7.22'>7.22</span>", "<span data-toggle='tooltip' data-placement='right' title='原始值：9.08'>9.08</span>", "<span data-toggle='tooltip' data-placement='right' title='原始值：641'>641.0</span>", "<span data-toggle='tooltip' data-placement='right' title='原始值：24.94'>24.9</span>", "<span data-toggle='tooltip' data-placement='right' title='原始值：4.42'>4.42</span>", "<span data-toggle='tooltip' data-placement='right' title='原始值：0.15'>0.150</span>", "*", "*", "*", "*", "正常"], ["江苏省", "淮河流域", "<span data-toggle='tooltip' data-placement='right' title='所在地市:徐州市&#10;所属河流:沿河'>李集桥</span>", "04-02 08:00", "Ⅲ", "<span data-toggle='tooltip' data-placement='right' title='原始值：14.59'>14.6</span>", "<span data-toggle='tooltip' data-placement='right' title='原始值：7.93'>7.93</span>", "<span data-toggle='tooltip' data-placement='right' title='原始值：9.14'>9.14</span>", "<span data-toggle='tooltip' data-placement='right' title='原始值：1222.2'>1222.2</span>", "<span data-toggle='tooltip' data-placement='right' title='原始值：14.22'>14.2</span>", "<span data-toggle='tooltip' data-placement='right' title='原始值：4.91'>4.91</span>", "<span data-toggle='tooltip' data-placement='right' title='原始值：0.039'>0.039</span>", "<span data-toggle='tooltip' data-placement='right' title='原始值：0.043'>0.043</span>", "<span data-toggle='tooltip' data-placement='right' title='原始值：1.956'>1.96</span>", "*", "*", "正常"], ["江苏省", "淮河流域", "<span data-toggle='tooltip' data-placement='right' title='所在地市:徐州市&#10;所属河流:邳苍分洪道'>艾山西大桥</span>", "04-02 08:00", "Ⅱ", "<span data-toggle='tooltip' data-placement='right' title='原始值：14.6266'>14.6</span>", "<span data-toggle='tooltip' data-placement='right' title='原始值：8.12918'>8.13</span>", "<span data-toggle='tooltip' data-placement='right' title='原始值：9.87904'>9.88</span>", "<span data-toggle='tooltip' data-placement='right' title='原始值：621.384'>621.4</span>", "<span data-toggle='tooltip' data-placement='right' title='原始值：18.4024'>18.4</span>", "<span data-toggle='tooltip' data-placement='right' title='原始值：3.4'>3.40</span>", "<span data-toggle='tooltip' data-placement='right' title='原始值：0.02'>0.020</span>", "<span data-toggle='tooltip' data-placement='right' title='原始值：0.02467'>0.025</span>", "<span data-toggle='tooltip' data-placement='right' title='原始值：5.93118'>5.93</span>", "*", "*", "正常"], ["江苏省", "太湖流域", "<span data-toggle='tooltip' data-placement='right' title='所在地市:苏州市&#10;所属河流:太湖'>兰山嘴(老)</span>", "04-02 08:00", "Ⅲ", "<span data-toggle='tooltip' data-placement='right' title='原始值：17.26934'>17.3</span>", "<span data-toggle='tooltip' data-placement='right' title='原始值：7.67673'>7.68</span>", "<span data-toggle='tooltip' data-placement='right' title='原始值：7.85882'>7.86</span>", "<span data-toggle='tooltip' data-placement='right' title='原始值：396.1091'>396.1</span>", "<span data-toggle='tooltip' data-placement='right' title='原始值：43.44831'>43.4</span>", "<span data-toggle='tooltip' data-placement='right' title='原始值：3.37'>3.37</span>", "<span data-toggle='tooltip' data-placement='right' title='原始值：0.13852'>0.139</span>", "<span data-toggle='tooltip' data-placement='right' title='原始值：0.13009'>0.130</span>", "<span data-toggle='tooltip' data-placement='right' title='原始值：7.10936'>7.11</span>", "<span data-toggle='tooltip' data-placement='right' title='原始值：0.04063'>0.041</span>", "*", "正常"], ["江苏省", "太湖流域", "<span data-toggle='tooltip' data-placement='right' title='所在地市:苏州市&#10;所属河流:太湖'>西山</span>", "04-02 08:00", "Ⅳ", "<span data-toggle='tooltip' data-placement='right' title='原始值：17.31135'>17.3</span>", "<span data-toggle='tooltip' data-placement='right' title='原始值：7.32814'>7.33</span>", "<span data-toggle='tooltip' data-placement='right' title='原始值：9.24306'>9.24</span>", "<span data-toggle='tooltip' data-placement='right' title='原始值：434.5176'>434.5</span>", "<span data-toggle='tooltip' data-placement='right' title='原始值：93.17465'>93.2</span>", "<span data-toggle='tooltip' data-placement='right' title='原始值：1.92'>1.92</span>", "<span data-toggle='tooltip' data-placement='right' title='原始值：0.16'>0.160</span>", "<span data-toggle='tooltip' data-placement='right' title='原始值：0.0567'>0.057</span>", "<span data-toggle='tooltip' data-placement='right' title='原始值：1.502'>1.50</span>", "<span data-toggle='tooltip' data-placement='right' title='原始值：0.00609'>0.006</span>", "*", "正常"], ["江苏省", "淮河流域", "<span data-toggle='tooltip' data-placement='right' title='所在地市:连云港市&#10;所属河流:新沭河'>大兴桥</span>", "04-02 08:00", "Ⅲ", "<span data-toggle='tooltip' data-placement='right' title='原始值：15.5'>15.5</span>", "<span data-toggle='tooltip' data-placement='right' title='原始值：8.51'>8.51</span>", "<span data-toggle='tooltip' data-placement='right' title='原始值：8.92'>8.92</span>", "<span data-toggle='tooltip' data-placement='right' title='原始值：1131.8'>1131.8</span>", "<span data-toggle='tooltip' data-placement='right' title='原始值：122.24'>122.2</span>", "<span data-toggle='tooltip' data-placement='right' title='原始值：4.9'>4.90</span>", "<span data-toggle='tooltip' data-placement='right' title='原始值：0.079'>0.079</span>", "*", "*", "*", "*", "正常"], ["江苏省", "淮河流域", "<span data-toggle='tooltip' data-placement='right' title='所在地市:淮安市&#10;所属河流:淮河'>淮河大桥</span>", "04-02 08:00", "Ⅱ", "<span data-toggle='tooltip' data-placement='right' title='原始值：14.50282'>14.5</span>", "<span data-toggle='tooltip' data-placement='right' title='原始值：7.79153'>7.79</span>", "<span data-toggle='tooltip' data-placement='right' title='原始值：7.46906'>7.47</span>", "<span data-toggle='tooltip' data-placement='right' title='原始值：614.3525'>614.4</span>", "<span data-toggle='tooltip' data-placement='right' title='原始值：21.92368'>21.9</span>", "<span data-toggle='tooltip' data-placement='right' title='原始值：3.18'>3.18</span>", "<span data-toggle='tooltip' data-placement='right' title='原始值：0.15'>0.150</span>", "<span data-toggle='tooltip' data-placement='right' title='原始值：0.0485'>0.048</span>", "<span data-toggle='tooltip' data-placement='right' title='原始值：3.26'>3.26</span>", "*", "*", "正常"], ["江苏省", "长江流域", "<span data-toggle='tooltip' data-placement='right' title='所在地市:扬州市&#10;所属河流:夹江'>三江营</span>", "04-02 08:00", "Ⅱ", "<span data-toggle='tooltip' data-placement='right' title='原始值：15.47'>15.5</span>", "<span data-toggle='tooltip' data-placement='right' title='原始值：7.8'>7.80</span>", "<span data-toggle='tooltip' data-placement='right' title='原始值：8.83'>8.83</span>", "<span data-toggle='tooltip' data-placement='right' title='原始值：300.46'>300.5</span>", "<span data-toggle='tooltip' data-placement='right' title='原始值：64.09'>64.1</span>", "<span data-toggle='tooltip' data-placement='right' title='原始值：2'>2.00</span>", "<span data-toggle='tooltip' data-placement='right' title='原始值：0.097'>0.097</span>", "<span data-toggle='tooltip' data-placement='right' title='原始值：0.089'>0.089</span>", "<span data-toggle='tooltip' data-placement='right' title='原始值：2.1'>2.10</span>", "*", "*", "正常"], ["江苏省", "淮河流域", "<span data-toggle='tooltip' data-placement='right' title='所在地市:宿迁市&#10;所属河流:新濉河'>大屈</span>", "04-02 08:00", "Ⅲ", "<span data-toggle='tooltip' data-placement='right' title='原始值：14.4'>14.4</span>", "<span data-toggle='tooltip' data-placement='right' title='原始值：8.26'>8.26</span>", "<span data-toggle='tooltip' data-placement='right' title='原始值：7.12'>7.12</span>", "<span data-toggle='tooltip' data-placement='right' title='原始值：831.6'>831.6</span>", "<span data-toggle='tooltip' data-placement='right' title='原始值：312.25'>312.2</span>", "<span data-toggle='tooltip' data-placement='right' title='原始值：5.5'>5.50</span>", "<span data-toggle='tooltip' data-placement='right' title='原始值：0.16'>0.160</span>", "<span data-toggle='tooltip' data-placement='right' title='原始值：0.053'>0.053</span>", "<span data-toggle='tooltip' data-placement='right' title='原始值：1.65'>1.65</span>", "*", "*", "正常"], ["浙江省", "浙闽片河流", "<span data-toggle='tooltip' data-placement='right' title='所在地市:杭州市&#10;所属河流:新安江'>街口(鸠坑口)</span>", "04-02 08:00", "Ⅱ", "<span data-toggle='tooltip' data-placement='right' title='原始值：18'>18.0</span>", "<span data-toggle='tooltip' data-placement='right' title='原始值：7'>7.00</span>", "<span data-toggle='tooltip' data-placement='right' title='原始值：8.43'>8.43</span>", "<span data-toggle='tooltip' data-placement='right' title='原始值：121.76'>121.8</span>", "<span data-toggle='tooltip' data-placement='right' title='原始值：5.55'>5.6</span>", "<span data-toggle='tooltip' data-placement='right' title='原始值：1.432'>1.43</span>", "<span data-toggle='tooltip' data-placement='right' title='原始值：0.023'>0.023</span>", "<span data-toggle='tooltip' data-placement='right' title='原始值：0.061'>0.061</span>", "<span data-toggle='tooltip' data-placement='right' title='原始值：1.73'>1.73</span>", "*", "*", "正常"], ["浙江省", "太湖流域", "<span data-toggle='tooltip' data-placement='right' title='所在地市:嘉兴市&#10;所属河流:斜路港河'>斜路港</span>", "04-02 08:00", "Ⅲ", "<span data-toggle='tooltip' data-placement='right' title='原始值：18.2'>18.2</span>", "<span data-toggle='tooltip' data-placement='right' title='原始值：7.44'>7.44</span>", "<span data-toggle='tooltip' data-placement='right' title='原始值：6.91'>6.91</span>", "<span data-toggle='tooltip' data-placement='right' title='原始值：790'>790.0</span>", "<span data-toggle='tooltip' data-placement='right' title='原始值：109.9'>109.9</span>", "<span data-toggle='tooltip' data-placement='right' title='原始值：4.99'>4.99</span>", "<span data-toggle='tooltip' data-placement='right' title='原始值：0.4862'>0.486</span>", "<span data-toggle='tooltip' data-placement='right' title='原始值：0.04616'>0.046</span>", "<span data-toggle='tooltip' data-placement='right' title='原始值：3.04875'>3.05</span>", "*", "*", "正常"], ["浙江省", "太湖流域", "<span data-toggle='tooltip' data-placement='right' title='所在地市:嘉兴市&#10;所属河流:京杭运河'>王江泾</span>", "04-02 08:00", "劣Ⅴ", "<span data-toggle='tooltip' data-placement='right' title='原始值：18.82'>18.8</span>", "<span data-toggle='tooltip' data-placement='right' title='原始值：7.07'>7.07</span>", "<span data-toggle='tooltip' data-placement='right' title='原始值：1.97'>1.97</span>", "<span data-toggle='tooltip' data-placement='right' title='原始值：796.48'>796.5</span>", "<span data-toggle='tooltip' data-placement='right' title='原始值：26.47'>26.5</span>", "<span data-toggle='tooltip' data-placement='right' title='原始值：5.586'>5.59</span>", "<span data-toggle='tooltip' data-placement='right' title='原始值：0.714'>0.714</span>", "<span data-toggle='tooltip' data-placement='right' title='原始值：0.058'>0.058</span>", "<span data-toggle='tooltip' data-placement='right' title='原始值：4.399'>4.40</span>", "*", "*", "正常"], ["浙江省", "太湖流域", "<span data-toggle='tooltip' data-placement='right' title='所在地市:湖州市&#10;所属河流:西苕溪'>新港口(新塘港)</span>", "04-02 08:00", "Ⅱ", "<span data-toggle='tooltip' data-placement='right' title='原始值：17.3967'>17.4</span>", "<span data-toggle='tooltip' data-placement='right' title='原始值：7.22771'>7.23</span>", "<span data-toggle='tooltip' data-placement='right' title='原始值：7.34564'>7.35</span>", "<span data-toggle='tooltip' data-placement='right' title='原始值：313.284'>313.3</span>", "<span data-toggle='tooltip' data-placement='right' title='原始值：105.191'>105.2</span>", "<span data-toggle='tooltip' data-placement='right' title='原始值：2.55776'>2.56</span>", "<span data-toggle='tooltip' data-placement='right' title='原始值：0.31197'>0.312</span>", "<span data-toggle='tooltip' data-placement='right' title='原始值：0.05627'>0.056</span>", "<span data-toggle='tooltip' data-placement='right' title='原始值：12.87404'>12.87</span>", "<span data-toggle='tooltip' data-placement='right' title='原始值：0.02458'>0.025</span>", "*", "正常"], ["安徽省", "巢湖流域", "<span data-toggle='tooltip' data-placement='right' title='所在地市:合肥市&#10;所属河流:巢湖'>湖滨(老)</span>", "04-02 04:00", "Ⅳ", "<span data-toggle='tooltip' data-placement='right' title='原始值：16.03156'>16.0</span>", "<span data-toggle='tooltip' data-placement='right' title='原始值：7.42035'>7.42</span>", "<span data-toggle='tooltip' data-placement='right' title='原始值：9.42058'>9.42</span>", "<span data-toggle='tooltip' data-placement='right' title='原始值：309.2874'>309.3</span>", "<span data-toggle='tooltip' data-placement='right' title='原始值：69.96155'>70.0</span>", "<span data-toggle='tooltip' data-placement='right' title='原始值：4.79'>4.79</span>", "<span data-toggle='tooltip' data-placement='right' title='原始值：0.31'>0.310</span>", "<span data-toggle='tooltip' data-placement='right' title='原始值：0.056'>0.056</span>", "<span data-toggle='tooltip' data-placement='right' title='原始值：1.395'>1.40</span>", "<span data-toggle='tooltip' data-placement='right' title='原始值：0.02891'>0.029</span>", "*", "正常"], ["安徽省", "巢湖流域", "<span data-toggle='tooltip' data-placement='right' title='所在地市:芜湖市&#10;所属河流:巢湖'>裕溪口(老)</span>", "04-02 08:00", "Ⅲ", "<span data-toggle='tooltip' data-placement='right' title='原始值：15.85548'>15.9</span>", "<span data-toggle='tooltip' data-placement='right' title='原始值：7.38644'>7.39</span>", "<span data-toggle='tooltip' data-placement='right' title='原始值：7.621'>7.62</span>", "<span data-toggle='tooltip' data-placement='right' title='原始值：302.1'>302.1</span>", "<span data-toggle='tooltip' data-placement='right' title='原始值：83.12407'>83.1</span>", "<span data-toggle='tooltip' data-placement='right' title='原始值：3.45'>3.45</span>", "<span data-toggle='tooltip' data-placement='right' title='原始值：0.16'>0.160</span>", "<span data-toggle='tooltip' data-placement='right' title='原始值：0.0419'>0.042</span>", "<span data-toggle='tooltip' data-placement='right' title='原始值：3.076'>3.08</span>", "<span data-toggle='tooltip' data-placement='right' title='原始值：0.0452'>0.045</span>", "*", "正常"], ["安徽省", "淮河流域", "<span data-toggle='tooltip' data-placement='right' title='所在地市:蚌埠市&#10;所属河流:淮河'>蚌埠闸上(蚌埠闸)</span>", "04-02 08:00", "Ⅱ", "<span data-toggle='tooltip' data-placement='right' title='原始值：15.92'>15.9</span>", "<span data-toggle='tooltip' data-placement='right' title='原始值：7.42'>7.42</span>", "<span data-toggle='tooltip' data-placement='right' title='原始值：10.51'>10.51</span>", "<span data-toggle='tooltip' data-placement='right' title='原始值：496.63'>496.6</span>", "<span data-toggle='tooltip' data-placement='right' title='原始值：128.23'>128.2</span>", "<span data-toggle='tooltip' data-placement='right' title='原始值：2.671'>2.67</span>", "<span data-toggle='tooltip' data-placement='right' title='原始值：0.236'>0.236</span>", "<span data-toggle='tooltip' data-placement='right' title='原始值：0.086'>0.086</span>", "<span data-toggle='tooltip' data-placement='right' title='原始值：2.372'>2.37</span>", "*", "*", "正常"], ["安徽省", "淮河流域", "<span data-toggle='tooltip' data-placement='right' title='所在地市:淮南市&#10;所属河流:淮河'>石头埠(老)</span>", "04-02 08:00", "Ⅳ", "<span data-toggle='tooltip' data-placement='right' title='原始值：15.91905'>15.9</span>", "<span data-toggle='tooltip' data-placement='right' title='原始值：6.55165'>6.55</span>", "<span data-toggle='tooltip' data-placement='right' title='原始值：4.23452'>4.23</span>", "<span data-toggle='tooltip' data-placement='right' title='原始值：403.6221'>403.6</span>", "<span data-toggle='tooltip' data-placement='right' title='原始值：50.86557'>50.9</span>", "<span data-toggle='tooltip' data-placement='right' title='原始值：4.07'>4.07</span>", "<span data-toggle='tooltip' data-placement='right' title='原始值：0.26'>0.260</span>", "*", "*", "*", "*", "正常"], ["安徽省", "淮河流域", "<span data-toggle='tooltip' data-placement='right' title='所在地市:淮北市&#10;所属河流:沱河'>小王桥</span>", "04-02 08:00", "Ⅲ", "<span data-toggle='tooltip' data-placement='right' title='原始值：14.63'>14.6</span>", "<span data-toggle='tooltip' data-placement='right' title='原始值：7.96'>7.96</span>", "<span data-toggle='tooltip' data-placement='right' title='原始值：7.31'>7.31</span>", "<span data-toggle='tooltip' data-placement='right' title='原始值：1764.27'>1764.3</span>", "<span data-toggle='tooltip' data-placement='right' title='原始值：13.07'>13.1</span>", "<span data-toggle='tooltip' data-placement='right' title='原始值：5.299'>5.30</span>", "<span data-toggle='tooltip' data-placement='right' title='原始值：0.027'>0.027</span>", "<span data-toggle='tooltip' data-placement='right' title='原始值：0.055'>0.055</span>", "<span data-toggle='tooltip' data-placement='right' title='原始值：1.179'>1.18</span>", "*", "*", "正常"], ["安徽省", "长江流域", "<span data-toggle='tooltip' data-placement='right' title='所在地市:安庆市&#10;所属河流:长江'>皖河口</span>", "04-02 08:00", "Ⅱ", "<span data-toggle='tooltip' data-placement='right' title='原始值：16.75'>16.8</span>", "<span data-toggle='tooltip' data-placement='right' title='原始值：7.501'>7.50</span>", "<span data-toggle='tooltip' data-placement='right' title='原始值：8.44'>8.44</span>", "<span data-toggle='tooltip' data-placement='right' title='原始值：281.6'>281.6</span>", "<span data-toggle='tooltip' data-placement='right' title='原始值：49.73'>49.7</span>", "<span data-toggle='tooltip' data-placement='right' title='原始值：1.925'>1.92</span>", "<span data-toggle='tooltip' data-placement='right' title='原始值：0.029'>0.029</span>", "<span data-toggle='tooltip' data-placement='right' title='原始值：0.0593'>0.059</span>", "<span data-toggle='tooltip' data-placement='right' title='原始值：2.167'>2.17</span>", "*", "*", "正常"], ["安徽省", "淮河流域", "<span data-toggle='tooltip' data-placement='right' title='所在地市:滁州市&#10;所属河流:淮河'>小柳巷</span>", "04-02 08:00", "Ⅱ", "<span data-toggle='tooltip' data-placement='right' title='原始值：14.3'>14.3</span>", "<span data-toggle='tooltip' data-placement='right' title='原始值：7.95'>7.95</span>", "<span data-toggle='tooltip' data-placement='right' title='原始值：9.21'>9.21</span>", "<span data-toggle='tooltip' data-placement='right' title='原始值：495.2'>495.2</span>", "<span data-toggle='tooltip' data-placement='right' title='原始值：62.28'>62.3</span>", "<span data-toggle='tooltip' data-placement='right' title='原始值：3.568'>3.57</span>", "<span data-toggle='tooltip' data-placement='right' title='原始值：0.337'>0.337</span>", "<span data-toggle='tooltip' data-placement='right' title='原始值：0.071'>0.071</span>", "<span data-toggle='tooltip' data-placement='right' title='原始值：2.433'>2.43</span>", "*", "*", "正常"], ["安徽省", "淮河流域", "<span data-toggle='tooltip' data-placement='right' title='所在地市:阜阳市&#10;所属河流:黑茨河'>张大桥</span>", "04-02 08:00", "Ⅲ", "<span data-toggle='tooltip' data-placement='right' title='原始值：15'>15.0</span>", "<span data-toggle='tooltip' data-placement='right' title='原始值：8.04'>8.04</span>", "<span data-toggle='tooltip' data-placement='right' title='原始值：9.6'>9.60</span>", "<span data-toggle='tooltip' data-placement='right' title='原始值：2211.6'>2211.6</span>", "<span data-toggle='tooltip' data-placement='right' title='原始值：35.45'>35.4</span>", "<span data-toggle='tooltip' data-placement='right' title='原始值：5.99'>5.99</span>", "<span data-toggle='tooltip' data-placement='right' title='原始值：0.07'>0.070</span>", "<span data-toggle='tooltip' data-placement='right' title='原始值：0.109'>0.109</span>", "<span data-toggle='tooltip' data-placement='right' title='原始值：6.302'>6.30</span>", "*", "*", "正常"], ["安徽省", "淮河流域", "<span data-toggle='tooltip' data-placement='right' title='所在地市:阜阳市&#10;所属河流:淮河'>王家坝</span>", "04-02 08:00", "Ⅲ", "<span data-toggle='tooltip' data-placement='right' title='原始值：15.11998'>15.1</span>", "<span data-toggle='tooltip' data-placement='right' title='原始值：7.5109'>7.51</span>", "<span data-toggle='tooltip' data-placement='right' title='原始值：8.02625'>8.03</span>", "<span data-toggle='tooltip' data-placement='right' title='原始值：376.3779'>376.4</span>", "<span data-toggle='tooltip' data-placement='right' title='原始值：21.4693'>21.5</span>", "<span data-toggle='tooltip' data-placement='right' title='原始值：3.1'>3.10</span>", "<span data-toggle='tooltip' data-placement='right' title='原始值：0.196'>0.196</span>", "<span data-toggle='tooltip' data-placement='right' title='原始值：0.12286'>0.123</span>", "<span data-toggle='tooltip' data-placement='right' title='原始值：2.23889'>2.24</span>", "*", "*", "正常"], ["安徽省", "淮河流域", "<span data-toggle='tooltip' data-placement='right' title='所在地市:阜阳市&#10;所属河流:颍河'>界首七渡口(七渡口)</span>", "04-02 08:00", "Ⅱ", "<span data-toggle='tooltip' data-placement='right' title='原始值：14.69824'>14.7</span>", "<span data-toggle='tooltip' data-placement='right' title='原始值：7.63771'>7.64</span>", "<span data-toggle='tooltip' data-placement='right' title='原始值：6.45782'>6.46</span>", "<span data-toggle='tooltip' data-placement='right' title='原始值：784.1943'>784.2</span>", "<span data-toggle='tooltip' data-placement='right' title='原始值：19.84714'>19.8</span>", "<span data-toggle='tooltip' data-placement='right' title='原始值：3.94'>3.94</span>", "<span data-toggle='tooltip' data-placement='right' title='原始值：0.31'>0.310</span>", "<span data-toggle='tooltip' data-placement='right' title='原始值：0.08615'>0.086</span>", "<span data-toggle='tooltip' data-placement='right' title='原始值：4.75691'>4.76</span>", "*", "*", "正常"], ["安徽省", "淮河流域", "<span data-toggle='tooltip' data-placement='right' title='所在地市:阜阳市&#10;所属河流:泉河'>许庄(徐庄)</span>", "04-02 08:00", "Ⅲ", "<span data-toggle='tooltip' data-placement='right' title='原始值：16'>16.0</span>", "<span data-toggle='tooltip' data-placement='right' title='原始值：7.45'>7.45</span>", "<span data-toggle='tooltip' data-placement='right' title='原始值：7.67'>7.67</span>", "<span data-toggle='tooltip' data-placement='right' title='原始值：1071.1'>1071.1</span>", "<span data-toggle='tooltip' data-placement='right' title='原始值：34.9'>34.9</span>", "<span data-toggle='tooltip' data-placement='right' title='原始值：4.53'>4.53</span>", "<span data-toggle='tooltip' data-placement='right' title='原始值：0.02'>0.020</span>", "<span data-toggle='tooltip' data-placement='right' title='原始值：0.028'>0.028</span>", "<span data-toggle='tooltip' data-placement='right' title='原始值：3.518'>3.52</span>", "*", "*", "正常"], ["安徽省", "淮河流域", "<span data-toggle='tooltip' data-placement='right' title='所在地市:宿州市&#10;所属河流:奎河'>杨庄</span>", "04-02 08:00", "Ⅲ", "<span data-toggle='tooltip' data-placement='right' title='原始值：15.35'>15.4</span>", "<span data-toggle='tooltip' data-placement='right' title='原始值：7.33'>7.33</span>", "<span data-toggle='tooltip' data-placement='right' title='原始值：7.9'>7.90</span>", "<span data-toggle='tooltip' data-placement='right' title='原始值：1088.7'>1088.7</span>", "<span data-toggle='tooltip' data-placement='right' title='原始值：72.73'>72.7</span>", "<span data-toggle='tooltip' data-placement='right' title='原始值：5.23'>5.23</span>", "<span data-toggle='tooltip' data-placement='right' title='原始值：0.616'>0.616</span>", "*", "*", "*", "*", "正常"], ["安徽省", "淮河流域", "<span data-toggle='tooltip' data-placement='right' title='所在地市:宿州市&#10;所属河流:新汴河'>泗县公路桥</span>", "04-02 08:00", "Ⅲ", "<span data-toggle='tooltip' data-placement='right' title='原始值：14'>14.0</span>", "<span data-toggle='tooltip' data-placement='right' title='原始值：8.27'>8.27</span>", "<span data-toggle='tooltip' data-placement='right' title='原始值：9.26'>9.26</span>", "<span data-toggle='tooltip' data-placement='right' title='原始值：949.5'>949.5</span>", "<span data-toggle='tooltip' data-placement='right' title='原始值：115.6'>115.6</span>", "<span data-toggle='tooltip' data-placement='right' title='原始值：5.21'>5.21</span>", "<span data-toggle='tooltip' data-placement='right' title='原始值：0.14'>0.140</span>", "*", "*", "*", "*", "正常"], ["安徽省", "淮河流域", "<span data-toggle='tooltip' data-placement='right' title='所在地市:亳州市&#10;所属河流:包河'>颜集</span>", null, "", "--", "--", "--", "--", "--", "--", "--", "--", "--", "*", "*", "维护"], ["福建省", "浙闽片河流", "<span data-toggle='tooltip' data-placement='right' title='所在地市:福州市&#10;所属河流:闽江'>白岩潭</span>", "04-02 08:00", "Ⅲ", "<span data-toggle='tooltip' data-placement='right' title='原始值：20.28'>20.3</span>", "<span data-toggle='tooltip' data-placement='right' title='原始值：7.3'>7.30</span>", "<span data-toggle='tooltip' data-placement='right' title='原始值：9.68'>9.68</span>", "<span data-toggle='tooltip' data-placement='right' title='原始值：2059.5'>2059.5</span>", "<span data-toggle='tooltip' data-placement='right' title='原始值：234.92'>234.9</span>", "<span data-toggle='tooltip' data-placement='right' title='原始值：4.52'>4.52</span>", "<span data-toggle='tooltip' data-placement='right' title='原始值：0.235'>0.235</span>", "*", "*", "*", "*", "正常"], ["江西省", "长江流域", "<span data-toggle='tooltip' data-placement='right' title='所在地市:南昌市&#10;所属河流:赣江南支'>滁槎</span>", "04-02 08:00", "Ⅱ", "<span data-toggle='tooltip' data-placement='right' title='原始值：19.50434'>19.5</span>", "<span data-toggle='tooltip' data-placement='right' title='原始值：7.16465'>7.16</span>", "<span data-toggle='tooltip' data-placement='right' title='原始值：7.64313'>7.64</span>", "<span data-toggle='tooltip' data-placement='right' title='原始值：175.5297'>175.5</span>", "<span data-toggle='tooltip' data-placement='right' title='原始值：80.35306'>80.4</span>", "<span data-toggle='tooltip' data-placement='right' title='原始值：2.71'>2.71</span>", "<span data-toggle='tooltip' data-placement='right' title='原始值：0.36'>0.360</span>", "<span data-toggle='tooltip' data-placement='right' title='原始值：0.0715'>0.072</span>", "<span data-toggle='tooltip' data-placement='right' title='原始值：2.32'>2.32</span>", "*", "*", "正常"], ["江西省", "长江流域", "<span data-toggle='tooltip' data-placement='right' title='所在地市:九江市&#10;所属河流:长江'>姚港(河西水厂)</span>", "04-02 08:00", "Ⅱ", "<span data-toggle='tooltip' data-placement='right' title='原始值：15.83'>15.8</span>", "<span data-toggle='tooltip' data-placement='right' title='原始值：7.58'>7.58</span>", "<span data-toggle='tooltip' data-placement='right' title='原始值：9.13'>9.13</span>", "<span data-toggle='tooltip' data-placement='right' title='原始值：355.45'>355.4</span>", "<span data-toggle='tooltip' data-placement='right' title='原始值：30.93'>30.9</span>", "<span data-toggle='tooltip' data-placement='right' title='原始值：1.607'>1.61</span>", "<span data-toggle='tooltip' data-placement='right' title='原始值：0.06'>0.060</span>", "<span data-toggle='tooltip' data-placement='right' title='原始值：0.077'>0.077</span>", "<span data-toggle='tooltip' data-placement='right' title='原始值：2.197'>2.20</span>", "*", "*", "正常"], ["江西省", "长江流域", "<span data-toggle='tooltip' data-placement='right' title='所在地市:九江市&#10;所属河流:鄱阳湖'>蛤蟆石</span>", "04-02 08:00", "Ⅳ", "<span data-toggle='tooltip' data-placement='right' title='原始值：18.02'>18.0</span>", "<span data-toggle='tooltip' data-placement='right' title='原始值：7.23'>7.23</span>", "<span data-toggle='tooltip' data-placement='right' title='原始值：8.51'>8.51</span>", "<span data-toggle='tooltip' data-placement='right' title='原始值：156.03'>156.0</span>", "<span data-toggle='tooltip' data-placement='right' title='原始值：28.53'>28.5</span>", "<span data-toggle='tooltip' data-placement='right' title='原始值：1.676'>1.68</span>", "<span data-toggle='tooltip' data-placement='right' title='原始值：0.072'>0.072</span>", "<span data-toggle='tooltip' data-placement='right' title='原始值：0.0547'>0.055</span>", "<span data-toggle='tooltip' data-placement='right' title='原始值：1.277'>1.28</span>", "<span data-toggle='tooltip' data-placement='right' title='原始值：0.00183'>0.002</span>", "<span data-toggle='tooltip' data-placement='right' title='原始值：1932247'>1932247</span>", "正常"], ["山东省", "黄河流域", "<span data-toggle='tooltip' data-placement='right' title='所在地市:济南市&#10;所属河流:黄河'>泺口</span>", "04-02 08:00", "Ⅱ", "<span data-toggle='tooltip' data-placement='right' title='原始值：14.4749'>14.5</span>", "<span data-toggle='tooltip' data-placement='right' title='原始值：8.53682'>8.54</span>", "<span data-toggle='tooltip' data-placement='right' title='原始值：10.0199'>10.02</span>", "<span data-toggle='tooltip' data-placement='right' title='原始值：1060.71'>1060.7</span>", "<span data-toggle='tooltip' data-placement='right' title='原始值：502.285'>502.3</span>", "<span data-toggle='tooltip' data-placement='right' title='原始值：2.79'>2.79</span>", "<span data-toggle='tooltip' data-placement='right' title='原始值：0.18929'>0.189</span>", "<span data-toggle='tooltip' data-placement='right' title='原始值：0.01149'>0.011</span>", "<span data-toggle='tooltip' data-placement='right' title='原始值：4.315'>4.32</span>", "*", "*", "正常"], ["山东省", "淮河流域", "<span data-toggle='tooltip' data-placement='right' title='所在地市:枣庄市&#10;所属河流:京杭大运河（韩庄运河）'>台儿庄大桥</span>", "04-02 08:00", "Ⅲ", "<span data-toggle='tooltip' data-placement='right' title='原始值：13.98063'>14.0</span>", "<span data-toggle='tooltip' data-placement='right' title='原始值：8.01721'>8.02</span>", "<span data-toggle='tooltip' data-placement='right' title='原始值：9.6585'>9.66</span>", "<span data-toggle='tooltip' data-placement='right' title='原始值：760.1733'>760.2</span>", "<span data-toggle='tooltip' data-placement='right' title='原始值：16.00312'>16.0</span>", "<span data-toggle='tooltip' data-placement='right' title='原始值：3.74066'>3.74</span>", "<span data-toggle='tooltip' data-placement='right' title='原始值：0.10945'>0.109</span>", "<span data-toggle='tooltip' data-placement='right' title='原始值：0.19363'>0.194</span>", "<span data-toggle='tooltip' data-placement='right' title='原始值：3.26577'>3.27</span>", "*", "*", "正常"], ["山东省", "淮河流域", "<span data-toggle='tooltip' data-placement='right' title='所在地市:临沂市&#10;所属河流:沭河'>清泉寺</span>", "04-02 08:00", "Ⅲ", "<span data-toggle='tooltip' data-placement='right' title='原始值：17.68658'>17.7</span>", "<span data-toggle='tooltip' data-placement='right' title='原始值：6.95544'>6.96</span>", "<span data-toggle='tooltip' data-placement='right' title='原始值：7.26807'>7.27</span>", "<span data-toggle='tooltip' data-placement='right' title='原始值：1246.804'>1246.8</span>", "<span data-toggle='tooltip' data-placement='right' title='原始值：14.72422'>14.7</span>", "<span data-toggle='tooltip' data-placement='right' title='原始值：5.76'>5.76</span>", "<span data-toggle='tooltip' data-placement='right' title='原始值：0.21'>0.210</span>", "*", "*", "*", "*", "正常"], ["山东省", "淮河流域", "<span data-toggle='tooltip' data-placement='right' title='所在地市:临沂市&#10;所属河流:沂河'>重坊桥</span>", null, "", "--", "--", "--", "--", "--", "--", "--", "--", "--", "*", "*", "停站"], ["山东省", "淮河流域", "<span data-toggle='tooltip' data-placement='right' title='所在地市:临沂市&#10;所属河流:白马河'>捷庄(涝沟桥)</span>", "04-02 08:00", "Ⅲ", "<span data-toggle='tooltip' data-placement='right' title='原始值：13'>13.0</span>", "<span data-toggle='tooltip' data-placement='right' title='原始值：7.94'>7.94</span>", "<span data-toggle='tooltip' data-placement='right' title='原始值：9.1396'>9.14</span>", "<span data-toggle='tooltip' data-placement='right' title='原始值：848.5078'>848.5</span>", "<span data-toggle='tooltip' data-placement='right' title='原始值：7.25156'>7.3</span>", "<span data-toggle='tooltip' data-placement='right' title='原始值：5.12'>5.12</span>", "<span data-toggle='tooltip' data-placement='right' title='原始值：0.05033'>0.050</span>", "<span data-toggle='tooltip' data-placement='right' title='原始值：0.05062'>0.051</span>", "<span data-toggle='tooltip' data-placement='right' title='原始值：5.25062'>5.25</span>", "*", "*", "正常"], ["山东省", "海河流域", "<span data-toggle='tooltip' data-placement='right' title='所在地市:聊城市&#10;所属河流:卫运河'>秤勾湾(秤钩湾)</span>", null, "", "--", "--", "--", "--", "--", "--", "--", "--", "--", "*", "*", "停站"], ["河南省", "长江流域", "<span data-toggle='tooltip' data-placement='right' title='所在地市:南阳市&#10;所属河流:丹江口水库'>陶岔</span>", "04-02 08:00", "Ⅰ", "<span data-toggle='tooltip' data-placement='right' title='原始值：18.63'>18.6</span>", "<span data-toggle='tooltip' data-placement='right' title='原始值：7.97659'>7.98</span>", "<span data-toggle='tooltip' data-placement='right' title='原始值：8.33408'>8.33</span>", "<span data-toggle='tooltip' data-placement='right' title='原始值：269.6416'>269.6</span>", "<span data-toggle='tooltip' data-placement='right' title='原始值：1.33789'>1.3</span>", "<span data-toggle='tooltip' data-placement='right' title='原始值：1.73'>1.73</span>", "<span data-toggle='tooltip' data-placement='right' title='原始值：0.00869'>0.009</span>", "<span data-toggle='tooltip' data-placement='right' title='原始值：0.00718'>0.007</span>", "<span data-toggle='tooltip' data-placement='right' title='原始值：1.05207'>1.05</span>", "<span data-toggle='tooltip' data-placement='right' title='原始值：0.00398'>0.004</span>", "<span data-toggle='tooltip' data-placement='right' title='原始值：412024.8'>412025</span>", "正常"], ["河南省", "淮河流域", "<span data-toggle='tooltip' data-placement='right' title='所在地市:商丘市&#10;所属河流:浍河'>黄口</span>", "04-02 08:00", "Ⅱ", "<span data-toggle='tooltip' data-placement='right' title='原始值：13.3'>13.3</span>", "<span data-toggle='tooltip' data-placement='right' title='原始值：7.5325'>7.53</span>", "<span data-toggle='tooltip' data-placement='right' title='原始值：6.73746'>6.74</span>", "<span data-toggle='tooltip' data-placement='right' title='原始值：2025'>2025.0</span>", "<span data-toggle='tooltip' data-placement='right' title='原始值：28.4497'>28.4</span>", "<span data-toggle='tooltip' data-placement='right' title='原始值：3.19'>3.19</span>", "<span data-toggle='tooltip' data-placement='right' title='原始值：0.01576'>0.016</span>", "<span data-toggle='tooltip' data-placement='right' title='原始值：0.0797'>0.080</span>", "<span data-toggle='tooltip' data-placement='right' title='原始值：5.32195'>5.32</span>", "*", "*", "正常"], ["河南省", "淮河流域", "<span data-toggle='tooltip' data-placement='right' title='所在地市:信阳市&#10;所属河流:史灌河'>蒋集</span>", null, "", "--", "--", "--", "--", "--", "--", "--", "--", "--", "*", "*", "停站"], ["河南省", "淮河流域", "<span data-toggle='tooltip' data-placement='right' title='所在地市:信阳市&#10;所属河流:淮河'>息县大埠口</span>", null, "", "*", "--", "*", "*", "*", "*", "*", "*", "*", "*", "*", "维护"], ["河南省", "淮河流域", "<span data-toggle='tooltip' data-placement='right' title='所在地市:信阳市&#10;所属河流:淮河'>淮滨水文站(淮滨)</span>", "04-02 08:00", "Ⅲ", "<span data-toggle='tooltip' data-placement='right' title='原始值：15.8'>15.8</span>", "<span data-toggle='tooltip' data-placement='right' title='原始值：7.09'>7.09</span>", "<span data-toggle='tooltip' data-placement='right' title='原始值：8.67'>8.67</span>", "<span data-toggle='tooltip' data-placement='right' title='原始值：239'>239.0</span>", "<span data-toggle='tooltip' data-placement='right' title='原始值：70.84674'>70.8</span>", "<span data-toggle='tooltip' data-placement='right' title='原始值：3.51579'>3.52</span>", "<span data-toggle='tooltip' data-placement='right' title='原始值：0.07968'>0.080</span>", "<span data-toggle='tooltip' data-placement='right' title='原始值：0.10439'>0.104</span>", "<span data-toggle='tooltip' data-placement='right' title='原始值：1.85042'>1.85</span>", "*", "*", "正常"], ["河南省", "淮河流域", "<span data-toggle='tooltip' data-placement='right' title='所在地市:周口市&#10;所属河流:沙河'>沈丘闸</span>", "04-02 08:00", "Ⅲ", "<span data-toggle='tooltip' data-placement='right' title='原始值：14.46233'>14.5</span>", "<span data-toggle='tooltip' data-placement='right' title='原始值：7.47198'>7.47</span>", "<span data-toggle='tooltip' data-placement='right' title='原始值：6.0202'>6.02</span>", "<span data-toggle='tooltip' data-placement='right' title='原始值：941.9636'>942.0</span>", "<span data-toggle='tooltip' data-placement='right' title='原始值：15.96158'>16.0</span>", "<span data-toggle='tooltip' data-placement='right' title='原始值：3.88838'>3.89</span>", "<span data-toggle='tooltip' data-placement='right' title='原始值：0.66'>0.660</span>", "*", "*", "*", "*", "正常"], ["河南省", "淮河流域", "<span data-toggle='tooltip' data-placement='right' title='所在地市:周口市&#10;所属河流:涡河'>鹿邑付桥(鹿邑付桥闸)</span>", "04-02 08:00", "Ⅲ", "<span data-toggle='tooltip' data-placement='right' title='原始值：16.27438'>16.3</span>", "<span data-toggle='tooltip' data-placement='right' title='原始值：8.73733'>8.74</span>", "<span data-toggle='tooltip' data-placement='right' title='原始值：12.90159'>12.90</span>", "<span data-toggle='tooltip' data-placement='right' title='原始值：1502.883'>1502.9</span>", "<span data-toggle='tooltip' data-placement='right' title='原始值：2.93808'>2.9</span>", "<span data-toggle='tooltip' data-placement='right' title='原始值：4.945'>4.94</span>", "<span data-toggle='tooltip' data-placement='right' title='原始值：0.08'>0.080</span>", "<span data-toggle='tooltip' data-placement='right' title='原始值：0.0474'>0.047</span>", "<span data-toggle='tooltip' data-placement='right' title='原始值：0.66537'>0.67</span>", "*", "*", "正常"], ["河南省", "淮河流域", "<span data-toggle='tooltip' data-placement='right' title='所在地市:驻马店市&#10;所属河流:洪河'>新蔡班台(班台)</span>", "04-02 08:00", "Ⅳ", "<span data-toggle='tooltip' data-placement='right' title='原始值：15.79379'>15.8</span>", "<span data-toggle='tooltip' data-placement='right' title='原始值：7.24656'>7.25</span>", "<span data-toggle='tooltip' data-placement='right' title='原始值：5.92637'>5.93</span>", "<span data-toggle='tooltip' data-placement='right' title='原始值：611.4124'>611.4</span>", "<span data-toggle='tooltip' data-placement='right' title='原始值：4.05793'>4.1</span>", "<span data-toggle='tooltip' data-placement='right' title='原始值：3.92996'>3.93</span>", "<span data-toggle='tooltip' data-placement='right' title='原始值：0.58'>0.580</span>", "<span data-toggle='tooltip' data-placement='right' title='原始值：0.20718'>0.207</span>", "<span data-toggle='tooltip' data-placement='right' title='原始值：3.50737'>3.51</span>", "*", "*", "正常"], ["河南省", "黄河流域", "<span data-toggle='tooltip' data-placement='right' title='所在地市:济源市&#10;所属河流:黄河'>小浪底水库(小浪底)</span>", "04-02 08:00", "Ⅱ", "<span data-toggle='tooltip' data-placement='right' title='原始值：7.93265'>7.9</span>", "<span data-toggle='tooltip' data-placement='right' title='原始值：8.37401'>8.37</span>", "<span data-toggle='tooltip' data-placement='right' title='原始值：15.16575'>15.17</span>", "<span data-toggle='tooltip' data-placement='right' title='原始值：897.8511'>897.9</span>", "<span data-toggle='tooltip' data-placement='right' title='原始值：4.62533'>4.6</span>", "<span data-toggle='tooltip' data-placement='right' title='原始值：1.14'>1.14</span>", "<span data-toggle='tooltip' data-placement='right' title='原始值：0.14'>0.140</span>", "<span data-toggle='tooltip' data-placement='right' title='原始值：0.031'>0.031</span>", "<span data-toggle='tooltip' data-placement='right' title='原始值：4.01'>4.01</span>", "*", "*", "正常"], ["湖北省", "长江流域", "<span data-toggle='tooltip' data-placement='right' title='所在地市:武汉市&#10;所属河流:汉江'>宗关</span>", "04-02 08:00", "", "<span data-toggle='tooltip' data-placement='right' title='原始值：16.3'>16.3</span>", "<span data-toggle='tooltip' data-placement='right' title='原始值：7.734443'>7.73</span>", "<span data-toggle='tooltip' data-placement='right' title='原始值：8.549746'>8.55</span>", "<span data-toggle='tooltip' data-placement='right' title='原始值：343.7912'>343.8</span>", "<span data-toggle='tooltip' data-placement='right' title='原始值：26.91606'>26.9</span>", "<span data-toggle='tooltip' data-placement='right' title='原始值：2.32'>2.32</span>", "<span data-toggle='tooltip' data-placement='right' title='原始值：0.126'>0.126</span>", "<span data-toggle='tooltip' data-placement='right' title='极值过滤'>--</span>", "<span data-toggle='tooltip' data-placement='right' title='极值过滤'>--</span>", "<span data-toggle='tooltip' data-placement='right' title='原始值：0.0018203'>0.002</span>", "*", "维护"], ["湖北省", "长江流域", "<span data-toggle='tooltip' data-placement='right' title='所在地市:十堰市&#10;所属河流:丹江口水库'>坝上中(胡家岭)</span>", "04-02 08:00", "Ⅱ", "<span data-toggle='tooltip' data-placement='right' title='原始值：13.64'>13.6</span>", "<span data-toggle='tooltip' data-placement='right' title='原始值：8.168045'>8.17</span>", "<span data-toggle='tooltip' data-placement='right' title='原始值：10.4929'>10.49</span>", "<span data-toggle='tooltip' data-placement='right' title='原始值：243.015'>243.0</span>", "<span data-toggle='tooltip' data-placement='right' title='原始值：2.384435'>2.4</span>", "<span data-toggle='tooltip' data-placement='right' title='原始值：2.38'>2.38</span>", "<span data-toggle='tooltip' data-placement='right' title='原始值：0.087'>0.087</span>", "<span data-toggle='tooltip' data-placement='right' title='原始值：0.008'>0.008</span>", "<span data-toggle='tooltip' data-placement='right' title='原始值：1.26'>1.26</span>", "<span data-toggle='tooltip' data-placement='right' title='原始值：0.0063293'>0.006</span>", "<span data-toggle='tooltip' data-placement='right' title='原始值：8280000'>8280000</span>", "正常"], ["湖北省", "长江流域", "<span data-toggle='tooltip' data-placement='right' title='所在地市:宜昌市&#10;所属河流:长江'>南津关</span>", "04-02 08:00", "Ⅱ", "<span data-toggle='tooltip' data-placement='right' title='原始值：14.75'>14.8</span>", "<span data-toggle='tooltip' data-placement='right' title='原始值：7.918937'>7.92</span>", "<span data-toggle='tooltip' data-placement='right' title='原始值：8.770286'>8.77</span>", "<span data-toggle='tooltip' data-placement='right' title='原始值：452.037'>452.0</span>", "<span data-toggle='tooltip' data-placement='right' title='原始值：2.362696'>2.4</span>", "<span data-toggle='tooltip' data-placement='right' title='原始值：0.92'>0.92</span>", "<span data-toggle='tooltip' data-placement='right' title='原始值：0.089'>0.089</span>", "<span data-toggle='tooltip' data-placement='right' title='原始值：0.053'>0.053</span>", "<span data-toggle='tooltip' data-placement='right' title='原始值：1.624'>1.62</span>", "<span data-toggle='tooltip' data-placement='right' title='原始值：0.0265163'>0.027</span>", "*", "正常"], ["湖南省", "长江流域", "<span data-toggle='tooltip' data-placement='right' title='所在地市:长沙市&#10;所属河流:湘江'>新港</span>", "04-02 08:00", "Ⅱ", "<span data-toggle='tooltip' data-placement='right' title='原始值：17.21'>17.2</span>", "<span data-toggle='tooltip' data-placement='right' title='原始值：7.19'>7.19</span>", "<span data-toggle='tooltip' data-placement='right' title='原始值：7.93'>7.93</span>", "<span data-toggle='tooltip' data-placement='right' title='原始值：257.28'>257.3</span>", "<span data-toggle='tooltip' data-placement='right' title='原始值：26.79'>26.8</span>", "<span data-toggle='tooltip' data-placement='right' title='原始值：2.05'>2.05</span>", "<span data-toggle='tooltip' data-placement='right' title='原始值：0.13'>0.130</span>", "<span data-toggle='tooltip' data-placement='right' title='原始值：0.056'>0.056</span>", "<span data-toggle='tooltip' data-placement='right' title='原始值：2.56'>2.56</span>", "*", "*", "正常"], ["湖南省", "长江流域", "<span data-toggle='tooltip' data-placement='right' title='所在地市:岳阳市&#10;所属河流:洞庭湖'>岳阳楼</span>", "04-02 08:00", "Ⅳ", "<span data-toggle='tooltip' data-placement='right' title='原始值：15.23'>15.2</span>", "<span data-toggle='tooltip' data-placement='right' title='原始值：7.57668'>7.58</span>", "<span data-toggle='tooltip' data-placement='right' title='原始值：7.615118'>7.62</span>", "<span data-toggle='tooltip' data-placement='right' title='原始值：236.9287'>236.9</span>", "<span data-toggle='tooltip' data-placement='right' title='原始值：43.29557'>43.3</span>", "<span data-toggle='tooltip' data-placement='right' title='原始值：1.4'>1.40</span>", "<span data-toggle='tooltip' data-placement='right' title='原始值：0.006'>0.006</span>", "<span data-toggle='tooltip' data-placement='right' title='原始值：0.076'>0.076</span>", "<span data-toggle='tooltip' data-placement='right' title='原始值：1.398'>1.40</span>", "<span data-toggle='tooltip' data-placement='right' title='原始值：0.0031406'>0.003</span>", "<span data-toggle='tooltip' data-placement='right' title='原始值：258.398'>258</span>", "正常"], ["湖南省", "长江流域", "<span data-toggle='tooltip' data-placement='right' title='所在地市:岳阳市&#10;所属河流:长江'>城陵矶</span>", "04-02 08:00", "Ⅲ", "<span data-toggle='tooltip' data-placement='right' title='原始值：15.86'>15.9</span>", "<span data-toggle='tooltip' data-placement='right' title='原始值：7.614472'>7.61</span>", "<span data-toggle='tooltip' data-placement='right' title='原始值：9.402879'>9.40</span>", "<span data-toggle='tooltip' data-placement='right' title='原始值：251.446'>251.4</span>", "<span data-toggle='tooltip' data-placement='right' title='原始值：61.48087'>61.5</span>", "<span data-toggle='tooltip' data-placement='right' title='原始值：1.61'>1.61</span>", "<span data-toggle='tooltip' data-placement='right' title='原始值：0.001'>0.001</span>", "<span data-toggle='tooltip' data-placement='right' title='原始值：0.126'>0.126</span>", "<span data-toggle='tooltip' data-placement='right' title='原始值：1.942'>1.94</span>", "*", "*", "正常"], ["广东省", "珠江流域", "<span data-toggle='tooltip' data-placement='right' title='所在地市:清远市&#10;所属河流:北江'>七星岗</span>", "04-02 08:00", "Ⅱ", "<span data-toggle='tooltip' data-placement='right' title='原始值：23.94334'>23.9</span>", "<span data-toggle='tooltip' data-placement='right' title='原始值：7.19773'>7.20</span>", "<span data-toggle='tooltip' data-placement='right' title='原始值：6.97166'>6.97</span>", "<span data-toggle='tooltip' data-placement='right' title='原始值：281.5936'>281.6</span>", "<span data-toggle='tooltip' data-placement='right' title='原始值：12.84196'>12.8</span>", "<span data-toggle='tooltip' data-placement='right' title='原始值：0.79'>0.79</span>", "<span data-toggle='tooltip' data-placement='right' title='原始值：0.16823'>0.168</span>", "<span data-toggle='tooltip' data-placement='right' title='原始值：0.0274'>0.027</span>", "<span data-toggle='tooltip' data-placement='right' title='原始值：2.2151'>2.22</span>", "*", "*", "正常"], ["广东省", "珠江流域", "<span data-toggle='tooltip' data-placement='right' title='所在地市:中山市&#10;所属河流:西江'>横栏</span>", "04-02 08:00", "Ⅱ", "<span data-toggle='tooltip' data-placement='right' title='原始值：23.7'>23.7</span>", "<span data-toggle='tooltip' data-placement='right' title='原始值：7.78'>7.78</span>", "<span data-toggle='tooltip' data-placement='right' title='原始值：7.46'>7.46</span>", "<span data-toggle='tooltip' data-placement='right' title='原始值：311'>311.0</span>", "<span data-toggle='tooltip' data-placement='right' title='原始值：4.9'>4.9</span>", "<span data-toggle='tooltip' data-placement='right' title='原始值：1.66'>1.66</span>", "<span data-toggle='tooltip' data-placement='right' title='原始值：0.10303'>0.103</span>", "*", "*", "*", "*", "正常"], ["广西壮族自治区", "珠江流域", "<span data-toggle='tooltip' data-placement='right' title='所在地市:南宁市&#10;所属河流:邕江'>老口</span>", "04-02 08:00", "Ⅱ", "<span data-toggle='tooltip' data-placement='right' title='原始值：23.62196'>23.6</span>", "<span data-toggle='tooltip' data-placement='right' title='原始值：7.5504'>7.55</span>", "<span data-toggle='tooltip' data-placement='right' title='原始值：7.80441'>7.80</span>", "<span data-toggle='tooltip' data-placement='right' title='原始值：271.2354'>271.2</span>", "<span data-toggle='tooltip' data-placement='right' title='原始值：12.61067'>12.6</span>", "<span data-toggle='tooltip' data-placement='right' title='原始值：1.63184'>1.63</span>", "<span data-toggle='tooltip' data-placement='right' title='原始值：0.12451'>0.125</span>", "<span data-toggle='tooltip' data-placement='right' title='原始值：0.0434'>0.043</span>", "<span data-toggle='tooltip' data-placement='right' title='原始值：1.45355'>1.45</span>", "*", "*", "正常"], ["广西壮族自治区", "珠江流域", "<span data-toggle='tooltip' data-placement='right' title='所在地市:桂林市&#10;所属河流:漓江'>阳朔</span>", null, "", "--", "--", "--", "--", "--", "--", "--", "--", "--", "*", "*", "停站"], ["广西壮族自治区", "珠江流域", "<span data-toggle='tooltip' data-placement='right' title='所在地市:梧州市&#10;所属河流:浔江'>界首</span>", null, "", "--", "--", "--", "--", "--", "--", "--", "--", "--", "*", "*", "停站"], ["广西壮族自治区", "珠江流域", "<span data-toggle='tooltip' data-placement='right' title='所在地市:贵港市&#10;所属河流:浔江'>石嘴</span>", "04-02 08:00", "Ⅱ", "<span data-toggle='tooltip' data-placement='right' title='原始值：22.09928'>22.1</span>", "<span data-toggle='tooltip' data-placement='right' title='原始值：7.94233'>7.94</span>", "<span data-toggle='tooltip' data-placement='right' title='原始值：9.27645'>9.28</span>", "<span data-toggle='tooltip' data-placement='right' title='原始值：282.31'>282.3</span>", "<span data-toggle='tooltip' data-placement='right' title='原始值：8.78981'>8.8</span>", "<span data-toggle='tooltip' data-placement='right' title='原始值：0.66'>0.66</span>", "<span data-toggle='tooltip' data-placement='right' title='原始值：0.09'>0.090</span>", "<span data-toggle='tooltip' data-placement='right' title='原始值：0.02759'>0.028</span>", "<span data-toggle='tooltip' data-placement='right' title='原始值：2.1943'>2.19</span>", "*", "*", "正常"], ["广西壮族自治区", "珠江流域", "<span data-toggle='tooltip' data-placement='right' title='所在地市:崇左市&#10;所属河流:平而河'>平而关</span>", "04-02 08:00", "Ⅱ", "<span data-toggle='tooltip' data-placement='right' title='原始值：25.58244'>25.6</span>", "<span data-toggle='tooltip' data-placement='right' title='原始值：7.41408'>7.41</span>", "<span data-toggle='tooltip' data-placement='right' title='原始值：7.59572'>7.60</span>", "<span data-toggle='tooltip' data-placement='right' title='原始值：264.8285'>264.8</span>", "<span data-toggle='tooltip' data-placement='right' title='原始值：25.65394'>25.7</span>", "<span data-toggle='tooltip' data-placement='right' title='原始值：2.065'>2.06</span>", "<span data-toggle='tooltip' data-placement='right' title='原始值：0.12'>0.120</span>", "*", "*", "*", "*", "正常"], ["重庆市", "长江流域", "<span data-toggle='tooltip' data-placement='right' title='所在地市:永川区&#10;所属河流:长江'>朱沱</span>", "04-02 08:00", "Ⅱ", "<span data-toggle='tooltip' data-placement='right' title='原始值：16.7'>16.7</span>", "<span data-toggle='tooltip' data-placement='right' title='原始值：7.86'>7.86</span>", "<span data-toggle='tooltip' data-placement='right' title='原始值：9.75'>9.75</span>", "<span data-toggle='tooltip' data-placement='right' title='原始值：444.69'>444.7</span>", "<span data-toggle='tooltip' data-placement='right' title='原始值：57.32'>57.3</span>", "<span data-toggle='tooltip' data-placement='right' title='原始值：0.817'>0.82</span>", "<span data-toggle='tooltip' data-placement='right' title='原始值：0.034'>0.034</span>", "<span data-toggle='tooltip' data-placement='right' title='原始值：0.064'>0.064</span>", "<span data-toggle='tooltip' data-placement='right' title='原始值：1.577'>1.58</span>", "*", "*", "正常"], ["四川省", "长江流域", "<span data-toggle='tooltip' data-placement='right' title='所在地市:攀枝花市&#10;所属河流:金沙江'>龙洞</span>", "04-02 08:00", "", "<span data-toggle='tooltip' data-placement='right' title='原始值：14.56'>14.6</span>", "<span data-toggle='tooltip' data-placement='right' title='原始值：8.306185'>8.31</span>", "<span data-toggle='tooltip' data-placement='right' title='原始值：8.916368'>8.92</span>", "<span data-toggle='tooltip' data-placement='right' title='原始值：712.872'>712.9</span>", "<span data-toggle='tooltip' data-placement='right' title='原始值：2.942728'>2.9</span>", "<span data-toggle='tooltip' data-placement='right' title='原始值：0.95'>0.95</span>", "<span data-toggle='tooltip' data-placement='right' title='原始值：0.006'>0.006</span>", "<span data-toggle='tooltip' data-placement='right' title='极值过滤'>--</span>", "<span data-toggle='tooltip' data-placement='right' title='原始值：0.554097'>0.55</span>", "*", "*", "维护"], ["四川省", "长江流域", "<span data-toggle='tooltip' data-placement='right' title='所在地市:泸州市&#10;所属河流:沱江'>沱江大桥(沱江二桥)</span>", "04-02 08:00", "Ⅲ", "<span data-toggle='tooltip' data-placement='right' title='原始值：19.93'>19.9</span>", "<span data-toggle='tooltip' data-placement='right' title='原始值：8.006068'>8.01</span>", "<span data-toggle='tooltip' data-placement='right' title='原始值：7.375238'>7.38</span>", "<span data-toggle='tooltip' data-placement='right' title='原始值：707.8359'>707.8</span>", "<span data-toggle='tooltip' data-placement='right' title='原始值：15.63315'>15.6</span>", "<span data-toggle='tooltip' data-placement='right' title='原始值：2'>2.00</span>", "<span data-toggle='tooltip' data-placement='right' title='原始值：0.017'>0.017</span>", "<span data-toggle='tooltip' data-placement='right' title='原始值：0.167117'>0.167</span>", "<span data-toggle='tooltip' data-placement='right' title='极值过滤'>--</span>", "*", "*", "维护"], ["四川省", "长江流域", "<span data-toggle='tooltip' data-placement='right' title='所在地市:广元市&#10;所属河流:嘉陵江'>清风峡</span>", "04-02 08:00", "Ⅰ", "<span data-toggle='tooltip' data-placement='right' title='原始值：13.69999'>13.7</span>", "<span data-toggle='tooltip' data-placement='right' title='原始值：8.20001'>8.20</span>", "<span data-toggle='tooltip' data-placement='right' title='原始值：11.92518'>11.93</span>", "<span data-toggle='tooltip' data-placement='right' title='原始值：389.6018'>389.6</span>", "<span data-toggle='tooltip' data-placement='right' title='原始值：31.23516'>31.2</span>", "<span data-toggle='tooltip' data-placement='right' title='原始值：0.6'>0.60</span>", "<span data-toggle='tooltip' data-placement='right' title='原始值：0.09052'>0.091</span>", "*", "*", "*", "*", "正常"], ["四川省", "长江流域", "<span data-toggle='tooltip' data-placement='right' title='所在地市:乐山市&#10;所属河流:岷江'>岷江大桥</span>", null, "", "--", "--", "--", "--", "--", "--", "--", "--", "--", "*", "*", "停站"], ["四川省", "长江流域", "<span data-toggle='tooltip' data-placement='right' title='所在地市:宜宾市&#10;所属河流:岷江'>凉姜沟</span>", "04-02 08:00", "Ⅲ", "<span data-toggle='tooltip' data-placement='right' title='原始值：17.39'>17.4</span>", "<span data-toggle='tooltip' data-placement='right' title='原始值：8.042908'>8.04</span>", "<span data-toggle='tooltip' data-placement='right' title='原始值：7.976429'>7.98</span>", "<span data-toggle='tooltip' data-placement='right' title='原始值：334.6116'>334.6</span>", "<span data-toggle='tooltip' data-placement='right' title='原始值：17.66345'>17.7</span>", "<span data-toggle='tooltip' data-placement='right' title='原始值：1.45'>1.45</span>", "<span data-toggle='tooltip' data-placement='right' title='原始值：0.161'>0.161</span>", "<span data-toggle='tooltip' data-placement='right' title='原始值：0.137845'>0.138</span>", "<span data-toggle='tooltip' data-placement='right' title='原始值：2.046026'>2.05</span>", "*", "*", "正常"], ["云南省", "滇池流域", "<span data-toggle='tooltip' data-placement='right' title='所在地市:昆明市&#10;所属河流:滇池'>西苑隧道</span>", "04-02 08:00", "劣Ⅴ", "<span data-toggle='tooltip' data-placement='right' title='原始值：17.41'>17.4</span>", "<span data-toggle='tooltip' data-placement='right' title='原始值：7.67077'>7.67</span>", "<span data-toggle='tooltip' data-placement='right' title='原始值：5.621'>5.62</span>", "<span data-toggle='tooltip' data-placement='right' title='原始值：681.741'>681.7</span>", "<span data-toggle='tooltip' data-placement='right' title='原始值：19.379'>19.4</span>", "<span data-toggle='tooltip' data-placement='right' title='原始值：7.24678'>7.25</span>", "<span data-toggle='tooltip' data-placement='right' title='原始值：2.45222'>2.452</span>", "<span data-toggle='tooltip' data-placement='right' title='原始值：0.19187'>0.192</span>", "<span data-toggle='tooltip' data-placement='right' title='原始值：6.66546'>6.67</span>", "<span data-toggle='tooltip' data-placement='right' title='原始值：0.03093'>0.031</span>", "<span data-toggle='tooltip' data-placement='right' title='原始值：2.281685E+07'>22816850</span>", "正常"], ["云南省", "滇池流域", "<span data-toggle='tooltip' data-placement='right' title='所在地市:昆明市&#10;所属河流:滇池'>观音山</span>", "04-02 08:00", "劣Ⅴ", "<span data-toggle='tooltip' data-placement='right' title='原始值：16.03645'>16.0</span>", "<span data-toggle='tooltip' data-placement='right' title='原始值：9.05992'>9.06</span>", "<span data-toggle='tooltip' data-placement='right' title='原始值：9.034'>9.03</span>", "<span data-toggle='tooltip' data-placement='right' title='原始值：431.113'>431.1</span>", "<span data-toggle='tooltip' data-placement='right' title='原始值：22.375'>22.4</span>", "<span data-toggle='tooltip' data-placement='right' title='原始值：7.93171'>7.93</span>", "<span data-toggle='tooltip' data-placement='right' title='原始值：0.5'>0.500</span>", "<span data-toggle='tooltip' data-placement='right' title='原始值：0.0808'>0.081</span>", "<span data-toggle='tooltip' data-placement='right' title='原始值：1.31'>1.31</span>", "<span data-toggle='tooltip' data-placement='right' title='原始值：0.0134'>0.013</span>", "<span data-toggle='tooltip' data-placement='right' title='原始值：4.393679E+07'>43936790</span>", "正常"], ["云南省", "西南诸河", "<span data-toggle='tooltip' data-placement='right' title='所在地市:红河哈尼族彝族自治州&#10;所属河流:红河'>河口县医院(河口)</span>", "04-02 08:00", "Ⅱ", "<span data-toggle='tooltip' data-placement='right' title='原始值：23.99219'>24.0</span>", "<span data-toggle='tooltip' data-placement='right' title='原始值：7.99224'>7.99</span>", "<span data-toggle='tooltip' data-placement='right' title='原始值：7.92086'>7.92</span>", "<span data-toggle='tooltip' data-placement='right' title='原始值：262.2676'>262.3</span>", "<span data-toggle='tooltip' data-placement='right' title='原始值：22.97041'>23.0</span>", "<span data-toggle='tooltip' data-placement='right' title='原始值：1.20456'>1.20</span>", "<span data-toggle='tooltip' data-placement='right' title='原始值：0.12346'>0.123</span>", "<span data-toggle='tooltip' data-placement='right' title='原始值：0.06136'>0.061</span>", "<span data-toggle='tooltip' data-placement='right' title='原始值：1.0421'>1.04</span>", "*", "*", "正常"], ["云南省", "西南诸河", "<span data-toggle='tooltip' data-placement='right' title='所在地市:西双版纳傣族自治州&#10;所属河流:澜沧江'>橄榄坝</span>", "04-02 08:00", "Ⅱ", "<span data-toggle='tooltip' data-placement='right' title='原始值：19.384'>19.4</span>", "<span data-toggle='tooltip' data-placement='right' title='原始值：7.767'>7.77</span>", "<span data-toggle='tooltip' data-placement='right' title='原始值：7.194'>7.19</span>", "<span data-toggle='tooltip' data-placement='right' title='原始值：519.74'>519.7</span>", "<span data-toggle='tooltip' data-placement='right' title='原始值：4.79'>4.8</span>", "<span data-toggle='tooltip' data-placement='right' title='原始值：0.851'>0.85</span>", "<span data-toggle='tooltip' data-placement='right' title='原始值：0.035'>0.035</span>", "*", "*", "*", "*", "正常"], ["陕西省", "黄河流域", "<span data-toggle='tooltip' data-placement='right' title='所在地市:渭南市&#10;所属河流:渭河'>潼关吊桥</span>", "04-02 08:00", "Ⅲ", "<span data-toggle='tooltip' data-placement='right' title='原始值：14.5'>14.5</span>", "<span data-toggle='tooltip' data-placement='right' title='原始值：8.065'>8.06</span>", "<span data-toggle='tooltip' data-placement='right' title='原始值：7.205'>7.20</span>", "<span data-toggle='tooltip' data-placement='right' title='原始值：1268'>1268.0</span>", "<span data-toggle='tooltip' data-placement='right' title='原始值：111.3702'>111.4</span>", "<span data-toggle='tooltip' data-placement='right' title='原始值：2.38'>2.38</span>", "<span data-toggle='tooltip' data-placement='right' title='原始值：0.28'>0.280</span>", "<span data-toggle='tooltip' data-placement='right' title='原始值：0.10523'>0.105</span>", "<span data-toggle='tooltip' data-placement='right' title='原始值：8.01964'>8.02</span>", "*", "*", "正常"]]}