{"result": 1, "total": 1, "records": 98, "thead": ["省份", "流域", "断面名称", "监测时间", "水质类别", "水温<br/><span class='unit'>(℃)</span>", "pH<br/><span class='unit'>(无量纲)</span>", "溶解氧<br/><span class='unit'>(mg/L)</span>", "电导率<br/><span class='unit'>(μS/cm)</span>", "浊度<br/><span class='unit'>(NTU)</span>", "高锰酸盐指数<br/><span class='unit'>(mg/L)</span>", "氨氮<br/><span class='unit'>(mg/L)</span>", "总磷<br/><span class='unit'>(mg/L)</span>", "总氮<br/><span class='unit'>(mg/L)</span>", "叶绿素α<br/><span class='unit'>(mg/L)</span>", "藻密度<br/><span class='unit'>(cells/L)</span>", "站点情况"], "tbody": [["北京市", "海河流域", "<span data-toggle='tooltip' data-placement='right' title='所在地市:门头沟区&#10;所属河流:永定河'>沿河城</span>", "08-13 08:00", "", "<span data-toggle='tooltip' data-placement='right' title='原始值：24.60299'>24.6</span>", "<span data-toggle='tooltip' data-placement='right' title='原始值：8.14829'>8.15</span>", "<span data-toggle='tooltip' data-placement='right' title='原始值：7.10339'>7.10</span>", "<span data-toggle='tooltip' data-placement='right' title='原始值：1412.351'>1412.4</span>", "<span data-toggle='tooltip' data-placement='right' title='原始值：86.31172'>86.3</span>", "<span data-toggle='tooltip' data-placement='right' title='极值过滤'>--</span>", "<span data-toggle='tooltip' data-placement='right' title='原始值：0.19'>0.190</span>", "<span data-toggle='tooltip' data-placement='right' title='原始值：0.0913'>0.091</span>", "<span data-toggle='tooltip' data-placement='right' title='原始值：1.46237'>1.46</span>", "*", "*", "维护"], ["北京市", "海河流域", "<span data-toggle='tooltip' data-placement='right' title='所在地市:密云区&#10;所属河流:潮河'>古北口</span>", "08-13 08:00", "Ⅲ", "<span data-toggle='tooltip' data-placement='right' title='原始值：24.97277'>25.0</span>", "<span data-toggle='tooltip' data-placement='right' title='原始值：6.91016'>6.91</span>", "<span data-toggle='tooltip' data-placement='right' title='原始值：5.98'>5.98</span>", "<span data-toggle='tooltip' data-placement='right' title='原始值：537.2626'>537.3</span>", "<span data-toggle='tooltip' data-placement='right' title='原始值：3.56995'>3.6</span>", "<span data-toggle='tooltip' data-placement='right' title='原始值：1.0775'>1.08</span>", "<span data-toggle='tooltip' data-placement='right' title='原始值：0.29'>0.290</span>", "<span data-toggle='tooltip' data-placement='right' title='原始值：0.0001'>0.0001</span>", "<span data-toggle='tooltip' data-placement='right' title='原始值：3.0562'>3.06</span>", "*", "*", "正常"], ["天津市", "海河流域", "<span data-toggle='tooltip' data-placement='right' title='所在地市:河北区&#10;所属河流:海河'>三岔口</span>", "08-13 08:00", "Ⅳ", "<span data-toggle='tooltip' data-placement='right' title='原始值：28.0179'>28.0</span>", "<span data-toggle='tooltip' data-placement='right' title='原始值：7.1687'>7.17</span>", "<span data-toggle='tooltip' data-placement='right' title='原始值：3.822'>3.82</span>", "<span data-toggle='tooltip' data-placement='right' title='原始值：294.2164'>294.2</span>", "<span data-toggle='tooltip' data-placement='right' title='原始值：10.983'>11.0</span>", "<span data-toggle='tooltip' data-placement='right' title='原始值：2.62'>2.62</span>", "<span data-toggle='tooltip' data-placement='right' title='原始值：0.5'>0.500</span>", "<span data-toggle='tooltip' data-placement='right' title='原始值：0.0025'>0.002</span>", "<span data-toggle='tooltip' data-placement='right' title='原始值：1.3305'>1.33</span>", "*", "*", "正常"], ["天津市", "海河流域", "<span data-toggle='tooltip' data-placement='right' title='所在地市:蓟州区&#10;所属河流:果河'>果河桥</span>", "08-13 08:00", "Ⅱ", "<span data-toggle='tooltip' data-placement='right' title='原始值：27.8'>27.8</span>", "<span data-toggle='tooltip' data-placement='right' title='原始值：7.867'>7.87</span>", "<span data-toggle='tooltip' data-placement='right' title='原始值：6.995'>7.00</span>", "<span data-toggle='tooltip' data-placement='right' title='原始值：617.751'>617.8</span>", "<span data-toggle='tooltip' data-placement='right' title='原始值：8.802'>8.8</span>", "<span data-toggle='tooltip' data-placement='right' title='原始值：2.4177'>2.42</span>", "<span data-toggle='tooltip' data-placement='right' title='原始值：0.27'>0.270</span>", "<span data-toggle='tooltip' data-placement='right' title='原始值：0.0416'>0.042</span>", "<span data-toggle='tooltip' data-placement='right' title='原始值：2.149'>2.15</span>", "*", "*", "正常"], ["河北省", "海河流域", "<span data-toggle='tooltip' data-placement='right' title='所在地市:石家庄市&#10;所属河流:滹沱河'>岗南水库</span>", "08-13 08:00", "", "<span data-toggle='tooltip' data-placement='right' title='原始值：27.41851'>27.4</span>", "<span data-toggle='tooltip' data-placement='right' title='原始值：8.29413'>8.29</span>", "<span data-toggle='tooltip' data-placement='right' title='原始值：7.46629'>7.47</span>", "<span data-toggle='tooltip' data-placement='right' title='原始值：552.8786'>552.9</span>", "<span data-toggle='tooltip' data-placement='right' title='原始值：2.05791'>2.1</span>", "<span data-toggle='tooltip' data-placement='right' title='原始值：4.37414'>4.37</span>", "<span data-toggle='tooltip' data-placement='right' title='原始值：0.09'>0.090</span>", "<span data-toggle='tooltip' data-placement='right' title='极值过滤'>--</span>", "<span data-toggle='tooltip' data-placement='right' title='原始值：2.55214'>2.55</span>", "*", "*", "维护"], ["河北省", "海河流域", "<span data-toggle='tooltip' data-placement='right' title='所在地市:张家口市&#10;所属河流:永定河'>八号桥</span>", "08-13 08:00", "Ⅳ", "<span data-toggle='tooltip' data-placement='right' title='原始值：25.22362'>25.2</span>", "<span data-toggle='tooltip' data-placement='right' title='原始值：7.5361'>7.54</span>", "<span data-toggle='tooltip' data-placement='right' title='原始值：5.05123'>5.05</span>", "<span data-toggle='tooltip' data-placement='right' title='原始值：1066.333'>1066.3</span>", "<span data-toggle='tooltip' data-placement='right' title='原始值：62.95442'>63.0</span>", "<span data-toggle='tooltip' data-placement='right' title='原始值：4.78'>4.78</span>", "<span data-toggle='tooltip' data-placement='right' title='原始值：1.43'>1.430</span>", "<span data-toggle='tooltip' data-placement='right' title='原始值：0.219'>0.219</span>", "<span data-toggle='tooltip' data-placement='right' title='原始值：3.72'>3.72</span>", "*", "*", "正常"], ["山西省", "黄河流域", "<span data-toggle='tooltip' data-placement='right' title='所在地市:运城市&#10;所属河流:汾河'>河津大桥</span>", "08-13 08:00", "Ⅴ", "<span data-toggle='tooltip' data-placement='right' title='原始值：27.87106'>27.9</span>", "<span data-toggle='tooltip' data-placement='right' title='原始值：7.79014'>7.79</span>", "<span data-toggle='tooltip' data-placement='right' title='原始值：2.33787'>2.34</span>", "<span data-toggle='tooltip' data-placement='right' title='原始值：1175.914'>1175.9</span>", "<span data-toggle='tooltip' data-placement='right' title='原始值：2301.192'>2301.2</span>", "<span data-toggle='tooltip' data-placement='right' title='原始值：10.65'>10.65</span>", "<span data-toggle='tooltip' data-placement='right' title='原始值：0.02'>0.020</span>", "*", "*", "*", "*", "正常"], ["山西省", "黄河流域", "<span data-toggle='tooltip' data-placement='right' title='所在地市:忻州市&#10;所属河流:黄河'>万家寨水库</span>", "08-13 08:00", "劣Ⅴ", "<span data-toggle='tooltip' data-placement='right' title='原始值：23.89395'>23.9</span>", "<span data-toggle='tooltip' data-placement='right' title='原始值：7.8223'>7.82</span>", "<span data-toggle='tooltip' data-placement='right' title='原始值：7.45622'>7.46</span>", "<span data-toggle='tooltip' data-placement='right' title='原始值：666.4138'>666.4</span>", "<span data-toggle='tooltip' data-placement='right' title='原始值：248.5074'>248.5</span>", "<span data-toggle='tooltip' data-placement='right' title='原始值：3.47'>3.47</span>", "<span data-toggle='tooltip' data-placement='right' title='原始值：0.33'>0.330</span>", "<span data-toggle='tooltip' data-placement='right' title='原始值：0.47075'>0.471</span>", "<span data-toggle='tooltip' data-placement='right' title='原始值：5.8375'>5.84</span>", "*", "*", "正常"], ["内蒙古自治区", "黄河流域", "<span data-toggle='tooltip' data-placement='right' title='所在地市:包头市&#10;所属河流:黄河'>画匠营子</span>", "08-13 08:00", "", "<span data-toggle='tooltip' data-placement='right' title='原始值：22.66368'>22.7</span>", "<span data-toggle='tooltip' data-placement='right' title='原始值：7.5652'>7.57</span>", "<span data-toggle='tooltip' data-placement='right' title='原始值：7.12948'>7.13</span>", "<span data-toggle='tooltip' data-placement='right' title='原始值：788.9467'>788.9</span>", "<span data-toggle='tooltip' data-placement='right' title='原始值：2338.111'>2338.1</span>", "<span data-toggle='tooltip' data-placement='right' title='原始值：3.45922'>3.46</span>", "<span data-toggle='tooltip' data-placement='right' title='极值过滤'>--</span>", "*", "*", "*", "*", "维护"], ["内蒙古自治区", "黄河流域", "<span data-toggle='tooltip' data-placement='right' title='所在地市:乌海市&#10;所属河流:黄河'>海勃湾</span>", "08-13 08:00", "Ⅲ", "<span data-toggle='tooltip' data-placement='right' title='原始值：21.66612'>21.7</span>", "<span data-toggle='tooltip' data-placement='right' title='原始值：7.71411'>7.71</span>", "<span data-toggle='tooltip' data-placement='right' title='原始值：5.76848'>5.77</span>", "<span data-toggle='tooltip' data-placement='right' title='原始值：596.465'>596.5</span>", "<span data-toggle='tooltip' data-placement='right' title='原始值：352.9959'>353.0</span>", "<span data-toggle='tooltip' data-placement='right' title='原始值：4.46'>4.46</span>", "<span data-toggle='tooltip' data-placement='right' title='原始值：0.1'>0.100</span>", "*", "*", "*", "*", "正常"], ["内蒙古自治区", "松花江流域", "<span data-toggle='tooltip' data-placement='right' title='所在地市:呼伦贝尔市&#10;所属河流:额尔古纳河'>黑山头</span>", null, "", "--", "--", "--", "--", "--", "--", "--", "--", "--", "*", "*", "停站"], ["辽宁省", "辽河流域", "<span data-toggle='tooltip' data-placement='right' title='所在地市:抚顺市&#10;所属河流:浑河'>大伙房水库</span>", "08-13 08:00", "", "<span data-toggle='tooltip' data-placement='right' title='原始值：29.01035'>29.0</span>", "<span data-toggle='tooltip' data-placement='right' title='原始值：7.96387'>7.96</span>", "<span data-toggle='tooltip' data-placement='right' title='原始值：10.42948'>10.43</span>", "<span data-toggle='tooltip' data-placement='right' title='原始值：325.1274'>325.1</span>", "<span data-toggle='tooltip' data-placement='right' title='原始值：12.08558'>12.1</span>", "<span data-toggle='tooltip' data-placement='right' title='原始值：1.689'>1.69</span>", "<span data-toggle='tooltip' data-placement='right' title='原始值：0.05'>0.050</span>", "<span data-toggle='tooltip' data-placement='right' title='极值过滤'>--</span>", "<span data-toggle='tooltip' data-placement='right' title='原始值：1.14156'>1.14</span>", "<span data-toggle='tooltip' data-placement='right' title='极值过滤'>--</span>", "*", "维护"], ["辽宁省", "辽河流域", "<span data-toggle='tooltip' data-placement='right' title='所在地市:丹东市&#10;所属河流:鸭绿江'>江桥</span>", null, "", "--", "--", "--", "--", "--", "--", "--", "--", "--", "*", "*", "维护"], ["辽宁省", "辽河流域", "<span data-toggle='tooltip' data-placement='right' title='所在地市:营口市&#10;所属河流:大辽河'>辽河公园</span>", "08-13 08:00", "Ⅴ", "<span data-toggle='tooltip' data-placement='right' title='原始值：26.46178'>26.5</span>", "<span data-toggle='tooltip' data-placement='right' title='原始值：6.70315'>6.70</span>", "<span data-toggle='tooltip' data-placement='right' title='原始值：7.43431'>7.43</span>", "<span data-toggle='tooltip' data-placement='right' title='原始值：41894.13'>41894.1</span>", "<span data-toggle='tooltip' data-placement='right' title='原始值：113.4139'>113.4</span>", "<span data-toggle='tooltip' data-placement='right' title='原始值：11.22036'>11.22</span>", "<span data-toggle='tooltip' data-placement='right' title='原始值：0.07143'>0.071</span>", "<span data-toggle='tooltip' data-placement='right' title='原始值：0.23845'>0.238</span>", "<span data-toggle='tooltip' data-placement='right' title='原始值：2.90205'>2.90</span>", "*", "*", "正常"], ["辽宁省", "辽河流域", "<span data-toggle='tooltip' data-placement='right' title='所在地市:辽阳市&#10;所属河流:太子河'>汤河水库</span>", "08-13 08:00", "", "<span data-toggle='tooltip' data-placement='right' title='原始值：18.1'>18.1</span>", "<span data-toggle='tooltip' data-placement='right' title='原始值：7.6'>7.60</span>", "<span data-toggle='tooltip' data-placement='right' title='极值过滤'>--</span>", "<span data-toggle='tooltip' data-placement='right' title='原始值：478.9996'>479.0</span>", "<span data-toggle='tooltip' data-placement='right' title='原始值：30.6307'>30.6</span>", "<span data-toggle='tooltip' data-placement='right' title='原始值：1.6'>1.60</span>", "<span data-toggle='tooltip' data-placement='right' title='原始值：0.002'>0.002</span>", "<span data-toggle='tooltip' data-placement='right' title='极值过滤'>--</span>", "<span data-toggle='tooltip' data-placement='right' title='原始值：1.18477'>1.18</span>", "*", "*", "维护"], ["辽宁省", "辽河流域", "<span data-toggle='tooltip' data-placement='right' title='所在地市:盘锦市&#10;所属河流:辽河'>盘锦兴安(兴安)</span>", "08-13 08:00", "", "<span data-toggle='tooltip' data-placement='right' title='原始值：26.16164'>26.2</span>", "<span data-toggle='tooltip' data-placement='right' title='原始值：7.11159'>7.11</span>", "<span data-toggle='tooltip' data-placement='right' title='原始值：4.8861'>4.89</span>", "<span data-toggle='tooltip' data-placement='right' title='原始值：743.4229'>743.4</span>", "<span data-toggle='tooltip' data-placement='right' title='原始值：104.3992'>104.4</span>", "<span data-toggle='tooltip' data-placement='right' title='原始值：3.04318'>3.04</span>", "<span data-toggle='tooltip' data-placement='right' title='极值过滤'>--</span>", "<span data-toggle='tooltip' data-placement='right' title='原始值：0.02827'>0.028</span>", "<span data-toggle='tooltip' data-placement='right' title='原始值：1.55717'>1.56</span>", "*", "*", "维护"], ["辽宁省", "辽河流域", "<span data-toggle='tooltip' data-placement='right' title='所在地市:铁岭市&#10;所属河流:辽河'>珠尔山</span>", "08-13 08:00", "Ⅳ", "<span data-toggle='tooltip' data-placement='right' title='原始值：26.06157'>26.1</span>", "<span data-toggle='tooltip' data-placement='right' title='原始值：6.83301'>6.83</span>", "<span data-toggle='tooltip' data-placement='right' title='原始值：5.28117'>5.28</span>", "<span data-toggle='tooltip' data-placement='right' title='原始值：529.3288'>529.3</span>", "<span data-toggle='tooltip' data-placement='right' title='原始值：23.0666'>23.1</span>", "<span data-toggle='tooltip' data-placement='right' title='原始值：6.14506'>6.15</span>", "<span data-toggle='tooltip' data-placement='right' title='原始值：0.2'>0.200</span>", "<span data-toggle='tooltip' data-placement='right' title='原始值：0.25953'>0.260</span>", "<span data-toggle='tooltip' data-placement='right' title='原始值：2.26532'>2.27</span>", "*", "*", "正常"], ["吉林省", "松花江流域", "<span data-toggle='tooltip' data-placement='right' title='所在地市:长春市&#10;所属河流:松花江'>松花江村</span>", null, "", "--", "--", "--", "--", "--", "--", "--", "--", "--", "*", "*", "停站"], ["吉林省", "松花江流域", "<span data-toggle='tooltip' data-placement='right' title='所在地市:白城市&#10;所属河流:嫩江'>白沙滩</span>", "08-13 08:00", "", "<span data-toggle='tooltip' data-placement='right' title='原始值：26.1846'>26.2</span>", "<span data-toggle='tooltip' data-placement='right' title='原始值：6.86067'>6.86</span>", "<span data-toggle='tooltip' data-placement='right' title='原始值：8.64853'>8.65</span>", "<span data-toggle='tooltip' data-placement='right' title='原始值：241.8535'>241.9</span>", "<span data-toggle='tooltip' data-placement='right' title='原始值：1643.877'>1643.9</span>", "<span data-toggle='tooltip' data-placement='right' title='原始值：7.75'>7.75</span>", "<span data-toggle='tooltip' data-placement='right' title='极值过滤'>--</span>", "<span data-toggle='tooltip' data-placement='right' title='原始值：0.34018'>0.340</span>", "<span data-toggle='tooltip' data-placement='right' title='原始值：0.78536'>0.79</span>", "*", "*", "维护"], ["吉林省", "松花江流域", "<span data-toggle='tooltip' data-placement='right' title='所在地市:延边朝鲜族自治州&#10;所属河流:图们江'>圈河</span>", null, "", "--", "--", "--", "--", "--", "--", "--", "--", "--", "*", "*", "停站"], ["黑龙江省", "松花江流域", "<span data-toggle='tooltip' data-placement='right' title='所在地市:大庆市&#10;所属河流:松花江'>肇源</span>", null, "", "--", "--", "--", "--", "--", "--", "--", "--", "--", "*", "*", "停站"], ["黑龙江省", "松花江流域", "<span data-toggle='tooltip' data-placement='right' title='所在地市:佳木斯市&#10;所属河流:乌苏里江'>乌苏镇</span>", null, "", "--", "--", "--", "--", "--", "--", "--", "--", "--", "*", "*", "停站"], ["黑龙江省", "松花江流域", "<span data-toggle='tooltip' data-placement='right' title='所在地市:佳木斯市&#10;所属河流:松花江'>同江</span>", null, "", "--", "--", "--", "--", "--", "--", "--", "--", "--", "*", "*", "停站"], ["黑龙江省", "松花江流域", "<span data-toggle='tooltip' data-placement='right' title='所在地市:黑河市&#10;所属河流:黑龙江'>黑河下(黑河)</span>", null, "", "--", "--", "--", "--", "--", "--", "--", "--", "--", "*", "*", "停站"], ["上海市", "长江流域", "<span data-toggle='tooltip' data-placement='right' title='所在地市:青浦区&#10;所属河流:淀山湖'>急水港桥</span>", "08-13 08:00", "Ⅳ", "<span data-toggle='tooltip' data-placement='right' title='原始值：30'>30.0</span>", "<span data-toggle='tooltip' data-placement='right' title='原始值：7.29'>7.29</span>", "<span data-toggle='tooltip' data-placement='right' title='原始值：4.44'>4.44</span>", "<span data-toggle='tooltip' data-placement='right' title='原始值：384'>384.0</span>", "<span data-toggle='tooltip' data-placement='right' title='原始值：86.1'>86.1</span>", "<span data-toggle='tooltip' data-placement='right' title='原始值：3.875'>3.88</span>", "<span data-toggle='tooltip' data-placement='right' title='原始值：0.5708'>0.571</span>", "<span data-toggle='tooltip' data-placement='right' title='原始值：0.09375'>0.094</span>", "<span data-toggle='tooltip' data-placement='right' title='原始值：1.8672'>1.87</span>", "<span data-toggle='tooltip' data-placement='right' title='原始值：0.00886'>0.009</span>", "<span data-toggle='tooltip' data-placement='right' title='原始值：9233854'>9233854</span>", "正常"], ["江苏省", "长江流域", "<span data-toggle='tooltip' data-placement='right' title='所在地市:南京市&#10;所属河流:长江'>林山</span>", "08-13 08:00", "Ⅲ", "<span data-toggle='tooltip' data-placement='right' title='原始值：29.198'>29.2</span>", "<span data-toggle='tooltip' data-placement='right' title='原始值：7.59677'>7.60</span>", "<span data-toggle='tooltip' data-placement='right' title='原始值：5.97545'>5.98</span>", "<span data-toggle='tooltip' data-placement='right' title='原始值：294.18'>294.2</span>", "<span data-toggle='tooltip' data-placement='right' title='原始值：61.6335'>61.6</span>", "<span data-toggle='tooltip' data-placement='right' title='原始值：2.52'>2.52</span>", "<span data-toggle='tooltip' data-placement='right' title='原始值：0.066'>0.066</span>", "*", "*", "*", "*", "正常"], ["江苏省", "太湖流域", "<span data-toggle='tooltip' data-placement='right' title='所在地市:无锡市&#10;所属河流:太湖'>沙渚</span>", "08-13 08:00", "Ⅲ", "<span data-toggle='tooltip' data-placement='right' title='原始值：30.69872'>30.7</span>", "<span data-toggle='tooltip' data-placement='right' title='原始值：7.663873'>7.66</span>", "<span data-toggle='tooltip' data-placement='right' title='原始值：6.194134'>6.19</span>", "<span data-toggle='tooltip' data-placement='right' title='原始值：566.8585'>566.9</span>", "<span data-toggle='tooltip' data-placement='right' title='原始值：86.08638'>86.1</span>", "<span data-toggle='tooltip' data-placement='right' title='原始值：4.47'>4.47</span>", "<span data-toggle='tooltip' data-placement='right' title='原始值：0.11'>0.110</span>", "<span data-toggle='tooltip' data-placement='right' title='原始值：0.0724'>0.072</span>", "<span data-toggle='tooltip' data-placement='right' title='原始值：1.592'>1.59</span>", "*", "*", "正常"], ["江苏省", "淮河流域", "<span data-toggle='tooltip' data-placement='right' title='所在地市:徐州市&#10;所属河流:武河'>小红圈</span>", "08-13 08:00", "Ⅳ", "<span data-toggle='tooltip' data-placement='right' title='原始值：27.5'>27.5</span>", "<span data-toggle='tooltip' data-placement='right' title='原始值：7.03'>7.03</span>", "<span data-toggle='tooltip' data-placement='right' title='原始值：4.45'>4.45</span>", "<span data-toggle='tooltip' data-placement='right' title='原始值：900.5'>900.5</span>", "<span data-toggle='tooltip' data-placement='right' title='原始值：9.29'>9.3</span>", "<span data-toggle='tooltip' data-placement='right' title='原始值：6.46'>6.46</span>", "<span data-toggle='tooltip' data-placement='right' title='原始值：0.92'>0.920</span>", "*", "*", "*", "*", "正常"], ["江苏省", "淮河流域", "<span data-toggle='tooltip' data-placement='right' title='所在地市:徐州市&#10;所属河流:沿河'>李集桥</span>", "08-13 08:00", "劣Ⅴ", "<span data-toggle='tooltip' data-placement='right' title='原始值：29.38'>29.4</span>", "<span data-toggle='tooltip' data-placement='right' title='原始值：7.66'>7.66</span>", "<span data-toggle='tooltip' data-placement='right' title='原始值：8.16'>8.16</span>", "<span data-toggle='tooltip' data-placement='right' title='原始值：663.1'>663.1</span>", "<span data-toggle='tooltip' data-placement='right' title='原始值：9.72'>9.7</span>", "<span data-toggle='tooltip' data-placement='right' title='原始值：8'>8.00</span>", "<span data-toggle='tooltip' data-placement='right' title='原始值：0.364'>0.364</span>", "<span data-toggle='tooltip' data-placement='right' title='原始值：0.451'>0.451</span>", "<span data-toggle='tooltip' data-placement='right' title='原始值：3.148'>3.15</span>", "*", "*", "正常"], ["江苏省", "淮河流域", "<span data-toggle='tooltip' data-placement='right' title='所在地市:徐州市&#10;所属河流:邳苍分洪道'>艾山西大桥</span>", "08-13 08:00", "劣Ⅴ", "<span data-toggle='tooltip' data-placement='right' title='原始值：26.6223'>26.6</span>", "<span data-toggle='tooltip' data-placement='right' title='原始值：7.75241'>7.75</span>", "<span data-toggle='tooltip' data-placement='right' title='原始值：4.67753'>4.68</span>", "<span data-toggle='tooltip' data-placement='right' title='原始值：910.062'>910.1</span>", "<span data-toggle='tooltip' data-placement='right' title='原始值：46.8985'>46.9</span>", "<span data-toggle='tooltip' data-placement='right' title='原始值：3.84'>3.84</span>", "<span data-toggle='tooltip' data-placement='right' title='原始值：0.17'>0.170</span>", "<span data-toggle='tooltip' data-placement='right' title='原始值：0.41581'>0.416</span>", "<span data-toggle='tooltip' data-placement='right' title='原始值：11.60739'>11.61</span>", "*", "*", "正常"], ["江苏省", "太湖流域", "<span data-toggle='tooltip' data-placement='right' title='所在地市:苏州市&#10;所属河流:太湖'>兰山嘴(老)</span>", "08-13 08:00", "Ⅳ", "<span data-toggle='tooltip' data-placement='right' title='原始值：31.51185'>31.5</span>", "<span data-toggle='tooltip' data-placement='right' title='原始值：7.42529'>7.43</span>", "<span data-toggle='tooltip' data-placement='right' title='原始值：4.72385'>4.72</span>", "<span data-toggle='tooltip' data-placement='right' title='原始值：321.9284'>321.9</span>", "<span data-toggle='tooltip' data-placement='right' title='原始值：17.9892'>18.0</span>", "<span data-toggle='tooltip' data-placement='right' title='原始值：3.18'>3.18</span>", "<span data-toggle='tooltip' data-placement='right' title='原始值：0.22'>0.220</span>", "<span data-toggle='tooltip' data-placement='right' title='原始值：0.15425'>0.154</span>", "<span data-toggle='tooltip' data-placement='right' title='原始值：0.89492'>0.89</span>", "*", "*", "正常"], ["江苏省", "太湖流域", "<span data-toggle='tooltip' data-placement='right' title='所在地市:苏州市&#10;所属河流:太湖'>西山</span>", "08-13 08:00", "Ⅳ", "<span data-toggle='tooltip' data-placement='right' title='原始值：31.81853'>31.8</span>", "<span data-toggle='tooltip' data-placement='right' title='原始值：7.98706'>7.99</span>", "<span data-toggle='tooltip' data-placement='right' title='原始值：6.50156'>6.50</span>", "<span data-toggle='tooltip' data-placement='right' title='原始值：326.7186'>326.7</span>", "<span data-toggle='tooltip' data-placement='right' title='原始值：59.41575'>59.4</span>", "<span data-toggle='tooltip' data-placement='right' title='原始值：2.65'>2.65</span>", "<span data-toggle='tooltip' data-placement='right' title='原始值：0.12'>0.120</span>", "<span data-toggle='tooltip' data-placement='right' title='原始值：0.0824'>0.082</span>", "<span data-toggle='tooltip' data-placement='right' title='原始值：0.8486'>0.85</span>", "*", "*", "正常"], ["江苏省", "淮河流域", "<span data-toggle='tooltip' data-placement='right' title='所在地市:连云港市&#10;所属河流:新沭河'>大兴桥</span>", null, "", "--", "--", "--", "--", "--", "--", "--", "--", "--", "*", "*", "停站"], ["江苏省", "淮河流域", "<span data-toggle='tooltip' data-placement='right' title='所在地市:淮安市&#10;所属河流:淮河'>淮河大桥</span>", null, "", "--", "--", "--", "--", "--", "--", "--", "--", "--", "*", "*", "停站"], ["江苏省", "长江流域", "<span data-toggle='tooltip' data-placement='right' title='所在地市:扬州市&#10;所属河流:夹江'>三江营</span>", "08-13 08:00", "Ⅳ", "<span data-toggle='tooltip' data-placement='right' title='原始值：30.01'>30.0</span>", "<span data-toggle='tooltip' data-placement='right' title='原始值：7.65'>7.65</span>", "<span data-toggle='tooltip' data-placement='right' title='原始值：5.42'>5.42</span>", "<span data-toggle='tooltip' data-placement='right' title='原始值：390.78'>390.8</span>", "<span data-toggle='tooltip' data-placement='right' title='原始值：167.25'>167.2</span>", "<span data-toggle='tooltip' data-placement='right' title='原始值：5.371'>5.37</span>", "<span data-toggle='tooltip' data-placement='right' title='原始值：1.287'>1.287</span>", "<span data-toggle='tooltip' data-placement='right' title='原始值：0.096'>0.096</span>", "<span data-toggle='tooltip' data-placement='right' title='原始值：0.969'>0.97</span>", "*", "*", "正常"], ["江苏省", "淮河流域", "<span data-toggle='tooltip' data-placement='right' title='所在地市:宿迁市&#10;所属河流:新濉河'>大屈</span>", "08-13 08:00", "Ⅳ", "<span data-toggle='tooltip' data-placement='right' title='原始值：29.7'>29.7</span>", "<span data-toggle='tooltip' data-placement='right' title='原始值：7.28'>7.28</span>", "<span data-toggle='tooltip' data-placement='right' title='原始值：5.04'>5.04</span>", "<span data-toggle='tooltip' data-placement='right' title='原始值：661.7'>661.7</span>", "<span data-toggle='tooltip' data-placement='right' title='原始值：28.82'>28.8</span>", "<span data-toggle='tooltip' data-placement='right' title='原始值：6.62'>6.62</span>", "<span data-toggle='tooltip' data-placement='right' title='原始值：0.17'>0.170</span>", "<span data-toggle='tooltip' data-placement='right' title='原始值：0.154'>0.154</span>", "<span data-toggle='tooltip' data-placement='right' title='原始值：2.402'>2.40</span>", "*", "*", "正常"], ["浙江省", "浙闽片河流", "<span data-toggle='tooltip' data-placement='right' title='所在地市:杭州市&#10;所属河流:新安江'>街口(鸠坑口)</span>", "08-13 08:00", "Ⅱ", "<span data-toggle='tooltip' data-placement='right' title='原始值：26.41'>26.4</span>", "<span data-toggle='tooltip' data-placement='right' title='原始值：8.61'>8.61</span>", "<span data-toggle='tooltip' data-placement='right' title='原始值：8.18'>8.18</span>", "<span data-toggle='tooltip' data-placement='right' title='原始值：127.76'>127.8</span>", "<span data-toggle='tooltip' data-placement='right' title='原始值：16.61'>16.6</span>", "<span data-toggle='tooltip' data-placement='right' title='原始值：1.409'>1.41</span>", "<span data-toggle='tooltip' data-placement='right' title='原始值：0.025'>0.025</span>", "<span data-toggle='tooltip' data-placement='right' title='原始值：0.056'>0.056</span>", "<span data-toggle='tooltip' data-placement='right' title='原始值：1.048'>1.05</span>", "*", "*", "正常"], ["浙江省", "太湖流域", "<span data-toggle='tooltip' data-placement='right' title='所在地市:嘉兴市&#10;所属河流:斜路港河'>斜路港</span>", "08-13 08:00", "Ⅳ", "<span data-toggle='tooltip' data-placement='right' title='原始值：31.2'>31.2</span>", "<span data-toggle='tooltip' data-placement='right' title='原始值：8.34'>8.34</span>", "<span data-toggle='tooltip' data-placement='right' title='原始值：4.38'>4.38</span>", "<span data-toggle='tooltip' data-placement='right' title='原始值：271'>271.0</span>", "<span data-toggle='tooltip' data-placement='right' title='原始值：79.8'>79.8</span>", "<span data-toggle='tooltip' data-placement='right' title='原始值：3.19'>3.19</span>", "<span data-toggle='tooltip' data-placement='right' title='原始值：0.01997'>0.020</span>", "<span data-toggle='tooltip' data-placement='right' title='原始值：0.07263'>0.073</span>", "<span data-toggle='tooltip' data-placement='right' title='原始值：0.71717'>0.72</span>", "*", "*", "正常"], ["浙江省", "太湖流域", "<span data-toggle='tooltip' data-placement='right' title='所在地市:嘉兴市&#10;所属河流:京杭运河'>王江泾</span>", null, "", "--", "--", "--", "--", "--", "--", "--", "--", "--", "*", "*", "停站"], ["浙江省", "太湖流域", "<span data-toggle='tooltip' data-placement='right' title='所在地市:湖州市&#10;所属河流:西苕溪'>新港口(新塘港)</span>", "08-13 08:00", "Ⅱ", "<span data-toggle='tooltip' data-placement='right' title='原始值：31.0259'>31.0</span>", "<span data-toggle='tooltip' data-placement='right' title='原始值：8.70592'>8.71</span>", "<span data-toggle='tooltip' data-placement='right' title='原始值：8.94082'>8.94</span>", "<span data-toggle='tooltip' data-placement='right' title='原始值：259.855'>259.9</span>", "<span data-toggle='tooltip' data-placement='right' title='原始值：91.5238'>91.5</span>", "<span data-toggle='tooltip' data-placement='right' title='原始值：3.90021'>3.90</span>", "<span data-toggle='tooltip' data-placement='right' title='原始值：0.08057'>0.081</span>", "<span data-toggle='tooltip' data-placement='right' title='原始值：0.0966'>0.097</span>", "<span data-toggle='tooltip' data-placement='right' title='原始值：6.0853'>6.09</span>", "*", "*", "正常"], ["安徽省", "巢湖流域", "<span data-toggle='tooltip' data-placement='right' title='所在地市:合肥市&#10;所属河流:巢湖'>湖滨(老)</span>", "08-13 08:00", "Ⅴ", "<span data-toggle='tooltip' data-placement='right' title='原始值：29.34681'>29.3</span>", "<span data-toggle='tooltip' data-placement='right' title='原始值：7.67518'>7.68</span>", "<span data-toggle='tooltip' data-placement='right' title='原始值：8.19955'>8.20</span>", "<span data-toggle='tooltip' data-placement='right' title='原始值：250.8912'>250.9</span>", "<span data-toggle='tooltip' data-placement='right' title='原始值：92.90157'>92.9</span>", "<span data-toggle='tooltip' data-placement='right' title='原始值：5.82'>5.82</span>", "<span data-toggle='tooltip' data-placement='right' title='原始值：0.28'>0.280</span>", "<span data-toggle='tooltip' data-placement='right' title='原始值：0.1045'>0.104</span>", "<span data-toggle='tooltip' data-placement='right' title='原始值：1.824'>1.82</span>", "<span data-toggle='tooltip' data-placement='right' title='原始值：0.0143'>0.014</span>", "*", "正常"], ["安徽省", "巢湖流域", "<span data-toggle='tooltip' data-placement='right' title='所在地市:芜湖市&#10;所属河流:巢湖'>裕溪口(老)</span>", null, "", "--", "--", "--", "--", "--", "--", "--", "--", "--", "*", "*", "停站"], ["安徽省", "淮河流域", "<span data-toggle='tooltip' data-placement='right' title='所在地市:蚌埠市&#10;所属河流:淮河'>蚌埠闸上(蚌埠闸)</span>", null, "", "--", "--", "--", "--", "--", "--", "--", "--", "--", "*", "*", "停站"], ["安徽省", "淮河流域", "<span data-toggle='tooltip' data-placement='right' title='所在地市:淮南市&#10;所属河流:淮河'>石头埠(老)</span>", "08-13 08:00", "", "<span data-toggle='tooltip' data-placement='right' title='原始值：26.41565'>26.4</span>", "<span data-toggle='tooltip' data-placement='right' title='极值过滤'>--</span>", "<span data-toggle='tooltip' data-placement='right' title='原始值：5.22971'>5.23</span>", "<span data-toggle='tooltip' data-placement='right' title='原始值：341.9411'>341.9</span>", "<span data-toggle='tooltip' data-placement='right' title='原始值：31.59261'>31.6</span>", "<span data-toggle='tooltip' data-placement='right' title='原始值：4.4'>4.40</span>", "<span data-toggle='tooltip' data-placement='right' title='原始值：0.15'>0.150</span>", "*", "*", "*", "*", "维护"], ["安徽省", "淮河流域", "<span data-toggle='tooltip' data-placement='right' title='所在地市:淮北市&#10;所属河流:沱河'>小王桥</span>", null, "", "--", "--", "--", "--", "--", "--", "--", "--", "--", "*", "*", "停站"], ["安徽省", "长江流域", "<span data-toggle='tooltip' data-placement='right' title='所在地市:安庆市&#10;所属河流:长江'>皖河口</span>", null, "", "--", "--", "--", "--", "--", "--", "--", "--", "--", "*", "*", "停站"], ["安徽省", "淮河流域", "<span data-toggle='tooltip' data-placement='right' title='所在地市:滁州市&#10;所属河流:淮河'>小柳巷</span>", null, "", "--", "--", "--", "--", "--", "--", "--", "--", "--", "*", "*", "停站"], ["安徽省", "淮河流域", "<span data-toggle='tooltip' data-placement='right' title='所在地市:阜阳市&#10;所属河流:黑茨河'>张大桥</span>", null, "", "--", "--", "--", "--", "--", "--", "--", "--", "--", "*", "*", "停站"], ["安徽省", "淮河流域", "<span data-toggle='tooltip' data-placement='right' title='所在地市:阜阳市&#10;所属河流:淮河'>王家坝</span>", "08-13 08:00", "Ⅳ", "<span data-toggle='tooltip' data-placement='right' title='原始值：29.93'>29.9</span>", "<span data-toggle='tooltip' data-placement='right' title='原始值：7.51815'>7.52</span>", "<span data-toggle='tooltip' data-placement='right' title='原始值：4.56276'>4.56</span>", "<span data-toggle='tooltip' data-placement='right' title='原始值：503.6466'>503.6</span>", "<span data-toggle='tooltip' data-placement='right' title='原始值：47.94858'>47.9</span>", "<span data-toggle='tooltip' data-placement='right' title='原始值：4.78'>4.78</span>", "<span data-toggle='tooltip' data-placement='right' title='原始值：0.057'>0.057</span>", "<span data-toggle='tooltip' data-placement='right' title='原始值：0.24965'>0.250</span>", "<span data-toggle='tooltip' data-placement='right' title='原始值：1.96438'>1.96</span>", "*", "*", "正常"], ["安徽省", "淮河流域", "<span data-toggle='tooltip' data-placement='right' title='所在地市:阜阳市&#10;所属河流:颍河'>界首七渡口(七渡口)</span>", "08-13 08:00", "Ⅴ", "<span data-toggle='tooltip' data-placement='right' title='原始值：29.3841'>29.4</span>", "<span data-toggle='tooltip' data-placement='right' title='原始值：7.29572'>7.30</span>", "<span data-toggle='tooltip' data-placement='right' title='原始值：2.96273'>2.96</span>", "<span data-toggle='tooltip' data-placement='right' title='原始值：636.9173'>636.9</span>", "<span data-toggle='tooltip' data-placement='right' title='原始值：25.0061'>25.0</span>", "<span data-toggle='tooltip' data-placement='right' title='原始值：4.94'>4.94</span>", "<span data-toggle='tooltip' data-placement='right' title='原始值：0.08'>0.080</span>", "<span data-toggle='tooltip' data-placement='right' title='原始值：0.12577'>0.126</span>", "<span data-toggle='tooltip' data-placement='right' title='原始值：2.0109'>2.01</span>", "*", "*", "正常"], ["安徽省", "淮河流域", "<span data-toggle='tooltip' data-placement='right' title='所在地市:阜阳市&#10;所属河流:泉河'>许庄(徐庄)</span>", null, "", "--", "--", "--", "--", "--", "--", "--", "--", "--", "*", "*", "停站"], ["安徽省", "淮河流域", "<span data-toggle='tooltip' data-placement='right' title='所在地市:宿州市&#10;所属河流:奎河'>杨庄</span>", "08-13 08:00", "Ⅳ", "<span data-toggle='tooltip' data-placement='right' title='原始值：29.38'>29.4</span>", "<span data-toggle='tooltip' data-placement='right' title='原始值：7.58'>7.58</span>", "<span data-toggle='tooltip' data-placement='right' title='原始值：4.7'>4.70</span>", "<span data-toggle='tooltip' data-placement='right' title='原始值：735.5'>735.5</span>", "<span data-toggle='tooltip' data-placement='right' title='原始值：56.76'>56.8</span>", "<span data-toggle='tooltip' data-placement='right' title='原始值：4.85'>4.85</span>", "<span data-toggle='tooltip' data-placement='right' title='原始值：1.338'>1.338</span>", "*", "*", "*", "*", "正常"], ["安徽省", "淮河流域", "<span data-toggle='tooltip' data-placement='right' title='所在地市:宿州市&#10;所属河流:新汴河'>泗县公路桥</span>", "08-13 08:00", "Ⅳ", "<span data-toggle='tooltip' data-placement='right' title='原始值：30'>30.0</span>", "<span data-toggle='tooltip' data-placement='right' title='原始值：7.29'>7.29</span>", "<span data-toggle='tooltip' data-placement='right' title='原始值：5.22'>5.22</span>", "<span data-toggle='tooltip' data-placement='right' title='原始值：760.1'>760.1</span>", "<span data-toggle='tooltip' data-placement='right' title='原始值：78.2'>78.2</span>", "<span data-toggle='tooltip' data-placement='right' title='原始值：6.5'>6.50</span>", "<span data-toggle='tooltip' data-placement='right' title='原始值：0.33'>0.330</span>", "*", "*", "*", "*", "正常"], ["安徽省", "淮河流域", "<span data-toggle='tooltip' data-placement='right' title='所在地市:亳州市&#10;所属河流:包河'>颜集</span>", "08-13 08:00", "Ⅳ", "<span data-toggle='tooltip' data-placement='right' title='原始值：27.6'>27.6</span>", "<span data-toggle='tooltip' data-placement='right' title='原始值：7.46'>7.46</span>", "<span data-toggle='tooltip' data-placement='right' title='原始值：5.32'>5.32</span>", "<span data-toggle='tooltip' data-placement='right' title='原始值：963'>963.0</span>", "<span data-toggle='tooltip' data-placement='right' title='原始值：128.2'>128.2</span>", "<span data-toggle='tooltip' data-placement='right' title='原始值：8'>8.00</span>", "<span data-toggle='tooltip' data-placement='right' title='原始值：0.28'>0.280</span>", "<span data-toggle='tooltip' data-placement='right' title='原始值：0.291'>0.291</span>", "<span data-toggle='tooltip' data-placement='right' title='原始值：3.451'>3.45</span>", "*", "*", "正常"], ["福建省", "浙闽片河流", "<span data-toggle='tooltip' data-placement='right' title='所在地市:福州市&#10;所属河流:闽江'>白岩潭</span>", "08-13 08:00", "Ⅲ", "<span data-toggle='tooltip' data-placement='right' title='原始值：30.32'>30.3</span>", "<span data-toggle='tooltip' data-placement='right' title='原始值：6.68'>6.68</span>", "<span data-toggle='tooltip' data-placement='right' title='原始值：5.3'>5.30</span>", "<span data-toggle='tooltip' data-placement='right' title='原始值：4470.8'>4470.8</span>", "<span data-toggle='tooltip' data-placement='right' title='原始值：95.4'>95.4</span>", "<span data-toggle='tooltip' data-placement='right' title='原始值：2.88'>2.88</span>", "<span data-toggle='tooltip' data-placement='right' title='原始值：0.11'>0.110</span>", "*", "*", "*", "*", "正常"], ["江西省", "长江流域", "<span data-toggle='tooltip' data-placement='right' title='所在地市:南昌市&#10;所属河流:赣江南支'>滁槎</span>", "08-13 08:00", "Ⅲ", "<span data-toggle='tooltip' data-placement='right' title='原始值：31.41987'>31.4</span>", "<span data-toggle='tooltip' data-placement='right' title='原始值：7.14728'>7.15</span>", "<span data-toggle='tooltip' data-placement='right' title='原始值：5.7297'>5.73</span>", "<span data-toggle='tooltip' data-placement='right' title='原始值：159.8224'>159.8</span>", "<span data-toggle='tooltip' data-placement='right' title='原始值：37.24573'>37.2</span>", "<span data-toggle='tooltip' data-placement='right' title='原始值：2.84'>2.84</span>", "<span data-toggle='tooltip' data-placement='right' title='原始值：0.26'>0.260</span>", "<span data-toggle='tooltip' data-placement='right' title='原始值：0.066'>0.066</span>", "<span data-toggle='tooltip' data-placement='right' title='原始值：1.5475'>1.55</span>", "*", "*", "正常"], ["江西省", "长江流域", "<span data-toggle='tooltip' data-placement='right' title='所在地市:九江市&#10;所属河流:长江'>姚港(河西水厂)</span>", "08-13 08:00", "", "<span data-toggle='tooltip' data-placement='right' title='原始值：27.78'>27.8</span>", "<span data-toggle='tooltip' data-placement='right' title='原始值：7.56'>7.56</span>", "<span data-toggle='tooltip' data-placement='right' title='原始值：6.12'>6.12</span>", "<span data-toggle='tooltip' data-placement='right' title='原始值：286.62'>286.6</span>", "<span data-toggle='tooltip' data-placement='right' title='原始值：53.19'>53.2</span>", "<span data-toggle='tooltip' data-placement='right' title='原始值：1.848'>1.85</span>", "<span data-toggle='tooltip' data-placement='right' title='极值过滤'>--</span>", "<span data-toggle='tooltip' data-placement='right' title='原始值：0.093'>0.093</span>", "<span data-toggle='tooltip' data-placement='right' title='原始值：1.33'>1.33</span>", "*", "*", "维护"], ["江西省", "长江流域", "<span data-toggle='tooltip' data-placement='right' title='所在地市:九江市&#10;所属河流:鄱阳湖'>蛤蟆石</span>", "08-13 08:00", "Ⅱ", "<span data-toggle='tooltip' data-placement='right' title='原始值：30.78'>30.8</span>", "<span data-toggle='tooltip' data-placement='right' title='原始值：6.83'>6.83</span>", "<span data-toggle='tooltip' data-placement='right' title='原始值：6.04'>6.04</span>", "<span data-toggle='tooltip' data-placement='right' title='原始值：98.4'>98.4</span>", "<span data-toggle='tooltip' data-placement='right' title='原始值：16.23'>16.2</span>", "<span data-toggle='tooltip' data-placement='right' title='原始值：2.119'>2.12</span>", "<span data-toggle='tooltip' data-placement='right' title='原始值：0.019'>0.019</span>", "<span data-toggle='tooltip' data-placement='right' title='原始值：0.0218'>0.022</span>", "<span data-toggle='tooltip' data-placement='right' title='原始值：0.655'>0.66</span>", "<span data-toggle='tooltip' data-placement='right' title='原始值：0.0528'>0.053</span>", "<span data-toggle='tooltip' data-placement='right' title='原始值：1183000'>1183000</span>", "正常"], ["山东省", "黄河流域", "<span data-toggle='tooltip' data-placement='right' title='所在地市:济南市&#10;所属河流:黄河'>泺口</span>", "08-13 08:00", "Ⅲ", "<span data-toggle='tooltip' data-placement='right' title='原始值：29.2726'>29.3</span>", "<span data-toggle='tooltip' data-placement='right' title='原始值：7.85953'>7.86</span>", "<span data-toggle='tooltip' data-placement='right' title='原始值：5.00608'>5.01</span>", "<span data-toggle='tooltip' data-placement='right' title='原始值：714.179'>714.2</span>", "<span data-toggle='tooltip' data-placement='right' title='原始值：1045.91'>1045.9</span>", "<span data-toggle='tooltip' data-placement='right' title='原始值：2'>2.00</span>", "<span data-toggle='tooltip' data-placement='right' title='原始值：0.20348'>0.203</span>", "<span data-toggle='tooltip' data-placement='right' title='原始值：0.02128'>0.021</span>", "<span data-toggle='tooltip' data-placement='right' title='原始值：4.347'>4.35</span>", "*", "*", "正常"], ["山东省", "淮河流域", "<span data-toggle='tooltip' data-placement='right' title='所在地市:枣庄市&#10;所属河流:京杭大运河（韩庄运河）'>台儿庄大桥</span>", null, "", "--", "--", "--", "--", "--", "--", "--", "--", "--", "*", "*", "停站"], ["山东省", "淮河流域", "<span data-toggle='tooltip' data-placement='right' title='所在地市:临沂市&#10;所属河流:沭河'>清泉寺</span>", null, "", "--", "--", "--", "--", "--", "--", "--", "--", "--", "*", "*", "停站"], ["山东省", "淮河流域", "<span data-toggle='tooltip' data-placement='right' title='所在地市:临沂市&#10;所属河流:沂河'>重坊桥</span>", "08-13 08:00", "Ⅲ", "<span data-toggle='tooltip' data-placement='right' title='原始值：27.80003'>27.8</span>", "<span data-toggle='tooltip' data-placement='right' title='原始值：7.32935'>7.33</span>", "<span data-toggle='tooltip' data-placement='right' title='原始值：6.61999'>6.62</span>", "<span data-toggle='tooltip' data-placement='right' title='原始值：386'>386.0</span>", "<span data-toggle='tooltip' data-placement='right' title='原始值：78.98327'>79.0</span>", "<span data-toggle='tooltip' data-placement='right' title='原始值：4.65'>4.65</span>", "<span data-toggle='tooltip' data-placement='right' title='原始值：0.0368'>0.037</span>", "*", "*", "*", "*", "正常"], ["山东省", "淮河流域", "<span data-toggle='tooltip' data-placement='right' title='所在地市:临沂市&#10;所属河流:白马河'>捷庄(涝沟桥)</span>", "08-13 08:00", "劣Ⅴ", "<span data-toggle='tooltip' data-placement='right' title='原始值：28.9'>28.9</span>", "<span data-toggle='tooltip' data-placement='right' title='原始值：7.15'>7.15</span>", "<span data-toggle='tooltip' data-placement='right' title='原始值：5.62984'>5.63</span>", "<span data-toggle='tooltip' data-placement='right' title='原始值：492'>492.0</span>", "<span data-toggle='tooltip' data-placement='right' title='原始值：28.89995'>28.9</span>", "<span data-toggle='tooltip' data-placement='right' title='原始值：6.61'>6.61</span>", "<span data-toggle='tooltip' data-placement='right' title='原始值：0.21716'>0.217</span>", "<span data-toggle='tooltip' data-placement='right' title='原始值：0.59806'>0.598</span>", "<span data-toggle='tooltip' data-placement='right' title='原始值：4.39695'>4.40</span>", "*", "*", "正常"], ["山东省", "海河流域", "<span data-toggle='tooltip' data-placement='right' title='所在地市:聊城市&#10;所属河流:卫运河'>秤勾湾(秤钩湾)</span>", null, "", "--", "--", "--", "--", "--", "--", "--", "--", "--", "*", "*", "停站"], ["河南省", "长江流域", "<span data-toggle='tooltip' data-placement='right' title='所在地市:南阳市&#10;所属河流:丹江口水库'>陶岔</span>", "08-13 08:00", "Ⅱ", "<span data-toggle='tooltip' data-placement='right' title='原始值：29.38'>29.4</span>", "<span data-toggle='tooltip' data-placement='right' title='原始值：8.12197'>8.12</span>", "<span data-toggle='tooltip' data-placement='right' title='原始值：8.20608'>8.21</span>", "<span data-toggle='tooltip' data-placement='right' title='原始值：288.087'>288.1</span>", "<span data-toggle='tooltip' data-placement='right' title='原始值：1.53601'>1.5</span>", "<span data-toggle='tooltip' data-placement='right' title='原始值：2.57'>2.57</span>", "<span data-toggle='tooltip' data-placement='right' title='原始值：0.04469'>0.045</span>", "<span data-toggle='tooltip' data-placement='right' title='原始值：0.0142'>0.014</span>", "<span data-toggle='tooltip' data-placement='right' title='原始值：0.6688'>0.67</span>", "<span data-toggle='tooltip' data-placement='right' title='原始值：0.00157'>0.002</span>", "<span data-toggle='tooltip' data-placement='right' title='原始值：383936.9'>383937</span>", "正常"], ["河南省", "淮河流域", "<span data-toggle='tooltip' data-placement='right' title='所在地市:商丘市&#10;所属河流:浍河'>黄口</span>", "08-13 08:00", "Ⅳ", "<span data-toggle='tooltip' data-placement='right' title='原始值：30.39687'>30.4</span>", "<span data-toggle='tooltip' data-placement='right' title='原始值：7.61'>7.61</span>", "<span data-toggle='tooltip' data-placement='right' title='原始值：5.67064'>5.67</span>", "<span data-toggle='tooltip' data-placement='right' title='原始值：1253.001'>1253.0</span>", "<span data-toggle='tooltip' data-placement='right' title='原始值：24.52931'>24.5</span>", "<span data-toggle='tooltip' data-placement='right' title='原始值：7.41'>7.41</span>", "<span data-toggle='tooltip' data-placement='right' title='原始值：0.42657'>0.427</span>", "<span data-toggle='tooltip' data-placement='right' title='原始值：0.2121'>0.212</span>", "<span data-toggle='tooltip' data-placement='right' title='原始值：0.9963'>1.00</span>", "*", "*", "正常"], ["河南省", "淮河流域", "<span data-toggle='tooltip' data-placement='right' title='所在地市:信阳市&#10;所属河流:史灌河'>蒋集</span>", null, "", "--", "--", "--", "--", "--", "--", "--", "--", "--", "*", "*", "停站"], ["河南省", "淮河流域", "<span data-toggle='tooltip' data-placement='right' title='所在地市:信阳市&#10;所属河流:淮河'>淮滨水文站(淮滨)</span>", null, "", "--", "--", "--", "--", "--", "--", "--", "--", "--", "*", "*", "停站"], ["河南省", "淮河流域", "<span data-toggle='tooltip' data-placement='right' title='所在地市:周口市&#10;所属河流:沙河'>沈丘闸</span>", "08-13 08:00", "劣Ⅴ", "<span data-toggle='tooltip' data-placement='right' title='原始值：27.4537'>27.5</span>", "<span data-toggle='tooltip' data-placement='right' title='原始值：7.20514'>7.21</span>", "<span data-toggle='tooltip' data-placement='right' title='原始值：1.72829'>1.73</span>", "<span data-toggle='tooltip' data-placement='right' title='原始值：1009.564'>1009.6</span>", "<span data-toggle='tooltip' data-placement='right' title='原始值：20.42284'>20.4</span>", "<span data-toggle='tooltip' data-placement='right' title='原始值：4.575'>4.58</span>", "<span data-toggle='tooltip' data-placement='right' title='原始值：0.08'>0.080</span>", "*", "*", "*", "*", "正常"], ["河南省", "淮河流域", "<span data-toggle='tooltip' data-placement='right' title='所在地市:周口市&#10;所属河流:涡河'>鹿邑付桥(鹿邑付桥闸)</span>", "08-13 08:00", "Ⅴ", "<span data-toggle='tooltip' data-placement='right' title='原始值：27.10672'>27.1</span>", "<span data-toggle='tooltip' data-placement='right' title='原始值：8.11671'>8.12</span>", "<span data-toggle='tooltip' data-placement='right' title='原始值：2.60511'>2.61</span>", "<span data-toggle='tooltip' data-placement='right' title='原始值：1038.544'>1038.5</span>", "<span data-toggle='tooltip' data-placement='right' title='原始值：6.00679'>6.0</span>", "<span data-toggle='tooltip' data-placement='right' title='原始值：6.31'>6.31</span>", "<span data-toggle='tooltip' data-placement='right' title='原始值：0.14'>0.140</span>", "<span data-toggle='tooltip' data-placement='right' title='原始值：0.2773'>0.277</span>", "<span data-toggle='tooltip' data-placement='right' title='原始值：1.75559'>1.76</span>", "*", "*", "正常"], ["河南省", "淮河流域", "<span data-toggle='tooltip' data-placement='right' title='所在地市:驻马店市&#10;所属河流:洪河'>新蔡班台(班台)</span>", "08-13 08:00", "劣Ⅴ", "<span data-toggle='tooltip' data-placement='right' title='原始值：27.18304'>27.2</span>", "<span data-toggle='tooltip' data-placement='right' title='原始值：6.89003'>6.89</span>", "<span data-toggle='tooltip' data-placement='right' title='原始值：4.73603'>4.74</span>", "<span data-toggle='tooltip' data-placement='right' title='原始值：710.1116'>710.1</span>", "<span data-toggle='tooltip' data-placement='right' title='原始值：80.9722'>81.0</span>", "<span data-toggle='tooltip' data-placement='right' title='原始值：5.66'>5.66</span>", "<span data-toggle='tooltip' data-placement='right' title='原始值：0.09'>0.090</span>", "<span data-toggle='tooltip' data-placement='right' title='原始值：0.4728'>0.473</span>", "<span data-toggle='tooltip' data-placement='right' title='原始值：4.65183'>4.65</span>", "*", "*", "正常"], ["河南省", "黄河流域", "<span data-toggle='tooltip' data-placement='right' title='所在地市:济源市&#10;所属河流:黄河'>小浪底水库(小浪底)</span>", null, "", "--", "--", "--", "--", "--", "--", "--", "--", "--", "*", "*", "停站"], ["湖北省", "长江流域", "<span data-toggle='tooltip' data-placement='right' title='所在地市:武汉市&#10;所属河流:汉江'>宗关</span>", "08-13 08:00", "Ⅲ", "<span data-toggle='tooltip' data-placement='right' title='原始值：29.35'>29.4</span>", "<span data-toggle='tooltip' data-placement='right' title='原始值：7.811634'>7.81</span>", "<span data-toggle='tooltip' data-placement='right' title='原始值：6.667042'>6.67</span>", "<span data-toggle='tooltip' data-placement='right' title='原始值：356.9922'>357.0</span>", "<span data-toggle='tooltip' data-placement='right' title='原始值：30.82561'>30.8</span>", "<span data-toggle='tooltip' data-placement='right' title='原始值：2.4'>2.40</span>", "<span data-toggle='tooltip' data-placement='right' title='原始值：0.11'>0.110</span>", "<span data-toggle='tooltip' data-placement='right' title='原始值：0.132'>0.132</span>", "<span data-toggle='tooltip' data-placement='right' title='原始值：1.9646'>1.96</span>", "*", "*", "正常"], ["湖北省", "长江流域", "<span data-toggle='tooltip' data-placement='right' title='所在地市:十堰市&#10;所属河流:丹江口水库'>坝上中(胡家岭)</span>", null, "", "--", "--", "--", "--", "--", "--", "--", "--", "--", "--", "--", "停站"], ["湖北省", "长江流域", "<span data-toggle='tooltip' data-placement='right' title='所在地市:宜昌市&#10;所属河流:长江'>南津关</span>", null, "", "--", "--", "--", "--", "--", "--", "--", "--", "--", "*", "*", "维护"], ["湖南省", "长江流域", "<span data-toggle='tooltip' data-placement='right' title='所在地市:长沙市&#10;所属河流:湘江'>新港</span>", "08-13 08:00", "Ⅳ", "<span data-toggle='tooltip' data-placement='right' title='原始值：27.94'>27.9</span>", "<span data-toggle='tooltip' data-placement='right' title='原始值：6.91'>6.91</span>", "<span data-toggle='tooltip' data-placement='right' title='原始值：3.57'>3.57</span>", "<span data-toggle='tooltip' data-placement='right' title='原始值：188.72'>188.7</span>", "<span data-toggle='tooltip' data-placement='right' title='原始值：33.48'>33.5</span>", "<span data-toggle='tooltip' data-placement='right' title='原始值：2.43'>2.43</span>", "<span data-toggle='tooltip' data-placement='right' title='原始值：0.033'>0.033</span>", "<span data-toggle='tooltip' data-placement='right' title='原始值：0.073'>0.073</span>", "<span data-toggle='tooltip' data-placement='right' title='原始值：1.73'>1.73</span>", "*", "*", "正常"], ["湖南省", "长江流域", "<span data-toggle='tooltip' data-placement='right' title='所在地市:岳阳市&#10;所属河流:洞庭湖'>岳阳楼</span>", "08-13 08:00", "Ⅳ", "<span data-toggle='tooltip' data-placement='right' title='原始值：28.45'>28.4</span>", "<span data-toggle='tooltip' data-placement='right' title='原始值：7.640961'>7.64</span>", "<span data-toggle='tooltip' data-placement='right' title='原始值：5.036307'>5.04</span>", "<span data-toggle='tooltip' data-placement='right' title='原始值：257.322'>257.3</span>", "<span data-toggle='tooltip' data-placement='right' title='原始值：24.51619'>24.5</span>", "<span data-toggle='tooltip' data-placement='right' title='原始值：2.5'>2.50</span>", "<span data-toggle='tooltip' data-placement='right' title='原始值：0.005'>0.005</span>", "<span data-toggle='tooltip' data-placement='right' title='原始值：0.085'>0.085</span>", "<span data-toggle='tooltip' data-placement='right' title='原始值：1.989'>1.99</span>", "--", "--", "维护"], ["湖南省", "长江流域", "<span data-toggle='tooltip' data-placement='right' title='所在地市:岳阳市&#10;所属河流:长江'>城陵矶</span>", "08-13 08:00", "Ⅲ", "<span data-toggle='tooltip' data-placement='right' title='原始值：28.78'>28.8</span>", "<span data-toggle='tooltip' data-placement='right' title='原始值：7.659095'>7.66</span>", "<span data-toggle='tooltip' data-placement='right' title='原始值：7.523028'>7.52</span>", "<span data-toggle='tooltip' data-placement='right' title='原始值：308.371'>308.4</span>", "<span data-toggle='tooltip' data-placement='right' title='原始值：98.09769'>98.1</span>", "<span data-toggle='tooltip' data-placement='right' title='原始值：2.9'>2.90</span>", "<span data-toggle='tooltip' data-placement='right' title='原始值：0.008'>0.008</span>", "<span data-toggle='tooltip' data-placement='right' title='原始值：0.186'>0.186</span>", "<span data-toggle='tooltip' data-placement='right' title='原始值：1.2412'>1.24</span>", "*", "--", "维护"], ["广东省", "珠江流域", "<span data-toggle='tooltip' data-placement='right' title='所在地市:清远市&#10;所属河流:北江'>七星岗</span>", "08-13 08:00", "Ⅲ", "<span data-toggle='tooltip' data-placement='right' title='原始值：28.7252'>28.7</span>", "<span data-toggle='tooltip' data-placement='right' title='原始值：7.45148'>7.45</span>", "<span data-toggle='tooltip' data-placement='right' title='原始值：5.33765'>5.34</span>", "<span data-toggle='tooltip' data-placement='right' title='原始值：194.3994'>194.4</span>", "<span data-toggle='tooltip' data-placement='right' title='原始值：7.67652'>7.7</span>", "<span data-toggle='tooltip' data-placement='right' title='原始值：0.57'>0.57</span>", "<span data-toggle='tooltip' data-placement='right' title='原始值：0.1236'>0.124</span>", "<span data-toggle='tooltip' data-placement='right' title='原始值：0.01494'>0.015</span>", "<span data-toggle='tooltip' data-placement='right' title='原始值：1.7658'>1.77</span>", "*", "*", "正常"], ["广东省", "珠江流域", "<span data-toggle='tooltip' data-placement='right' title='所在地市:中山市&#10;所属河流:西江'>横栏</span>", "08-13 08:00", "Ⅱ", "<span data-toggle='tooltip' data-placement='right' title='原始值：27.5'>27.5</span>", "<span data-toggle='tooltip' data-placement='right' title='原始值：7.83'>7.83</span>", "<span data-toggle='tooltip' data-placement='right' title='原始值：6.68'>6.68</span>", "<span data-toggle='tooltip' data-placement='right' title='原始值：268'>268.0</span>", "<span data-toggle='tooltip' data-placement='right' title='原始值：7.9'>7.9</span>", "<span data-toggle='tooltip' data-placement='right' title='原始值：2.88'>2.88</span>", "<span data-toggle='tooltip' data-placement='right' title='原始值：0.15371'>0.154</span>", "*", "*", "*", "*", "正常"], ["广西壮族自治区", "珠江流域", "<span data-toggle='tooltip' data-placement='right' title='所在地市:南宁市&#10;所属河流:邕江'>老口</span>", null, "", "--", "--", "--", "--", "--", "--", "--", "--", "--", "*", "*", "维护"], ["广西壮族自治区", "珠江流域", "<span data-toggle='tooltip' data-placement='right' title='所在地市:桂林市&#10;所属河流:漓江'>阳朔</span>", "08-13 08:00", "Ⅱ", "<span data-toggle='tooltip' data-placement='right' title='原始值：29.9'>29.9</span>", "<span data-toggle='tooltip' data-placement='right' title='原始值：7.74999'>7.75</span>", "<span data-toggle='tooltip' data-placement='right' title='原始值：6.64'>6.64</span>", "<span data-toggle='tooltip' data-placement='right' title='原始值：225'>225.0</span>", "<span data-toggle='tooltip' data-placement='right' title='原始值：12.7998'>12.8</span>", "<span data-toggle='tooltip' data-placement='right' title='原始值：2.16548'>2.17</span>", "<span data-toggle='tooltip' data-placement='right' title='原始值：0.0266'>0.027</span>", "<span data-toggle='tooltip' data-placement='right' title='原始值：0.01204'>0.012</span>", "<span data-toggle='tooltip' data-placement='right' title='原始值：1.47086'>1.47</span>", "*", "*", "正常"], ["广西壮族自治区", "珠江流域", "<span data-toggle='tooltip' data-placement='right' title='所在地市:梧州市&#10;所属河流:浔江'>界首</span>", null, "", "--", "--", "--", "--", "--", "--", "--", "--", "--", "*", "*", "停站"], ["广西壮族自治区", "珠江流域", "<span data-toggle='tooltip' data-placement='right' title='所在地市:贵港市&#10;所属河流:浔江'>石嘴</span>", "08-13 08:00", "Ⅱ", "<span data-toggle='tooltip' data-placement='right' title='原始值：29.33945'>29.3</span>", "<span data-toggle='tooltip' data-placement='right' title='原始值：7.26473'>7.26</span>", "<span data-toggle='tooltip' data-placement='right' title='原始值：6.80564'>6.81</span>", "<span data-toggle='tooltip' data-placement='right' title='原始值：327.675'>327.7</span>", "<span data-toggle='tooltip' data-placement='right' title='原始值：14.87497'>14.9</span>", "<span data-toggle='tooltip' data-placement='right' title='原始值：1.53'>1.53</span>", "<span data-toggle='tooltip' data-placement='right' title='原始值：0.19'>0.190</span>", "<span data-toggle='tooltip' data-placement='right' title='原始值：0.00915'>0.009</span>", "<span data-toggle='tooltip' data-placement='right' title='原始值：0.2731'>0.27</span>", "*", "*", "正常"], ["广西壮族自治区", "珠江流域", "<span data-toggle='tooltip' data-placement='right' title='所在地市:崇左市&#10;所属河流:平而河'>平而关</span>", "08-13 08:00", "Ⅱ", "<span data-toggle='tooltip' data-placement='right' title='原始值：29.86519'>29.9</span>", "<span data-toggle='tooltip' data-placement='right' title='原始值：7.68832'>7.69</span>", "<span data-toggle='tooltip' data-placement='right' title='原始值：6.13665'>6.14</span>", "<span data-toggle='tooltip' data-placement='right' title='原始值：223.3246'>223.3</span>", "<span data-toggle='tooltip' data-placement='right' title='原始值：52.04048'>52.0</span>", "<span data-toggle='tooltip' data-placement='right' title='原始值：1.695'>1.70</span>", "<span data-toggle='tooltip' data-placement='right' title='原始值：0.09'>0.090</span>", "*", "*", "*", "*", "正常"], ["重庆市", "长江流域", "<span data-toggle='tooltip' data-placement='right' title='所在地市:永川区&#10;所属河流:长江'>朱沱</span>", null, "", "--", "--", "--", "--", "--", "--", "--", "--", "--", "*", "*", "停站"], ["四川省", "长江流域", "<span data-toggle='tooltip' data-placement='right' title='所在地市:攀枝花市&#10;所属河流:金沙江'>龙洞</span>", null, "", "--", "--", "--", "--", "--", "--", "--", "--", "--", "*", "*", "停站"], ["四川省", "长江流域", "<span data-toggle='tooltip' data-placement='right' title='所在地市:泸州市&#10;所属河流:沱江'>沱江大桥(沱江二桥)</span>", "08-13 08:00", "Ⅲ", "<span data-toggle='tooltip' data-placement='right' title='原始值：30.34'>30.3</span>", "<span data-toggle='tooltip' data-placement='right' title='原始值：7.939265'>7.94</span>", "<span data-toggle='tooltip' data-placement='right' title='原始值：6.801189'>6.80</span>", "<span data-toggle='tooltip' data-placement='right' title='原始值：441.2904'>441.3</span>", "<span data-toggle='tooltip' data-placement='right' title='原始值：70.43072'>70.4</span>", "<span data-toggle='tooltip' data-placement='right' title='原始值：2.75'>2.75</span>", "<span data-toggle='tooltip' data-placement='right' title='原始值：0.006'>0.006</span>", "<span data-toggle='tooltip' data-placement='right' title='原始值：0.170258'>0.170</span>", "<span data-toggle='tooltip' data-placement='right' title='原始值：3.41983'>3.42</span>", "*", "*", "正常"], ["四川省", "长江流域", "<span data-toggle='tooltip' data-placement='right' title='所在地市:广元市&#10;所属河流:嘉陵江'>清风峡</span>", null, "", "--", "--", "--", "--", "--", "--", "--", "--", "--", "*", "*", "停站"], ["四川省", "长江流域", "<span data-toggle='tooltip' data-placement='right' title='所在地市:乐山市&#10;所属河流:岷江'>岷江大桥</span>", "08-13 08:00", "Ⅳ", "<span data-toggle='tooltip' data-placement='right' title='原始值：25.31867'>25.3</span>", "<span data-toggle='tooltip' data-placement='right' title='原始值：7.30143'>7.30</span>", "<span data-toggle='tooltip' data-placement='right' title='原始值：6.02731'>6.03</span>", "<span data-toggle='tooltip' data-placement='right' title='原始值：305.7628'>305.8</span>", "<span data-toggle='tooltip' data-placement='right' title='原始值：2965.157'>2965.2</span>", "<span data-toggle='tooltip' data-placement='right' title='原始值：7.62'>7.62</span>", "<span data-toggle='tooltip' data-placement='right' title='原始值：0.66'>0.660</span>", "*", "*", "*", "*", "正常"], ["四川省", "长江流域", "<span data-toggle='tooltip' data-placement='right' title='所在地市:宜宾市&#10;所属河流:岷江'>凉姜沟</span>", null, "", "--", "--", "--", "--", "--", "--", "--", "--", "--", "*", "*", "停站"], ["云南省", "滇池流域", "<span data-toggle='tooltip' data-placement='right' title='所在地市:昆明市&#10;所属河流:滇池'>西苑隧道</span>", "08-13 08:00", "Ⅴ", "<span data-toggle='tooltip' data-placement='right' title='原始值：22.71'>22.7</span>", "<span data-toggle='tooltip' data-placement='right' title='原始值：7.84205'>7.84</span>", "<span data-toggle='tooltip' data-placement='right' title='原始值：3.21555'>3.22</span>", "<span data-toggle='tooltip' data-placement='right' title='原始值：667.9658'>668.0</span>", "<span data-toggle='tooltip' data-placement='right' title='原始值：34.34367'>34.3</span>", "<span data-toggle='tooltip' data-placement='right' title='原始值：8.71998'>8.72</span>", "<span data-toggle='tooltip' data-placement='right' title='原始值：1.45324'>1.453</span>", "<span data-toggle='tooltip' data-placement='right' title='原始值：0.15622'>0.156</span>", "<span data-toggle='tooltip' data-placement='right' title='原始值：4.49352'>4.49</span>", "<span data-toggle='tooltip' data-placement='right' title='原始值：0.00305'>0.003</span>", "<span data-toggle='tooltip' data-placement='right' title='原始值：2.336407E+07'>23364070</span>", "正常"], ["云南省", "滇池流域", "<span data-toggle='tooltip' data-placement='right' title='所在地市:昆明市&#10;所属河流:滇池'>观音山</span>", "08-13 08:00", "Ⅴ", "<span data-toggle='tooltip' data-placement='right' title='原始值：24.04292'>24.0</span>", "<span data-toggle='tooltip' data-placement='right' title='原始值：7.37967'>7.38</span>", "<span data-toggle='tooltip' data-placement='right' title='原始值：6.11521'>6.12</span>", "<span data-toggle='tooltip' data-placement='right' title='原始值：425.2405'>425.2</span>", "<span data-toggle='tooltip' data-placement='right' title='原始值：50.63498'>50.6</span>", "<span data-toggle='tooltip' data-placement='right' title='原始值：9.99409'>9.99</span>", "<span data-toggle='tooltip' data-placement='right' title='原始值：0.35'>0.350</span>", "<span data-toggle='tooltip' data-placement='right' title='原始值：0.1412'>0.141</span>", "<span data-toggle='tooltip' data-placement='right' title='原始值：1.618'>1.62</span>", "<span data-toggle='tooltip' data-placement='right' title='原始值：0.04263'>0.043</span>", "<span data-toggle='tooltip' data-placement='right' title='原始值：7699841'>7699841</span>", "正常"], ["云南省", "西南诸河", "<span data-toggle='tooltip' data-placement='right' title='所在地市:红河哈尼族彝族自治州&#10;所属河流:红河'>河口县医院(河口)</span>", null, "", "--", "--", "--", "--", "--", "--", "--", "--", "--", "*", "*", "维护"], ["云南省", "西南诸河", "<span data-toggle='tooltip' data-placement='right' title='所在地市:西双版纳傣族自治州&#10;所属河流:澜沧江'>橄榄坝</span>", "08-13 08:00", "", "<span data-toggle='tooltip' data-placement='right' title='原始值：19.3218'>19.3</span>", "<span data-toggle='tooltip' data-placement='right' title='原始值：7.54376'>7.54</span>", "<span data-toggle='tooltip' data-placement='right' title='原始值：6.4683'>6.47</span>", "<span data-toggle='tooltip' data-placement='right' title='原始值：565.0515'>565.1</span>", "<span data-toggle='tooltip' data-placement='right' title='原始值：26.15188'>26.2</span>", "<span data-toggle='tooltip' data-placement='right' title='极值过滤'>--</span>", "<span data-toggle='tooltip' data-placement='right' title='原始值：0.12284'>0.123</span>", "*", "*", "*", "*", "维护"], ["陕西省", "黄河流域", "<span data-toggle='tooltip' data-placement='right' title='所在地市:渭南市&#10;所属河流:渭河'>潼关吊桥</span>", null, "", "--", "--", "--", "--", "--", "--", "--", "--", "--", "*", "*", "停站"], ["甘肃省", "黄河流域", "<span data-toggle='tooltip' data-placement='right' title='所在地市:兰州市&#10;所属河流:黄河'>新城桥</span>", "08-13 08:00", "", "<span data-toggle='tooltip' data-placement='right' title='原始值：16.65113'>16.7</span>", "<span data-toggle='tooltip' data-placement='right' title='原始值：6.8779'>6.88</span>", "<span data-toggle='tooltip' data-placement='right' title='原始值：8.0571'>8.06</span>", "<span data-toggle='tooltip' data-placement='right' title='原始值：375.3726'>375.4</span>", "<span data-toggle='tooltip' data-placement='right' title='原始值：335.0744'>335.1</span>", "<span data-toggle='tooltip' data-placement='right' title='原始值：1.49'>1.49</span>", "<span data-toggle='tooltip' data-placement='right' title='原始值：0.22'>0.220</span>", "<span data-toggle='tooltip' data-placement='right' title='极值过滤'>--</span>", "<span data-toggle='tooltip' data-placement='right' title='原始值：4.14145'>4.14</span>", "*", "*", "维护"], ["宁夏回族自治区", "黄河流域", "<span data-toggle='tooltip' data-placement='right' title='所在地市:中卫市&#10;所属河流:黄河'>中卫下河沿(新墩)</span>", "08-13 08:00", "Ⅱ", "<span data-toggle='tooltip' data-placement='right' title='原始值：21.53798'>21.5</span>", "<span data-toggle='tooltip' data-placement='right' title='原始值：7.56777'>7.57</span>", "<span data-toggle='tooltip' data-placement='right' title='原始值：7.52968'>7.53</span>", "<span data-toggle='tooltip' data-placement='right' title='原始值：500.5491'>500.5</span>", "<span data-toggle='tooltip' data-placement='right' title='原始值：2189.255'>2189.3</span>", "<span data-toggle='tooltip' data-placement='right' title='原始值：3.9'>3.90</span>", "<span data-toggle='tooltip' data-placement='right' title='原始值：0.06'>0.060</span>", "<span data-toggle='tooltip' data-placement='right' title='原始值：0.0701'>0.070</span>", "<span data-toggle='tooltip' data-placement='right' title='原始值：1.597'>1.60</span>", "*", "*", "正常"]]}