{"result": 1, "total": 1, "records": 98, "thead": ["省份", "流域", "断面名称", "监测时间", "水质类别", "水温<br/><span class='unit'>(℃)</span>", "pH<br/><span class='unit'>(无量纲)</span>", "溶解氧<br/><span class='unit'>(mg/L)</span>", "电导率<br/><span class='unit'>(μS/cm)</span>", "浊度<br/><span class='unit'>(NTU)</span>", "高锰酸盐指数<br/><span class='unit'>(mg/L)</span>", "氨氮<br/><span class='unit'>(mg/L)</span>", "总磷<br/><span class='unit'>(mg/L)</span>", "总氮<br/><span class='unit'>(mg/L)</span>", "叶绿素α<br/><span class='unit'>(mg/L)</span>", "藻密度<br/><span class='unit'>(cells/L)</span>", "站点情况"], "tbody": [["北京市", "海河流域", "<span data-toggle='tooltip' data-placement='right' title='所在地市:门头沟区&#10;所属河流:永定河'>沿河城</span>", "08-20 08:00", "Ⅳ", "<span data-toggle='tooltip' data-placement='right' title='原始值：22.57223'>22.6</span>", "<span data-toggle='tooltip' data-placement='right' title='原始值：8.23654'>8.24</span>", "<span data-toggle='tooltip' data-placement='right' title='原始值：8.05664'>8.06</span>", "<span data-toggle='tooltip' data-placement='right' title='原始值：1423.526'>1423.5</span>", "<span data-toggle='tooltip' data-placement='right' title='原始值：48.42199'>48.4</span>", "<span data-toggle='tooltip' data-placement='right' title='原始值：6.53'>6.53</span>", "<span data-toggle='tooltip' data-placement='right' title='原始值：0.18'>0.180</span>", "<span data-toggle='tooltip' data-placement='right' title='原始值：0.07299'>0.073</span>", "<span data-toggle='tooltip' data-placement='right' title='原始值：1.31671'>1.32</span>", "*", "*", "正常"], ["北京市", "海河流域", "<span data-toggle='tooltip' data-placement='right' title='所在地市:密云区&#10;所属河流:潮河'>古北口</span>", "08-20 08:00", "", "<span data-toggle='tooltip' data-placement='right' title='原始值：22.27703'>22.3</span>", "<span data-toggle='tooltip' data-placement='right' title='原始值：7.26105'>7.26</span>", "<span data-toggle='tooltip' data-placement='right' title='原始值：7.18437'>7.18</span>", "<span data-toggle='tooltip' data-placement='right' title='原始值：642.5604'>642.6</span>", "<span data-toggle='tooltip' data-placement='right' title='原始值：4.93792'>4.9</span>", "<span data-toggle='tooltip' data-placement='right' title='原始值：2.08'>2.08</span>", "<span data-toggle='tooltip' data-placement='right' title='原始值：0.23'>0.230</span>", "<span data-toggle='tooltip' data-placement='right' title='极值过滤'>--</span>", "<span data-toggle='tooltip' data-placement='right' title='原始值：5.0749'>5.07</span>", "*", "*", "维护"], ["天津市", "海河流域", "<span data-toggle='tooltip' data-placement='right' title='所在地市:河北区&#10;所属河流:海河'>三岔口</span>", "08-20 08:00", "Ⅳ", "<span data-toggle='tooltip' data-placement='right' title='原始值：27.688'>27.7</span>", "<span data-toggle='tooltip' data-placement='right' title='原始值：7.3119'>7.31</span>", "<span data-toggle='tooltip' data-placement='right' title='原始值：4.313'>4.31</span>", "<span data-toggle='tooltip' data-placement='right' title='原始值：292.1606'>292.2</span>", "<span data-toggle='tooltip' data-placement='right' title='原始值：10.745'>10.7</span>", "<span data-toggle='tooltip' data-placement='right' title='原始值：1.53'>1.53</span>", "<span data-toggle='tooltip' data-placement='right' title='原始值：0.55'>0.550</span>", "<span data-toggle='tooltip' data-placement='right' title='原始值：0.0075'>0.008</span>", "<span data-toggle='tooltip' data-placement='right' title='原始值：1.5011'>1.50</span>", "*", "*", "正常"], ["天津市", "海河流域", "<span data-toggle='tooltip' data-placement='right' title='所在地市:蓟州区&#10;所属河流:果河'>果河桥</span>", "08-20 08:00", "Ⅱ", "<span data-toggle='tooltip' data-placement='right' title='原始值：26.2'>26.2</span>", "<span data-toggle='tooltip' data-placement='right' title='原始值：7.788'>7.79</span>", "<span data-toggle='tooltip' data-placement='right' title='原始值：6.362'>6.36</span>", "<span data-toggle='tooltip' data-placement='right' title='原始值：678.127'>678.1</span>", "<span data-toggle='tooltip' data-placement='right' title='原始值：5.469'>5.5</span>", "<span data-toggle='tooltip' data-placement='right' title='原始值：2.1834'>2.18</span>", "<span data-toggle='tooltip' data-placement='right' title='原始值：0.33'>0.330</span>", "<span data-toggle='tooltip' data-placement='right' title='原始值：0.0677'>0.068</span>", "<span data-toggle='tooltip' data-placement='right' title='原始值：3.0028'>3.00</span>", "*", "*", "正常"], ["河北省", "海河流域", "<span data-toggle='tooltip' data-placement='right' title='所在地市:石家庄市&#10;所属河流:滹沱河'>岗南水库</span>", "08-20 08:00", "", "<span data-toggle='tooltip' data-placement='right' title='原始值：26.55228'>26.6</span>", "<span data-toggle='tooltip' data-placement='right' title='原始值：8.39518'>8.40</span>", "<span data-toggle='tooltip' data-placement='right' title='原始值：7.85739'>7.86</span>", "<span data-toggle='tooltip' data-placement='right' title='原始值：563.8346'>563.8</span>", "<span data-toggle='tooltip' data-placement='right' title='原始值：2.35336'>2.4</span>", "<span data-toggle='tooltip' data-placement='right' title='原始值：2.27213'>2.27</span>", "<span data-toggle='tooltip' data-placement='right' title='原始值：0.02'>0.020</span>", "<span data-toggle='tooltip' data-placement='right' title='极值过滤'>--</span>", "<span data-toggle='tooltip' data-placement='right' title='原始值：2.82857'>2.83</span>", "*", "*", "维护"], ["河北省", "海河流域", "<span data-toggle='tooltip' data-placement='right' title='所在地市:张家口市&#10;所属河流:永定河'>八号桥</span>", "08-20 08:00", "Ⅲ", "<span data-toggle='tooltip' data-placement='right' title='原始值：22.97778'>23.0</span>", "<span data-toggle='tooltip' data-placement='right' title='原始值：7.56259'>7.56</span>", "<span data-toggle='tooltip' data-placement='right' title='原始值：6.23784'>6.24</span>", "<span data-toggle='tooltip' data-placement='right' title='原始值：891.3774'>891.4</span>", "<span data-toggle='tooltip' data-placement='right' title='原始值：74.43428'>74.4</span>", "<span data-toggle='tooltip' data-placement='right' title='原始值：3.46'>3.46</span>", "<span data-toggle='tooltip' data-placement='right' title='原始值：0.24'>0.240</span>", "<span data-toggle='tooltip' data-placement='right' title='原始值：0.16'>0.160</span>", "<span data-toggle='tooltip' data-placement='right' title='原始值：2.405'>2.40</span>", "*", "*", "正常"], ["山西省", "黄河流域", "<span data-toggle='tooltip' data-placement='right' title='所在地市:运城市&#10;所属河流:汾河'>河津大桥</span>", "08-20 08:00", "劣Ⅴ", "<span data-toggle='tooltip' data-placement='right' title='原始值：25.56314'>25.6</span>", "<span data-toggle='tooltip' data-placement='right' title='原始值：7.45285'>7.45</span>", "<span data-toggle='tooltip' data-placement='right' title='原始值：2.10232'>2.10</span>", "<span data-toggle='tooltip' data-placement='right' title='原始值：925.3436'>925.3</span>", "<span data-toggle='tooltip' data-placement='right' title='原始值：555.011'>555.0</span>", "<span data-toggle='tooltip' data-placement='right' title='原始值：9.4'>9.40</span>", "<span data-toggle='tooltip' data-placement='right' title='原始值：2.28'>2.280</span>", "*", "*", "*", "*", "正常"], ["山西省", "黄河流域", "<span data-toggle='tooltip' data-placement='right' title='所在地市:忻州市&#10;所属河流:黄河'>万家寨水库</span>", "08-20 08:00", "劣Ⅴ", "<span data-toggle='tooltip' data-placement='right' title='原始值：22.88884'>22.9</span>", "<span data-toggle='tooltip' data-placement='right' title='原始值：7.74853'>7.75</span>", "<span data-toggle='tooltip' data-placement='right' title='原始值：7.04995'>7.05</span>", "<span data-toggle='tooltip' data-placement='right' title='原始值：573.2734'>573.3</span>", "<span data-toggle='tooltip' data-placement='right' title='原始值：2182.063'>2182.1</span>", "<span data-toggle='tooltip' data-placement='right' title='原始值：5.65'>5.65</span>", "<span data-toggle='tooltip' data-placement='right' title='原始值：0.3'>0.300</span>", "<span data-toggle='tooltip' data-placement='right' title='原始值：0.63725'>0.637</span>", "<span data-toggle='tooltip' data-placement='right' title='原始值：1.675'>1.68</span>", "*", "*", "正常"], ["内蒙古自治区", "黄河流域", "<span data-toggle='tooltip' data-placement='right' title='所在地市:包头市&#10;所属河流:黄河'>画匠营子</span>", "08-20 08:00", "Ⅱ", "<span data-toggle='tooltip' data-placement='right' title='原始值：22.37782'>22.4</span>", "<span data-toggle='tooltip' data-placement='right' title='原始值：7.77314'>7.77</span>", "<span data-toggle='tooltip' data-placement='right' title='原始值：7.14337'>7.14</span>", "<span data-toggle='tooltip' data-placement='right' title='原始值：664.5282'>664.5</span>", "<span data-toggle='tooltip' data-placement='right' title='原始值：1740.315'>1740.3</span>", "<span data-toggle='tooltip' data-placement='right' title='原始值：3.39818'>3.40</span>", "<span data-toggle='tooltip' data-placement='right' title='原始值：0.04237'>0.042</span>", "*", "*", "*", "*", "正常"], ["内蒙古自治区", "黄河流域", "<span data-toggle='tooltip' data-placement='right' title='所在地市:乌海市&#10;所属河流:黄河'>海勃湾</span>", "08-20 08:00", "Ⅲ", "<span data-toggle='tooltip' data-placement='right' title='原始值：20.0186'>20.0</span>", "<span data-toggle='tooltip' data-placement='right' title='原始值：7.71072'>7.71</span>", "<span data-toggle='tooltip' data-placement='right' title='原始值：6.20588'>6.21</span>", "<span data-toggle='tooltip' data-placement='right' title='原始值：547.1506'>547.2</span>", "<span data-toggle='tooltip' data-placement='right' title='原始值：627.7183'>627.7</span>", "<span data-toggle='tooltip' data-placement='right' title='原始值：4.15'>4.15</span>", "<span data-toggle='tooltip' data-placement='right' title='原始值：0.12'>0.120</span>", "*", "*", "*", "*", "正常"], ["内蒙古自治区", "松花江流域", "<span data-toggle='tooltip' data-placement='right' title='所在地市:呼伦贝尔市&#10;所属河流:额尔古纳河'>黑山头</span>", null, "", "--", "--", "--", "--", "--", "--", "--", "--", "--", "*", "*", "停站"], ["辽宁省", "辽河流域", "<span data-toggle='tooltip' data-placement='right' title='所在地市:抚顺市&#10;所属河流:浑河'>大伙房水库</span>", "08-20 08:00", "", "<span data-toggle='tooltip' data-placement='right' title='原始值：27.84673'>27.8</span>", "<span data-toggle='tooltip' data-placement='right' title='原始值：7.51944'>7.52</span>", "<span data-toggle='tooltip' data-placement='right' title='原始值：8.04216'>8.04</span>", "<span data-toggle='tooltip' data-placement='right' title='原始值：332.5619'>332.6</span>", "<span data-toggle='tooltip' data-placement='right' title='原始值：8.24953'>8.2</span>", "<span data-toggle='tooltip' data-placement='right' title='原始值：2.51363'>2.51</span>", "<span data-toggle='tooltip' data-placement='right' title='原始值：0.35'>0.350</span>", "<span data-toggle='tooltip' data-placement='right' title='极值过滤'>--</span>", "<span data-toggle='tooltip' data-placement='right' title='极值过滤'>--</span>", "<span data-toggle='tooltip' data-placement='right' title='极值过滤'>--</span>", "*", "维护"], ["辽宁省", "辽河流域", "<span data-toggle='tooltip' data-placement='right' title='所在地市:丹东市&#10;所属河流:鸭绿江'>江桥</span>", "08-20 08:00", "Ⅱ", "<span data-toggle='tooltip' data-placement='right' title='原始值：20.7'>20.7</span>", "<span data-toggle='tooltip' data-placement='right' title='原始值：6.74'>6.74</span>", "<span data-toggle='tooltip' data-placement='right' title='原始值：6.715'>6.72</span>", "<span data-toggle='tooltip' data-placement='right' title='原始值：139'>139.0</span>", "<span data-toggle='tooltip' data-placement='right' title='原始值：1.3'>1.3</span>", "<span data-toggle='tooltip' data-placement='right' title='原始值：1.46'>1.46</span>", "<span data-toggle='tooltip' data-placement='right' title='原始值：0.03'>0.030</span>", "<span data-toggle='tooltip' data-placement='right' title='原始值：0.01958'>0.020</span>", "<span data-toggle='tooltip' data-placement='right' title='原始值：2.57252'>2.57</span>", "*", "*", "正常"], ["辽宁省", "辽河流域", "<span data-toggle='tooltip' data-placement='right' title='所在地市:营口市&#10;所属河流:大辽河'>辽河公园</span>", "08-20 08:00", "", "<span data-toggle='tooltip' data-placement='right' title='原始值：25.0293'>25.0</span>", "<span data-toggle='tooltip' data-placement='right' title='极值过滤'>--</span>", "<span data-toggle='tooltip' data-placement='right' title='原始值：7.10581'>7.11</span>", "<span data-toggle='tooltip' data-placement='right' title='原始值：27349.25'>27349.2</span>", "<span data-toggle='tooltip' data-placement='right' title='原始值：100.4149'>100.4</span>", "<span data-toggle='tooltip' data-placement='right' title='原始值：5.52008'>5.52</span>", "<span data-toggle='tooltip' data-placement='right' title='原始值：0.1448'>0.145</span>", "<span data-toggle='tooltip' data-placement='right' title='原始值：0.25363'>0.254</span>", "<span data-toggle='tooltip' data-placement='right' title='原始值：4.22458'>4.22</span>", "*", "*", "维护"], ["辽宁省", "辽河流域", "<span data-toggle='tooltip' data-placement='right' title='所在地市:辽阳市&#10;所属河流:太子河'>汤河水库</span>", "08-20 08:00", "", "<span data-toggle='tooltip' data-placement='right' title='原始值：18.2'>18.2</span>", "<span data-toggle='tooltip' data-placement='right' title='原始值：7.59'>7.59</span>", "<span data-toggle='tooltip' data-placement='right' title='原始值：0.2'>0.20</span>", "<span data-toggle='tooltip' data-placement='right' title='原始值：497.9404'>497.9</span>", "<span data-toggle='tooltip' data-placement='right' title='原始值：1.10012'>1.1</span>", "<span data-toggle='tooltip' data-placement='right' title='原始值：1.62'>1.62</span>", "<span data-toggle='tooltip' data-placement='right' title='原始值：0.05224'>0.052</span>", "<span data-toggle='tooltip' data-placement='right' title='极值过滤'>--</span>", "<span data-toggle='tooltip' data-placement='right' title='原始值：1.55635'>1.56</span>", "*", "*", "维护"], ["辽宁省", "辽河流域", "<span data-toggle='tooltip' data-placement='right' title='所在地市:盘锦市&#10;所属河流:辽河'>盘锦兴安(兴安)</span>", "08-20 08:00", "Ⅲ", "<span data-toggle='tooltip' data-placement='right' title='原始值：24.48433'>24.5</span>", "<span data-toggle='tooltip' data-placement='right' title='原始值：7.36622'>7.37</span>", "<span data-toggle='tooltip' data-placement='right' title='原始值：7.03557'>7.04</span>", "<span data-toggle='tooltip' data-placement='right' title='原始值：502.6692'>502.7</span>", "<span data-toggle='tooltip' data-placement='right' title='原始值：85.37265'>85.4</span>", "<span data-toggle='tooltip' data-placement='right' title='原始值：2.84625'>2.85</span>", "<span data-toggle='tooltip' data-placement='right' title='原始值：0.12'>0.120</span>", "<span data-toggle='tooltip' data-placement='right' title='原始值：0.1251'>0.125</span>", "<span data-toggle='tooltip' data-placement='right' title='原始值：1.79606'>1.80</span>", "*", "*", "正常"], ["辽宁省", "辽河流域", "<span data-toggle='tooltip' data-placement='right' title='所在地市:铁岭市&#10;所属河流:辽河'>珠尔山</span>", "08-20 08:00", "Ⅴ", "<span data-toggle='tooltip' data-placement='right' title='原始值：22.90156'>22.9</span>", "<span data-toggle='tooltip' data-placement='right' title='原始值：7.04802'>7.05</span>", "<span data-toggle='tooltip' data-placement='right' title='原始值：4.91266'>4.91</span>", "<span data-toggle='tooltip' data-placement='right' title='原始值：463.0962'>463.1</span>", "<span data-toggle='tooltip' data-placement='right' title='原始值：173.5288'>173.5</span>", "<span data-toggle='tooltip' data-placement='right' title='原始值：4.72931'>4.73</span>", "<span data-toggle='tooltip' data-placement='right' title='原始值：0.98'>0.980</span>", "<span data-toggle='tooltip' data-placement='right' title='原始值：0.31578'>0.316</span>", "<span data-toggle='tooltip' data-placement='right' title='原始值：5.12563'>5.13</span>", "*", "*", "正常"], ["吉林省", "松花江流域", "<span data-toggle='tooltip' data-placement='right' title='所在地市:长春市&#10;所属河流:松花江'>松花江村</span>", null, "", "--", "--", "--", "--", "--", "--", "--", "--", "--", "*", "*", "停站"], ["吉林省", "松花江流域", "<span data-toggle='tooltip' data-placement='right' title='所在地市:白城市&#10;所属河流:嫩江'>白沙滩</span>", null, "", "--", "--", "--", "--", "--", "--", "--", "--", "--", "*", "*", "停站"], ["吉林省", "松花江流域", "<span data-toggle='tooltip' data-placement='right' title='所在地市:延边朝鲜族自治州&#10;所属河流:图们江'>圈河</span>", null, "", "--", "--", "--", "--", "--", "--", "--", "--", "--", "*", "*", "停站"], ["黑龙江省", "松花江流域", "<span data-toggle='tooltip' data-placement='right' title='所在地市:大庆市&#10;所属河流:松花江'>肇源</span>", null, "", "--", "--", "--", "--", "--", "--", "--", "--", "--", "*", "*", "停站"], ["黑龙江省", "松花江流域", "<span data-toggle='tooltip' data-placement='right' title='所在地市:佳木斯市&#10;所属河流:乌苏里江'>乌苏镇</span>", null, "", "--", "--", "--", "--", "--", "--", "--", "--", "--", "*", "*", "停站"], ["黑龙江省", "松花江流域", "<span data-toggle='tooltip' data-placement='right' title='所在地市:佳木斯市&#10;所属河流:松花江'>同江</span>", "08-20 08:00", "劣Ⅴ", "<span data-toggle='tooltip' data-placement='right' title='原始值：21.0122'>21.0</span>", "<span data-toggle='tooltip' data-placement='right' title='原始值：7.40626'>7.41</span>", "<span data-toggle='tooltip' data-placement='right' title='原始值：7.40626'>7.41</span>", "<span data-toggle='tooltip' data-placement='right' title='原始值：181.6409'>181.6</span>", "<span data-toggle='tooltip' data-placement='right' title='原始值：203.0042'>203.0</span>", "<span data-toggle='tooltip' data-placement='right' title='原始值：20'>20.00</span>", "<span data-toggle='tooltip' data-placement='right' title='原始值：0.13184'>0.132</span>", "<span data-toggle='tooltip' data-placement='right' title='原始值：0.21875'>0.219</span>", "<span data-toggle='tooltip' data-placement='right' title='原始值：1.23803'>1.24</span>", "*", "*", "正常"], ["黑龙江省", "松花江流域", "<span data-toggle='tooltip' data-placement='right' title='所在地市:黑河市&#10;所属河流:黑龙江'>黑河下(黑河)</span>", null, "", "--", "--", "--", "--", "--", "--", "--", "--", "--", "*", "*", "停站"], ["上海市", "长江流域", "<span data-toggle='tooltip' data-placement='right' title='所在地市:青浦区&#10;所属河流:淀山湖'>急水港桥</span>", "08-20 08:00", "Ⅳ", "<span data-toggle='tooltip' data-placement='right' title='原始值：30.8'>30.8</span>", "<span data-toggle='tooltip' data-placement='right' title='原始值：7.36'>7.36</span>", "<span data-toggle='tooltip' data-placement='right' title='原始值：4.25'>4.25</span>", "<span data-toggle='tooltip' data-placement='right' title='原始值：429'>429.0</span>", "<span data-toggle='tooltip' data-placement='right' title='原始值：143.4'>143.4</span>", "<span data-toggle='tooltip' data-placement='right' title='原始值：4.59375'>4.59</span>", "<span data-toggle='tooltip' data-placement='right' title='原始值：0.53172'>0.532</span>", "<span data-toggle='tooltip' data-placement='right' title='原始值：0.06396'>0.064</span>", "<span data-toggle='tooltip' data-placement='right' title='原始值：1.39063'>1.39</span>", "<span data-toggle='tooltip' data-placement='right' title='原始值：0.00938'>0.009</span>", "<span data-toggle='tooltip' data-placement='right' title='原始值：1.233592E+07'>12335920</span>", "正常"], ["江苏省", "长江流域", "<span data-toggle='tooltip' data-placement='right' title='所在地市:南京市&#10;所属河流:长江'>林山</span>", "08-20 08:00", "Ⅱ", "<span data-toggle='tooltip' data-placement='right' title='原始值：30.015'>30.0</span>", "<span data-toggle='tooltip' data-placement='right' title='原始值：7.62859'>7.63</span>", "<span data-toggle='tooltip' data-placement='right' title='原始值：6.36896'>6.37</span>", "<span data-toggle='tooltip' data-placement='right' title='原始值：293.621'>293.6</span>", "<span data-toggle='tooltip' data-placement='right' title='原始值：66.3177'>66.3</span>", "<span data-toggle='tooltip' data-placement='right' title='原始值：2.73'>2.73</span>", "<span data-toggle='tooltip' data-placement='right' title='原始值：0.059'>0.059</span>", "*", "*", "*", "*", "正常"], ["江苏省", "太湖流域", "<span data-toggle='tooltip' data-placement='right' title='所在地市:无锡市&#10;所属河流:太湖'>沙渚</span>", "08-20 08:00", "Ⅲ", "<span data-toggle='tooltip' data-placement='right' title='原始值：30.96286'>31.0</span>", "<span data-toggle='tooltip' data-placement='right' title='原始值：7.756619'>7.76</span>", "<span data-toggle='tooltip' data-placement='right' title='原始值：5.295557'>5.30</span>", "<span data-toggle='tooltip' data-placement='right' title='原始值：351.92'>351.9</span>", "<span data-toggle='tooltip' data-placement='right' title='原始值：73.04566'>73.0</span>", "<span data-toggle='tooltip' data-placement='right' title='原始值：5.63'>5.63</span>", "<span data-toggle='tooltip' data-placement='right' title='原始值：0.15'>0.150</span>", "<span data-toggle='tooltip' data-placement='right' title='原始值：0.1125'>0.112</span>", "<span data-toggle='tooltip' data-placement='right' title='原始值：1.512'>1.51</span>", "*", "*", "正常"], ["江苏省", "淮河流域", "<span data-toggle='tooltip' data-placement='right' title='所在地市:徐州市&#10;所属河流:武河'>小红圈</span>", "08-20 08:00", "Ⅲ", "<span data-toggle='tooltip' data-placement='right' title='原始值：28.9'>28.9</span>", "<span data-toggle='tooltip' data-placement='right' title='原始值：7.31'>7.31</span>", "<span data-toggle='tooltip' data-placement='right' title='原始值：8.13'>8.13</span>", "<span data-toggle='tooltip' data-placement='right' title='原始值：1020.2'>1020.2</span>", "<span data-toggle='tooltip' data-placement='right' title='原始值：79.92'>79.9</span>", "<span data-toggle='tooltip' data-placement='right' title='原始值：4.04'>4.04</span>", "<span data-toggle='tooltip' data-placement='right' title='原始值：0.1'>0.100</span>", "*", "*", "*", "*", "正常"], ["江苏省", "淮河流域", "<span data-toggle='tooltip' data-placement='right' title='所在地市:徐州市&#10;所属河流:沿河'>李集桥</span>", "08-20 08:00", "Ⅴ", "<span data-toggle='tooltip' data-placement='right' title='原始值：30.06'>30.1</span>", "<span data-toggle='tooltip' data-placement='right' title='原始值：7.67'>7.67</span>", "<span data-toggle='tooltip' data-placement='right' title='原始值：2.4'>2.40</span>", "<span data-toggle='tooltip' data-placement='right' title='原始值：858.2'>858.2</span>", "<span data-toggle='tooltip' data-placement='right' title='原始值：154.2'>154.2</span>", "<span data-toggle='tooltip' data-placement='right' title='原始值：6.36'>6.36</span>", "<span data-toggle='tooltip' data-placement='right' title='原始值：0.885'>0.885</span>", "<span data-toggle='tooltip' data-placement='right' title='原始值：0.371'>0.371</span>", "<span data-toggle='tooltip' data-placement='right' title='原始值：2.84'>2.84</span>", "*", "*", "正常"], ["江苏省", "淮河流域", "<span data-toggle='tooltip' data-placement='right' title='所在地市:徐州市&#10;所属河流:邳苍分洪道'>艾山西大桥</span>", "08-20 08:00", "Ⅳ", "<span data-toggle='tooltip' data-placement='right' title='原始值：28.1353'>28.1</span>", "<span data-toggle='tooltip' data-placement='right' title='原始值：7.87818'>7.88</span>", "<span data-toggle='tooltip' data-placement='right' title='原始值：5.10321'>5.10</span>", "<span data-toggle='tooltip' data-placement='right' title='原始值：879.033'>879.0</span>", "<span data-toggle='tooltip' data-placement='right' title='原始值：42.6925'>42.7</span>", "<span data-toggle='tooltip' data-placement='right' title='原始值：3.72'>3.72</span>", "<span data-toggle='tooltip' data-placement='right' title='原始值：0.17'>0.170</span>", "<span data-toggle='tooltip' data-placement='right' title='原始值：0.27185'>0.272</span>", "<span data-toggle='tooltip' data-placement='right' title='原始值：9.66923'>9.67</span>", "*", "*", "正常"], ["江苏省", "太湖流域", "<span data-toggle='tooltip' data-placement='right' title='所在地市:苏州市&#10;所属河流:太湖'>兰山嘴(老)</span>", "08-20 08:00", "Ⅳ", "<span data-toggle='tooltip' data-placement='right' title='原始值：31.65835'>31.7</span>", "<span data-toggle='tooltip' data-placement='right' title='原始值：8.05991'>8.06</span>", "<span data-toggle='tooltip' data-placement='right' title='原始值：8.60997'>8.61</span>", "<span data-toggle='tooltip' data-placement='right' title='原始值：296.7241'>296.7</span>", "<span data-toggle='tooltip' data-placement='right' title='原始值：207.3516'>207.4</span>", "<span data-toggle='tooltip' data-placement='right' title='原始值：6.95'>6.95</span>", "<span data-toggle='tooltip' data-placement='right' title='原始值：0.23'>0.230</span>", "<span data-toggle='tooltip' data-placement='right' title='原始值：0.28442'>0.284</span>", "<span data-toggle='tooltip' data-placement='right' title='原始值：3.20711'>3.21</span>", "*", "*", "正常"], ["江苏省", "太湖流域", "<span data-toggle='tooltip' data-placement='right' title='所在地市:苏州市&#10;所属河流:太湖'>西山</span>", "08-20 08:00", "Ⅳ", "<span data-toggle='tooltip' data-placement='right' title='原始值：31.96143'>32.0</span>", "<span data-toggle='tooltip' data-placement='right' title='原始值：7.98669'>7.99</span>", "<span data-toggle='tooltip' data-placement='right' title='原始值：6.09217'>6.09</span>", "<span data-toggle='tooltip' data-placement='right' title='原始值：283.5099'>283.5</span>", "<span data-toggle='tooltip' data-placement='right' title='原始值：51.88055'>51.9</span>", "<span data-toggle='tooltip' data-placement='right' title='原始值：2.61'>2.61</span>", "<span data-toggle='tooltip' data-placement='right' title='原始值：0.16'>0.160</span>", "<span data-toggle='tooltip' data-placement='right' title='原始值：0.0999'>0.100</span>", "<span data-toggle='tooltip' data-placement='right' title='原始值：0.81'>0.81</span>", "*", "*", "正常"], ["江苏省", "淮河流域", "<span data-toggle='tooltip' data-placement='right' title='所在地市:连云港市&#10;所属河流:新沭河'>大兴桥</span>", null, "", "--", "--", "--", "--", "--", "--", "--", "--", "--", "*", "*", "停站"], ["江苏省", "淮河流域", "<span data-toggle='tooltip' data-placement='right' title='所在地市:淮安市&#10;所属河流:淮河'>淮河大桥</span>", "08-20 08:00", "Ⅳ", "<span data-toggle='tooltip' data-placement='right' title='原始值：31.34386'>31.3</span>", "<span data-toggle='tooltip' data-placement='right' title='原始值：7.7163'>7.72</span>", "<span data-toggle='tooltip' data-placement='right' title='原始值：3.95227'>3.95</span>", "<span data-toggle='tooltip' data-placement='right' title='原始值：311.7052'>311.7</span>", "<span data-toggle='tooltip' data-placement='right' title='原始值：53.74761'>53.7</span>", "<span data-toggle='tooltip' data-placement='right' title='原始值：5.96'>5.96</span>", "<span data-toggle='tooltip' data-placement='right' title='原始值：0.16'>0.160</span>", "<span data-toggle='tooltip' data-placement='right' title='原始值：0.0474'>0.047</span>", "<span data-toggle='tooltip' data-placement='right' title='原始值：0.2383'>0.24</span>", "*", "*", "正常"], ["江苏省", "长江流域", "<span data-toggle='tooltip' data-placement='right' title='所在地市:扬州市&#10;所属河流:夹江'>三江营</span>", "08-20 08:00", "Ⅲ", "<span data-toggle='tooltip' data-placement='right' title='原始值：32.44'>32.4</span>", "<span data-toggle='tooltip' data-placement='right' title='原始值：7.85'>7.85</span>", "<span data-toggle='tooltip' data-placement='right' title='原始值：5.28'>5.28</span>", "<span data-toggle='tooltip' data-placement='right' title='原始值：399.79'>399.8</span>", "<span data-toggle='tooltip' data-placement='right' title='原始值：124.35'>124.4</span>", "<span data-toggle='tooltip' data-placement='right' title='原始值：4.228'>4.23</span>", "<span data-toggle='tooltip' data-placement='right' title='原始值：0.195'>0.195</span>", "<span data-toggle='tooltip' data-placement='right' title='原始值：0.147'>0.147</span>", "<span data-toggle='tooltip' data-placement='right' title='原始值：1.807'>1.81</span>", "*", "*", "正常"], ["江苏省", "淮河流域", "<span data-toggle='tooltip' data-placement='right' title='所在地市:宿迁市&#10;所属河流:新濉河'>大屈</span>", "08-20 08:00", "", "<span data-toggle='tooltip' data-placement='right' title='原始值：30.5'>30.5</span>", "<span data-toggle='tooltip' data-placement='right' title='原始值：7.51'>7.51</span>", "<span data-toggle='tooltip' data-placement='right' title='原始值：3.23'>3.23</span>", "<span data-toggle='tooltip' data-placement='right' title='原始值：696.7'>696.7</span>", "<span data-toggle='tooltip' data-placement='right' title='原始值：33.34'>33.3</span>", "<span data-toggle='tooltip' data-placement='right' title='原始值：6.95'>6.95</span>", "<span data-toggle='tooltip' data-placement='right' title='原始值：0.12'>0.120</span>", "<span data-toggle='tooltip' data-placement='right' title='极值过滤'>--</span>", "<span data-toggle='tooltip' data-placement='right' title='原始值：1.977'>1.98</span>", "*", "*", "维护"], ["浙江省", "浙闽片河流", "<span data-toggle='tooltip' data-placement='right' title='所在地市:杭州市&#10;所属河流:新安江'>街口(鸠坑口)</span>", "08-20 08:00", "劣Ⅴ", "<span data-toggle='tooltip' data-placement='right' title='原始值：28.14'>28.1</span>", "<span data-toggle='tooltip' data-placement='right' title='原始值：9.24'>9.24</span>", "<span data-toggle='tooltip' data-placement='right' title='原始值：7.79'>7.79</span>", "<span data-toggle='tooltip' data-placement='right' title='原始值：125.45'>125.4</span>", "<span data-toggle='tooltip' data-placement='right' title='原始值：19.55'>19.6</span>", "<span data-toggle='tooltip' data-placement='right' title='原始值：1.396'>1.40</span>", "<span data-toggle='tooltip' data-placement='right' title='原始值：0.006'>0.006</span>", "<span data-toggle='tooltip' data-placement='right' title='原始值：0.05'>0.050</span>", "<span data-toggle='tooltip' data-placement='right' title='原始值：0.664'>0.66</span>", "*", "*", "正常"], ["浙江省", "太湖流域", "<span data-toggle='tooltip' data-placement='right' title='所在地市:嘉兴市&#10;所属河流:斜路港河'>斜路港</span>", "08-20 08:00", "Ⅳ", "<span data-toggle='tooltip' data-placement='right' title='原始值：31.5'>31.5</span>", "<span data-toggle='tooltip' data-placement='right' title='原始值：8.1'>8.10</span>", "<span data-toggle='tooltip' data-placement='right' title='原始值：4.03'>4.03</span>", "<span data-toggle='tooltip' data-placement='right' title='原始值：311'>311.0</span>", "<span data-toggle='tooltip' data-placement='right' title='原始值：92.5'>92.5</span>", "<span data-toggle='tooltip' data-placement='right' title='原始值：4.19'>4.19</span>", "<span data-toggle='tooltip' data-placement='right' title='原始值：0.0074'>0.007</span>", "<span data-toggle='tooltip' data-placement='right' title='原始值：0.08362'>0.084</span>", "<span data-toggle='tooltip' data-placement='right' title='原始值：0.43946'>0.44</span>", "*", "*", "正常"], ["浙江省", "太湖流域", "<span data-toggle='tooltip' data-placement='right' title='所在地市:嘉兴市&#10;所属河流:京杭运河'>王江泾</span>", "08-20 08:00", "Ⅳ", "<span data-toggle='tooltip' data-placement='right' title='原始值：32.25'>32.2</span>", "<span data-toggle='tooltip' data-placement='right' title='原始值：7.61'>7.61</span>", "<span data-toggle='tooltip' data-placement='right' title='原始值：4.61'>4.61</span>", "<span data-toggle='tooltip' data-placement='right' title='原始值：400.69'>400.7</span>", "<span data-toggle='tooltip' data-placement='right' title='原始值：44.73'>44.7</span>", "<span data-toggle='tooltip' data-placement='right' title='原始值：3.994'>3.99</span>", "<span data-toggle='tooltip' data-placement='right' title='原始值：0.033'>0.033</span>", "<span data-toggle='tooltip' data-placement='right' title='原始值：0.074'>0.074</span>", "<span data-toggle='tooltip' data-placement='right' title='原始值：1.07'>1.07</span>", "*", "*", "正常"], ["浙江省", "太湖流域", "<span data-toggle='tooltip' data-placement='right' title='所在地市:湖州市&#10;所属河流:西苕溪'>新港口(新塘港)</span>", "08-20 08:00", "Ⅲ", "<span data-toggle='tooltip' data-placement='right' title='原始值：31.8377'>31.8</span>", "<span data-toggle='tooltip' data-placement='right' title='原始值：8.26582'>8.27</span>", "<span data-toggle='tooltip' data-placement='right' title='原始值：7.24743'>7.25</span>", "<span data-toggle='tooltip' data-placement='right' title='原始值：350.263'>350.3</span>", "<span data-toggle='tooltip' data-placement='right' title='原始值：107.513'>107.5</span>", "<span data-toggle='tooltip' data-placement='right' title='原始值：4.35791'>4.36</span>", "<span data-toggle='tooltip' data-placement='right' title='原始值：0.07553'>0.076</span>", "<span data-toggle='tooltip' data-placement='right' title='原始值：0.11212'>0.112</span>", "<span data-toggle='tooltip' data-placement='right' title='原始值：6.46067'>6.46</span>", "*", "*", "正常"], ["安徽省", "巢湖流域", "<span data-toggle='tooltip' data-placement='right' title='所在地市:合肥市&#10;所属河流:巢湖'>湖滨(老)</span>", "08-20 08:00", "Ⅴ", "<span data-toggle='tooltip' data-placement='right' title='原始值：31.17852'>31.2</span>", "<span data-toggle='tooltip' data-placement='right' title='原始值：6.82306'>6.82</span>", "<span data-toggle='tooltip' data-placement='right' title='原始值：2.14668'>2.15</span>", "<span data-toggle='tooltip' data-placement='right' title='原始值：287.0343'>287.0</span>", "<span data-toggle='tooltip' data-placement='right' title='原始值：141.2863'>141.3</span>", "<span data-toggle='tooltip' data-placement='right' title='原始值：8.17'>8.17</span>", "<span data-toggle='tooltip' data-placement='right' title='原始值：0.29'>0.290</span>", "<span data-toggle='tooltip' data-placement='right' title='原始值：0.1373'>0.137</span>", "<span data-toggle='tooltip' data-placement='right' title='原始值：3.042'>3.04</span>", "<span data-toggle='tooltip' data-placement='right' title='原始值：0.01928'>0.019</span>", "*", "正常"], ["安徽省", "巢湖流域", "<span data-toggle='tooltip' data-placement='right' title='所在地市:芜湖市&#10;所属河流:巢湖'>裕溪口(老)</span>", null, "", "--", "--", "--", "--", "--", "--", "--", "--", "--", "*", "*", "停站"], ["安徽省", "淮河流域", "<span data-toggle='tooltip' data-placement='right' title='所在地市:蚌埠市&#10;所属河流:淮河'>蚌埠闸上(蚌埠闸)</span>", null, "", "--", "--", "--", "--", "--", "--", "--", "--", "--", "*", "*", "停站"], ["安徽省", "淮河流域", "<span data-toggle='tooltip' data-placement='right' title='所在地市:淮南市&#10;所属河流:淮河'>石头埠(老)</span>", "08-20 08:00", "Ⅳ", "<span data-toggle='tooltip' data-placement='right' title='原始值：30.50209'>30.5</span>", "<span data-toggle='tooltip' data-placement='right' title='原始值：7.23999'>7.24</span>", "<span data-toggle='tooltip' data-placement='right' title='原始值：4.88735'>4.89</span>", "<span data-toggle='tooltip' data-placement='right' title='原始值：274.0508'>274.1</span>", "<span data-toggle='tooltip' data-placement='right' title='原始值：79.52561'>79.5</span>", "<span data-toggle='tooltip' data-placement='right' title='原始值：5.45'>5.45</span>", "<span data-toggle='tooltip' data-placement='right' title='原始值：0.1'>0.100</span>", "*", "*", "*", "*", "正常"], ["安徽省", "淮河流域", "<span data-toggle='tooltip' data-placement='right' title='所在地市:淮北市&#10;所属河流:沱河'>小王桥</span>", null, "", "--", "--", "--", "--", "--", "--", "--", "--", "--", "*", "*", "停站"], ["安徽省", "长江流域", "<span data-toggle='tooltip' data-placement='right' title='所在地市:安庆市&#10;所属河流:长江'>皖河口</span>", null, "", "--", "--", "--", "--", "--", "--", "--", "--", "--", "*", "*", "停站"], ["安徽省", "淮河流域", "<span data-toggle='tooltip' data-placement='right' title='所在地市:滁州市&#10;所属河流:淮河'>小柳巷</span>", null, "", "--", "--", "--", "--", "--", "--", "--", "--", "--", "*", "*", "停站"], ["安徽省", "淮河流域", "<span data-toggle='tooltip' data-placement='right' title='所在地市:阜阳市&#10;所属河流:黑茨河'>张大桥</span>", null, "", "--", "--", "--", "--", "--", "--", "--", "--", "--", "*", "*", "停站"], ["安徽省", "淮河流域", "<span data-toggle='tooltip' data-placement='right' title='所在地市:阜阳市&#10;所属河流:淮河'>王家坝</span>", "08-20 08:00", "Ⅳ", "<span data-toggle='tooltip' data-placement='right' title='原始值：31.76875'>31.8</span>", "<span data-toggle='tooltip' data-placement='right' title='原始值：7.74676'>7.75</span>", "<span data-toggle='tooltip' data-placement='right' title='原始值：4.85163'>4.85</span>", "<span data-toggle='tooltip' data-placement='right' title='原始值：681.7777'>681.8</span>", "<span data-toggle='tooltip' data-placement='right' title='原始值：43.10753'>43.1</span>", "<span data-toggle='tooltip' data-placement='right' title='原始值：4.72'>4.72</span>", "<span data-toggle='tooltip' data-placement='right' title='原始值：0.088'>0.088</span>", "<span data-toggle='tooltip' data-placement='right' title='原始值：0.22926'>0.229</span>", "<span data-toggle='tooltip' data-placement='right' title='原始值：1.53518'>1.54</span>", "*", "*", "正常"], ["安徽省", "淮河流域", "<span data-toggle='tooltip' data-placement='right' title='所在地市:阜阳市&#10;所属河流:颍河'>界首七渡口(七渡口)</span>", "08-20 08:00", "劣Ⅴ", "<span data-toggle='tooltip' data-placement='right' title='原始值：30.37217'>30.4</span>", "<span data-toggle='tooltip' data-placement='right' title='原始值：7.75911'>7.76</span>", "<span data-toggle='tooltip' data-placement='right' title='原始值：1.56385'>1.56</span>", "<span data-toggle='tooltip' data-placement='right' title='原始值：691.0202'>691.0</span>", "<span data-toggle='tooltip' data-placement='right' title='原始值：21.74569'>21.7</span>", "<span data-toggle='tooltip' data-placement='right' title='原始值：3.97'>3.97</span>", "<span data-toggle='tooltip' data-placement='right' title='原始值：0.13'>0.130</span>", "<span data-toggle='tooltip' data-placement='right' title='原始值：0.09945'>0.099</span>", "<span data-toggle='tooltip' data-placement='right' title='原始值：2.98312'>2.98</span>", "*", "*", "正常"], ["安徽省", "淮河流域", "<span data-toggle='tooltip' data-placement='right' title='所在地市:阜阳市&#10;所属河流:泉河'>许庄(徐庄)</span>", "08-20 08:00", "Ⅲ", "<span data-toggle='tooltip' data-placement='right' title='原始值：28.7'>28.7</span>", "<span data-toggle='tooltip' data-placement='right' title='原始值：7.53'>7.53</span>", "<span data-toggle='tooltip' data-placement='right' title='原始值：5.35'>5.35</span>", "<span data-toggle='tooltip' data-placement='right' title='原始值：934.3'>934.3</span>", "<span data-toggle='tooltip' data-placement='right' title='原始值：128.6'>128.6</span>", "<span data-toggle='tooltip' data-placement='right' title='原始值：2.18'>2.18</span>", "<span data-toggle='tooltip' data-placement='right' title='原始值：0.04'>0.040</span>", "<span data-toggle='tooltip' data-placement='right' title='原始值：0.083'>0.083</span>", "<span data-toggle='tooltip' data-placement='right' title='原始值：0.955'>0.96</span>", "*", "*", "正常"], ["安徽省", "淮河流域", "<span data-toggle='tooltip' data-placement='right' title='所在地市:宿州市&#10;所属河流:奎河'>杨庄</span>", "08-20 08:00", "Ⅴ", "<span data-toggle='tooltip' data-placement='right' title='原始值：27.67'>27.7</span>", "<span data-toggle='tooltip' data-placement='right' title='原始值：7.32'>7.32</span>", "<span data-toggle='tooltip' data-placement='right' title='原始值：2.91'>2.91</span>", "<span data-toggle='tooltip' data-placement='right' title='原始值：792.9'>792.9</span>", "<span data-toggle='tooltip' data-placement='right' title='原始值：220.14'>220.1</span>", "<span data-toggle='tooltip' data-placement='right' title='原始值：7.68'>7.68</span>", "<span data-toggle='tooltip' data-placement='right' title='原始值：1.074'>1.074</span>", "*", "*", "*", "*", "正常"], ["安徽省", "淮河流域", "<span data-toggle='tooltip' data-placement='right' title='所在地市:宿州市&#10;所属河流:新汴河'>泗县公路桥</span>", null, "", "--", "--", "--", "--", "--", "--", "--", "*", "*", "*", "*", "维护"], ["安徽省", "淮河流域", "<span data-toggle='tooltip' data-placement='right' title='所在地市:亳州市&#10;所属河流:包河'>颜集</span>", "08-20 08:00", "", "<span data-toggle='tooltip' data-placement='right' title='原始值：27.3'>27.3</span>", "<span data-toggle='tooltip' data-placement='right' title='原始值：7.43'>7.43</span>", "<span data-toggle='tooltip' data-placement='right' title='原始值：5.95'>5.95</span>", "<span data-toggle='tooltip' data-placement='right' title='原始值：1093.9'>1093.9</span>", "<span data-toggle='tooltip' data-placement='right' title='原始值：100.33'>100.3</span>", "<span data-toggle='tooltip' data-placement='right' title='原始值：6.06'>6.06</span>", "<span data-toggle='tooltip' data-placement='right' title='极值过滤'>--</span>", "<span data-toggle='tooltip' data-placement='right' title='原始值：0.274'>0.274</span>", "<span data-toggle='tooltip' data-placement='right' title='原始值：2.165'>2.16</span>", "*", "*", "维护"], ["福建省", "浙闽片河流", "<span data-toggle='tooltip' data-placement='right' title='所在地市:福州市&#10;所属河流:闽江'>白岩潭</span>", "08-20 08:00", "Ⅲ", "<span data-toggle='tooltip' data-placement='right' title='原始值：30.45'>30.4</span>", "<span data-toggle='tooltip' data-placement='right' title='原始值：7.02'>7.02</span>", "<span data-toggle='tooltip' data-placement='right' title='原始值：5.53'>5.53</span>", "<span data-toggle='tooltip' data-placement='right' title='原始值：2140'>2140.0</span>", "<span data-toggle='tooltip' data-placement='right' title='原始值：32.66'>32.7</span>", "<span data-toggle='tooltip' data-placement='right' title='原始值：3.63'>3.63</span>", "<span data-toggle='tooltip' data-placement='right' title='原始值：0.08'>0.080</span>", "*", "*", "*", "*", "正常"], ["江西省", "长江流域", "<span data-toggle='tooltip' data-placement='right' title='所在地市:南昌市&#10;所属河流:赣江南支'>滁槎</span>", "08-20 08:00", "Ⅲ", "<span data-toggle='tooltip' data-placement='right' title='原始值：32.19039'>32.2</span>", "<span data-toggle='tooltip' data-placement='right' title='原始值：7.23177'>7.23</span>", "<span data-toggle='tooltip' data-placement='right' title='原始值：8.83235'>8.83</span>", "<span data-toggle='tooltip' data-placement='right' title='原始值：148.7917'>148.8</span>", "<span data-toggle='tooltip' data-placement='right' title='原始值：30.9866'>31.0</span>", "<span data-toggle='tooltip' data-placement='right' title='原始值：5.9'>5.90</span>", "<span data-toggle='tooltip' data-placement='right' title='原始值：0.14'>0.140</span>", "<span data-toggle='tooltip' data-placement='right' title='原始值：0.0625'>0.062</span>", "<span data-toggle='tooltip' data-placement='right' title='原始值：1.0625'>1.06</span>", "*", "*", "正常"], ["江西省", "长江流域", "<span data-toggle='tooltip' data-placement='right' title='所在地市:九江市&#10;所属河流:长江'>姚港(河西水厂)</span>", "08-20 08:00", "Ⅲ", "<span data-toggle='tooltip' data-placement='right' title='原始值：27.93'>27.9</span>", "<span data-toggle='tooltip' data-placement='right' title='原始值：7.64'>7.64</span>", "<span data-toggle='tooltip' data-placement='right' title='原始值：6.25'>6.25</span>", "<span data-toggle='tooltip' data-placement='right' title='原始值：306.66'>306.7</span>", "<span data-toggle='tooltip' data-placement='right' title='原始值：62.22'>62.2</span>", "<span data-toggle='tooltip' data-placement='right' title='原始值：1.946'>1.95</span>", "<span data-toggle='tooltip' data-placement='right' title='原始值：0.026'>0.026</span>", "<span data-toggle='tooltip' data-placement='right' title='原始值：0.109'>0.109</span>", "<span data-toggle='tooltip' data-placement='right' title='原始值：1.38'>1.38</span>", "*", "*", "正常"], ["江西省", "长江流域", "<span data-toggle='tooltip' data-placement='right' title='所在地市:九江市&#10;所属河流:鄱阳湖'>蛤蟆石</span>", "08-20 08:00", "Ⅲ", "<span data-toggle='tooltip' data-placement='right' title='原始值：31.81'>31.8</span>", "<span data-toggle='tooltip' data-placement='right' title='原始值：6.77'>6.77</span>", "<span data-toggle='tooltip' data-placement='right' title='原始值：5.93'>5.93</span>", "<span data-toggle='tooltip' data-placement='right' title='原始值：96.06'>96.1</span>", "<span data-toggle='tooltip' data-placement='right' title='原始值：12.54'>12.5</span>", "<span data-toggle='tooltip' data-placement='right' title='原始值：1.77'>1.77</span>", "<span data-toggle='tooltip' data-placement='right' title='原始值：0.007'>0.007</span>", "<span data-toggle='tooltip' data-placement='right' title='原始值：0.0246'>0.025</span>", "<span data-toggle='tooltip' data-placement='right' title='原始值：0.584'>0.58</span>", "<span data-toggle='tooltip' data-placement='right' title='原始值：0.0217'>0.022</span>", "<span data-toggle='tooltip' data-placement='right' title='原始值：1314000'>1314000</span>", "正常"], ["山东省", "黄河流域", "<span data-toggle='tooltip' data-placement='right' title='所在地市:济南市&#10;所属河流:黄河'>泺口</span>", "08-20 08:00", "Ⅱ", "<span data-toggle='tooltip' data-placement='right' title='原始值：23.6447'>23.6</span>", "<span data-toggle='tooltip' data-placement='right' title='原始值：7.9661'>7.97</span>", "<span data-toggle='tooltip' data-placement='right' title='原始值：6.42522'>6.43</span>", "<span data-toggle='tooltip' data-placement='right' title='原始值：771.124'>771.1</span>", "<span data-toggle='tooltip' data-placement='right' title='原始值：1000.77'>1000.8</span>", "<span data-toggle='tooltip' data-placement='right' title='原始值：3.83'>3.83</span>", "<span data-toggle='tooltip' data-placement='right' title='原始值：0.09064'>0.091</span>", "<span data-toggle='tooltip' data-placement='right' title='原始值：0.00868'>0.009</span>", "<span data-toggle='tooltip' data-placement='right' title='原始值：3.773'>3.77</span>", "*", "*", "正常"], ["山东省", "淮河流域", "<span data-toggle='tooltip' data-placement='right' title='所在地市:枣庄市&#10;所属河流:京杭大运河（韩庄运河）'>台儿庄大桥</span>", null, "", "--", "--", "--", "--", "--", "--", "--", "--", "--", "*", "*", "停站"], ["山东省", "淮河流域", "<span data-toggle='tooltip' data-placement='right' title='所在地市:临沂市&#10;所属河流:沭河'>清泉寺</span>", null, "", "--", "--", "--", "--", "--", "--", "--", "--", "--", "*", "*", "停站"], ["山东省", "淮河流域", "<span data-toggle='tooltip' data-placement='right' title='所在地市:临沂市&#10;所属河流:沂河'>重坊桥</span>", null, "", "--", "--", "--", "--", "--", "--", "--", "--", "--", "*", "*", "停站"], ["山东省", "淮河流域", "<span data-toggle='tooltip' data-placement='right' title='所在地市:临沂市&#10;所属河流:白马河'>捷庄(涝沟桥)</span>", "08-20 08:00", "Ⅳ", "<span data-toggle='tooltip' data-placement='right' title='原始值：31'>31.0</span>", "<span data-toggle='tooltip' data-placement='right' title='原始值：8.35'>8.35</span>", "<span data-toggle='tooltip' data-placement='right' title='原始值：13.83133'>13.83</span>", "<span data-toggle='tooltip' data-placement='right' title='原始值：594.9375'>594.9</span>", "<span data-toggle='tooltip' data-placement='right' title='原始值：48.41557'>48.4</span>", "<span data-toggle='tooltip' data-placement='right' title='原始值：6.53'>6.53</span>", "<span data-toggle='tooltip' data-placement='right' title='原始值：0.16606'>0.166</span>", "<span data-toggle='tooltip' data-placement='right' title='原始值：0.25975'>0.260</span>", "<span data-toggle='tooltip' data-placement='right' title='原始值：3.60975'>3.61</span>", "*", "*", "正常"], ["山东省", "海河流域", "<span data-toggle='tooltip' data-placement='right' title='所在地市:聊城市&#10;所属河流:卫运河'>秤勾湾(秤钩湾)</span>", null, "", "--", "--", "--", "--", "--", "--", "--", "--", "--", "*", "*", "停站"], ["河南省", "长江流域", "<span data-toggle='tooltip' data-placement='right' title='所在地市:南阳市&#10;所属河流:丹江口水库'>陶岔</span>", "08-20 08:00", "Ⅱ", "<span data-toggle='tooltip' data-placement='right' title='原始值：29.04'>29.0</span>", "<span data-toggle='tooltip' data-placement='right' title='原始值：8.1477'>8.15</span>", "<span data-toggle='tooltip' data-placement='right' title='原始值：8.01028'>8.01</span>", "<span data-toggle='tooltip' data-placement='right' title='原始值：289.3785'>289.4</span>", "<span data-toggle='tooltip' data-placement='right' title='原始值：1.25832'>1.3</span>", "<span data-toggle='tooltip' data-placement='right' title='原始值：2.67'>2.67</span>", "<span data-toggle='tooltip' data-placement='right' title='原始值：0.03067'>0.031</span>", "<span data-toggle='tooltip' data-placement='right' title='原始值：0.01343'>0.013</span>", "<span data-toggle='tooltip' data-placement='right' title='原始值：0.68686'>0.69</span>", "<span data-toggle='tooltip' data-placement='right' title='原始值：0.00137'>0.001</span>", "<span data-toggle='tooltip' data-placement='right' title='原始值：274956.4'>274956</span>", "正常"], ["河南省", "淮河流域", "<span data-toggle='tooltip' data-placement='right' title='所在地市:商丘市&#10;所属河流:浍河'>黄口</span>", "08-20 08:00", "Ⅲ", "<span data-toggle='tooltip' data-placement='right' title='原始值：29.59999'>29.6</span>", "<span data-toggle='tooltip' data-placement='right' title='原始值：6.96004'>6.96</span>", "<span data-toggle='tooltip' data-placement='right' title='原始值：5.88492'>5.88</span>", "<span data-toggle='tooltip' data-placement='right' title='原始值：1312'>1312.0</span>", "<span data-toggle='tooltip' data-placement='right' title='原始值：65.69563'>65.7</span>", "<span data-toggle='tooltip' data-placement='right' title='原始值：4.91'>4.91</span>", "<span data-toggle='tooltip' data-placement='right' title='原始值：0.17233'>0.172</span>", "<span data-toggle='tooltip' data-placement='right' title='原始值：0.18'>0.180</span>", "<span data-toggle='tooltip' data-placement='right' title='原始值：2.73626'>2.74</span>", "*", "*", "正常"], ["河南省", "淮河流域", "<span data-toggle='tooltip' data-placement='right' title='所在地市:信阳市&#10;所属河流:史灌河'>蒋集</span>", "08-20 08:00", "Ⅲ", "<span data-toggle='tooltip' data-placement='right' title='原始值：33.03734'>33.0</span>", "<span data-toggle='tooltip' data-placement='right' title='原始值：6.7296'>6.73</span>", "<span data-toggle='tooltip' data-placement='right' title='原始值：5.47499'>5.47</span>", "<span data-toggle='tooltip' data-placement='right' title='原始值：133.5626'>133.6</span>", "<span data-toggle='tooltip' data-placement='right' title='原始值：128.4463'>128.4</span>", "<span data-toggle='tooltip' data-placement='right' title='原始值：2.55'>2.55</span>", "<span data-toggle='tooltip' data-placement='right' title='原始值：0.05992'>0.060</span>", "*", "*", "*", "*", "正常"], ["河南省", "淮河流域", "<span data-toggle='tooltip' data-placement='right' title='所在地市:信阳市&#10;所属河流:淮河'>淮滨水文站(淮滨)</span>", "08-20 08:00", "Ⅲ", "<span data-toggle='tooltip' data-placement='right' title='原始值：30.3'>30.3</span>", "<span data-toggle='tooltip' data-placement='right' title='原始值：6.97'>6.97</span>", "<span data-toggle='tooltip' data-placement='right' title='原始值：6.05008'>6.05</span>", "<span data-toggle='tooltip' data-placement='right' title='原始值：213'>213.0</span>", "<span data-toggle='tooltip' data-placement='right' title='原始值：93.61453'>93.6</span>", "<span data-toggle='tooltip' data-placement='right' title='原始值：3.35107'>3.35</span>", "<span data-toggle='tooltip' data-placement='right' title='原始值：0.16622'>0.166</span>", "<span data-toggle='tooltip' data-placement='right' title='原始值：0.14007'>0.140</span>", "<span data-toggle='tooltip' data-placement='right' title='原始值：0.67818'>0.68</span>", "*", "*", "正常"], ["河南省", "淮河流域", "<span data-toggle='tooltip' data-placement='right' title='所在地市:周口市&#10;所属河流:沙河'>沈丘闸</span>", "08-20 08:00", "Ⅳ", "<span data-toggle='tooltip' data-placement='right' title='原始值：28.90327'>28.9</span>", "<span data-toggle='tooltip' data-placement='right' title='原始值：7.32574'>7.33</span>", "<span data-toggle='tooltip' data-placement='right' title='原始值：3.69801'>3.70</span>", "<span data-toggle='tooltip' data-placement='right' title='原始值：803.1636'>803.2</span>", "<span data-toggle='tooltip' data-placement='right' title='原始值：26.36887'>26.4</span>", "<span data-toggle='tooltip' data-placement='right' title='原始值：4.55'>4.55</span>", "<span data-toggle='tooltip' data-placement='right' title='原始值：0.06'>0.060</span>", "*", "*", "*", "*", "正常"], ["河南省", "淮河流域", "<span data-toggle='tooltip' data-placement='right' title='所在地市:周口市&#10;所属河流:涡河'>鹿邑付桥(鹿邑付桥闸)</span>", "08-20 08:00", "", "<span data-toggle='tooltip' data-placement='right' title='原始值：29.35122'>29.4</span>", "<span data-toggle='tooltip' data-placement='right' title='原始值：8.68332'>8.68</span>", "<span data-toggle='tooltip' data-placement='right' title='原始值：8.70664'>8.71</span>", "<span data-toggle='tooltip' data-placement='right' title='原始值：1381.898'>1381.9</span>", "<span data-toggle='tooltip' data-placement='right' title='原始值：9.27498'>9.3</span>", "<span data-toggle='tooltip' data-placement='right' title='原始值：7.43'>7.43</span>", "<span data-toggle='tooltip' data-placement='right' title='极值过滤'>--</span>", "<span data-toggle='tooltip' data-placement='right' title='原始值：0.1566'>0.157</span>", "<span data-toggle='tooltip' data-placement='right' title='极值过滤'>--</span>", "*", "*", "维护"], ["河南省", "淮河流域", "<span data-toggle='tooltip' data-placement='right' title='所在地市:驻马店市&#10;所属河流:洪河'>新蔡班台(班台)</span>", "08-20 08:00", "劣Ⅴ", "<span data-toggle='tooltip' data-placement='right' title='原始值：28.01225'>28.0</span>", "<span data-toggle='tooltip' data-placement='right' title='原始值：7.07405'>7.07</span>", "<span data-toggle='tooltip' data-placement='right' title='原始值：5.09502'>5.10</span>", "<span data-toggle='tooltip' data-placement='right' title='原始值：688.6312'>688.6</span>", "<span data-toggle='tooltip' data-placement='right' title='原始值：102.9835'>103.0</span>", "<span data-toggle='tooltip' data-placement='right' title='原始值：5.255'>5.26</span>", "<span data-toggle='tooltip' data-placement='right' title='原始值：0.21'>0.210</span>", "<span data-toggle='tooltip' data-placement='right' title='原始值：0.50735'>0.507</span>", "<span data-toggle='tooltip' data-placement='right' title='原始值：4.86066'>4.86</span>", "*", "*", "正常"], ["河南省", "黄河流域", "<span data-toggle='tooltip' data-placement='right' title='所在地市:济源市&#10;所属河流:黄河'>小浪底水库(小浪底)</span>", null, "", "--", "--", "--", "--", "--", "--", "--", "--", "--", "*", "*", "停站"], ["湖北省", "长江流域", "<span data-toggle='tooltip' data-placement='right' title='所在地市:武汉市&#10;所属河流:汉江'>宗关</span>", null, "", "--", "--", "--", "--", "--", "--", "--", "--", "--", "*", "*", "停站"], ["湖北省", "长江流域", "<span data-toggle='tooltip' data-placement='right' title='所在地市:十堰市&#10;所属河流:丹江口水库'>坝上中(胡家岭)</span>", null, "", "--", "--", "--", "--", "--", "--", "--", "--", "--", "--", "--", "停站"], ["湖北省", "长江流域", "<span data-toggle='tooltip' data-placement='right' title='所在地市:宜昌市&#10;所属河流:长江'>南津关</span>", null, "", "--", "--", "--", "--", "--", "--", "--", "--", "--", "*", "*", "维护"], ["湖南省", "长江流域", "<span data-toggle='tooltip' data-placement='right' title='所在地市:长沙市&#10;所属河流:湘江'>新港</span>", "08-20 08:00", "Ⅳ", "<span data-toggle='tooltip' data-placement='right' title='原始值：28.84'>28.8</span>", "<span data-toggle='tooltip' data-placement='right' title='原始值：7.46'>7.46</span>", "<span data-toggle='tooltip' data-placement='right' title='原始值：3.41'>3.41</span>", "<span data-toggle='tooltip' data-placement='right' title='原始值：227.73'>227.7</span>", "<span data-toggle='tooltip' data-placement='right' title='原始值：19.18'>19.2</span>", "<span data-toggle='tooltip' data-placement='right' title='原始值：5.2'>5.20</span>", "<span data-toggle='tooltip' data-placement='right' title='原始值：0.004'>0.004</span>", "<span data-toggle='tooltip' data-placement='right' title='原始值：0.033'>0.033</span>", "<span data-toggle='tooltip' data-placement='right' title='原始值：1.55'>1.55</span>", "*", "*", "正常"], ["湖南省", "长江流域", "<span data-toggle='tooltip' data-placement='right' title='所在地市:岳阳市&#10;所属河流:洞庭湖'>岳阳楼</span>", "08-20 08:00", "Ⅳ", "<span data-toggle='tooltip' data-placement='right' title='原始值：29.07'>29.1</span>", "<span data-toggle='tooltip' data-placement='right' title='原始值：7.919855'>7.92</span>", "<span data-toggle='tooltip' data-placement='right' title='原始值：6.085531'>6.09</span>", "<span data-toggle='tooltip' data-placement='right' title='原始值：275.6354'>275.6</span>", "<span data-toggle='tooltip' data-placement='right' title='原始值：67.75032'>67.8</span>", "<span data-toggle='tooltip' data-placement='right' title='原始值：2.9'>2.90</span>", "<span data-toggle='tooltip' data-placement='right' title='原始值：0.013'>0.013</span>", "<span data-toggle='tooltip' data-placement='right' title='原始值：0.085'>0.085</span>", "<span data-toggle='tooltip' data-placement='right' title='原始值：1.698'>1.70</span>", "--", "--", "维护"], ["湖南省", "长江流域", "<span data-toggle='tooltip' data-placement='right' title='所在地市:岳阳市&#10;所属河流:长江'>城陵矶</span>", "08-20 08:00", "Ⅱ", "<span data-toggle='tooltip' data-placement='right' title='原始值：29.15'>29.2</span>", "<span data-toggle='tooltip' data-placement='right' title='原始值：7.449079'>7.45</span>", "<span data-toggle='tooltip' data-placement='right' title='原始值：7.897901'>7.90</span>", "<span data-toggle='tooltip' data-placement='right' title='原始值：348.455'>348.5</span>", "<span data-toggle='tooltip' data-placement='right' title='原始值：114.0073'>114.0</span>", "<span data-toggle='tooltip' data-placement='right' title='原始值：2.17'>2.17</span>", "<span data-toggle='tooltip' data-placement='right' title='原始值：0.017'>0.017</span>", "<span data-toggle='tooltip' data-placement='right' title='原始值：0.099'>0.099</span>", "<span data-toggle='tooltip' data-placement='right' title='原始值：1.3267'>1.33</span>", "*", "*", "正常"], ["广东省", "珠江流域", "<span data-toggle='tooltip' data-placement='right' title='所在地市:清远市&#10;所属河流:北江'>七星岗</span>", "08-20 08:00", "Ⅲ", "<span data-toggle='tooltip' data-placement='right' title='原始值：32.34524'>32.3</span>", "<span data-toggle='tooltip' data-placement='right' title='原始值：7.49369'>7.49</span>", "<span data-toggle='tooltip' data-placement='right' title='原始值：5.89548'>5.90</span>", "<span data-toggle='tooltip' data-placement='right' title='原始值：226.3694'>226.4</span>", "<span data-toggle='tooltip' data-placement='right' title='原始值：15.40913'>15.4</span>", "<span data-toggle='tooltip' data-placement='right' title='原始值：3.01'>3.01</span>", "<span data-toggle='tooltip' data-placement='right' title='原始值：0.103'>0.103</span>", "<span data-toggle='tooltip' data-placement='right' title='原始值：0.01462'>0.015</span>", "<span data-toggle='tooltip' data-placement='right' title='原始值：1.3578'>1.36</span>", "*", "*", "正常"], ["广东省", "珠江流域", "<span data-toggle='tooltip' data-placement='right' title='所在地市:中山市&#10;所属河流:西江'>横栏</span>", "08-20 08:00", "Ⅲ", "<span data-toggle='tooltip' data-placement='right' title='原始值：27.9'>27.9</span>", "<span data-toggle='tooltip' data-placement='right' title='原始值：7.93'>7.93</span>", "<span data-toggle='tooltip' data-placement='right' title='原始值：6.87'>6.87</span>", "<span data-toggle='tooltip' data-placement='right' title='原始值：271'>271.0</span>", "<span data-toggle='tooltip' data-placement='right' title='原始值：9.9'>9.9</span>", "<span data-toggle='tooltip' data-placement='right' title='原始值：4.11'>4.11</span>", "<span data-toggle='tooltip' data-placement='right' title='原始值：0.13075'>0.131</span>", "*", "*", "*", "*", "正常"], ["广西壮族自治区", "珠江流域", "<span data-toggle='tooltip' data-placement='right' title='所在地市:南宁市&#10;所属河流:邕江'>老口</span>", "08-20 08:00", "Ⅱ", "<span data-toggle='tooltip' data-placement='right' title='原始值：29.07104'>29.1</span>", "<span data-toggle='tooltip' data-placement='right' title='原始值：7.55974'>7.56</span>", "<span data-toggle='tooltip' data-placement='right' title='原始值：6.49559'>6.50</span>", "<span data-toggle='tooltip' data-placement='right' title='原始值：269.7025'>269.7</span>", "<span data-toggle='tooltip' data-placement='right' title='原始值：14.19022'>14.2</span>", "<span data-toggle='tooltip' data-placement='right' title='原始值：1.3727'>1.37</span>", "<span data-toggle='tooltip' data-placement='right' title='原始值：0.1014'>0.101</span>", "<span data-toggle='tooltip' data-placement='right' title='原始值：0.03706'>0.037</span>", "<span data-toggle='tooltip' data-placement='right' title='原始值：1.48368'>1.48</span>", "*", "*", "正常"], ["广西壮族自治区", "珠江流域", "<span data-toggle='tooltip' data-placement='right' title='所在地市:桂林市&#10;所属河流:漓江'>阳朔</span>", "08-20 08:00", "Ⅱ", "<span data-toggle='tooltip' data-placement='right' title='原始值：28.7'>28.7</span>", "<span data-toggle='tooltip' data-placement='right' title='原始值：7.73'>7.73</span>", "<span data-toggle='tooltip' data-placement='right' title='原始值：6.85'>6.85</span>", "<span data-toggle='tooltip' data-placement='right' title='原始值：183'>183.0</span>", "<span data-toggle='tooltip' data-placement='right' title='原始值：7.79673'>7.8</span>", "<span data-toggle='tooltip' data-placement='right' title='原始值：1.49277'>1.49</span>", "<span data-toggle='tooltip' data-placement='right' title='原始值：0.02283'>0.023</span>", "<span data-toggle='tooltip' data-placement='right' title='原始值：0.00948'>0.009</span>", "<span data-toggle='tooltip' data-placement='right' title='原始值：1.15039'>1.15</span>", "*", "*", "正常"], ["广西壮族自治区", "珠江流域", "<span data-toggle='tooltip' data-placement='right' title='所在地市:梧州市&#10;所属河流:浔江'>界首</span>", null, "", "--", "--", "--", "--", "--", "--", "--", "--", "--", "*", "*", "停站"], ["广西壮族自治区", "珠江流域", "<span data-toggle='tooltip' data-placement='right' title='所在地市:贵港市&#10;所属河流:浔江'>石嘴</span>", "08-20 08:00", "Ⅱ", "<span data-toggle='tooltip' data-placement='right' title='原始值：29.32158'>29.3</span>", "<span data-toggle='tooltip' data-placement='right' title='原始值：7.20509'>7.21</span>", "<span data-toggle='tooltip' data-placement='right' title='原始值：7.12973'>7.13</span>", "<span data-toggle='tooltip' data-placement='right' title='原始值：315.7158'>315.7</span>", "<span data-toggle='tooltip' data-placement='right' title='原始值：60.36989'>60.4</span>", "<span data-toggle='tooltip' data-placement='right' title='原始值：2.04'>2.04</span>", "<span data-toggle='tooltip' data-placement='right' title='原始值：0.13'>0.130</span>", "<span data-toggle='tooltip' data-placement='right' title='原始值：0.01239'>0.012</span>", "<span data-toggle='tooltip' data-placement='right' title='原始值：1.6342'>1.63</span>", "*", "*", "正常"], ["广西壮族自治区", "珠江流域", "<span data-toggle='tooltip' data-placement='right' title='所在地市:崇左市&#10;所属河流:平而河'>平而关</span>", "08-20 08:00", "Ⅱ", "<span data-toggle='tooltip' data-placement='right' title='原始值：27.8927'>27.9</span>", "<span data-toggle='tooltip' data-placement='right' title='原始值：7.54015'>7.54</span>", "<span data-toggle='tooltip' data-placement='right' title='原始值：6.05491'>6.05</span>", "<span data-toggle='tooltip' data-placement='right' title='原始值：221.4436'>221.4</span>", "<span data-toggle='tooltip' data-placement='right' title='原始值：115.6192'>115.6</span>", "<span data-toggle='tooltip' data-placement='right' title='原始值：2.32'>2.32</span>", "<span data-toggle='tooltip' data-placement='right' title='原始值：0.05'>0.050</span>", "*", "*", "*", "*", "正常"], ["重庆市", "长江流域", "<span data-toggle='tooltip' data-placement='right' title='所在地市:永川区&#10;所属河流:长江'>朱沱</span>", null, "", "--", "--", "--", "--", "--", "--", "--", "--", "--", "*", "*", "停站"], ["四川省", "长江流域", "<span data-toggle='tooltip' data-placement='right' title='所在地市:攀枝花市&#10;所属河流:金沙江'>龙洞</span>", null, "", "--", "--", "--", "--", "--", "--", "--", "--", "--", "*", "*", "停站"], ["四川省", "长江流域", "<span data-toggle='tooltip' data-placement='right' title='所在地市:泸州市&#10;所属河流:沱江'>沱江大桥(沱江二桥)</span>", null, "", "--", "--", "--", "--", "--", "--", "--", "--", "--", "*", "*", "停站"], ["四川省", "长江流域", "<span data-toggle='tooltip' data-placement='right' title='所在地市:广元市&#10;所属河流:嘉陵江'>清风峡</span>", null, "", "--", "--", "--", "--", "--", "--", "--", "--", "--", "*", "*", "停站"], ["四川省", "长江流域", "<span data-toggle='tooltip' data-placement='right' title='所在地市:乐山市&#10;所属河流:岷江'>岷江大桥</span>", null, "", "--", "--", "--", "--", "--", "--", "--", "--", "--", "*", "*", "停站"], ["四川省", "长江流域", "<span data-toggle='tooltip' data-placement='right' title='所在地市:宜宾市&#10;所属河流:岷江'>凉姜沟</span>", null, "", "--", "--", "--", "--", "--", "--", "--", "--", "--", "*", "*", "停站"], ["云南省", "滇池流域", "<span data-toggle='tooltip' data-placement='right' title='所在地市:昆明市&#10;所属河流:滇池'>西苑隧道</span>", "08-20 08:00", "Ⅴ", "<span data-toggle='tooltip' data-placement='right' title='原始值：19.85'>19.8</span>", "<span data-toggle='tooltip' data-placement='right' title='原始值：7.8157'>7.82</span>", "<span data-toggle='tooltip' data-placement='right' title='原始值：3.01563'>3.02</span>", "<span data-toggle='tooltip' data-placement='right' title='原始值：538.4952'>538.5</span>", "<span data-toggle='tooltip' data-placement='right' title='原始值：34.79933'>34.8</span>", "<span data-toggle='tooltip' data-placement='right' title='原始值：6.47999'>6.48</span>", "<span data-toggle='tooltip' data-placement='right' title='原始值：1.58589'>1.586</span>", "<span data-toggle='tooltip' data-placement='right' title='原始值：0.14819'>0.148</span>", "<span data-toggle='tooltip' data-placement='right' title='原始值：5.05346'>5.05</span>", "<span data-toggle='tooltip' data-placement='right' title='原始值：0.00265'>0.003</span>", "<span data-toggle='tooltip' data-placement='right' title='原始值：1.703063E+07'>17030630</span>", "正常"], ["云南省", "滇池流域", "<span data-toggle='tooltip' data-placement='right' title='所在地市:昆明市&#10;所属河流:滇池'>观音山</span>", "08-20 08:00", "Ⅴ", "<span data-toggle='tooltip' data-placement='right' title='原始值：22.3824'>22.4</span>", "<span data-toggle='tooltip' data-placement='right' title='原始值：7.74585'>7.75</span>", "<span data-toggle='tooltip' data-placement='right' title='原始值：7.18836'>7.19</span>", "<span data-toggle='tooltip' data-placement='right' title='原始值：436.3412'>436.3</span>", "<span data-toggle='tooltip' data-placement='right' title='原始值：42.89309'>42.9</span>", "<span data-toggle='tooltip' data-placement='right' title='原始值：10.01182'>10.01</span>", "<span data-toggle='tooltip' data-placement='right' title='原始值：0.49'>0.490</span>", "<span data-toggle='tooltip' data-placement='right' title='原始值：0.158'>0.158</span>", "<span data-toggle='tooltip' data-placement='right' title='原始值：1.64'>1.64</span>", "<span data-toggle='tooltip' data-placement='right' title='原始值：0.00357'>0.004</span>", "<span data-toggle='tooltip' data-placement='right' title='原始值：2.333716E+07'>23337160</span>", "正常"], ["云南省", "西南诸河", "<span data-toggle='tooltip' data-placement='right' title='所在地市:红河哈尼族彝族自治州&#10;所属河流:红河'>河口县医院(河口)</span>", "08-20 08:00", "", "<span data-toggle='tooltip' data-placement='right' title='极值过滤'>--</span>", "<span data-toggle='tooltip' data-placement='right' title='极值过滤'>--</span>", "<span data-toggle='tooltip' data-placement='right' title='极值过滤'>--</span>", "<span data-toggle='tooltip' data-placement='right' title='极值过滤'>--</span>", "<span data-toggle='tooltip' data-placement='right' title='极值过滤'>--</span>", "<span data-toggle='tooltip' data-placement='right' title='原始值：2.37349'>2.37</span>", "<span data-toggle='tooltip' data-placement='right' title='原始值：9.25272'>9.253</span>", "<span data-toggle='tooltip' data-placement='right' title='原始值：0.10852'>0.109</span>", "<span data-toggle='tooltip' data-placement='right' title='原始值：1.32557'>1.33</span>", "*", "*", "维护"], ["云南省", "西南诸河", "<span data-toggle='tooltip' data-placement='right' title='所在地市:西双版纳傣族自治州&#10;所属河流:澜沧江'>橄榄坝</span>", "08-20 08:00", "Ⅱ", "<span data-toggle='tooltip' data-placement='right' title='原始值：19.81226'>19.8</span>", "<span data-toggle='tooltip' data-placement='right' title='原始值：7.54731'>7.55</span>", "<span data-toggle='tooltip' data-placement='right' title='原始值：6.55156'>6.55</span>", "<span data-toggle='tooltip' data-placement='right' title='原始值：515.8292'>515.8</span>", "<span data-toggle='tooltip' data-placement='right' title='原始值：210.3593'>210.4</span>", "<span data-toggle='tooltip' data-placement='right' title='原始值：3.1'>3.10</span>", "<span data-toggle='tooltip' data-placement='right' title='原始值：0.10242'>0.102</span>", "*", "*", "*", "*", "正常"], ["陕西省", "黄河流域", "<span data-toggle='tooltip' data-placement='right' title='所在地市:渭南市&#10;所属河流:渭河'>潼关吊桥</span>", null, "", "--", "--", "--", "--", "--", "--", "--", "--", "--", "*", "*", "停站"], ["甘肃省", "黄河流域", "<span data-toggle='tooltip' data-placement='right' title='所在地市:兰州市&#10;所属河流:黄河'>新城桥</span>", "08-20 08:00", "Ⅱ", "<span data-toggle='tooltip' data-placement='right' title='原始值：16.18216'>16.2</span>", "<span data-toggle='tooltip' data-placement='right' title='原始值：6.97429'>6.97</span>", "<span data-toggle='tooltip' data-placement='right' title='原始值：8.44065'>8.44</span>", "<span data-toggle='tooltip' data-placement='right' title='原始值：442.8645'>442.9</span>", "<span data-toggle='tooltip' data-placement='right' title='原始值：955.512'>955.5</span>", "<span data-toggle='tooltip' data-placement='right' title='原始值：3.32'>3.32</span>", "<span data-toggle='tooltip' data-placement='right' title='原始值：0.3'>0.300</span>", "<span data-toggle='tooltip' data-placement='right' title='原始值：0.08344'>0.083</span>", "<span data-toggle='tooltip' data-placement='right' title='原始值：5.57257'>5.57</span>", "*", "*", "正常"], ["宁夏回族自治区", "黄河流域", "<span data-toggle='tooltip' data-placement='right' title='所在地市:中卫市&#10;所属河流:黄河'>中卫下河沿(新墩)</span>", "08-20 08:00", "劣Ⅴ", "<span data-toggle='tooltip' data-placement='right' title='原始值：19.57016'>19.6</span>", "<span data-toggle='tooltip' data-placement='right' title='原始值：7.97744'>7.98</span>", "<span data-toggle='tooltip' data-placement='right' title='原始值：8.20929'>8.21</span>", "<span data-toggle='tooltip' data-placement='right' title='原始值：498.9994'>499.0</span>", "<span data-toggle='tooltip' data-placement='right' title='原始值：3275.028'>3275.0</span>", "<span data-toggle='tooltip' data-placement='right' title='原始值：5.09'>5.09</span>", "<span data-toggle='tooltip' data-placement='right' title='原始值：0.11'>0.110</span>", "<span data-toggle='tooltip' data-placement='right' title='原始值：0.6777'>0.678</span>", "<span data-toggle='tooltip' data-placement='right' title='原始值：2.2065'>2.21</span>", "*", "*", "正常"]]}