{"result": 1, "total": 1, "records": 98, "thead": ["省份", "流域", "断面名称", "监测时间", "水质类别", "水温<br/><span class='unit'>(℃)</span>", "pH<br/><span class='unit'>(无量纲)</span>", "溶解氧<br/><span class='unit'>(mg/L)</span>", "电导率<br/><span class='unit'>(μS/cm)</span>", "浊度<br/><span class='unit'>(NTU)</span>", "高锰酸盐指数<br/><span class='unit'>(mg/L)</span>", "氨氮<br/><span class='unit'>(mg/L)</span>", "总磷<br/><span class='unit'>(mg/L)</span>", "总氮<br/><span class='unit'>(mg/L)</span>", "叶绿素α<br/><span class='unit'>(mg/L)</span>", "藻密度<br/><span class='unit'>(cells/L)</span>", "站点情况"], "tbody": [["北京市", "海河流域", "<span data-toggle='tooltip' data-placement='right' title='所在地市:门头沟区&#10;所属河流:永定河'>沿河城</span>", null, "", "--", "--", "--", "--", "--", "--", "--", "--", "--", "*", "*", "维护"], ["北京市", "海河流域", "<span data-toggle='tooltip' data-placement='right' title='所在地市:密云区&#10;所属河流:潮河'>古北口</span>", "08-01 08:00", "Ⅱ", "<span data-toggle='tooltip' data-placement='right' title='原始值：25.56413'>25.6</span>", "<span data-toggle='tooltip' data-placement='right' title='原始值：7.2323'>7.23</span>", "<span data-toggle='tooltip' data-placement='right' title='原始值：6.58589'>6.59</span>", "<span data-toggle='tooltip' data-placement='right' title='原始值：622.2197'>622.2</span>", "<span data-toggle='tooltip' data-placement='right' title='原始值：3.63465'>3.6</span>", "<span data-toggle='tooltip' data-placement='right' title='原始值：0.9875'>0.99</span>", "<span data-toggle='tooltip' data-placement='right' title='原始值：0.15'>0.150</span>", "<span data-toggle='tooltip' data-placement='right' title='原始值：0.0011'>0.001</span>", "<span data-toggle='tooltip' data-placement='right' title='原始值：3.4044'>3.40</span>", "*", "*", "正常"], ["天津市", "海河流域", "<span data-toggle='tooltip' data-placement='right' title='所在地市:河北区&#10;所属河流:海河'>三岔口</span>", "08-01 08:00", "Ⅳ", "<span data-toggle='tooltip' data-placement='right' title='原始值：28.1645'>28.2</span>", "<span data-toggle='tooltip' data-placement='right' title='原始值：7.2244'>7.22</span>", "<span data-toggle='tooltip' data-placement='right' title='原始值：4.183'>4.18</span>", "<span data-toggle='tooltip' data-placement='right' title='原始值：327.9803'>328.0</span>", "<span data-toggle='tooltip' data-placement='right' title='原始值：11.921'>11.9</span>", "<span data-toggle='tooltip' data-placement='right' title='原始值：3.07'>3.07</span>", "<span data-toggle='tooltip' data-placement='right' title='原始值：0.49'>0.490</span>", "<span data-toggle='tooltip' data-placement='right' title='原始值：0.011'>0.011</span>", "<span data-toggle='tooltip' data-placement='right' title='原始值：0.9984'>1.00</span>", "*", "*", "正常"], ["天津市", "海河流域", "<span data-toggle='tooltip' data-placement='right' title='所在地市:蓟州区&#10;所属河流:果河'>果河桥</span>", "08-01 08:00", "Ⅱ", "<span data-toggle='tooltip' data-placement='right' title='原始值：28'>28.0</span>", "<span data-toggle='tooltip' data-placement='right' title='原始值：8.636'>8.64</span>", "<span data-toggle='tooltip' data-placement='right' title='原始值：8.753'>8.75</span>", "<span data-toggle='tooltip' data-placement='right' title='原始值：600.015'>600.0</span>", "<span data-toggle='tooltip' data-placement='right' title='原始值：3.933'>3.9</span>", "<span data-toggle='tooltip' data-placement='right' title='原始值：3.1145'>3.11</span>", "<span data-toggle='tooltip' data-placement='right' title='原始值：0.18'>0.180</span>", "<span data-toggle='tooltip' data-placement='right' title='原始值：0.0626'>0.063</span>", "<span data-toggle='tooltip' data-placement='right' title='原始值：2.6111'>2.61</span>", "*", "*", "正常"], ["河北省", "海河流域", "<span data-toggle='tooltip' data-placement='right' title='所在地市:石家庄市&#10;所属河流:滹沱河'>岗南水库</span>", "08-01 08:00", "", "<span data-toggle='tooltip' data-placement='right' title='原始值：28.28164'>28.3</span>", "<span data-toggle='tooltip' data-placement='right' title='原始值：8.30752'>8.31</span>", "<span data-toggle='tooltip' data-placement='right' title='原始值：7.96023'>7.96</span>", "<span data-toggle='tooltip' data-placement='right' title='原始值：555.3578'>555.4</span>", "<span data-toggle='tooltip' data-placement='right' title='原始值：2.35376'>2.4</span>", "<span data-toggle='tooltip' data-placement='right' title='原始值：2.16674'>2.17</span>", "<span data-toggle='tooltip' data-placement='right' title='原始值：0.07'>0.070</span>", "<span data-toggle='tooltip' data-placement='right' title='极值过滤'>--</span>", "<span data-toggle='tooltip' data-placement='right' title='原始值：2.27877'>2.28</span>", "*", "*", "维护"], ["河北省", "海河流域", "<span data-toggle='tooltip' data-placement='right' title='所在地市:张家口市&#10;所属河流:永定河'>八号桥</span>", "08-01 08:00", "Ⅲ", "<span data-toggle='tooltip' data-placement='right' title='原始值：26.15117'>26.2</span>", "<span data-toggle='tooltip' data-placement='right' title='原始值：7.53938'>7.54</span>", "<span data-toggle='tooltip' data-placement='right' title='原始值：5.33766'>5.34</span>", "<span data-toggle='tooltip' data-placement='right' title='原始值：1153.677'>1153.7</span>", "<span data-toggle='tooltip' data-placement='right' title='原始值：67.84558'>67.8</span>", "<span data-toggle='tooltip' data-placement='right' title='原始值：3.37'>3.37</span>", "<span data-toggle='tooltip' data-placement='right' title='原始值：0.27'>0.270</span>", "<span data-toggle='tooltip' data-placement='right' title='原始值：0.171'>0.171</span>", "<span data-toggle='tooltip' data-placement='right' title='原始值：4.14'>4.14</span>", "*", "*", "正常"], ["山西省", "黄河流域", "<span data-toggle='tooltip' data-placement='right' title='所在地市:运城市&#10;所属河流:汾河'>河津大桥</span>", "08-01 08:00", "Ⅳ", "<span data-toggle='tooltip' data-placement='right' title='原始值：29.71894'>29.7</span>", "<span data-toggle='tooltip' data-placement='right' title='原始值：7.50224'>7.50</span>", "<span data-toggle='tooltip' data-placement='right' title='原始值：5.08383'>5.08</span>", "<span data-toggle='tooltip' data-placement='right' title='原始值：1348.151'>1348.2</span>", "<span data-toggle='tooltip' data-placement='right' title='原始值：130.486'>130.5</span>", "<span data-toggle='tooltip' data-placement='right' title='原始值：6.75'>6.75</span>", "<span data-toggle='tooltip' data-placement='right' title='原始值：0.14'>0.140</span>", "*", "*", "*", "*", "正常"], ["山西省", "黄河流域", "<span data-toggle='tooltip' data-placement='right' title='所在地市:忻州市&#10;所属河流:黄河'>万家寨水库</span>", "08-01 08:00", "Ⅲ", "<span data-toggle='tooltip' data-placement='right' title='原始值：25.0672'>25.1</span>", "<span data-toggle='tooltip' data-placement='right' title='原始值：7.91074'>7.91</span>", "<span data-toggle='tooltip' data-placement='right' title='原始值：7.0915'>7.09</span>", "<span data-toggle='tooltip' data-placement='right' title='原始值：716.8014'>716.8</span>", "<span data-toggle='tooltip' data-placement='right' title='原始值：102.5011'>102.5</span>", "<span data-toggle='tooltip' data-placement='right' title='原始值：2.64'>2.64</span>", "<span data-toggle='tooltip' data-placement='right' title='原始值：0.27'>0.270</span>", "<span data-toggle='tooltip' data-placement='right' title='原始值：0.1565'>0.156</span>", "<span data-toggle='tooltip' data-placement='right' title='原始值：2.8'>2.80</span>", "*", "*", "正常"], ["内蒙古自治区", "黄河流域", "<span data-toggle='tooltip' data-placement='right' title='所在地市:包头市&#10;所属河流:黄河'>画匠营子</span>", "08-01 08:00", "Ⅱ", "<span data-toggle='tooltip' data-placement='right' title='原始值：24.57117'>24.6</span>", "<span data-toggle='tooltip' data-placement='right' title='原始值：7.62129'>7.62</span>", "<span data-toggle='tooltip' data-placement='right' title='原始值：7.56281'>7.56</span>", "<span data-toggle='tooltip' data-placement='right' title='原始值：699.9023'>699.9</span>", "<span data-toggle='tooltip' data-placement='right' title='原始值：1883.584'>1883.6</span>", "<span data-toggle='tooltip' data-placement='right' title='原始值：3.4287'>3.43</span>", "<span data-toggle='tooltip' data-placement='right' title='原始值：0.05863'>0.059</span>", "*", "*", "*", "*", "正常"], ["内蒙古自治区", "黄河流域", "<span data-toggle='tooltip' data-placement='right' title='所在地市:乌海市&#10;所属河流:黄河'>海勃湾</span>", "08-01 08:00", "", "<span data-toggle='tooltip' data-placement='right' title='原始值：23.08053'>23.1</span>", "<span data-toggle='tooltip' data-placement='right' title='原始值：7.60585'>7.61</span>", "<span data-toggle='tooltip' data-placement='right' title='原始值：5.60247'>5.60</span>", "<span data-toggle='tooltip' data-placement='right' title='原始值：494.7137'>494.7</span>", "<span data-toggle='tooltip' data-placement='right' title='原始值：243.1547'>243.2</span>", "<span data-toggle='tooltip' data-placement='right' title='原始值：3.32'>3.32</span>", "<span data-toggle='tooltip' data-placement='right' title='极值过滤'>--</span>", "*", "*", "*", "*", "维护"], ["内蒙古自治区", "松花江流域", "<span data-toggle='tooltip' data-placement='right' title='所在地市:呼伦贝尔市&#10;所属河流:额尔古纳河'>黑山头</span>", null, "", "--", "--", "--", "--", "--", "--", "--", "--", "--", "*", "*", "停站"], ["辽宁省", "辽河流域", "<span data-toggle='tooltip' data-placement='right' title='所在地市:抚顺市&#10;所属河流:浑河'>大伙房水库</span>", "08-01 08:00", "", "<span data-toggle='tooltip' data-placement='right' title='原始值：26.72695'>26.7</span>", "<span data-toggle='tooltip' data-placement='right' title='原始值：7.20781'>7.21</span>", "<span data-toggle='tooltip' data-placement='right' title='原始值：8.08748'>8.09</span>", "<span data-toggle='tooltip' data-placement='right' title='原始值：301.7511'>301.8</span>", "<span data-toggle='tooltip' data-placement='right' title='原始值：43.44051'>43.4</span>", "<span data-toggle='tooltip' data-placement='right' title='原始值：1.85956'>1.86</span>", "<span data-toggle='tooltip' data-placement='right' title='原始值：0.08'>0.080</span>", "<span data-toggle='tooltip' data-placement='right' title='极值过滤'>--</span>", "<span data-toggle='tooltip' data-placement='right' title='极值过滤'>--</span>", "<span data-toggle='tooltip' data-placement='right' title='极值过滤'>--</span>", "*", "维护"], ["辽宁省", "辽河流域", "<span data-toggle='tooltip' data-placement='right' title='所在地市:丹东市&#10;所属河流:鸭绿江'>江桥</span>", "08-01 08:00", "Ⅱ", "<span data-toggle='tooltip' data-placement='right' title='原始值：18.9'>18.9</span>", "<span data-toggle='tooltip' data-placement='right' title='原始值：6.82'>6.82</span>", "<span data-toggle='tooltip' data-placement='right' title='原始值：7.8'>7.80</span>", "<span data-toggle='tooltip' data-placement='right' title='原始值：146.0005'>146.0</span>", "<span data-toggle='tooltip' data-placement='right' title='原始值：12.5'>12.5</span>", "<span data-toggle='tooltip' data-placement='right' title='原始值：2.26'>2.26</span>", "<span data-toggle='tooltip' data-placement='right' title='原始值：0.07933'>0.079</span>", "<span data-toggle='tooltip' data-placement='right' title='原始值：0.0138'>0.014</span>", "<span data-toggle='tooltip' data-placement='right' title='原始值：2.08421'>2.08</span>", "*", "*", "正常"], ["辽宁省", "辽河流域", "<span data-toggle='tooltip' data-placement='right' title='所在地市:营口市&#10;所属河流:大辽河'>辽河公园</span>", "08-01 08:00", "Ⅳ", "<span data-toggle='tooltip' data-placement='right' title='原始值：25.96295'>26.0</span>", "<span data-toggle='tooltip' data-placement='right' title='原始值：8.00826'>8.01</span>", "<span data-toggle='tooltip' data-placement='right' title='原始值：7.83364'>7.83</span>", "<span data-toggle='tooltip' data-placement='right' title='原始值：33144.55'>33144.6</span>", "<span data-toggle='tooltip' data-placement='right' title='原始值：123.5341'>123.5</span>", "<span data-toggle='tooltip' data-placement='right' title='原始值：7.58344'>7.58</span>", "<span data-toggle='tooltip' data-placement='right' title='原始值：0.0674'>0.067</span>", "<span data-toggle='tooltip' data-placement='right' title='原始值：0.24315'>0.243</span>", "<span data-toggle='tooltip' data-placement='right' title='原始值：3.74558'>3.75</span>", "*", "*", "正常"], ["辽宁省", "辽河流域", "<span data-toggle='tooltip' data-placement='right' title='所在地市:辽阳市&#10;所属河流:太子河'>汤河水库</span>", "08-01 08:00", "", "<span data-toggle='tooltip' data-placement='right' title='原始值：17.7'>17.7</span>", "<span data-toggle='tooltip' data-placement='right' title='原始值：7.49'>7.49</span>", "<span data-toggle='tooltip' data-placement='right' title='极值过滤'>--</span>", "<span data-toggle='tooltip' data-placement='right' title='原始值：495.9356'>495.9</span>", "<span data-toggle='tooltip' data-placement='right' title='原始值：2.20098'>2.2</span>", "<span data-toggle='tooltip' data-placement='right' title='原始值：1.67'>1.67</span>", "<span data-toggle='tooltip' data-placement='right' title='原始值：0.00218'>0.002</span>", "<span data-toggle='tooltip' data-placement='right' title='极值过滤'>--</span>", "<span data-toggle='tooltip' data-placement='right' title='极值过滤'>--</span>", "*", "*", "维护"], ["辽宁省", "辽河流域", "<span data-toggle='tooltip' data-placement='right' title='所在地市:盘锦市&#10;所属河流:辽河'>盘锦兴安(兴安)</span>", "08-01 08:00", "", "<span data-toggle='tooltip' data-placement='right' title='原始值：25.52501'>25.5</span>", "<span data-toggle='tooltip' data-placement='right' title='原始值：6.04175'>6.04</span>", "<span data-toggle='tooltip' data-placement='right' title='原始值：4.21111'>4.21</span>", "<span data-toggle='tooltip' data-placement='right' title='极值过滤'>--</span>", "<span data-toggle='tooltip' data-placement='right' title='原始值：94.24541'>94.2</span>", "<span data-toggle='tooltip' data-placement='right' title='原始值：2.78204'>2.78</span>", "<span data-toggle='tooltip' data-placement='right' title='极值过滤'>--</span>", "<span data-toggle='tooltip' data-placement='right' title='极值过滤'>--</span>", "<span data-toggle='tooltip' data-placement='right' title='原始值：0.92566'>0.93</span>", "*", "*", "维护"], ["辽宁省", "辽河流域", "<span data-toggle='tooltip' data-placement='right' title='所在地市:铁岭市&#10;所属河流:辽河'>珠尔山</span>", "08-01 08:00", "Ⅳ", "<span data-toggle='tooltip' data-placement='right' title='原始值：25.98086'>26.0</span>", "<span data-toggle='tooltip' data-placement='right' title='原始值：7.09046'>7.09</span>", "<span data-toggle='tooltip' data-placement='right' title='原始值：8.13997'>8.14</span>", "<span data-toggle='tooltip' data-placement='right' title='原始值：480.2806'>480.3</span>", "<span data-toggle='tooltip' data-placement='right' title='原始值：39.20635'>39.2</span>", "<span data-toggle='tooltip' data-placement='right' title='原始值：6.91764'>6.92</span>", "<span data-toggle='tooltip' data-placement='right' title='原始值：0.16'>0.160</span>", "<span data-toggle='tooltip' data-placement='right' title='原始值：0.13254'>0.133</span>", "<span data-toggle='tooltip' data-placement='right' title='原始值：2.72372'>2.72</span>", "*", "*", "正常"], ["吉林省", "松花江流域", "<span data-toggle='tooltip' data-placement='right' title='所在地市:长春市&#10;所属河流:松花江'>松花江村</span>", null, "", "--", "--", "--", "--", "--", "--", "--", "--", "--", "*", "*", "停站"], ["吉林省", "松花江流域", "<span data-toggle='tooltip' data-placement='right' title='所在地市:白城市&#10;所属河流:嫩江'>白沙滩</span>", null, "", "--", "--", "--", "--", "--", "--", "--", "--", "--", "*", "*", "停站"], ["吉林省", "松花江流域", "<span data-toggle='tooltip' data-placement='right' title='所在地市:延边朝鲜族自治州&#10;所属河流:图们江'>圈河</span>", null, "", "--", "--", "--", "--", "--", "--", "--", "--", "--", "*", "*", "停站"], ["黑龙江省", "松花江流域", "<span data-toggle='tooltip' data-placement='right' title='所在地市:大庆市&#10;所属河流:松花江'>肇源</span>", null, "", "--", "--", "--", "--", "--", "--", "--", "--", "--", "*", "*", "维护"], ["黑龙江省", "松花江流域", "<span data-toggle='tooltip' data-placement='right' title='所在地市:佳木斯市&#10;所属河流:乌苏里江'>乌苏镇</span>", null, "", "--", "--", "--", "--", "--", "--", "--", "--", "--", "*", "*", "停站"], ["黑龙江省", "松花江流域", "<span data-toggle='tooltip' data-placement='right' title='所在地市:佳木斯市&#10;所属河流:松花江'>同江</span>", null, "", "--", "--", "--", "--", "--", "--", "--", "--", "--", "*", "*", "停站"], ["黑龙江省", "松花江流域", "<span data-toggle='tooltip' data-placement='right' title='所在地市:黑河市&#10;所属河流:黑龙江'>黑河下(黑河)</span>", null, "", "--", "--", "--", "--", "--", "--", "--", "--", "--", "*", "*", "维护"], ["上海市", "长江流域", "<span data-toggle='tooltip' data-placement='right' title='所在地市:青浦区&#10;所属河流:淀山湖'>急水港桥</span>", "08-01 08:00", "Ⅳ", "<span data-toggle='tooltip' data-placement='right' title='原始值：24.4'>24.4</span>", "<span data-toggle='tooltip' data-placement='right' title='原始值：7.08'>7.08</span>", "<span data-toggle='tooltip' data-placement='right' title='原始值：8.01'>8.01</span>", "<span data-toggle='tooltip' data-placement='right' title='原始值：385'>385.0</span>", "<span data-toggle='tooltip' data-placement='right' title='原始值：95.5'>95.5</span>", "<span data-toggle='tooltip' data-placement='right' title='原始值：2.71875'>2.72</span>", "<span data-toggle='tooltip' data-placement='right' title='原始值：0.18641'>0.186</span>", "<span data-toggle='tooltip' data-placement='right' title='原始值：0.08252'>0.083</span>", "<span data-toggle='tooltip' data-placement='right' title='原始值：2.54689'>2.55</span>", "<span data-toggle='tooltip' data-placement='right' title='原始值：0.00698'>0.007</span>", "<span data-toggle='tooltip' data-placement='right' title='原始值：6152672'>6152672</span>", "正常"], ["江苏省", "长江流域", "<span data-toggle='tooltip' data-placement='right' title='所在地市:南京市&#10;所属河流:长江'>林山</span>", null, "", "--", "--", "--", "--", "--", "--", "--", "*", "*", "*", "*", "维护"], ["江苏省", "太湖流域", "<span data-toggle='tooltip' data-placement='right' title='所在地市:无锡市&#10;所属河流:太湖'>沙渚</span>", "08-01 08:00", "Ⅲ", "<span data-toggle='tooltip' data-placement='right' title='原始值：28.7167'>28.7</span>", "<span data-toggle='tooltip' data-placement='right' title='原始值：8.097017'>8.10</span>", "<span data-toggle='tooltip' data-placement='right' title='原始值：5.682985'>5.68</span>", "<span data-toggle='tooltip' data-placement='right' title='原始值：327.0759'>327.1</span>", "<span data-toggle='tooltip' data-placement='right' title='原始值：67.1705'>67.2</span>", "<span data-toggle='tooltip' data-placement='right' title='原始值：4.85'>4.85</span>", "<span data-toggle='tooltip' data-placement='right' title='原始值：0.22'>0.220</span>", "<span data-toggle='tooltip' data-placement='right' title='原始值：0.0815'>0.082</span>", "<span data-toggle='tooltip' data-placement='right' title='原始值：1.698'>1.70</span>", "*", "*", "正常"], ["江苏省", "淮河流域", "<span data-toggle='tooltip' data-placement='right' title='所在地市:徐州市&#10;所属河流:武河'>小红圈</span>", "08-01 08:00", "Ⅳ", "<span data-toggle='tooltip' data-placement='right' title='原始值：25.1'>25.1</span>", "<span data-toggle='tooltip' data-placement='right' title='原始值：7.12'>7.12</span>", "<span data-toggle='tooltip' data-placement='right' title='原始值：4.77'>4.77</span>", "<span data-toggle='tooltip' data-placement='right' title='原始值：977.5'>977.5</span>", "<span data-toggle='tooltip' data-placement='right' title='原始值：67.13'>67.1</span>", "<span data-toggle='tooltip' data-placement='right' title='原始值：6.58'>6.58</span>", "<span data-toggle='tooltip' data-placement='right' title='原始值：0.38'>0.380</span>", "*", "*", "*", "*", "正常"], ["江苏省", "淮河流域", "<span data-toggle='tooltip' data-placement='right' title='所在地市:徐州市&#10;所属河流:沿河'>李集桥</span>", "08-01 08:00", "Ⅳ", "<span data-toggle='tooltip' data-placement='right' title='原始值：27.5'>27.5</span>", "<span data-toggle='tooltip' data-placement='right' title='原始值：7.52'>7.52</span>", "<span data-toggle='tooltip' data-placement='right' title='原始值：4.91'>4.91</span>", "<span data-toggle='tooltip' data-placement='right' title='原始值：695.1'>695.1</span>", "<span data-toggle='tooltip' data-placement='right' title='原始值：98.58'>98.6</span>", "<span data-toggle='tooltip' data-placement='right' title='原始值：6.43'>6.43</span>", "<span data-toggle='tooltip' data-placement='right' title='原始值：1.222'>1.222</span>", "<span data-toggle='tooltip' data-placement='right' title='原始值：0.282'>0.282</span>", "<span data-toggle='tooltip' data-placement='right' title='原始值：4.143'>4.14</span>", "*", "*", "正常"], ["江苏省", "淮河流域", "<span data-toggle='tooltip' data-placement='right' title='所在地市:徐州市&#10;所属河流:邳苍分洪道'>艾山西大桥</span>", "08-01 08:00", "劣Ⅴ", "<span data-toggle='tooltip' data-placement='right' title='原始值：24.9349'>24.9</span>", "<span data-toggle='tooltip' data-placement='right' title='原始值：7.63814'>7.64</span>", "<span data-toggle='tooltip' data-placement='right' title='原始值：5.24336'>5.24</span>", "<span data-toggle='tooltip' data-placement='right' title='原始值：995.519'>995.5</span>", "<span data-toggle='tooltip' data-placement='right' title='原始值：87.0305'>87.0</span>", "<span data-toggle='tooltip' data-placement='right' title='原始值：5.48'>5.48</span>", "<span data-toggle='tooltip' data-placement='right' title='原始值：0.6'>0.600</span>", "<span data-toggle='tooltip' data-placement='right' title='原始值：0.62384'>0.624</span>", "<span data-toggle='tooltip' data-placement='right' title='原始值：11.71396'>11.71</span>", "*", "*", "正常"], ["江苏省", "太湖流域", "<span data-toggle='tooltip' data-placement='right' title='所在地市:苏州市&#10;所属河流:太湖'>兰山嘴(老)</span>", "08-01 08:00", "Ⅲ", "<span data-toggle='tooltip' data-placement='right' title='原始值：29.91251'>29.9</span>", "<span data-toggle='tooltip' data-placement='right' title='原始值：7.90642'>7.91</span>", "<span data-toggle='tooltip' data-placement='right' title='原始值：6.07356'>6.07</span>", "<span data-toggle='tooltip' data-placement='right' title='原始值：226.5632'>226.6</span>", "<span data-toggle='tooltip' data-placement='right' title='原始值：75.19466'>75.2</span>", "<span data-toggle='tooltip' data-placement='right' title='原始值：5.64'>5.64</span>", "<span data-toggle='tooltip' data-placement='right' title='原始值：0.19'>0.190</span>", "<span data-toggle='tooltip' data-placement='right' title='原始值：0.11997'>0.120</span>", "<span data-toggle='tooltip' data-placement='right' title='原始值：2.46918'>2.47</span>", "*", "*", "正常"], ["江苏省", "太湖流域", "<span data-toggle='tooltip' data-placement='right' title='所在地市:苏州市&#10;所属河流:太湖'>西山</span>", "08-01 08:00", "Ⅲ", "<span data-toggle='tooltip' data-placement='right' title='原始值：30.45693'>30.5</span>", "<span data-toggle='tooltip' data-placement='right' title='原始值：8.15546'>8.16</span>", "<span data-toggle='tooltip' data-placement='right' title='原始值：7.12429'>7.12</span>", "<span data-toggle='tooltip' data-placement='right' title='原始值：396.4085'>396.4</span>", "<span data-toggle='tooltip' data-placement='right' title='原始值：27.40343'>27.4</span>", "<span data-toggle='tooltip' data-placement='right' title='原始值：1.79'>1.79</span>", "<span data-toggle='tooltip' data-placement='right' title='原始值：0.11'>0.110</span>", "<span data-toggle='tooltip' data-placement='right' title='原始值：0.0425'>0.042</span>", "<span data-toggle='tooltip' data-placement='right' title='原始值：0.7232'>0.72</span>", "*", "*", "正常"], ["江苏省", "淮河流域", "<span data-toggle='tooltip' data-placement='right' title='所在地市:连云港市&#10;所属河流:新沭河'>大兴桥</span>", null, "", "--", "--", "--", "--", "--", "--", "--", "--", "--", "*", "*", "停站"], ["江苏省", "淮河流域", "<span data-toggle='tooltip' data-placement='right' title='所在地市:淮安市&#10;所属河流:淮河'>淮河大桥</span>", null, "", "--", "--", "--", "--", "--", "--", "--", "--", "--", "*", "*", "维护"], ["江苏省", "长江流域", "<span data-toggle='tooltip' data-placement='right' title='所在地市:扬州市&#10;所属河流:夹江'>三江营</span>", "08-01 08:00", "Ⅳ", "<span data-toggle='tooltip' data-placement='right' title='原始值：27.97'>28.0</span>", "<span data-toggle='tooltip' data-placement='right' title='原始值：7.63'>7.63</span>", "<span data-toggle='tooltip' data-placement='right' title='原始值：5.23'>5.23</span>", "<span data-toggle='tooltip' data-placement='right' title='原始值：360.1'>360.1</span>", "<span data-toggle='tooltip' data-placement='right' title='原始值：177.07'>177.1</span>", "<span data-toggle='tooltip' data-placement='right' title='原始值：4.988'>4.99</span>", "<span data-toggle='tooltip' data-placement='right' title='原始值：1.472'>1.472</span>", "<span data-toggle='tooltip' data-placement='right' title='原始值：0.2'>0.200</span>", "<span data-toggle='tooltip' data-placement='right' title='原始值：0.002'>0.002</span>", "*", "*", "正常"], ["江苏省", "淮河流域", "<span data-toggle='tooltip' data-placement='right' title='所在地市:宿迁市&#10;所属河流:新濉河'>大屈</span>", "08-01 08:00", "Ⅳ", "<span data-toggle='tooltip' data-placement='right' title='原始值：27.2'>27.2</span>", "<span data-toggle='tooltip' data-placement='right' title='原始值：6.54'>6.54</span>", "<span data-toggle='tooltip' data-placement='right' title='原始值：5.92'>5.92</span>", "<span data-toggle='tooltip' data-placement='right' title='原始值：585.3'>585.3</span>", "<span data-toggle='tooltip' data-placement='right' title='原始值：68.73'>68.7</span>", "<span data-toggle='tooltip' data-placement='right' title='原始值：8.52'>8.52</span>", "<span data-toggle='tooltip' data-placement='right' title='原始值：0.15'>0.150</span>", "<span data-toggle='tooltip' data-placement='right' title='原始值：0.172'>0.172</span>", "<span data-toggle='tooltip' data-placement='right' title='原始值：3.144'>3.14</span>", "*", "*", "正常"], ["浙江省", "浙闽片河流", "<span data-toggle='tooltip' data-placement='right' title='所在地市:杭州市&#10;所属河流:新安江'>街口(鸠坑口)</span>", null, "", "--", "--", "--", "--", "--", "--", "--", "--", "--", "*", "*", "停站"], ["浙江省", "太湖流域", "<span data-toggle='tooltip' data-placement='right' title='所在地市:嘉兴市&#10;所属河流:斜路港河'>斜路港</span>", "08-01 08:00", "Ⅲ", "<span data-toggle='tooltip' data-placement='right' title='原始值：26.2'>26.2</span>", "<span data-toggle='tooltip' data-placement='right' title='原始值：7.63'>7.63</span>", "<span data-toggle='tooltip' data-placement='right' title='原始值：5.3'>5.30</span>", "<span data-toggle='tooltip' data-placement='right' title='原始值：242'>242.0</span>", "<span data-toggle='tooltip' data-placement='right' title='原始值：92.2'>92.2</span>", "<span data-toggle='tooltip' data-placement='right' title='原始值：5.96'>5.96</span>", "<span data-toggle='tooltip' data-placement='right' title='原始值：0.02727'>0.027</span>", "<span data-toggle='tooltip' data-placement='right' title='原始值：0.0766'>0.077</span>", "<span data-toggle='tooltip' data-placement='right' title='原始值：1.49081'>1.49</span>", "*", "*", "正常"], ["浙江省", "太湖流域", "<span data-toggle='tooltip' data-placement='right' title='所在地市:嘉兴市&#10;所属河流:京杭运河'>王江泾</span>", null, "", "--", "--", "--", "--", "--", "--", "--", "--", "--", "*", "*", "停站"], ["浙江省", "太湖流域", "<span data-toggle='tooltip' data-placement='right' title='所在地市:湖州市&#10;所属河流:西苕溪'>新港口(新塘港)</span>", "08-01 08:00", "Ⅱ", "<span data-toggle='tooltip' data-placement='right' title='原始值：27.6439'>27.6</span>", "<span data-toggle='tooltip' data-placement='right' title='原始值：7.00719'>7.01</span>", "<span data-toggle='tooltip' data-placement='right' title='原始值：6.02631'>6.03</span>", "<span data-toggle='tooltip' data-placement='right' title='原始值：171.177'>171.2</span>", "<span data-toggle='tooltip' data-placement='right' title='原始值：56.4728'>56.5</span>", "<span data-toggle='tooltip' data-placement='right' title='原始值：1.89257'>1.89</span>", "<span data-toggle='tooltip' data-placement='right' title='原始值：0.07416'>0.074</span>", "<span data-toggle='tooltip' data-placement='right' title='原始值：0.04368'>0.044</span>", "<span data-toggle='tooltip' data-placement='right' title='原始值：5.09041'>5.09</span>", "*", "*", "正常"], ["安徽省", "巢湖流域", "<span data-toggle='tooltip' data-placement='right' title='所在地市:合肥市&#10;所属河流:巢湖'>湖滨(老)</span>", "08-01 08:00", "劣Ⅴ", "<span data-toggle='tooltip' data-placement='right' title='原始值：27.37066'>27.4</span>", "<span data-toggle='tooltip' data-placement='right' title='原始值：6.16522'>6.17</span>", "<span data-toggle='tooltip' data-placement='right' title='原始值：1.80551'>1.81</span>", "<span data-toggle='tooltip' data-placement='right' title='原始值：305.3181'>305.3</span>", "<span data-toggle='tooltip' data-placement='right' title='原始值：98.07468'>98.1</span>", "<span data-toggle='tooltip' data-placement='right' title='原始值：5.26'>5.26</span>", "<span data-toggle='tooltip' data-placement='right' title='原始值：0.32'>0.320</span>", "<span data-toggle='tooltip' data-placement='right' title='原始值：0.0807'>0.081</span>", "<span data-toggle='tooltip' data-placement='right' title='原始值：2.124'>2.12</span>", "<span data-toggle='tooltip' data-placement='right' title='原始值：0.01566'>0.016</span>", "*", "正常"], ["安徽省", "巢湖流域", "<span data-toggle='tooltip' data-placement='right' title='所在地市:芜湖市&#10;所属河流:巢湖'>裕溪口(老)</span>", null, "", "--", "--", "--", "--", "--", "--", "--", "--", "--", "*", "*", "停站"], ["安徽省", "淮河流域", "<span data-toggle='tooltip' data-placement='right' title='所在地市:蚌埠市&#10;所属河流:淮河'>蚌埠闸上(蚌埠闸)</span>", "08-01 08:00", "", "<span data-toggle='tooltip' data-placement='right' title='原始值：27.25'>27.2</span>", "<span data-toggle='tooltip' data-placement='right' title='原始值：7.36'>7.36</span>", "<span data-toggle='tooltip' data-placement='right' title='原始值：3.61'>3.61</span>", "<span data-toggle='tooltip' data-placement='right' title='原始值：310.81'>310.8</span>", "<span data-toggle='tooltip' data-placement='right' title='原始值：165.35'>165.4</span>", "<span data-toggle='tooltip' data-placement='right' title='原始值：4.925'>4.92</span>", "<span data-toggle='tooltip' data-placement='right' title='原始值：0.103'>0.103</span>", "<span data-toggle='tooltip' data-placement='right' title='极值过滤'>--</span>", "<span data-toggle='tooltip' data-placement='right' title='极值过滤'>--</span>", "*", "*", "维护"], ["安徽省", "淮河流域", "<span data-toggle='tooltip' data-placement='right' title='所在地市:淮南市&#10;所属河流:淮河'>石头埠(老)</span>", "08-01 08:00", "劣Ⅴ", "<span data-toggle='tooltip' data-placement='right' title='原始值：25.77711'>25.8</span>", "<span data-toggle='tooltip' data-placement='right' title='原始值：5.93946'>5.94</span>", "<span data-toggle='tooltip' data-placement='right' title='原始值：4.3391'>4.34</span>", "<span data-toggle='tooltip' data-placement='right' title='原始值：297.4424'>297.4</span>", "<span data-toggle='tooltip' data-placement='right' title='原始值：68.54759'>68.5</span>", "<span data-toggle='tooltip' data-placement='right' title='原始值：6.78'>6.78</span>", "<span data-toggle='tooltip' data-placement='right' title='原始值：0.11'>0.110</span>", "*", "*", "*", "*", "正常"], ["安徽省", "淮河流域", "<span data-toggle='tooltip' data-placement='right' title='所在地市:淮北市&#10;所属河流:沱河'>小王桥</span>", "08-01 08:00", "劣Ⅴ", "<span data-toggle='tooltip' data-placement='right' title='原始值：25.69'>25.7</span>", "<span data-toggle='tooltip' data-placement='right' title='原始值：7.48'>7.48</span>", "<span data-toggle='tooltip' data-placement='right' title='原始值：6.96'>6.96</span>", "<span data-toggle='tooltip' data-placement='right' title='极值过滤'>--</span>", "<span data-toggle='tooltip' data-placement='right' title='原始值：311.59'>311.6</span>", "<span data-toggle='tooltip' data-placement='right' title='原始值：7.633'>7.63</span>", "<span data-toggle='tooltip' data-placement='right' title='原始值：1.006'>1.006</span>", "<span data-toggle='tooltip' data-placement='right' title='原始值：0.464'>0.464</span>", "<span data-toggle='tooltip' data-placement='right' title='原始值：3.866'>3.87</span>", "*", "*", "维护"], ["安徽省", "长江流域", "<span data-toggle='tooltip' data-placement='right' title='所在地市:安庆市&#10;所属河流:长江'>皖河口</span>", null, "", "--", "--", "--", "--", "--", "--", "--", "--", "--", "*", "*", "停站"], ["安徽省", "淮河流域", "<span data-toggle='tooltip' data-placement='right' title='所在地市:滁州市&#10;所属河流:淮河'>小柳巷</span>", null, "", "--", "--", "--", "--", "--", "--", "--", "--", "--", "*", "*", "维护"], ["安徽省", "淮河流域", "<span data-toggle='tooltip' data-placement='right' title='所在地市:阜阳市&#10;所属河流:黑茨河'>张大桥</span>", null, "", "--", "--", "--", "--", "--", "--", "--", "--", "--", "*", "*", "停站"], ["安徽省", "淮河流域", "<span data-toggle='tooltip' data-placement='right' title='所在地市:阜阳市&#10;所属河流:淮河'>王家坝</span>", null, "", "--", "--", "--", "--", "--", "--", "--", "--", "--", "*", "*", "停站"], ["安徽省", "淮河流域", "<span data-toggle='tooltip' data-placement='right' title='所在地市:阜阳市&#10;所属河流:颍河'>界首七渡口(七渡口)</span>", "08-01 08:00", "Ⅳ", "<span data-toggle='tooltip' data-placement='right' title='原始值：26.18695'>26.2</span>", "<span data-toggle='tooltip' data-placement='right' title='原始值：7.54517'>7.55</span>", "<span data-toggle='tooltip' data-placement='right' title='原始值：3.28226'>3.28</span>", "<span data-toggle='tooltip' data-placement='right' title='原始值：867.9512'>868.0</span>", "<span data-toggle='tooltip' data-placement='right' title='原始值：27.14433'>27.1</span>", "<span data-toggle='tooltip' data-placement='right' title='原始值：5.95'>5.95</span>", "<span data-toggle='tooltip' data-placement='right' title='原始值：0.17'>0.170</span>", "<span data-toggle='tooltip' data-placement='right' title='原始值：0.15676'>0.157</span>", "<span data-toggle='tooltip' data-placement='right' title='原始值：5.72125'>5.72</span>", "*", "*", "正常"], ["安徽省", "淮河流域", "<span data-toggle='tooltip' data-placement='right' title='所在地市:阜阳市&#10;所属河流:泉河'>许庄(徐庄)</span>", "08-01 04:00", "", "<span data-toggle='tooltip' data-placement='right' title='原始值：24.9'>24.9</span>", "<span data-toggle='tooltip' data-placement='right' title='原始值：7.53'>7.53</span>", "<span data-toggle='tooltip' data-placement='right' title='原始值：6.71'>6.71</span>", "<span data-toggle='tooltip' data-placement='right' title='原始值：881.2'>881.2</span>", "<span data-toggle='tooltip' data-placement='right' title='原始值：248.04'>248.0</span>", "<span data-toggle='tooltip' data-placement='right' title='原始值：8.45'>8.45</span>", "<span data-toggle='tooltip' data-placement='right' title='极值过滤'>--</span>", "<span data-toggle='tooltip' data-placement='right' title='原始值：0.286'>0.286</span>", "<span data-toggle='tooltip' data-placement='right' title='原始值：3.329'>3.33</span>", "*", "*", "维护"], ["安徽省", "淮河流域", "<span data-toggle='tooltip' data-placement='right' title='所在地市:宿州市&#10;所属河流:奎河'>杨庄</span>", "08-01 08:00", "Ⅳ", "<span data-toggle='tooltip' data-placement='right' title='原始值：25.41'>25.4</span>", "<span data-toggle='tooltip' data-placement='right' title='原始值：7.5'>7.50</span>", "<span data-toggle='tooltip' data-placement='right' title='原始值：5.2'>5.20</span>", "<span data-toggle='tooltip' data-placement='right' title='原始值：495.6'>495.6</span>", "<span data-toggle='tooltip' data-placement='right' title='原始值：155.73'>155.7</span>", "<span data-toggle='tooltip' data-placement='right' title='原始值：5.5'>5.50</span>", "<span data-toggle='tooltip' data-placement='right' title='原始值：1.498'>1.498</span>", "*", "*", "*", "*", "正常"], ["安徽省", "淮河流域", "<span data-toggle='tooltip' data-placement='right' title='所在地市:宿州市&#10;所属河流:新汴河'>泗县公路桥</span>", "08-01 08:00", "Ⅳ", "<span data-toggle='tooltip' data-placement='right' title='原始值：27.8'>27.8</span>", "<span data-toggle='tooltip' data-placement='right' title='原始值：7.57'>7.57</span>", "<span data-toggle='tooltip' data-placement='right' title='原始值：6.24'>6.24</span>", "<span data-toggle='tooltip' data-placement='right' title='原始值：752.4'>752.4</span>", "<span data-toggle='tooltip' data-placement='right' title='原始值：157.66'>157.7</span>", "<span data-toggle='tooltip' data-placement='right' title='原始值：6.08'>6.08</span>", "<span data-toggle='tooltip' data-placement='right' title='原始值：0.18'>0.180</span>", "*", "*", "*", "*", "正常"], ["安徽省", "淮河流域", "<span data-toggle='tooltip' data-placement='right' title='所在地市:亳州市&#10;所属河流:包河'>颜集</span>", null, "", "--", "--", "--", "--", "--", "--", "--", "--", "--", "*", "*", "维护"], ["福建省", "浙闽片河流", "<span data-toggle='tooltip' data-placement='right' title='所在地市:福州市&#10;所属河流:闽江'>白岩潭</span>", "08-01 08:00", "Ⅱ", "<span data-toggle='tooltip' data-placement='right' title='原始值：29.87'>29.9</span>", "<span data-toggle='tooltip' data-placement='right' title='原始值：6.94'>6.94</span>", "<span data-toggle='tooltip' data-placement='right' title='原始值：6.49'>6.49</span>", "<span data-toggle='tooltip' data-placement='right' title='原始值：328.7'>328.7</span>", "<span data-toggle='tooltip' data-placement='right' title='原始值：37.65'>37.6</span>", "<span data-toggle='tooltip' data-placement='right' title='原始值：1.55'>1.55</span>", "<span data-toggle='tooltip' data-placement='right' title='原始值：0.05'>0.050</span>", "*", "*", "*", "*", "正常"], ["江西省", "长江流域", "<span data-toggle='tooltip' data-placement='right' title='所在地市:南昌市&#10;所属河流:赣江南支'>滁槎</span>", "08-01 08:00", "Ⅱ", "<span data-toggle='tooltip' data-placement='right' title='原始值：30.76169'>30.8</span>", "<span data-toggle='tooltip' data-placement='right' title='原始值：7.93756'>7.94</span>", "<span data-toggle='tooltip' data-placement='right' title='原始值：7.67435'>7.67</span>", "<span data-toggle='tooltip' data-placement='right' title='原始值：156.0598'>156.1</span>", "<span data-toggle='tooltip' data-placement='right' title='原始值：25.29163'>25.3</span>", "<span data-toggle='tooltip' data-placement='right' title='原始值：3.43'>3.43</span>", "<span data-toggle='tooltip' data-placement='right' title='原始值：0.22'>0.220</span>", "<span data-toggle='tooltip' data-placement='right' title='原始值：0.08622'>0.086</span>", "<span data-toggle='tooltip' data-placement='right' title='原始值：1.465'>1.46</span>", "*", "*", "正常"], ["江西省", "长江流域", "<span data-toggle='tooltip' data-placement='right' title='所在地市:九江市&#10;所属河流:长江'>姚港(河西水厂)</span>", "08-01 08:00", "Ⅲ", "<span data-toggle='tooltip' data-placement='right' title='原始值：25.57'>25.6</span>", "<span data-toggle='tooltip' data-placement='right' title='原始值：7.52'>7.52</span>", "<span data-toggle='tooltip' data-placement='right' title='原始值：8.14'>8.14</span>", "<span data-toggle='tooltip' data-placement='right' title='原始值：334.14'>334.1</span>", "<span data-toggle='tooltip' data-placement='right' title='原始值：52.35'>52.4</span>", "<span data-toggle='tooltip' data-placement='right' title='原始值：2.018'>2.02</span>", "<span data-toggle='tooltip' data-placement='right' title='原始值：0.033'>0.033</span>", "<span data-toggle='tooltip' data-placement='right' title='原始值：0.107'>0.107</span>", "<span data-toggle='tooltip' data-placement='right' title='原始值：1.37'>1.37</span>", "*", "*", "正常"], ["江西省", "长江流域", "<span data-toggle='tooltip' data-placement='right' title='所在地市:九江市&#10;所属河流:鄱阳湖'>蛤蟆石</span>", "08-01 08:00", "", "<span data-toggle='tooltip' data-placement='right' title='原始值：30.04'>30.0</span>", "<span data-toggle='tooltip' data-placement='right' title='原始值：6.95'>6.95</span>", "<span data-toggle='tooltip' data-placement='right' title='原始值：6.83'>6.83</span>", "<span data-toggle='tooltip' data-placement='right' title='原始值：87.99'>88.0</span>", "<span data-toggle='tooltip' data-placement='right' title='原始值：13.59'>13.6</span>", "<span data-toggle='tooltip' data-placement='right' title='原始值：1.351'>1.35</span>", "<span data-toggle='tooltip' data-placement='right' title='极值过滤'>--</span>", "<span data-toggle='tooltip' data-placement='right' title='原始值：0.021'>0.021</span>", "<span data-toggle='tooltip' data-placement='right' title='原始值：0.897'>0.90</span>", "<span data-toggle='tooltip' data-placement='right' title='原始值：0.00394'>0.004</span>", "<span data-toggle='tooltip' data-placement='right' title='原始值：872000'>872000</span>", "维护"], ["山东省", "黄河流域", "<span data-toggle='tooltip' data-placement='right' title='所在地市:济南市&#10;所属河流:黄河'>泺口</span>", "08-01 08:00", "Ⅳ", "<span data-toggle='tooltip' data-placement='right' title='原始值：28.0575'>28.1</span>", "<span data-toggle='tooltip' data-placement='right' title='原始值：7.5343'>7.53</span>", "<span data-toggle='tooltip' data-placement='right' title='原始值：4.976'>4.98</span>", "<span data-toggle='tooltip' data-placement='right' title='原始值：715.084'>715.1</span>", "<span data-toggle='tooltip' data-placement='right' title='极值过滤'>--</span>", "<span data-toggle='tooltip' data-placement='right' title='原始值：2.63'>2.63</span>", "<span data-toggle='tooltip' data-placement='right' title='原始值：0.08125'>0.081</span>", "<span data-toggle='tooltip' data-placement='right' title='原始值：0.02506'>0.025</span>", "<span data-toggle='tooltip' data-placement='right' title='原始值：4.203'>4.20</span>", "*", "*", "维护"], ["山东省", "淮河流域", "<span data-toggle='tooltip' data-placement='right' title='所在地市:枣庄市&#10;所属河流:京杭大运河（韩庄运河）'>台儿庄大桥</span>", "08-01 08:00", "Ⅳ", "<span data-toggle='tooltip' data-placement='right' title='原始值：26.54'>26.5</span>", "<span data-toggle='tooltip' data-placement='right' title='原始值：7.69637'>7.70</span>", "<span data-toggle='tooltip' data-placement='right' title='原始值：5.32876'>5.33</span>", "<span data-toggle='tooltip' data-placement='right' title='原始值：918.6'>918.6</span>", "<span data-toggle='tooltip' data-placement='right' title='原始值：18.68038'>18.7</span>", "<span data-toggle='tooltip' data-placement='right' title='原始值：4.3889'>4.39</span>", "<span data-toggle='tooltip' data-placement='right' title='原始值：0.04029'>0.040</span>", "<span data-toggle='tooltip' data-placement='right' title='原始值：0.20464'>0.205</span>", "<span data-toggle='tooltip' data-placement='right' title='原始值：8.45399'>8.45</span>", "*", "*", "正常"], ["山东省", "淮河流域", "<span data-toggle='tooltip' data-placement='right' title='所在地市:临沂市&#10;所属河流:沭河'>清泉寺</span>", null, "", "--", "--", "--", "--", "--", "--", "--", "--", "--", "*", "*", "停站"], ["山东省", "淮河流域", "<span data-toggle='tooltip' data-placement='right' title='所在地市:临沂市&#10;所属河流:沂河'>重坊桥</span>", null, "", "--", "--", "--", "--", "--", "--", "--", "--", "--", "*", "*", "停站"], ["山东省", "淮河流域", "<span data-toggle='tooltip' data-placement='right' title='所在地市:临沂市&#10;所属河流:白马河'>捷庄(涝沟桥)</span>", "08-01 08:00", "Ⅴ", "<span data-toggle='tooltip' data-placement='right' title='原始值：26.2'>26.2</span>", "<span data-toggle='tooltip' data-placement='right' title='原始值：7.45'>7.45</span>", "<span data-toggle='tooltip' data-placement='right' title='原始值：5.515'>5.52</span>", "<span data-toggle='tooltip' data-placement='right' title='原始值：809.9998'>810.0</span>", "<span data-toggle='tooltip' data-placement='right' title='原始值：66.99535'>67.0</span>", "<span data-toggle='tooltip' data-placement='right' title='原始值：4.66'>4.66</span>", "<span data-toggle='tooltip' data-placement='right' title='原始值：0.16959'>0.170</span>", "<span data-toggle='tooltip' data-placement='right' title='原始值：0.35904'>0.359</span>", "<span data-toggle='tooltip' data-placement='right' title='原始值：6.04673'>6.05</span>", "*", "*", "正常"], ["山东省", "海河流域", "<span data-toggle='tooltip' data-placement='right' title='所在地市:聊城市&#10;所属河流:卫运河'>秤勾湾(秤钩湾)</span>", "08-01 08:00", "Ⅳ", "<span data-toggle='tooltip' data-placement='right' title='原始值：28.89668'>28.9</span>", "<span data-toggle='tooltip' data-placement='right' title='原始值：7.84967'>7.85</span>", "<span data-toggle='tooltip' data-placement='right' title='原始值：4.3558'>4.36</span>", "<span data-toggle='tooltip' data-placement='right' title='原始值：1109.969'>1110.0</span>", "<span data-toggle='tooltip' data-placement='right' title='原始值：106.1479'>106.1</span>", "<span data-toggle='tooltip' data-placement='right' title='原始值：2.26'>2.26</span>", "<span data-toggle='tooltip' data-placement='right' title='原始值：0.1422'>0.142</span>", "<span data-toggle='tooltip' data-placement='right' title='原始值：0.05586'>0.056</span>", "<span data-toggle='tooltip' data-placement='right' title='原始值：3.50436'>3.50</span>", "*", "*", "正常"], ["河南省", "长江流域", "<span data-toggle='tooltip' data-placement='right' title='所在地市:南阳市&#10;所属河流:丹江口水库'>陶岔</span>", "08-01 08:00", "Ⅱ", "<span data-toggle='tooltip' data-placement='right' title='原始值：27.21'>27.2</span>", "<span data-toggle='tooltip' data-placement='right' title='原始值：8.04599'>8.05</span>", "<span data-toggle='tooltip' data-placement='right' title='原始值：8.31267'>8.31</span>", "<span data-toggle='tooltip' data-placement='right' title='原始值：301.3576'>301.4</span>", "<span data-toggle='tooltip' data-placement='right' title='原始值：1.06114'>1.1</span>", "<span data-toggle='tooltip' data-placement='right' title='原始值：2.1'>2.10</span>", "<span data-toggle='tooltip' data-placement='right' title='原始值：0.01367'>0.014</span>", "<span data-toggle='tooltip' data-placement='right' title='原始值：0.00721'>0.007</span>", "<span data-toggle='tooltip' data-placement='right' title='原始值：0.75891'>0.76</span>", "<span data-toggle='tooltip' data-placement='right' title='原始值：0.00122'>0.001</span>", "<span data-toggle='tooltip' data-placement='right' title='原始值：460021.4'>460021</span>", "正常"], ["河南省", "淮河流域", "<span data-toggle='tooltip' data-placement='right' title='所在地市:商丘市&#10;所属河流:浍河'>黄口</span>", "08-01 08:00", "劣Ⅴ", "<span data-toggle='tooltip' data-placement='right' title='原始值：26.69922'>26.7</span>", "<span data-toggle='tooltip' data-placement='right' title='原始值：7.39258'>7.39</span>", "<span data-toggle='tooltip' data-placement='right' title='原始值：4.39524'>4.40</span>", "<span data-toggle='tooltip' data-placement='right' title='原始值：1216'>1216.0</span>", "<span data-toggle='tooltip' data-placement='right' title='原始值：35.52585'>35.5</span>", "<span data-toggle='tooltip' data-placement='right' title='原始值：10.02'>10.02</span>", "<span data-toggle='tooltip' data-placement='right' title='原始值：0.61013'>0.610</span>", "<span data-toggle='tooltip' data-placement='right' title='原始值：0.4099'>0.410</span>", "<span data-toggle='tooltip' data-placement='right' title='原始值：5.0639'>5.06</span>", "*", "*", "正常"], ["河南省", "淮河流域", "<span data-toggle='tooltip' data-placement='right' title='所在地市:信阳市&#10;所属河流:史灌河'>蒋集</span>", null, "", "--", "--", "--", "--", "--", "--", "--", "--", "--", "*", "*", "停站"], ["河南省", "淮河流域", "<span data-toggle='tooltip' data-placement='right' title='所在地市:信阳市&#10;所属河流:淮河'>淮滨水文站(淮滨)</span>", null, "", "--", "--", "--", "--", "--", "--", "--", "--", "--", "*", "*", "停站"], ["河南省", "淮河流域", "<span data-toggle='tooltip' data-placement='right' title='所在地市:周口市&#10;所属河流:沙河'>沈丘闸</span>", "08-01 08:00", "Ⅲ", "<span data-toggle='tooltip' data-placement='right' title='原始值：24.47981'>24.5</span>", "<span data-toggle='tooltip' data-placement='right' title='原始值：7.18142'>7.18</span>", "<span data-toggle='tooltip' data-placement='right' title='原始值：5.28574'>5.29</span>", "<span data-toggle='tooltip' data-placement='right' title='原始值：619.8546'>619.9</span>", "<span data-toggle='tooltip' data-placement='right' title='原始值：46.18888'>46.2</span>", "<span data-toggle='tooltip' data-placement='right' title='原始值：5.225'>5.22</span>", "<span data-toggle='tooltip' data-placement='right' title='原始值：0.14'>0.140</span>", "*", "*", "*", "*", "正常"], ["河南省", "淮河流域", "<span data-toggle='tooltip' data-placement='right' title='所在地市:周口市&#10;所属河流:涡河'>鹿邑付桥(鹿邑付桥闸)</span>", "08-01 08:00", "", "<span data-toggle='tooltip' data-placement='right' title='原始值：25.23566'>25.2</span>", "<span data-toggle='tooltip' data-placement='right' title='原始值：8.26951'>8.27</span>", "<span data-toggle='tooltip' data-placement='right' title='原始值：10.585'>10.58</span>", "<span data-toggle='tooltip' data-placement='right' title='原始值：1150.685'>1150.7</span>", "<span data-toggle='tooltip' data-placement='right' title='原始值：9.00662'>9.0</span>", "<span data-toggle='tooltip' data-placement='right' title='原始值：8.5775'>8.58</span>", "<span data-toggle='tooltip' data-placement='right' title='极值过滤'>--</span>", "<span data-toggle='tooltip' data-placement='right' title='原始值：0.4405'>0.440</span>", "<span data-toggle='tooltip' data-placement='right' title='原始值：0.12488'>0.12</span>", "*", "*", "维护"], ["河南省", "淮河流域", "<span data-toggle='tooltip' data-placement='right' title='所在地市:驻马店市&#10;所属河流:洪河'>新蔡班台(班台)</span>", "08-01 04:00", "劣Ⅴ", "<span data-toggle='tooltip' data-placement='right' title='原始值：25.17204'>25.2</span>", "<span data-toggle='tooltip' data-placement='right' title='原始值：6.77233'>6.77</span>", "<span data-toggle='tooltip' data-placement='right' title='原始值：1.98192'>1.98</span>", "<span data-toggle='tooltip' data-placement='right' title='原始值：562.1951'>562.2</span>", "<span data-toggle='tooltip' data-placement='right' title='原始值：90.87675'>90.9</span>", "<span data-toggle='tooltip' data-placement='right' title='原始值：6.755'>6.76</span>", "<span data-toggle='tooltip' data-placement='right' title='原始值：0.08'>0.080</span>", "<span data-toggle='tooltip' data-placement='right' title='原始值：0.53031'>0.530</span>", "<span data-toggle='tooltip' data-placement='right' title='原始值：5.61522'>5.62</span>", "*", "*", "正常"], ["河南省", "黄河流域", "<span data-toggle='tooltip' data-placement='right' title='所在地市:济源市&#10;所属河流:黄河'>小浪底水库(小浪底)</span>", null, "", "--", "--", "--", "--", "--", "--", "--", "--", "--", "*", "*", "维护"], ["湖北省", "长江流域", "<span data-toggle='tooltip' data-placement='right' title='所在地市:武汉市&#10;所属河流:汉江'>宗关</span>", "08-01 08:00", "", "<span data-toggle='tooltip' data-placement='right' title='原始值：25.84'>25.8</span>", "<span data-toggle='tooltip' data-placement='right' title='原始值：7.892001'>7.89</span>", "<span data-toggle='tooltip' data-placement='right' title='原始值：4.301636'>4.30</span>", "<span data-toggle='tooltip' data-placement='right' title='原始值：347.6415'>347.6</span>", "<span data-toggle='tooltip' data-placement='right' title='原始值：53.01508'>53.0</span>", "<span data-toggle='tooltip' data-placement='right' title='原始值：0.71'>0.71</span>", "--", "<span data-toggle='tooltip' data-placement='right' title='原始值：0.2'>0.200</span>", "<span data-toggle='tooltip' data-placement='right' title='原始值：2.154192'>2.15</span>", "*", "*", "维护"], ["湖北省", "长江流域", "<span data-toggle='tooltip' data-placement='right' title='所在地市:十堰市&#10;所属河流:丹江口水库'>坝上中(胡家岭)</span>", null, "", "--", "--", "--", "--", "--", "--", "--", "--", "--", "--", "--", "停站"], ["湖北省", "长江流域", "<span data-toggle='tooltip' data-placement='right' title='所在地市:宜昌市&#10;所属河流:长江'>南津关</span>", null, "", "--", "--", "--", "--", "--", "--", "--", "--", "--", "*", "*", "维护"], ["湖南省", "长江流域", "<span data-toggle='tooltip' data-placement='right' title='所在地市:长沙市&#10;所属河流:湘江'>新港</span>", "08-01 08:00", "Ⅲ", "<span data-toggle='tooltip' data-placement='right' title='原始值：28.52'>28.5</span>", "<span data-toggle='tooltip' data-placement='right' title='原始值：7.09'>7.09</span>", "<span data-toggle='tooltip' data-placement='right' title='原始值：5.03'>5.03</span>", "<span data-toggle='tooltip' data-placement='right' title='原始值：247.14'>247.1</span>", "<span data-toggle='tooltip' data-placement='right' title='原始值：28.11'>28.1</span>", "<span data-toggle='tooltip' data-placement='right' title='原始值：2.61'>2.61</span>", "<span data-toggle='tooltip' data-placement='right' title='原始值：0.025'>0.025</span>", "<span data-toggle='tooltip' data-placement='right' title='原始值：0.046'>0.046</span>", "<span data-toggle='tooltip' data-placement='right' title='原始值：1.67'>1.67</span>", "*", "*", "正常"], ["湖南省", "长江流域", "<span data-toggle='tooltip' data-placement='right' title='所在地市:岳阳市&#10;所属河流:洞庭湖'>岳阳楼</span>", null, "", "--", "--", "--", "--", "--", "--", "--", "--", "--", "--", "--", "停站"], ["湖南省", "长江流域", "<span data-toggle='tooltip' data-placement='right' title='所在地市:岳阳市&#10;所属河流:长江'>城陵矶</span>", null, "", "--", "--", "--", "--", "--", "--", "--", "--", "--", "--", "--", "停站"], ["广东省", "珠江流域", "<span data-toggle='tooltip' data-placement='right' title='所在地市:清远市&#10;所属河流:北江'>七星岗</span>", "08-01 08:00", "Ⅲ", "<span data-toggle='tooltip' data-placement='right' title='原始值：29.60334'>29.6</span>", "<span data-toggle='tooltip' data-placement='right' title='原始值：8.12254'>8.12</span>", "<span data-toggle='tooltip' data-placement='right' title='原始值：5.53577'>5.54</span>", "<span data-toggle='tooltip' data-placement='right' title='原始值：178.5354'>178.5</span>", "<span data-toggle='tooltip' data-placement='right' title='原始值：10.80737'>10.8</span>", "<span data-toggle='tooltip' data-placement='right' title='原始值：2.23'>2.23</span>", "<span data-toggle='tooltip' data-placement='right' title='原始值：0.10368'>0.104</span>", "<span data-toggle='tooltip' data-placement='right' title='原始值：0.00772'>0.008</span>", "<span data-toggle='tooltip' data-placement='right' title='原始值：1.3421'>1.34</span>", "*", "*", "正常"], ["广东省", "珠江流域", "<span data-toggle='tooltip' data-placement='right' title='所在地市:中山市&#10;所属河流:西江'>横栏</span>", "08-01 08:00", "Ⅱ", "<span data-toggle='tooltip' data-placement='right' title='原始值：27.5'>27.5</span>", "<span data-toggle='tooltip' data-placement='right' title='原始值：7.87'>7.87</span>", "<span data-toggle='tooltip' data-placement='right' title='原始值：7.17'>7.17</span>", "<span data-toggle='tooltip' data-placement='right' title='原始值：218'>218.0</span>", "<span data-toggle='tooltip' data-placement='right' title='原始值：32.2'>32.2</span>", "<span data-toggle='tooltip' data-placement='right' title='原始值：2.57'>2.57</span>", "<span data-toggle='tooltip' data-placement='right' title='原始值：0.10023'>0.100</span>", "*", "*", "*", "*", "正常"], ["广西壮族自治区", "珠江流域", "<span data-toggle='tooltip' data-placement='right' title='所在地市:南宁市&#10;所属河流:邕江'>老口</span>", "08-01 08:00", "Ⅱ", "<span data-toggle='tooltip' data-placement='right' title='原始值：30.06879'>30.1</span>", "<span data-toggle='tooltip' data-placement='right' title='原始值：7.49997'>7.50</span>", "<span data-toggle='tooltip' data-placement='right' title='原始值：6.06743'>6.07</span>", "<span data-toggle='tooltip' data-placement='right' title='原始值：298.7106'>298.7</span>", "<span data-toggle='tooltip' data-placement='right' title='原始值：6.46779'>6.5</span>", "<span data-toggle='tooltip' data-placement='right' title='原始值：1.3788'>1.38</span>", "<span data-toggle='tooltip' data-placement='right' title='原始值：0.08171'>0.082</span>", "<span data-toggle='tooltip' data-placement='right' title='原始值：0.02128'>0.021</span>", "<span data-toggle='tooltip' data-placement='right' title='原始值：1.70386'>1.70</span>", "*", "*", "正常"], ["广西壮族自治区", "珠江流域", "<span data-toggle='tooltip' data-placement='right' title='所在地市:桂林市&#10;所属河流:漓江'>阳朔</span>", "08-01 08:00", "Ⅱ", "<span data-toggle='tooltip' data-placement='right' title='原始值：29.2'>29.2</span>", "<span data-toggle='tooltip' data-placement='right' title='原始值：7.95'>7.95</span>", "<span data-toggle='tooltip' data-placement='right' title='原始值：7.67'>7.67</span>", "<span data-toggle='tooltip' data-placement='right' title='原始值：192'>192.0</span>", "<span data-toggle='tooltip' data-placement='right' title='原始值：5.04999'>5.0</span>", "<span data-toggle='tooltip' data-placement='right' title='原始值：2.12669'>2.13</span>", "<span data-toggle='tooltip' data-placement='right' title='原始值：0.04143'>0.041</span>", "<span data-toggle='tooltip' data-placement='right' title='原始值：0.00869'>0.009</span>", "<span data-toggle='tooltip' data-placement='right' title='原始值：1.23643'>1.24</span>", "*", "*", "正常"], ["广西壮族自治区", "珠江流域", "<span data-toggle='tooltip' data-placement='right' title='所在地市:梧州市&#10;所属河流:浔江'>界首</span>", null, "", "--", "--", "--", "--", "--", "--", "--", "--", "--", "*", "*", "停站"], ["广西壮族自治区", "珠江流域", "<span data-toggle='tooltip' data-placement='right' title='所在地市:贵港市&#10;所属河流:浔江'>石嘴</span>", "08-01 08:00", "Ⅱ", "<span data-toggle='tooltip' data-placement='right' title='原始值：29.34743'>29.3</span>", "<span data-toggle='tooltip' data-placement='right' title='原始值：7.23408'>7.23</span>", "<span data-toggle='tooltip' data-placement='right' title='原始值：7.44916'>7.45</span>", "<span data-toggle='tooltip' data-placement='right' title='原始值：316.6437'>316.6</span>", "<span data-toggle='tooltip' data-placement='right' title='原始值：22.19603'>22.2</span>", "<span data-toggle='tooltip' data-placement='right' title='原始值：1.09'>1.09</span>", "<span data-toggle='tooltip' data-placement='right' title='原始值：0.32'>0.320</span>", "<span data-toggle='tooltip' data-placement='right' title='原始值：0.01289'>0.013</span>", "<span data-toggle='tooltip' data-placement='right' title='原始值：2.0381'>2.04</span>", "*", "*", "正常"], ["广西壮族自治区", "珠江流域", "<span data-toggle='tooltip' data-placement='right' title='所在地市:崇左市&#10;所属河流:平而河'>平而关</span>", "08-01 08:00", "Ⅱ", "<span data-toggle='tooltip' data-placement='right' title='原始值：30.97353'>31.0</span>", "<span data-toggle='tooltip' data-placement='right' title='原始值：8.07632'>8.08</span>", "<span data-toggle='tooltip' data-placement='right' title='原始值：6.47565'>6.48</span>", "<span data-toggle='tooltip' data-placement='right' title='原始值：295.8046'>295.8</span>", "<span data-toggle='tooltip' data-placement='right' title='原始值：23.94239'>23.9</span>", "<span data-toggle='tooltip' data-placement='right' title='原始值：1.05149'>1.05</span>", "<span data-toggle='tooltip' data-placement='right' title='原始值：0.09'>0.090</span>", "*", "*", "*", "*", "正常"], ["重庆市", "长江流域", "<span data-toggle='tooltip' data-placement='right' title='所在地市:永川区&#10;所属河流:长江'>朱沱</span>", null, "", "--", "--", "--", "--", "--", "--", "--", "--", "--", "*", "*", "停站"], ["四川省", "长江流域", "<span data-toggle='tooltip' data-placement='right' title='所在地市:攀枝花市&#10;所属河流:金沙江'>龙洞</span>", null, "", "--", "--", "--", "--", "--", "--", "--", "--", "--", "*", "*", "停站"], ["四川省", "长江流域", "<span data-toggle='tooltip' data-placement='right' title='所在地市:泸州市&#10;所属河流:沱江'>沱江大桥(沱江二桥)</span>", "08-01 08:00", "Ⅴ", "<span data-toggle='tooltip' data-placement='right' title='原始值：28.53'>28.5</span>", "<span data-toggle='tooltip' data-placement='right' title='原始值：8.002838'>8.00</span>", "<span data-toggle='tooltip' data-placement='right' title='原始值：7.39474'>7.39</span>", "<span data-toggle='tooltip' data-placement='right' title='原始值：464.1837'>464.2</span>", "<span data-toggle='tooltip' data-placement='right' title='原始值：204.3739'>204.4</span>", "<span data-toggle='tooltip' data-placement='right' title='原始值：5.38'>5.38</span>", "<span data-toggle='tooltip' data-placement='right' title='原始值：0.012'>0.012</span>", "<span data-toggle='tooltip' data-placement='right' title='原始值：0.342121'>0.342</span>", "<span data-toggle='tooltip' data-placement='right' title='原始值：3.53507'>3.54</span>", "*", "*", "正常"], ["四川省", "长江流域", "<span data-toggle='tooltip' data-placement='right' title='所在地市:广元市&#10;所属河流:嘉陵江'>清风峡</span>", "08-01 08:00", "Ⅱ", "<span data-toggle='tooltip' data-placement='right' title='原始值：23.6'>23.6</span>", "<span data-toggle='tooltip' data-placement='right' title='原始值：8.08'>8.08</span>", "<span data-toggle='tooltip' data-placement='right' title='原始值：9.29842'>9.30</span>", "<span data-toggle='tooltip' data-placement='right' title='原始值：300.1018'>300.1</span>", "<span data-toggle='tooltip' data-placement='right' title='原始值：58.70552'>58.7</span>", "<span data-toggle='tooltip' data-placement='right' title='原始值：2.03'>2.03</span>", "<span data-toggle='tooltip' data-placement='right' title='原始值：0.11319'>0.113</span>", "*", "*", "*", "*", "正常"], ["四川省", "长江流域", "<span data-toggle='tooltip' data-placement='right' title='所在地市:乐山市&#10;所属河流:岷江'>岷江大桥</span>", "08-01 08:00", "Ⅲ", "<span data-toggle='tooltip' data-placement='right' title='原始值：23.81501'>23.8</span>", "<span data-toggle='tooltip' data-placement='right' title='原始值：7.38305'>7.38</span>", "<span data-toggle='tooltip' data-placement='right' title='原始值：7.81116'>7.81</span>", "<span data-toggle='tooltip' data-placement='right' title='原始值：360.7335'>360.7</span>", "<span data-toggle='tooltip' data-placement='right' title='原始值：159.0201'>159.0</span>", "<span data-toggle='tooltip' data-placement='right' title='原始值：4.22'>4.22</span>", "<span data-toggle='tooltip' data-placement='right' title='原始值：0.44'>0.440</span>", "*", "*", "*", "*", "正常"], ["四川省", "长江流域", "<span data-toggle='tooltip' data-placement='right' title='所在地市:宜宾市&#10;所属河流:岷江'>凉姜沟</span>", null, "", "--", "--", "--", "--", "--", "--", "--", "--", "--", "*", "*", "停站"], ["云南省", "滇池流域", "<span data-toggle='tooltip' data-placement='right' title='所在地市:昆明市&#10;所属河流:滇池'>西苑隧道</span>", null, "", "--", "--", "--", "--", "--", "--", "--", "--", "--", "--", "--", "停站"], ["云南省", "滇池流域", "<span data-toggle='tooltip' data-placement='right' title='所在地市:昆明市&#10;所属河流:滇池'>观音山</span>", "08-01 08:00", "Ⅳ", "<span data-toggle='tooltip' data-placement='right' title='原始值：24.79555'>24.8</span>", "<span data-toggle='tooltip' data-placement='right' title='原始值：6.86574'>6.87</span>", "<span data-toggle='tooltip' data-placement='right' title='原始值：6.3479'>6.35</span>", "<span data-toggle='tooltip' data-placement='right' title='原始值：440.4458'>440.4</span>", "<span data-toggle='tooltip' data-placement='right' title='原始值：25.33228'>25.3</span>", "<span data-toggle='tooltip' data-placement='right' title='原始值：8.04874'>8.05</span>", "<span data-toggle='tooltip' data-placement='right' title='原始值：0.3'>0.300</span>", "<span data-toggle='tooltip' data-placement='right' title='原始值：0.092'>0.092</span>", "<span data-toggle='tooltip' data-placement='right' title='原始值：1.629'>1.63</span>", "<span data-toggle='tooltip' data-placement='right' title='原始值：0.04127'>0.041</span>", "<span data-toggle='tooltip' data-placement='right' title='原始值：7699877'>7699877</span>", "正常"], ["云南省", "西南诸河", "<span data-toggle='tooltip' data-placement='right' title='所在地市:红河哈尼族彝族自治州&#10;所属河流:红河'>河口县医院(河口)</span>", "08-01 08:00", "劣Ⅴ", "<span data-toggle='tooltip' data-placement='right' title='原始值：27.18849'>27.2</span>", "<span data-toggle='tooltip' data-placement='right' title='原始值：7.11086'>7.11</span>", "<span data-toggle='tooltip' data-placement='right' title='原始值：6.81121'>6.81</span>", "<span data-toggle='tooltip' data-placement='right' title='原始值：202.7096'>202.7</span>", "<span data-toggle='tooltip' data-placement='right' title='原始值：273.6579'>273.7</span>", "<span data-toggle='tooltip' data-placement='right' title='原始值：15.96391'>15.96</span>", "<span data-toggle='tooltip' data-placement='right' title='原始值：0.80365'>0.804</span>", "<span data-toggle='tooltip' data-placement='right' title='原始值：0.31899'>0.319</span>", "<span data-toggle='tooltip' data-placement='right' title='原始值：0.88945'>0.89</span>", "*", "*", "正常"], ["云南省", "西南诸河", "<span data-toggle='tooltip' data-placement='right' title='所在地市:西双版纳傣族自治州&#10;所属河流:澜沧江'>橄榄坝</span>", "08-01 08:00", "Ⅲ", "<span data-toggle='tooltip' data-placement='right' title='原始值：19.1429'>19.1</span>", "<span data-toggle='tooltip' data-placement='right' title='原始值：7.4613'>7.46</span>", "<span data-toggle='tooltip' data-placement='right' title='原始值：5.66158'>5.66</span>", "<span data-toggle='tooltip' data-placement='right' title='原始值：620.5663'>620.6</span>", "<span data-toggle='tooltip' data-placement='right' title='原始值：16.32085'>16.3</span>", "<span data-toggle='tooltip' data-placement='right' title='原始值：2.14'>2.14</span>", "<span data-toggle='tooltip' data-placement='right' title='原始值：0.10853'>0.109</span>", "*", "*", "*", "*", "正常"], ["陕西省", "黄河流域", "<span data-toggle='tooltip' data-placement='right' title='所在地市:渭南市&#10;所属河流:渭河'>潼关吊桥</span>", null, "", "--", "--", "--", "--", "--", "--", "--", "--", "--", "*", "*", "停站"], ["甘肃省", "黄河流域", "<span data-toggle='tooltip' data-placement='right' title='所在地市:兰州市&#10;所属河流:黄河'>新城桥</span>", "08-01 08:00", "Ⅱ", "<span data-toggle='tooltip' data-placement='right' title='原始值：17.62457'>17.6</span>", "<span data-toggle='tooltip' data-placement='right' title='原始值：6.31174'>6.31</span>", "<span data-toggle='tooltip' data-placement='right' title='原始值：7.94698'>7.95</span>", "<span data-toggle='tooltip' data-placement='right' title='原始值：433.9515'>434.0</span>", "<span data-toggle='tooltip' data-placement='right' title='原始值：106.7422'>106.7</span>", "<span data-toggle='tooltip' data-placement='right' title='原始值：1.94'>1.94</span>", "<span data-toggle='tooltip' data-placement='right' title='原始值：0.15'>0.150</span>", "<span data-toggle='tooltip' data-placement='right' title='原始值：0.02656'>0.027</span>", "<span data-toggle='tooltip' data-placement='right' title='原始值：2.65203'>2.65</span>", "*", "*", "正常"], ["宁夏回族自治区", "黄河流域", "<span data-toggle='tooltip' data-placement='right' title='所在地市:中卫市&#10;所属河流:黄河'>中卫下河沿(新墩)</span>", "08-01 08:00", "Ⅱ", "<span data-toggle='tooltip' data-placement='right' title='原始值：22.36015'>22.4</span>", "<span data-toggle='tooltip' data-placement='right' title='原始值：7.70639'>7.71</span>", "<span data-toggle='tooltip' data-placement='right' title='原始值：7.61597'>7.62</span>", "<span data-toggle='tooltip' data-placement='right' title='原始值：529.7347'>529.7</span>", "<span data-toggle='tooltip' data-placement='right' title='原始值：220.3149'>220.3</span>", "<span data-toggle='tooltip' data-placement='right' title='原始值：3.3'>3.30</span>", "<span data-toggle='tooltip' data-placement='right' title='原始值：0.08'>0.080</span>", "<span data-toggle='tooltip' data-placement='right' title='原始值：0.0945'>0.094</span>", "<span data-toggle='tooltip' data-placement='right' title='原始值：1.8211'>1.82</span>", "*", "*", "正常"]]}