{"result": 1, "total": 1, "records": 98, "thead": ["省份", "流域", "断面名称", "监测时间", "水质类别", "水温<br/><span class='unit'>(℃)</span>", "pH<br/><span class='unit'>(无量纲)</span>", "溶解氧<br/><span class='unit'>(mg/L)</span>", "电导率<br/><span class='unit'>(μS/cm)</span>", "浊度<br/><span class='unit'>(NTU)</span>", "高锰酸盐指数<br/><span class='unit'>(mg/L)</span>", "氨氮<br/><span class='unit'>(mg/L)</span>", "总磷<br/><span class='unit'>(mg/L)</span>", "总氮<br/><span class='unit'>(mg/L)</span>", "叶绿素α<br/><span class='unit'>(mg/L)</span>", "藻密度<br/><span class='unit'>(cells/L)</span>", "站点情况"], "tbody": [["北京市", "海河流域", "<span data-toggle='tooltip' data-placement='right' title='所在地市:门头沟区&#10;所属河流:永定河'>沿河城</span>", "08-08 08:00", "Ⅳ", "<span data-toggle='tooltip' data-placement='right' title='原始值：24.40285'>24.4</span>", "<span data-toggle='tooltip' data-placement='right' title='原始值：8.284'>8.28</span>", "<span data-toggle='tooltip' data-placement='right' title='原始值：7.46207'>7.46</span>", "<span data-toggle='tooltip' data-placement='right' title='原始值：1425.025'>1425.0</span>", "<span data-toggle='tooltip' data-placement='right' title='原始值：14.15445'>14.2</span>", "<span data-toggle='tooltip' data-placement='right' title='原始值：6.21999'>6.22</span>", "<span data-toggle='tooltip' data-placement='right' title='原始值：0.1'>0.100</span>", "<span data-toggle='tooltip' data-placement='right' title='原始值：0.04487'>0.045</span>", "<span data-toggle='tooltip' data-placement='right' title='原始值：0.7803'>0.78</span>", "*", "*", "正常"], ["北京市", "海河流域", "<span data-toggle='tooltip' data-placement='right' title='所在地市:密云区&#10;所属河流:潮河'>古北口</span>", "08-08 08:00", "Ⅱ", "<span data-toggle='tooltip' data-placement='right' title='原始值：25.71068'>25.7</span>", "<span data-toggle='tooltip' data-placement='right' title='原始值：7.09995'>7.10</span>", "<span data-toggle='tooltip' data-placement='right' title='原始值：6.50705'>6.51</span>", "<span data-toggle='tooltip' data-placement='right' title='原始值：627.6774'>627.7</span>", "<span data-toggle='tooltip' data-placement='right' title='原始值：5.15646'>5.2</span>", "<span data-toggle='tooltip' data-placement='right' title='原始值：1.0375'>1.04</span>", "<span data-toggle='tooltip' data-placement='right' title='原始值：0.29'>0.290</span>", "<span data-toggle='tooltip' data-placement='right' title='原始值：0.0031'>0.003</span>", "<span data-toggle='tooltip' data-placement='right' title='原始值：3.2817'>3.28</span>", "*", "*", "正常"], ["天津市", "海河流域", "<span data-toggle='tooltip' data-placement='right' title='所在地市:河北区&#10;所属河流:海河'>三岔口</span>", "08-08 08:00", "劣Ⅴ", "<span data-toggle='tooltip' data-placement='right' title='原始值：28.7542'>28.8</span>", "<span data-toggle='tooltip' data-placement='right' title='原始值：7.4917'>7.49</span>", "<span data-toggle='tooltip' data-placement='right' title='原始值：5.443'>5.44</span>", "<span data-toggle='tooltip' data-placement='right' title='原始值：315.4617'>315.5</span>", "<span data-toggle='tooltip' data-placement='right' title='原始值：10.581'>10.6</span>", "<span data-toggle='tooltip' data-placement='right' title='原始值：3.51'>3.51</span>", "<span data-toggle='tooltip' data-placement='right' title='原始值：2.3'>2.300</span>", "<span data-toggle='tooltip' data-placement='right' title='原始值：0.0027'>0.003</span>", "<span data-toggle='tooltip' data-placement='right' title='原始值：1.0911'>1.09</span>", "*", "*", "正常"], ["天津市", "海河流域", "<span data-toggle='tooltip' data-placement='right' title='所在地市:蓟州区&#10;所属河流:果河'>果河桥</span>", "08-08 08:00", "Ⅱ", "<span data-toggle='tooltip' data-placement='right' title='原始值：28.8'>28.8</span>", "<span data-toggle='tooltip' data-placement='right' title='原始值：8.528'>8.53</span>", "<span data-toggle='tooltip' data-placement='right' title='原始值：10.006'>10.01</span>", "<span data-toggle='tooltip' data-placement='right' title='原始值：608.395'>608.4</span>", "<span data-toggle='tooltip' data-placement='right' title='原始值：7.156'>7.2</span>", "<span data-toggle='tooltip' data-placement='right' title='原始值：3.0874'>3.09</span>", "<span data-toggle='tooltip' data-placement='right' title='原始值：0.1'>0.100</span>", "<span data-toggle='tooltip' data-placement='right' title='原始值：0.0776'>0.078</span>", "<span data-toggle='tooltip' data-placement='right' title='原始值：2.2785'>2.28</span>", "*", "*", "正常"], ["河北省", "海河流域", "<span data-toggle='tooltip' data-placement='right' title='所在地市:石家庄市&#10;所属河流:滹沱河'>岗南水库</span>", "08-08 08:00", "Ⅱ", "<span data-toggle='tooltip' data-placement='right' title='原始值：26.82134'>26.8</span>", "<span data-toggle='tooltip' data-placement='right' title='原始值：8.30997'>8.31</span>", "<span data-toggle='tooltip' data-placement='right' title='原始值：7.57565'>7.58</span>", "<span data-toggle='tooltip' data-placement='right' title='原始值：556.8795'>556.9</span>", "<span data-toggle='tooltip' data-placement='right' title='原始值：1.58265'>1.6</span>", "<span data-toggle='tooltip' data-placement='right' title='原始值：2.17283'>2.17</span>", "<span data-toggle='tooltip' data-placement='right' title='原始值：0.04'>0.040</span>", "<span data-toggle='tooltip' data-placement='right' title='原始值：0.00641'>0.006</span>", "<span data-toggle='tooltip' data-placement='right' title='原始值：2.41635'>2.42</span>", "*", "*", "正常"], ["河北省", "海河流域", "<span data-toggle='tooltip' data-placement='right' title='所在地市:张家口市&#10;所属河流:永定河'>八号桥</span>", "08-08 08:00", "Ⅲ", "<span data-toggle='tooltip' data-placement='right' title='原始值：24.27443'>24.3</span>", "<span data-toggle='tooltip' data-placement='right' title='原始值：7.62646'>7.63</span>", "<span data-toggle='tooltip' data-placement='right' title='原始值：6.52692'>6.53</span>", "<span data-toggle='tooltip' data-placement='right' title='原始值：915.4448'>915.4</span>", "<span data-toggle='tooltip' data-placement='right' title='原始值：64.74087'>64.7</span>", "<span data-toggle='tooltip' data-placement='right' title='原始值：4.67'>4.67</span>", "<span data-toggle='tooltip' data-placement='right' title='原始值：0.29'>0.290</span>", "<span data-toggle='tooltip' data-placement='right' title='原始值：0.1335'>0.134</span>", "<span data-toggle='tooltip' data-placement='right' title='原始值：2.455'>2.46</span>", "*", "*", "正常"], ["山西省", "黄河流域", "<span data-toggle='tooltip' data-placement='right' title='所在地市:运城市&#10;所属河流:汾河'>河津大桥</span>", "08-08 08:00", "劣Ⅴ", "<span data-toggle='tooltip' data-placement='right' title='原始值：26.2552'>26.3</span>", "<span data-toggle='tooltip' data-placement='right' title='原始值：8.29642'>8.30</span>", "<span data-toggle='tooltip' data-placement='right' title='原始值：0.48984'>0.49</span>", "<span data-toggle='tooltip' data-placement='right' title='原始值：1113.953'>1114.0</span>", "<span data-toggle='tooltip' data-placement='right' title='原始值：410.1268'>410.1</span>", "<span data-toggle='tooltip' data-placement='right' title='原始值：10'>10.00</span>", "<span data-toggle='tooltip' data-placement='right' title='原始值：1.07'>1.070</span>", "*", "*", "*", "*", "正常"], ["山西省", "黄河流域", "<span data-toggle='tooltip' data-placement='right' title='所在地市:忻州市&#10;所属河流:黄河'>万家寨水库</span>", null, "", "--", "--", "--", "--", "--", "--", "--", "--", "--", "*", "*", "维护"], ["内蒙古自治区", "黄河流域", "<span data-toggle='tooltip' data-placement='right' title='所在地市:包头市&#10;所属河流:黄河'>画匠营子</span>", "08-08 08:00", "Ⅱ", "<span data-toggle='tooltip' data-placement='right' title='原始值：25.68547'>25.7</span>", "<span data-toggle='tooltip' data-placement='right' title='原始值：7.54737'>7.55</span>", "<span data-toggle='tooltip' data-placement='right' title='原始值：6.7957'>6.80</span>", "<span data-toggle='tooltip' data-placement='right' title='原始值：636.5558'>636.6</span>", "<span data-toggle='tooltip' data-placement='right' title='原始值：1697.076'>1697.1</span>", "<span data-toggle='tooltip' data-placement='right' title='原始值：3.54772'>3.55</span>", "<span data-toggle='tooltip' data-placement='right' title='原始值：0.0438'>0.044</span>", "*", "*", "*", "*", "正常"], ["内蒙古自治区", "黄河流域", "<span data-toggle='tooltip' data-placement='right' title='所在地市:乌海市&#10;所属河流:黄河'>海勃湾</span>", "08-08 08:00", "", "<span data-toggle='tooltip' data-placement='right' title='原始值：23.07366'>23.1</span>", "<span data-toggle='tooltip' data-placement='right' title='原始值：7.56465'>7.56</span>", "<span data-toggle='tooltip' data-placement='right' title='原始值：5.70359'>5.70</span>", "<span data-toggle='tooltip' data-placement='right' title='原始值：663.0433'>663.0</span>", "<span data-toggle='tooltip' data-placement='right' title='原始值：47.11309'>47.1</span>", "<span data-toggle='tooltip' data-placement='right' title='原始值：1.57'>1.57</span>", "<span data-toggle='tooltip' data-placement='right' title='极值过滤'>--</span>", "*", "*", "*", "*", "维护"], ["内蒙古自治区", "松花江流域", "<span data-toggle='tooltip' data-placement='right' title='所在地市:呼伦贝尔市&#10;所属河流:额尔古纳河'>黑山头</span>", null, "", "--", "--", "--", "--", "--", "--", "--", "--", "--", "*", "*", "停站"], ["辽宁省", "辽河流域", "<span data-toggle='tooltip' data-placement='right' title='所在地市:抚顺市&#10;所属河流:浑河'>大伙房水库</span>", "08-08 08:00", "Ⅱ", "<span data-toggle='tooltip' data-placement='right' title='原始值：29.04568'>29.0</span>", "<span data-toggle='tooltip' data-placement='right' title='原始值：8.04549'>8.05</span>", "<span data-toggle='tooltip' data-placement='right' title='原始值：8.76614'>8.77</span>", "<span data-toggle='tooltip' data-placement='right' title='原始值：330.2742'>330.3</span>", "<span data-toggle='tooltip' data-placement='right' title='原始值：7.15958'>7.2</span>", "<span data-toggle='tooltip' data-placement='right' title='原始值：1.11349'>1.11</span>", "<span data-toggle='tooltip' data-placement='right' title='原始值：0.06'>0.060</span>", "<span data-toggle='tooltip' data-placement='right' title='原始值：0.02685'>0.027</span>", "<span data-toggle='tooltip' data-placement='right' title='原始值：2.03433'>2.03</span>", "<span data-toggle='tooltip' data-placement='right' title='极值过滤'>--</span>", "*", "维护"], ["辽宁省", "辽河流域", "<span data-toggle='tooltip' data-placement='right' title='所在地市:丹东市&#10;所属河流:鸭绿江'>江桥</span>", "08-08 04:00", "Ⅱ", "<span data-toggle='tooltip' data-placement='right' title='原始值：21.7'>21.7</span>", "<span data-toggle='tooltip' data-placement='right' title='原始值：6.81999'>6.82</span>", "<span data-toggle='tooltip' data-placement='right' title='原始值：7.15984'>7.16</span>", "<span data-toggle='tooltip' data-placement='right' title='原始值：133'>133.0</span>", "<span data-toggle='tooltip' data-placement='right' title='原始值：5.6'>5.6</span>", "<span data-toggle='tooltip' data-placement='right' title='原始值：3.02'>3.02</span>", "<span data-toggle='tooltip' data-placement='right' title='原始值：0.08226'>0.082</span>", "<span data-toggle='tooltip' data-placement='right' title='原始值：0.02185'>0.022</span>", "<span data-toggle='tooltip' data-placement='right' title='原始值：2.41772'>2.42</span>", "*", "*", "正常"], ["辽宁省", "辽河流域", "<span data-toggle='tooltip' data-placement='right' title='所在地市:营口市&#10;所属河流:大辽河'>辽河公园</span>", "08-08 08:00", "劣Ⅴ", "<span data-toggle='tooltip' data-placement='right' title='原始值：26.59228'>26.6</span>", "<span data-toggle='tooltip' data-placement='right' title='原始值：7.2324'>7.23</span>", "<span data-toggle='tooltip' data-placement='right' title='原始值：6.82501'>6.83</span>", "<span data-toggle='tooltip' data-placement='right' title='原始值：44291.3'>44291.3</span>", "<span data-toggle='tooltip' data-placement='right' title='原始值：169.1239'>169.1</span>", "<span data-toggle='tooltip' data-placement='right' title='原始值：15.51217'>15.51</span>", "<span data-toggle='tooltip' data-placement='right' title='原始值：0.04668'>0.047</span>", "<span data-toggle='tooltip' data-placement='right' title='原始值：0.24886'>0.249</span>", "<span data-toggle='tooltip' data-placement='right' title='原始值：3.83504'>3.84</span>", "*", "*", "正常"], ["辽宁省", "辽河流域", "<span data-toggle='tooltip' data-placement='right' title='所在地市:辽阳市&#10;所属河流:太子河'>汤河水库</span>", null, "", "--", "--", "--", "--", "--", "--", "--", "--", "--", "*", "*", "维护"], ["辽宁省", "辽河流域", "<span data-toggle='tooltip' data-placement='right' title='所在地市:盘锦市&#10;所属河流:辽河'>盘锦兴安(兴安)</span>", "08-08 08:00", "", "<span data-toggle='tooltip' data-placement='right' title='原始值：26.68176'>26.7</span>", "<span data-toggle='tooltip' data-placement='right' title='原始值：7.19971'>7.20</span>", "<span data-toggle='tooltip' data-placement='right' title='原始值：6.33282'>6.33</span>", "<span data-toggle='tooltip' data-placement='right' title='原始值：506.8078'>506.8</span>", "<span data-toggle='tooltip' data-placement='right' title='原始值：209.262'>209.3</span>", "<span data-toggle='tooltip' data-placement='right' title='原始值：3.13109'>3.13</span>", "<span data-toggle='tooltip' data-placement='right' title='原始值：0.18'>0.180</span>", "<span data-toggle='tooltip' data-placement='right' title='极值过滤'>--</span>", "<span data-toggle='tooltip' data-placement='right' title='原始值：1.47644'>1.48</span>", "*", "*", "维护"], ["辽宁省", "辽河流域", "<span data-toggle='tooltip' data-placement='right' title='所在地市:铁岭市&#10;所属河流:辽河'>珠尔山</span>", "08-08 08:00", "Ⅳ", "<span data-toggle='tooltip' data-placement='right' title='原始值：26.89939'>26.9</span>", "<span data-toggle='tooltip' data-placement='right' title='原始值：6.99515'>7.00</span>", "<span data-toggle='tooltip' data-placement='right' title='原始值：4.45535'>4.46</span>", "<span data-toggle='tooltip' data-placement='right' title='原始值：441.714'>441.7</span>", "<span data-toggle='tooltip' data-placement='right' title='原始值：27.1282'>27.1</span>", "<span data-toggle='tooltip' data-placement='right' title='原始值：8.17365'>8.17</span>", "<span data-toggle='tooltip' data-placement='right' title='原始值：0.14'>0.140</span>", "<span data-toggle='tooltip' data-placement='right' title='原始值：0.11412'>0.114</span>", "<span data-toggle='tooltip' data-placement='right' title='原始值：2.61469'>2.61</span>", "*", "*", "正常"], ["吉林省", "松花江流域", "<span data-toggle='tooltip' data-placement='right' title='所在地市:长春市&#10;所属河流:松花江'>松花江村</span>", null, "", "--", "--", "--", "--", "--", "--", "--", "--", "--", "*", "*", "停站"], ["吉林省", "松花江流域", "<span data-toggle='tooltip' data-placement='right' title='所在地市:白城市&#10;所属河流:嫩江'>白沙滩</span>", null, "", "--", "--", "--", "--", "--", "--", "--", "--", "--", "*", "*", "停站"], ["吉林省", "松花江流域", "<span data-toggle='tooltip' data-placement='right' title='所在地市:延边朝鲜族自治州&#10;所属河流:图们江'>圈河</span>", null, "", "--", "--", "--", "--", "--", "--", "--", "--", "--", "*", "*", "停站"], ["黑龙江省", "松花江流域", "<span data-toggle='tooltip' data-placement='right' title='所在地市:大庆市&#10;所属河流:松花江'>肇源</span>", null, "", "--", "--", "--", "--", "--", "--", "--", "--", "--", "*", "*", "停站"], ["黑龙江省", "松花江流域", "<span data-toggle='tooltip' data-placement='right' title='所在地市:佳木斯市&#10;所属河流:乌苏里江'>乌苏镇</span>", null, "", "--", "--", "--", "--", "--", "--", "--", "--", "--", "*", "*", "停站"], ["黑龙江省", "松花江流域", "<span data-toggle='tooltip' data-placement='right' title='所在地市:佳木斯市&#10;所属河流:松花江'>同江</span>", null, "", "--", "--", "--", "--", "--", "--", "--", "--", "--", "*", "*", "停站"], ["黑龙江省", "松花江流域", "<span data-toggle='tooltip' data-placement='right' title='所在地市:黑河市&#10;所属河流:黑龙江'>黑河下(黑河)</span>", null, "", "--", "--", "--", "--", "--", "--", "--", "--", "--", "*", "*", "停站"], ["上海市", "长江流域", "<span data-toggle='tooltip' data-placement='right' title='所在地市:青浦区&#10;所属河流:淀山湖'>急水港桥</span>", "08-08 08:00", "Ⅴ", "<span data-toggle='tooltip' data-placement='right' title='原始值：29.9'>29.9</span>", "<span data-toggle='tooltip' data-placement='right' title='原始值：7.28'>7.28</span>", "<span data-toggle='tooltip' data-placement='right' title='原始值：3.61'>3.61</span>", "<span data-toggle='tooltip' data-placement='right' title='原始值：378'>378.0</span>", "<span data-toggle='tooltip' data-placement='right' title='原始值：104.4'>104.4</span>", "<span data-toggle='tooltip' data-placement='right' title='原始值：4.125'>4.12</span>", "<span data-toggle='tooltip' data-placement='right' title='原始值：0.45651'>0.457</span>", "<span data-toggle='tooltip' data-placement='right' title='原始值：0.11182'>0.112</span>", "<span data-toggle='tooltip' data-placement='right' title='原始值：2.21877'>2.22</span>", "<span data-toggle='tooltip' data-placement='right' title='原始值：0.007'>0.007</span>", "<span data-toggle='tooltip' data-placement='right' title='原始值：9290689'>9290689</span>", "正常"], ["江苏省", "长江流域", "<span data-toggle='tooltip' data-placement='right' title='所在地市:南京市&#10;所属河流:长江'>林山</span>", "08-08 08:00", "Ⅲ", "<span data-toggle='tooltip' data-placement='right' title='原始值：28.8135'>28.8</span>", "<span data-toggle='tooltip' data-placement='right' title='原始值：7.45212'>7.45</span>", "<span data-toggle='tooltip' data-placement='right' title='原始值：5.49899'>5.50</span>", "<span data-toggle='tooltip' data-placement='right' title='原始值：284.989'>285.0</span>", "<span data-toggle='tooltip' data-placement='right' title='原始值：64.8261'>64.8</span>", "<span data-toggle='tooltip' data-placement='right' title='原始值：1.29'>1.29</span>", "<span data-toggle='tooltip' data-placement='right' title='原始值：0.068'>0.068</span>", "*", "*", "*", "*", "正常"], ["江苏省", "太湖流域", "<span data-toggle='tooltip' data-placement='right' title='所在地市:无锡市&#10;所属河流:太湖'>沙渚</span>", "08-08 08:00", "Ⅳ", "<span data-toggle='tooltip' data-placement='right' title='原始值：30.33748'>30.3</span>", "<span data-toggle='tooltip' data-placement='right' title='原始值：7.871635'>7.87</span>", "<span data-toggle='tooltip' data-placement='right' title='原始值：4.58406'>4.58</span>", "<span data-toggle='tooltip' data-placement='right' title='原始值：330.903'>330.9</span>", "<span data-toggle='tooltip' data-placement='right' title='原始值：103.18'>103.2</span>", "<span data-toggle='tooltip' data-placement='right' title='原始值：3.81'>3.81</span>", "<span data-toggle='tooltip' data-placement='right' title='原始值：0.08'>0.080</span>", "<span data-toggle='tooltip' data-placement='right' title='原始值：0.0655'>0.066</span>", "<span data-toggle='tooltip' data-placement='right' title='原始值：1.67'>1.67</span>", "*", "*", "正常"], ["江苏省", "淮河流域", "<span data-toggle='tooltip' data-placement='right' title='所在地市:徐州市&#10;所属河流:武河'>小红圈</span>", "08-08 08:00", "Ⅴ", "<span data-toggle='tooltip' data-placement='right' title='原始值：25.7'>25.7</span>", "<span data-toggle='tooltip' data-placement='right' title='原始值：6.8'>6.80</span>", "<span data-toggle='tooltip' data-placement='right' title='原始值：2.93'>2.93</span>", "<span data-toggle='tooltip' data-placement='right' title='原始值：448.8'>448.8</span>", "<span data-toggle='tooltip' data-placement='right' title='原始值：121.96'>122.0</span>", "<span data-toggle='tooltip' data-placement='right' title='原始值：12.16'>12.16</span>", "<span data-toggle='tooltip' data-placement='right' title='原始值：1.32'>1.320</span>", "*", "*", "*", "*", "正常"], ["江苏省", "淮河流域", "<span data-toggle='tooltip' data-placement='right' title='所在地市:徐州市&#10;所属河流:沿河'>李集桥</span>", "08-08 08:00", "劣Ⅴ", "<span data-toggle='tooltip' data-placement='right' title='原始值：26.6'>26.6</span>", "<span data-toggle='tooltip' data-placement='right' title='原始值：7.37'>7.37</span>", "<span data-toggle='tooltip' data-placement='right' title='原始值：2'>2.00</span>", "<span data-toggle='tooltip' data-placement='right' title='原始值：716'>716.0</span>", "<span data-toggle='tooltip' data-placement='right' title='原始值：124.88'>124.9</span>", "<span data-toggle='tooltip' data-placement='right' title='原始值：7.93'>7.93</span>", "<span data-toggle='tooltip' data-placement='right' title='原始值：2.064'>2.064</span>", "<span data-toggle='tooltip' data-placement='right' title='原始值：0.555'>0.555</span>", "<span data-toggle='tooltip' data-placement='right' title='原始值：5.206'>5.21</span>", "*", "*", "正常"], ["江苏省", "淮河流域", "<span data-toggle='tooltip' data-placement='right' title='所在地市:徐州市&#10;所属河流:邳苍分洪道'>艾山西大桥</span>", "08-08 08:00", "劣Ⅴ", "<span data-toggle='tooltip' data-placement='right' title='原始值：25.1285'>25.1</span>", "<span data-toggle='tooltip' data-placement='right' title='原始值：7.38165'>7.38</span>", "<span data-toggle='tooltip' data-placement='right' title='原始值：3.29519'>3.30</span>", "<span data-toggle='tooltip' data-placement='right' title='原始值：541.218'>541.2</span>", "<span data-toggle='tooltip' data-placement='right' title='原始值：99.71619'>99.7</span>", "<span data-toggle='tooltip' data-placement='right' title='原始值：7.88'>7.88</span>", "<span data-toggle='tooltip' data-placement='right' title='原始值：0.56'>0.560</span>", "<span data-toggle='tooltip' data-placement='right' title='原始值：0.80534'>0.805</span>", "<span data-toggle='tooltip' data-placement='right' title='原始值：7.31189'>7.31</span>", "*", "*", "正常"], ["江苏省", "太湖流域", "<span data-toggle='tooltip' data-placement='right' title='所在地市:苏州市&#10;所属河流:太湖'>兰山嘴(老)</span>", "08-08 08:00", "劣Ⅴ", "<span data-toggle='tooltip' data-placement='right' title='原始值：30.75993'>30.8</span>", "<span data-toggle='tooltip' data-placement='right' title='原始值：6.93367'>6.93</span>", "<span data-toggle='tooltip' data-placement='right' title='原始值：0.34743'>0.35</span>", "<span data-toggle='tooltip' data-placement='right' title='原始值：290.5607'>290.6</span>", "<span data-toggle='tooltip' data-placement='right' title='原始值：19.45297'>19.5</span>", "<span data-toggle='tooltip' data-placement='right' title='原始值：4.31'>4.31</span>", "<span data-toggle='tooltip' data-placement='right' title='原始值：0.76'>0.760</span>", "<span data-toggle='tooltip' data-placement='right' title='原始值：0.19076'>0.191</span>", "<span data-toggle='tooltip' data-placement='right' title='原始值：1.44599'>1.45</span>", "*", "*", "正常"], ["江苏省", "太湖流域", "<span data-toggle='tooltip' data-placement='right' title='所在地市:苏州市&#10;所属河流:太湖'>西山</span>", "08-08 08:00", "Ⅳ", "<span data-toggle='tooltip' data-placement='right' title='原始值：31.16458'>31.2</span>", "<span data-toggle='tooltip' data-placement='right' title='原始值：8.05928'>8.06</span>", "<span data-toggle='tooltip' data-placement='right' title='原始值：6.88239'>6.88</span>", "<span data-toggle='tooltip' data-placement='right' title='原始值：267.4599'>267.5</span>", "<span data-toggle='tooltip' data-placement='right' title='原始值：39.75358'>39.8</span>", "<span data-toggle='tooltip' data-placement='right' title='原始值：1.74'>1.74</span>", "<span data-toggle='tooltip' data-placement='right' title='原始值：0.29'>0.290</span>", "<span data-toggle='tooltip' data-placement='right' title='原始值：0.0573'>0.057</span>", "<span data-toggle='tooltip' data-placement='right' title='原始值：0.5689'>0.57</span>", "*", "*", "正常"], ["江苏省", "淮河流域", "<span data-toggle='tooltip' data-placement='right' title='所在地市:连云港市&#10;所属河流:新沭河'>大兴桥</span>", null, "", "--", "--", "--", "--", "--", "--", "--", "--", "--", "*", "*", "停站"], ["江苏省", "淮河流域", "<span data-toggle='tooltip' data-placement='right' title='所在地市:淮安市&#10;所属河流:淮河'>淮河大桥</span>", null, "", "--", "--", "--", "--", "--", "--", "--", "--", "--", "*", "*", "停站"], ["江苏省", "长江流域", "<span data-toggle='tooltip' data-placement='right' title='所在地市:扬州市&#10;所属河流:夹江'>三江营</span>", "08-08 08:00", "Ⅳ", "<span data-toggle='tooltip' data-placement='right' title='原始值：30.36'>30.4</span>", "<span data-toggle='tooltip' data-placement='right' title='原始值：7.66'>7.66</span>", "<span data-toggle='tooltip' data-placement='right' title='原始值：5.4'>5.40</span>", "<span data-toggle='tooltip' data-placement='right' title='原始值：388.93'>388.9</span>", "<span data-toggle='tooltip' data-placement='right' title='原始值：117.77'>117.8</span>", "<span data-toggle='tooltip' data-placement='right' title='原始值：4.174'>4.17</span>", "<span data-toggle='tooltip' data-placement='right' title='原始值：1.088'>1.088</span>", "<span data-toggle='tooltip' data-placement='right' title='原始值：0.144'>0.144</span>", "<span data-toggle='tooltip' data-placement='right' title='原始值：1.914'>1.91</span>", "*", "*", "正常"], ["江苏省", "淮河流域", "<span data-toggle='tooltip' data-placement='right' title='所在地市:宿迁市&#10;所属河流:新濉河'>大屈</span>", "08-08 08:00", "Ⅳ", "<span data-toggle='tooltip' data-placement='right' title='原始值：28.7'>28.7</span>", "<span data-toggle='tooltip' data-placement='right' title='原始值：6.67'>6.67</span>", "<span data-toggle='tooltip' data-placement='right' title='原始值：4.94'>4.94</span>", "<span data-toggle='tooltip' data-placement='right' title='原始值：509.1'>509.1</span>", "<span data-toggle='tooltip' data-placement='right' title='原始值：207.01'>207.0</span>", "<span data-toggle='tooltip' data-placement='right' title='原始值：6.61'>6.61</span>", "<span data-toggle='tooltip' data-placement='right' title='原始值：0.21'>0.210</span>", "<span data-toggle='tooltip' data-placement='right' title='原始值：0.175'>0.175</span>", "<span data-toggle='tooltip' data-placement='right' title='原始值：2.417'>2.42</span>", "*", "*", "正常"], ["浙江省", "浙闽片河流", "<span data-toggle='tooltip' data-placement='right' title='所在地市:杭州市&#10;所属河流:新安江'>街口(鸠坑口)</span>", "08-08 08:00", "劣Ⅴ", "<span data-toggle='tooltip' data-placement='right' title='原始值：27.17'>27.2</span>", "<span data-toggle='tooltip' data-placement='right' title='原始值：9.14'>9.14</span>", "<span data-toggle='tooltip' data-placement='right' title='原始值：8.46'>8.46</span>", "<span data-toggle='tooltip' data-placement='right' title='原始值：126.81'>126.8</span>", "<span data-toggle='tooltip' data-placement='right' title='原始值：12.67'>12.7</span>", "<span data-toggle='tooltip' data-placement='right' title='原始值：2.204'>2.20</span>", "<span data-toggle='tooltip' data-placement='right' title='原始值：0.014'>0.014</span>", "<span data-toggle='tooltip' data-placement='right' title='原始值：0.06'>0.060</span>", "<span data-toggle='tooltip' data-placement='right' title='原始值：1.252'>1.25</span>", "*", "*", "正常"], ["浙江省", "太湖流域", "<span data-toggle='tooltip' data-placement='right' title='所在地市:嘉兴市&#10;所属河流:斜路港河'>斜路港</span>", "08-08 08:00", "Ⅳ", "<span data-toggle='tooltip' data-placement='right' title='原始值：30.5'>30.5</span>", "<span data-toggle='tooltip' data-placement='right' title='原始值：7.93'>7.93</span>", "<span data-toggle='tooltip' data-placement='right' title='原始值：3.93'>3.93</span>", "<span data-toggle='tooltip' data-placement='right' title='原始值：244'>244.0</span>", "<span data-toggle='tooltip' data-placement='right' title='原始值：47.9'>47.9</span>", "<span data-toggle='tooltip' data-placement='right' title='原始值：3.27'>3.27</span>", "<span data-toggle='tooltip' data-placement='right' title='原始值：0.03227'>0.032</span>", "<span data-toggle='tooltip' data-placement='right' title='原始值：0.06195'>0.062</span>", "<span data-toggle='tooltip' data-placement='right' title='原始值：1.50759'>1.51</span>", "*", "*", "正常"], ["浙江省", "太湖流域", "<span data-toggle='tooltip' data-placement='right' title='所在地市:嘉兴市&#10;所属河流:京杭运河'>王江泾</span>", null, "", "--", "--", "--", "--", "--", "--", "--", "--", "--", "*", "*", "停站"], ["浙江省", "太湖流域", "<span data-toggle='tooltip' data-placement='right' title='所在地市:湖州市&#10;所属河流:西苕溪'>新港口(新塘港)</span>", "08-08 08:00", "Ⅲ", "<span data-toggle='tooltip' data-placement='right' title='原始值：29.9465'>29.9</span>", "<span data-toggle='tooltip' data-placement='right' title='原始值：7.82929'>7.83</span>", "<span data-toggle='tooltip' data-placement='right' title='原始值：10.3276'>10.33</span>", "<span data-toggle='tooltip' data-placement='right' title='原始值：236.089'>236.1</span>", "<span data-toggle='tooltip' data-placement='right' title='原始值：150.682'>150.7</span>", "<span data-toggle='tooltip' data-placement='right' title='原始值：4.69111'>4.69</span>", "<span data-toggle='tooltip' data-placement='right' title='原始值：0.13298'>0.133</span>", "<span data-toggle='tooltip' data-placement='right' title='原始值：0.09063'>0.091</span>", "<span data-toggle='tooltip' data-placement='right' title='原始值：10.97429'>10.97</span>", "*", "*", "正常"], ["安徽省", "巢湖流域", "<span data-toggle='tooltip' data-placement='right' title='所在地市:合肥市&#10;所属河流:巢湖'>湖滨(老)</span>", "08-08 08:00", "Ⅳ", "<span data-toggle='tooltip' data-placement='right' title='原始值：30.85726'>30.9</span>", "<span data-toggle='tooltip' data-placement='right' title='原始值：8.17085'>8.17</span>", "<span data-toggle='tooltip' data-placement='right' title='原始值：8.01119'>8.01</span>", "<span data-toggle='tooltip' data-placement='right' title='原始值：217.8018'>217.8</span>", "<span data-toggle='tooltip' data-placement='right' title='原始值：73.66214'>73.7</span>", "<span data-toggle='tooltip' data-placement='right' title='原始值：7.28'>7.28</span>", "<span data-toggle='tooltip' data-placement='right' title='原始值：0.19'>0.190</span>", "<span data-toggle='tooltip' data-placement='right' title='原始值：0.0637'>0.064</span>", "<span data-toggle='tooltip' data-placement='right' title='原始值：1.113'>1.11</span>", "<span data-toggle='tooltip' data-placement='right' title='原始值：0.018'>0.018</span>", "*", "正常"], ["安徽省", "巢湖流域", "<span data-toggle='tooltip' data-placement='right' title='所在地市:芜湖市&#10;所属河流:巢湖'>裕溪口(老)</span>", null, "", "--", "--", "--", "--", "--", "--", "--", "--", "--", "*", "*", "停站"], ["安徽省", "淮河流域", "<span data-toggle='tooltip' data-placement='right' title='所在地市:蚌埠市&#10;所属河流:淮河'>蚌埠闸上(蚌埠闸)</span>", null, "", "--", "--", "--", "--", "--", "--", "--", "--", "--", "*", "*", "停站"], ["安徽省", "淮河流域", "<span data-toggle='tooltip' data-placement='right' title='所在地市:淮南市&#10;所属河流:淮河'>石头埠(老)</span>", "08-08 08:00", "", "<span data-toggle='tooltip' data-placement='right' title='原始值：26.89463'>26.9</span>", "<span data-toggle='tooltip' data-placement='right' title='极值过滤'>--</span>", "<span data-toggle='tooltip' data-placement='right' title='原始值：3.94847'>3.95</span>", "<span data-toggle='tooltip' data-placement='right' title='原始值：304.0678'>304.1</span>", "<span data-toggle='tooltip' data-placement='right' title='原始值：29.86326'>29.9</span>", "<span data-toggle='tooltip' data-placement='right' title='原始值：4.76'>4.76</span>", "<span data-toggle='tooltip' data-placement='right' title='原始值：0.1'>0.100</span>", "*", "*", "*", "*", "维护"], ["安徽省", "淮河流域", "<span data-toggle='tooltip' data-placement='right' title='所在地市:淮北市&#10;所属河流:沱河'>小王桥</span>", null, "", "--", "--", "--", "--", "--", "--", "--", "--", "--", "*", "*", "停站"], ["安徽省", "长江流域", "<span data-toggle='tooltip' data-placement='right' title='所在地市:安庆市&#10;所属河流:长江'>皖河口</span>", null, "", "--", "--", "--", "--", "--", "--", "--", "--", "--", "*", "*", "停站"], ["安徽省", "淮河流域", "<span data-toggle='tooltip' data-placement='right' title='所在地市:滁州市&#10;所属河流:淮河'>小柳巷</span>", null, "", "--", "--", "--", "--", "--", "--", "--", "--", "--", "*", "*", "停站"], ["安徽省", "淮河流域", "<span data-toggle='tooltip' data-placement='right' title='所在地市:阜阳市&#10;所属河流:黑茨河'>张大桥</span>", null, "", "--", "--", "--", "--", "--", "--", "--", "--", "--", "*", "*", "停站"], ["安徽省", "淮河流域", "<span data-toggle='tooltip' data-placement='right' title='所在地市:阜阳市&#10;所属河流:淮河'>王家坝</span>", null, "", "--", "--", "--", "--", "--", "--", "--", "--", "--", "*", "*", "停站"], ["安徽省", "淮河流域", "<span data-toggle='tooltip' data-placement='right' title='所在地市:阜阳市&#10;所属河流:颍河'>界首七渡口(七渡口)</span>", "08-08 08:00", "Ⅴ", "<span data-toggle='tooltip' data-placement='right' title='原始值：28.46426'>28.5</span>", "<span data-toggle='tooltip' data-placement='right' title='原始值：7.68508'>7.69</span>", "<span data-toggle='tooltip' data-placement='right' title='原始值：2.33366'>2.33</span>", "<span data-toggle='tooltip' data-placement='right' title='原始值：679.1838'>679.2</span>", "<span data-toggle='tooltip' data-placement='right' title='原始值：15.58745'>15.6</span>", "<span data-toggle='tooltip' data-placement='right' title='原始值：4.84'>4.84</span>", "<span data-toggle='tooltip' data-placement='right' title='原始值：0.12'>0.120</span>", "<span data-toggle='tooltip' data-placement='right' title='原始值：0.10613'>0.106</span>", "<span data-toggle='tooltip' data-placement='right' title='原始值：11.91976'>11.92</span>", "*", "*", "正常"], ["安徽省", "淮河流域", "<span data-toggle='tooltip' data-placement='right' title='所在地市:阜阳市&#10;所属河流:泉河'>许庄(徐庄)</span>", null, "", "--", "--", "--", "--", "--", "--", "--", "--", "--", "*", "*", "停站"], ["安徽省", "淮河流域", "<span data-toggle='tooltip' data-placement='right' title='所在地市:宿州市&#10;所属河流:奎河'>杨庄</span>", "08-08 08:00", "Ⅳ", "<span data-toggle='tooltip' data-placement='right' title='原始值：27.36'>27.4</span>", "<span data-toggle='tooltip' data-placement='right' title='原始值：7.39'>7.39</span>", "<span data-toggle='tooltip' data-placement='right' title='原始值：4.19'>4.19</span>", "<span data-toggle='tooltip' data-placement='right' title='原始值：479.9'>479.9</span>", "<span data-toggle='tooltip' data-placement='right' title='原始值：223.3'>223.3</span>", "<span data-toggle='tooltip' data-placement='right' title='原始值：8.4'>8.40</span>", "<span data-toggle='tooltip' data-placement='right' title='原始值：0.966'>0.966</span>", "*", "*", "*", "*", "正常"], ["安徽省", "淮河流域", "<span data-toggle='tooltip' data-placement='right' title='所在地市:宿州市&#10;所属河流:新汴河'>泗县公路桥</span>", null, "", "--", "--", "--", "--", "--", "--", "--", "*", "*", "*", "*", "维护"], ["安徽省", "淮河流域", "<span data-toggle='tooltip' data-placement='right' title='所在地市:亳州市&#10;所属河流:包河'>颜集</span>", "08-08 08:00", "Ⅴ", "<span data-toggle='tooltip' data-placement='right' title='原始值：26.4'>26.4</span>", "<span data-toggle='tooltip' data-placement='right' title='原始值：7.52'>7.52</span>", "<span data-toggle='tooltip' data-placement='right' title='原始值：5.44'>5.44</span>", "<span data-toggle='tooltip' data-placement='right' title='原始值：686.7'>686.7</span>", "<span data-toggle='tooltip' data-placement='right' title='原始值：365.52'>365.5</span>", "<span data-toggle='tooltip' data-placement='right' title='原始值：4.86'>4.86</span>", "<span data-toggle='tooltip' data-placement='right' title='原始值：1.63'>1.630</span>", "<span data-toggle='tooltip' data-placement='right' title='原始值：0.291'>0.291</span>", "<span data-toggle='tooltip' data-placement='right' title='原始值：3.704'>3.70</span>", "*", "*", "正常"], ["福建省", "浙闽片河流", "<span data-toggle='tooltip' data-placement='right' title='所在地市:福州市&#10;所属河流:闽江'>白岩潭</span>", "08-08 08:00", "Ⅲ", "<span data-toggle='tooltip' data-placement='right' title='原始值：30.14'>30.1</span>", "<span data-toggle='tooltip' data-placement='right' title='原始值：6.91'>6.91</span>", "<span data-toggle='tooltip' data-placement='right' title='原始值：5.38'>5.38</span>", "<span data-toggle='tooltip' data-placement='right' title='原始值：1444.5'>1444.5</span>", "<span data-toggle='tooltip' data-placement='right' title='原始值：124.09'>124.1</span>", "<span data-toggle='tooltip' data-placement='right' title='原始值：2.88'>2.88</span>", "<span data-toggle='tooltip' data-placement='right' title='原始值：0.1'>0.100</span>", "*", "*", "*", "*", "正常"], ["江西省", "长江流域", "<span data-toggle='tooltip' data-placement='right' title='所在地市:南昌市&#10;所属河流:赣江南支'>滁槎</span>", "08-08 08:00", "Ⅱ", "<span data-toggle='tooltip' data-placement='right' title='原始值：31.9321'>31.9</span>", "<span data-toggle='tooltip' data-placement='right' title='原始值：7.45813'>7.46</span>", "<span data-toggle='tooltip' data-placement='right' title='原始值：7.02407'>7.02</span>", "<span data-toggle='tooltip' data-placement='right' title='原始值：167.3475'>167.3</span>", "<span data-toggle='tooltip' data-placement='right' title='原始值：48.86153'>48.9</span>", "<span data-toggle='tooltip' data-placement='right' title='原始值：3.32'>3.32</span>", "<span data-toggle='tooltip' data-placement='right' title='原始值：0.24'>0.240</span>", "<span data-toggle='tooltip' data-placement='right' title='原始值：0.06525'>0.065</span>", "<span data-toggle='tooltip' data-placement='right' title='原始值：1.42'>1.42</span>", "*", "*", "正常"], ["江西省", "长江流域", "<span data-toggle='tooltip' data-placement='right' title='所在地市:九江市&#10;所属河流:长江'>姚港(河西水厂)</span>", "08-08 08:00", "", "<span data-toggle='tooltip' data-placement='right' title='原始值：28.11'>28.1</span>", "<span data-toggle='tooltip' data-placement='right' title='原始值：7.52'>7.52</span>", "<span data-toggle='tooltip' data-placement='right' title='原始值：6.51'>6.51</span>", "<span data-toggle='tooltip' data-placement='right' title='原始值：286.02'>286.0</span>", "<span data-toggle='tooltip' data-placement='right' title='原始值：54.29'>54.3</span>", "<span data-toggle='tooltip' data-placement='right' title='原始值：1.836'>1.84</span>", "<span data-toggle='tooltip' data-placement='right' title='极值过滤'>--</span>", "<span data-toggle='tooltip' data-placement='right' title='原始值：0.094'>0.094</span>", "<span data-toggle='tooltip' data-placement='right' title='原始值：1.14'>1.14</span>", "*", "*", "维护"], ["江西省", "长江流域", "<span data-toggle='tooltip' data-placement='right' title='所在地市:九江市&#10;所属河流:鄱阳湖'>蛤蟆石</span>", "08-08 08:00", "Ⅲ", "<span data-toggle='tooltip' data-placement='right' title='原始值：31.52'>31.5</span>", "<span data-toggle='tooltip' data-placement='right' title='原始值：6.84'>6.84</span>", "<span data-toggle='tooltip' data-placement='right' title='原始值：5.91'>5.91</span>", "<span data-toggle='tooltip' data-placement='right' title='原始值：96.64'>96.6</span>", "<span data-toggle='tooltip' data-placement='right' title='原始值：10.73'>10.7</span>", "<span data-toggle='tooltip' data-placement='right' title='原始值：1.677'>1.68</span>", "<span data-toggle='tooltip' data-placement='right' title='原始值：0.013'>0.013</span>", "<span data-toggle='tooltip' data-placement='right' title='原始值：0.0227'>0.023</span>", "<span data-toggle='tooltip' data-placement='right' title='原始值：0.772'>0.77</span>", "<span data-toggle='tooltip' data-placement='right' title='原始值：0.0094'>0.009</span>", "<span data-toggle='tooltip' data-placement='right' title='原始值：1164000'>1164000</span>", "正常"], ["山东省", "黄河流域", "<span data-toggle='tooltip' data-placement='right' title='所在地市:济南市&#10;所属河流:黄河'>泺口</span>", "08-08 08:00", "Ⅱ", "<span data-toggle='tooltip' data-placement='right' title='原始值：26.8356'>26.8</span>", "<span data-toggle='tooltip' data-placement='right' title='原始值：7.99911'>8.00</span>", "<span data-toggle='tooltip' data-placement='right' title='原始值：6.62458'>6.62</span>", "<span data-toggle='tooltip' data-placement='right' title='原始值：721.029'>721.0</span>", "<span data-toggle='tooltip' data-placement='right' title='原始值：2730.69'>2730.7</span>", "<span data-toggle='tooltip' data-placement='right' title='原始值：2.59'>2.59</span>", "<span data-toggle='tooltip' data-placement='right' title='原始值：0.04463'>0.045</span>", "<span data-toggle='tooltip' data-placement='right' title='原始值：0.02335'>0.023</span>", "<span data-toggle='tooltip' data-placement='right' title='原始值：3.416'>3.42</span>", "*", "*", "正常"], ["山东省", "淮河流域", "<span data-toggle='tooltip' data-placement='right' title='所在地市:枣庄市&#10;所属河流:京杭大运河（韩庄运河）'>台儿庄大桥</span>", null, "", "--", "--", "--", "--", "--", "--", "--", "--", "--", "*", "*", "维护"], ["山东省", "淮河流域", "<span data-toggle='tooltip' data-placement='right' title='所在地市:临沂市&#10;所属河流:沭河'>清泉寺</span>", null, "", "--", "--", "--", "--", "--", "--", "--", "--", "--", "*", "*", "停站"], ["山东省", "淮河流域", "<span data-toggle='tooltip' data-placement='right' title='所在地市:临沂市&#10;所属河流:沂河'>重坊桥</span>", null, "", "--", "--", "--", "--", "--", "--", "--", "--", "--", "*", "*", "停站"], ["山东省", "淮河流域", "<span data-toggle='tooltip' data-placement='right' title='所在地市:临沂市&#10;所属河流:白马河'>捷庄(涝沟桥)</span>", "08-08 08:00", "劣Ⅴ", "<span data-toggle='tooltip' data-placement='right' title='原始值：27.59995'>27.6</span>", "<span data-toggle='tooltip' data-placement='right' title='原始值：7.29'>7.29</span>", "<span data-toggle='tooltip' data-placement='right' title='原始值：5.72031'>5.72</span>", "<span data-toggle='tooltip' data-placement='right' title='原始值：610.9688'>611.0</span>", "<span data-toggle='tooltip' data-placement='right' title='原始值：36.90932'>36.9</span>", "<span data-toggle='tooltip' data-placement='right' title='原始值：5.73'>5.73</span>", "<span data-toggle='tooltip' data-placement='right' title='原始值：0.55715'>0.557</span>", "<span data-toggle='tooltip' data-placement='right' title='原始值：0.57854'>0.579</span>", "<span data-toggle='tooltip' data-placement='right' title='原始值：4.72396'>4.72</span>", "*", "*", "正常"], ["山东省", "海河流域", "<span data-toggle='tooltip' data-placement='right' title='所在地市:聊城市&#10;所属河流:卫运河'>秤勾湾(秤钩湾)</span>", "08-08 08:00", "劣Ⅴ", "<span data-toggle='tooltip' data-placement='right' title='原始值：25'>25.0</span>", "<span data-toggle='tooltip' data-placement='right' title='原始值：7.39'>7.39</span>", "<span data-toggle='tooltip' data-placement='right' title='原始值：1.71984'>1.72</span>", "<span data-toggle='tooltip' data-placement='right' title='原始值：1032.5'>1032.5</span>", "<span data-toggle='tooltip' data-placement='right' title='原始值：29.3158'>29.3</span>", "<span data-toggle='tooltip' data-placement='right' title='原始值：7.58'>7.58</span>", "<span data-toggle='tooltip' data-placement='right' title='原始值：0.29104'>0.291</span>", "<span data-toggle='tooltip' data-placement='right' title='原始值：0.26875'>0.269</span>", "<span data-toggle='tooltip' data-placement='right' title='原始值：4.66049'>4.66</span>", "*", "*", "正常"], ["河南省", "长江流域", "<span data-toggle='tooltip' data-placement='right' title='所在地市:南阳市&#10;所属河流:丹江口水库'>陶岔</span>", "08-08 08:00", "Ⅱ", "<span data-toggle='tooltip' data-placement='right' title='原始值：28.17'>28.2</span>", "<span data-toggle='tooltip' data-placement='right' title='原始值：8.25549'>8.26</span>", "<span data-toggle='tooltip' data-placement='right' title='原始值：8.64532'>8.65</span>", "<span data-toggle='tooltip' data-placement='right' title='原始值：292.738'>292.7</span>", "<span data-toggle='tooltip' data-placement='right' title='原始值：1.6297'>1.6</span>", "<span data-toggle='tooltip' data-placement='right' title='原始值：2.7'>2.70</span>", "<span data-toggle='tooltip' data-placement='right' title='原始值：0.04977'>0.050</span>", "<span data-toggle='tooltip' data-placement='right' title='原始值：0.00971'>0.010</span>", "<span data-toggle='tooltip' data-placement='right' title='原始值：0.72352'>0.72</span>", "<span data-toggle='tooltip' data-placement='right' title='原始值：0.0021'>0.002</span>", "<span data-toggle='tooltip' data-placement='right' title='原始值：1014259'>1014259</span>", "正常"], ["河南省", "淮河流域", "<span data-toggle='tooltip' data-placement='right' title='所在地市:商丘市&#10;所属河流:浍河'>黄口</span>", "08-08 08:00", "Ⅳ", "<span data-toggle='tooltip' data-placement='right' title='原始值：29.175'>29.2</span>", "<span data-toggle='tooltip' data-placement='right' title='原始值：7.4925'>7.49</span>", "<span data-toggle='tooltip' data-placement='right' title='原始值：4.3525'>4.35</span>", "<span data-toggle='tooltip' data-placement='right' title='原始值：1408.25'>1408.2</span>", "<span data-toggle='tooltip' data-placement='right' title='原始值：24.22726'>24.2</span>", "<span data-toggle='tooltip' data-placement='right' title='原始值：6.09'>6.09</span>", "<span data-toggle='tooltip' data-placement='right' title='原始值：0.40596'>0.406</span>", "<span data-toggle='tooltip' data-placement='right' title='原始值：0.2872'>0.287</span>", "<span data-toggle='tooltip' data-placement='right' title='原始值：3.99774'>4.00</span>", "*", "*", "正常"], ["河南省", "淮河流域", "<span data-toggle='tooltip' data-placement='right' title='所在地市:信阳市&#10;所属河流:史灌河'>蒋集</span>", null, "", "--", "--", "--", "--", "--", "--", "--", "--", "--", "*", "*", "停站"], ["河南省", "淮河流域", "<span data-toggle='tooltip' data-placement='right' title='所在地市:信阳市&#10;所属河流:淮河'>淮滨水文站(淮滨)</span>", null, "", "--", "--", "--", "--", "--", "--", "--", "--", "--", "*", "*", "停站"], ["河南省", "淮河流域", "<span data-toggle='tooltip' data-placement='right' title='所在地市:周口市&#10;所属河流:沙河'>沈丘闸</span>", "08-08 08:00", "Ⅳ", "<span data-toggle='tooltip' data-placement='right' title='原始值：27.38883'>27.4</span>", "<span data-toggle='tooltip' data-placement='right' title='原始值：7.00127'>7.00</span>", "<span data-toggle='tooltip' data-placement='right' title='原始值：3.05786'>3.06</span>", "<span data-toggle='tooltip' data-placement='right' title='原始值：902.6545'>902.7</span>", "<span data-toggle='tooltip' data-placement='right' title='原始值：18.365'>18.4</span>", "<span data-toggle='tooltip' data-placement='right' title='原始值：4.105'>4.10</span>", "<span data-toggle='tooltip' data-placement='right' title='原始值：0.02'>0.020</span>", "*", "*", "*", "*", "正常"], ["河南省", "淮河流域", "<span data-toggle='tooltip' data-placement='right' title='所在地市:周口市&#10;所属河流:涡河'>鹿邑付桥(鹿邑付桥闸)</span>", "08-08 08:00", "Ⅴ", "<span data-toggle='tooltip' data-placement='right' title='原始值：26.72694'>26.7</span>", "<span data-toggle='tooltip' data-placement='right' title='原始值：8.06338'>8.06</span>", "<span data-toggle='tooltip' data-placement='right' title='原始值：2.17046'>2.17</span>", "<span data-toggle='tooltip' data-placement='right' title='原始值：1176.913'>1176.9</span>", "<span data-toggle='tooltip' data-placement='right' title='原始值：9.29625'>9.3</span>", "<span data-toggle='tooltip' data-placement='right' title='原始值：6.055'>6.06</span>", "<span data-toggle='tooltip' data-placement='right' title='原始值：0.27'>0.270</span>", "<span data-toggle='tooltip' data-placement='right' title='原始值：0.3253'>0.325</span>", "<span data-toggle='tooltip' data-placement='right' title='原始值：1.82055'>1.82</span>", "*", "*", "正常"], ["河南省", "淮河流域", "<span data-toggle='tooltip' data-placement='right' title='所在地市:驻马店市&#10;所属河流:洪河'>新蔡班台(班台)</span>", "08-08 08:00", "劣Ⅴ", "<span data-toggle='tooltip' data-placement='right' title='原始值：27.19561'>27.2</span>", "<span data-toggle='tooltip' data-placement='right' title='原始值：6.74424'>6.74</span>", "<span data-toggle='tooltip' data-placement='right' title='原始值：5.67903'>5.68</span>", "<span data-toggle='tooltip' data-placement='right' title='原始值：560.884'>560.9</span>", "<span data-toggle='tooltip' data-placement='right' title='原始值：227.7443'>227.7</span>", "<span data-toggle='tooltip' data-placement='right' title='原始值：6.355'>6.36</span>", "<span data-toggle='tooltip' data-placement='right' title='原始值：0.07'>0.070</span>", "<span data-toggle='tooltip' data-placement='right' title='原始值：0.64751'>0.648</span>", "<span data-toggle='tooltip' data-placement='right' title='原始值：5.65286'>5.65</span>", "*", "*", "正常"], ["河南省", "黄河流域", "<span data-toggle='tooltip' data-placement='right' title='所在地市:济源市&#10;所属河流:黄河'>小浪底水库(小浪底)</span>", null, "", "--", "--", "--", "--", "--", "--", "--", "--", "--", "*", "*", "停站"], ["湖北省", "长江流域", "<span data-toggle='tooltip' data-placement='right' title='所在地市:武汉市&#10;所属河流:汉江'>宗关</span>", null, "", "--", "--", "--", "--", "--", "--", "--", "--", "--", "*", "*", "停站"], ["湖北省", "长江流域", "<span data-toggle='tooltip' data-placement='right' title='所在地市:十堰市&#10;所属河流:丹江口水库'>坝上中(胡家岭)</span>", null, "", "--", "--", "--", "--", "--", "--", "--", "--", "--", "--", "--", "停站"], ["湖北省", "长江流域", "<span data-toggle='tooltip' data-placement='right' title='所在地市:宜昌市&#10;所属河流:长江'>南津关</span>", null, "", "--", "--", "--", "--", "--", "--", "--", "--", "--", "*", "*", "维护"], ["湖南省", "长江流域", "<span data-toggle='tooltip' data-placement='right' title='所在地市:长沙市&#10;所属河流:湘江'>新港</span>", "08-08 08:00", "Ⅳ", "<span data-toggle='tooltip' data-placement='right' title='原始值：28.59'>28.6</span>", "<span data-toggle='tooltip' data-placement='right' title='原始值：7.15'>7.15</span>", "<span data-toggle='tooltip' data-placement='right' title='原始值：4.11'>4.11</span>", "<span data-toggle='tooltip' data-placement='right' title='原始值：237'>237.0</span>", "<span data-toggle='tooltip' data-placement='right' title='原始值：22.17'>22.2</span>", "<span data-toggle='tooltip' data-placement='right' title='原始值：1.88'>1.88</span>", "<span data-toggle='tooltip' data-placement='right' title='原始值：0.018'>0.018</span>", "<span data-toggle='tooltip' data-placement='right' title='原始值：0.044'>0.044</span>", "<span data-toggle='tooltip' data-placement='right' title='原始值：1.48'>1.48</span>", "*", "*", "正常"], ["湖南省", "长江流域", "<span data-toggle='tooltip' data-placement='right' title='所在地市:岳阳市&#10;所属河流:洞庭湖'>岳阳楼</span>", "08-08 08:00", "Ⅳ", "<span data-toggle='tooltip' data-placement='right' title='原始值：28.78'>28.8</span>", "<span data-toggle='tooltip' data-placement='right' title='原始值：7.64192'>7.64</span>", "<span data-toggle='tooltip' data-placement='right' title='原始值：5.230725'>5.23</span>", "<span data-toggle='tooltip' data-placement='right' title='原始值：269.105'>269.1</span>", "<span data-toggle='tooltip' data-placement='right' title='原始值：16.39489'>16.4</span>", "<span data-toggle='tooltip' data-placement='right' title='原始值：2.32'>2.32</span>", "<span data-toggle='tooltip' data-placement='right' title='原始值：0.002'>0.002</span>", "<span data-toggle='tooltip' data-placement='right' title='原始值：0.068'>0.068</span>", "<span data-toggle='tooltip' data-placement='right' title='原始值：2.216'>2.22</span>", "--", "--", "维护"], ["湖南省", "长江流域", "<span data-toggle='tooltip' data-placement='right' title='所在地市:岳阳市&#10;所属河流:长江'>城陵矶</span>", "08-08 08:00", "Ⅲ", "<span data-toggle='tooltip' data-placement='right' title='原始值：29.61'>29.6</span>", "<span data-toggle='tooltip' data-placement='right' title='原始值：7.544553'>7.54</span>", "<span data-toggle='tooltip' data-placement='right' title='原始值：7.341433'>7.34</span>", "<span data-toggle='tooltip' data-placement='right' title='原始值：305.775'>305.8</span>", "<span data-toggle='tooltip' data-placement='right' title='原始值：68.16307'>68.2</span>", "<span data-toggle='tooltip' data-placement='right' title='原始值：2.74'>2.74</span>", "<span data-toggle='tooltip' data-placement='right' title='原始值：0.002'>0.002</span>", "<span data-toggle='tooltip' data-placement='right' title='原始值：0.166'>0.166</span>", "<span data-toggle='tooltip' data-placement='right' title='原始值：1.2736'>1.27</span>", "*", "--", "维护"], ["广东省", "珠江流域", "<span data-toggle='tooltip' data-placement='right' title='所在地市:清远市&#10;所属河流:北江'>七星岗</span>", "08-08 08:00", "Ⅲ", "<span data-toggle='tooltip' data-placement='right' title='原始值：29.38847'>29.4</span>", "<span data-toggle='tooltip' data-placement='right' title='原始值：7.69038'>7.69</span>", "<span data-toggle='tooltip' data-placement='right' title='原始值：5.16482'>5.16</span>", "<span data-toggle='tooltip' data-placement='right' title='原始值：176.8539'>176.9</span>", "<span data-toggle='tooltip' data-placement='right' title='原始值：10.15664'>10.2</span>", "<span data-toggle='tooltip' data-placement='right' title='原始值：2.37'>2.37</span>", "<span data-toggle='tooltip' data-placement='right' title='原始值：0.17166'>0.172</span>", "<span data-toggle='tooltip' data-placement='right' title='原始值：0.00846'>0.008</span>", "<span data-toggle='tooltip' data-placement='right' title='原始值：1.3631'>1.36</span>", "*", "*", "正常"], ["广东省", "珠江流域", "<span data-toggle='tooltip' data-placement='right' title='所在地市:中山市&#10;所属河流:西江'>横栏</span>", "08-08 08:00", "Ⅱ", "<span data-toggle='tooltip' data-placement='right' title='原始值：27.5'>27.5</span>", "<span data-toggle='tooltip' data-placement='right' title='原始值：7.99'>7.99</span>", "<span data-toggle='tooltip' data-placement='right' title='原始值：7.5'>7.50</span>", "<span data-toggle='tooltip' data-placement='right' title='原始值：258'>258.0</span>", "<span data-toggle='tooltip' data-placement='right' title='原始值：74.2'>74.2</span>", "<span data-toggle='tooltip' data-placement='right' title='原始值：3.08'>3.08</span>", "<span data-toggle='tooltip' data-placement='right' title='原始值：0.14398'>0.144</span>", "*", "*", "*", "*", "正常"], ["广西壮族自治区", "珠江流域", "<span data-toggle='tooltip' data-placement='right' title='所在地市:南宁市&#10;所属河流:邕江'>老口</span>", "08-08 08:00", "Ⅲ", "<span data-toggle='tooltip' data-placement='right' title='原始值：29.26361'>29.3</span>", "<span data-toggle='tooltip' data-placement='right' title='原始值：7.54457'>7.54</span>", "<span data-toggle='tooltip' data-placement='right' title='原始值：5.84242'>5.84</span>", "<span data-toggle='tooltip' data-placement='right' title='原始值：297.0762'>297.1</span>", "<span data-toggle='tooltip' data-placement='right' title='原始值：10.20143'>10.2</span>", "<span data-toggle='tooltip' data-placement='right' title='原始值：2.40844'>2.41</span>", "<span data-toggle='tooltip' data-placement='right' title='原始值：0.08858'>0.089</span>", "<span data-toggle='tooltip' data-placement='right' title='原始值：0.0251'>0.025</span>", "<span data-toggle='tooltip' data-placement='right' title='原始值：1.90895'>1.91</span>", "*", "*", "正常"], ["广西壮族自治区", "珠江流域", "<span data-toggle='tooltip' data-placement='right' title='所在地市:桂林市&#10;所属河流:漓江'>阳朔</span>", "08-08 08:00", "Ⅱ", "<span data-toggle='tooltip' data-placement='right' title='原始值：29.49922'>29.5</span>", "<span data-toggle='tooltip' data-placement='right' title='原始值：7.78992'>7.79</span>", "<span data-toggle='tooltip' data-placement='right' title='原始值：6.96008'>6.96</span>", "<span data-toggle='tooltip' data-placement='right' title='原始值：209'>209.0</span>", "<span data-toggle='tooltip' data-placement='right' title='原始值：20.0502'>20.1</span>", "<span data-toggle='tooltip' data-placement='right' title='原始值：2.11781'>2.12</span>", "<span data-toggle='tooltip' data-placement='right' title='原始值：0.02913'>0.029</span>", "<span data-toggle='tooltip' data-placement='right' title='原始值：0.00688'>0.007</span>", "<span data-toggle='tooltip' data-placement='right' title='原始值：1.39271'>1.39</span>", "*", "*", "正常"], ["广西壮族自治区", "珠江流域", "<span data-toggle='tooltip' data-placement='right' title='所在地市:梧州市&#10;所属河流:浔江'>界首</span>", null, "", "--", "--", "--", "--", "--", "--", "--", "--", "--", "*", "*", "停站"], ["广西壮族自治区", "珠江流域", "<span data-toggle='tooltip' data-placement='right' title='所在地市:贵港市&#10;所属河流:浔江'>石嘴</span>", null, "", "--", "--", "--", "--", "--", "--", "--", "--", "--", "*", "*", "维护"], ["广西壮族自治区", "珠江流域", "<span data-toggle='tooltip' data-placement='right' title='所在地市:崇左市&#10;所属河流:平而河'>平而关</span>", "08-08 08:00", "Ⅲ", "<span data-toggle='tooltip' data-placement='right' title='原始值：28.45674'>28.5</span>", "<span data-toggle='tooltip' data-placement='right' title='原始值：7.54826'>7.55</span>", "<span data-toggle='tooltip' data-placement='right' title='原始值：5.59587'>5.60</span>", "<span data-toggle='tooltip' data-placement='right' title='原始值：223.4038'>223.4</span>", "<span data-toggle='tooltip' data-placement='right' title='原始值：155.0252'>155.0</span>", "<span data-toggle='tooltip' data-placement='right' title='原始值：2.44'>2.44</span>", "<span data-toggle='tooltip' data-placement='right' title='原始值：0.07'>0.070</span>", "*", "*", "*", "*", "正常"], ["重庆市", "长江流域", "<span data-toggle='tooltip' data-placement='right' title='所在地市:永川区&#10;所属河流:长江'>朱沱</span>", null, "", "--", "--", "--", "--", "--", "--", "--", "--", "--", "*", "*", "停站"], ["四川省", "长江流域", "<span data-toggle='tooltip' data-placement='right' title='所在地市:攀枝花市&#10;所属河流:金沙江'>龙洞</span>", null, "", "--", "--", "--", "--", "--", "--", "--", "--", "--", "*", "*", "停站"], ["四川省", "长江流域", "<span data-toggle='tooltip' data-placement='right' title='所在地市:泸州市&#10;所属河流:沱江'>沱江大桥(沱江二桥)</span>", "08-08 08:00", "Ⅲ", "<span data-toggle='tooltip' data-placement='right' title='原始值：29.86'>29.9</span>", "<span data-toggle='tooltip' data-placement='right' title='原始值：7.992078'>7.99</span>", "<span data-toggle='tooltip' data-placement='right' title='原始值：6.84516'>6.85</span>", "<span data-toggle='tooltip' data-placement='right' title='原始值：438.876'>438.9</span>", "<span data-toggle='tooltip' data-placement='right' title='原始值：80.41602'>80.4</span>", "<span data-toggle='tooltip' data-placement='right' title='原始值：4.05'>4.05</span>", "<span data-toggle='tooltip' data-placement='right' title='原始值：0.003'>0.003</span>", "<span data-toggle='tooltip' data-placement='right' title='原始值：0.179841'>0.180</span>", "<span data-toggle='tooltip' data-placement='right' title='原始值：4.959659'>4.96</span>", "*", "*", "正常"], ["四川省", "长江流域", "<span data-toggle='tooltip' data-placement='right' title='所在地市:广元市&#10;所属河流:嘉陵江'>清风峡</span>", null, "", "--", "--", "--", "--", "--", "--", "--", "--", "--", "*", "*", "停站"], ["四川省", "长江流域", "<span data-toggle='tooltip' data-placement='right' title='所在地市:乐山市&#10;所属河流:岷江'>岷江大桥</span>", "08-08 08:00", "Ⅳ", "<span data-toggle='tooltip' data-placement='right' title='原始值：26.20006'>26.2</span>", "<span data-toggle='tooltip' data-placement='right' title='原始值：7.19559'>7.20</span>", "<span data-toggle='tooltip' data-placement='right' title='原始值：7.08517'>7.09</span>", "<span data-toggle='tooltip' data-placement='right' title='原始值：312.6121'>312.6</span>", "<span data-toggle='tooltip' data-placement='right' title='原始值：977.0833'>977.1</span>", "<span data-toggle='tooltip' data-placement='right' title='原始值：6.26'>6.26</span>", "<span data-toggle='tooltip' data-placement='right' title='原始值：0.31'>0.310</span>", "*", "*", "*", "*", "正常"], ["四川省", "长江流域", "<span data-toggle='tooltip' data-placement='right' title='所在地市:宜宾市&#10;所属河流:岷江'>凉姜沟</span>", "08-08 08:00", "Ⅳ", "<span data-toggle='tooltip' data-placement='right' title='原始值：24.07'>24.1</span>", "<span data-toggle='tooltip' data-placement='right' title='原始值：7.947384'>7.95</span>", "<span data-toggle='tooltip' data-placement='right' title='原始值：8.384288'>8.38</span>", "<span data-toggle='tooltip' data-placement='right' title='原始值：229.0608'>229.1</span>", "<span data-toggle='tooltip' data-placement='right' title='原始值：828.1302'>828.1</span>", "<span data-toggle='tooltip' data-placement='right' title='原始值：6.79'>6.79</span>", "<span data-toggle='tooltip' data-placement='right' title='原始值：0.001'>0.001</span>", "<span data-toggle='tooltip' data-placement='right' title='原始值：0.164'>0.164</span>", "<span data-toggle='tooltip' data-placement='right' title='原始值：11.9735'>11.97</span>", "*", "*", "正常"], ["云南省", "滇池流域", "<span data-toggle='tooltip' data-placement='right' title='所在地市:昆明市&#10;所属河流:滇池'>西苑隧道</span>", null, "", "--", "--", "--", "--", "--", "--", "--", "--", "--", "--", "--", "停站"], ["云南省", "滇池流域", "<span data-toggle='tooltip' data-placement='right' title='所在地市:昆明市&#10;所属河流:滇池'>观音山</span>", "08-08 08:00", "Ⅴ", "<span data-toggle='tooltip' data-placement='right' title='原始值：25.02502'>25.0</span>", "<span data-toggle='tooltip' data-placement='right' title='原始值：7.16398'>7.16</span>", "<span data-toggle='tooltip' data-placement='right' title='原始值：6.43017'>6.43</span>", "<span data-toggle='tooltip' data-placement='right' title='原始值：423.0553'>423.1</span>", "<span data-toggle='tooltip' data-placement='right' title='原始值：49.62947'>49.6</span>", "<span data-toggle='tooltip' data-placement='right' title='原始值：10.11817'>10.12</span>", "<span data-toggle='tooltip' data-placement='right' title='原始值：0.24'>0.240</span>", "<span data-toggle='tooltip' data-placement='right' title='原始值：0.135'>0.135</span>", "<span data-toggle='tooltip' data-placement='right' title='原始值：1.814'>1.81</span>", "<span data-toggle='tooltip' data-placement='right' title='原始值：0.04157'>0.042</span>", "<span data-toggle='tooltip' data-placement='right' title='原始值：7699782'>7699782</span>", "正常"], ["云南省", "西南诸河", "<span data-toggle='tooltip' data-placement='right' title='所在地市:红河哈尼族彝族自治州&#10;所属河流:红河'>河口县医院(河口)</span>", "08-08 08:00", "Ⅳ", "<span data-toggle='tooltip' data-placement='right' title='原始值：25.93124'>25.9</span>", "<span data-toggle='tooltip' data-placement='right' title='原始值：7.11298'>7.11</span>", "<span data-toggle='tooltip' data-placement='right' title='原始值：7.55312'>7.55</span>", "<span data-toggle='tooltip' data-placement='right' title='原始值：150.9966'>151.0</span>", "<span data-toggle='tooltip' data-placement='right' title='原始值：152.6707'>152.7</span>", "<span data-toggle='tooltip' data-placement='right' title='原始值：3.96154'>3.96</span>", "<span data-toggle='tooltip' data-placement='right' title='原始值：0.69024'>0.690</span>", "<span data-toggle='tooltip' data-placement='right' title='原始值：0.20592'>0.206</span>", "<span data-toggle='tooltip' data-placement='right' title='原始值：1.76867'>1.77</span>", "*", "*", "正常"], ["云南省", "西南诸河", "<span data-toggle='tooltip' data-placement='right' title='所在地市:西双版纳傣族自治州&#10;所属河流:澜沧江'>橄榄坝</span>", "08-08 08:00", "Ⅱ", "<span data-toggle='tooltip' data-placement='right' title='原始值：19.53527'>19.5</span>", "<span data-toggle='tooltip' data-placement='right' title='原始值：7.56206'>7.56</span>", "<span data-toggle='tooltip' data-placement='right' title='原始值：6.31758'>6.32</span>", "<span data-toggle='tooltip' data-placement='right' title='原始值：588.7415'>588.7</span>", "<span data-toggle='tooltip' data-placement='right' title='原始值：137.6519'>137.7</span>", "<span data-toggle='tooltip' data-placement='right' title='原始值：1.36'>1.36</span>", "<span data-toggle='tooltip' data-placement='right' title='原始值：0.1019'>0.102</span>", "*", "*", "*", "*", "正常"], ["陕西省", "黄河流域", "<span data-toggle='tooltip' data-placement='right' title='所在地市:渭南市&#10;所属河流:渭河'>潼关吊桥</span>", null, "", "--", "--", "--", "--", "--", "--", "--", "--", "--", "*", "*", "停站"], ["甘肃省", "黄河流域", "<span data-toggle='tooltip' data-placement='right' title='所在地市:兰州市&#10;所属河流:黄河'>新城桥</span>", "08-08 08:00", "Ⅱ", "<span data-toggle='tooltip' data-placement='right' title='原始值：17.69876'>17.7</span>", "<span data-toggle='tooltip' data-placement='right' title='原始值：7.32535'>7.33</span>", "<span data-toggle='tooltip' data-placement='right' title='原始值：7.90304'>7.90</span>", "<span data-toggle='tooltip' data-placement='right' title='原始值：397.1002'>397.1</span>", "<span data-toggle='tooltip' data-placement='right' title='原始值：390.0231'>390.0</span>", "<span data-toggle='tooltip' data-placement='right' title='原始值：3.34'>3.34</span>", "<span data-toggle='tooltip' data-placement='right' title='原始值：0.2'>0.200</span>", "<span data-toggle='tooltip' data-placement='right' title='原始值：0.06689'>0.067</span>", "<span data-toggle='tooltip' data-placement='right' title='原始值：4.52924'>4.53</span>", "*", "*", "正常"], ["宁夏回族自治区", "黄河流域", "<span data-toggle='tooltip' data-placement='right' title='所在地市:中卫市&#10;所属河流:黄河'>中卫下河沿(新墩)</span>", "08-08 08:00", "Ⅴ", "<span data-toggle='tooltip' data-placement='right' title='原始值：22.64544'>22.6</span>", "<span data-toggle='tooltip' data-placement='right' title='原始值：7.41806'>7.42</span>", "<span data-toggle='tooltip' data-placement='right' title='原始值：7.57784'>7.58</span>", "<span data-toggle='tooltip' data-placement='right' title='原始值：587.0543'>587.1</span>", "<span data-toggle='tooltip' data-placement='right' title='原始值：600.9054'>600.9</span>", "<span data-toggle='tooltip' data-placement='right' title='原始值：5.13'>5.13</span>", "<span data-toggle='tooltip' data-placement='right' title='原始值：0.11'>0.110</span>", "<span data-toggle='tooltip' data-placement='right' title='原始值：0.3043'>0.304</span>", "<span data-toggle='tooltip' data-placement='right' title='原始值：6.038'>6.04</span>", "*", "*", "正常"]]}