{"result": 1, "total": 1, "records": 98, "thead": ["省份", "流域", "断面名称", "监测时间", "水质类别", "水温<br/><span class='unit'>(℃)</span>", "pH<br/><span class='unit'>(无量纲)</span>", "溶解氧<br/><span class='unit'>(mg/L)</span>", "电导率<br/><span class='unit'>(μS/cm)</span>", "浊度<br/><span class='unit'>(NTU)</span>", "高锰酸盐指数<br/><span class='unit'>(mg/L)</span>", "氨氮<br/><span class='unit'>(mg/L)</span>", "总磷<br/><span class='unit'>(mg/L)</span>", "总氮<br/><span class='unit'>(mg/L)</span>", "叶绿素α<br/><span class='unit'>(mg/L)</span>", "藻密度<br/><span class='unit'>(cells/L)</span>", "站点情况"], "tbody": [["北京市", "海河流域", "<span data-toggle='tooltip' data-placement='right' title='所在地市:门头沟区&#10;所属河流:永定河'>沿河城</span>", "08-21 08:00", "Ⅳ", "<span data-toggle='tooltip' data-placement='right' title='原始值：23.14989'>23.1</span>", "<span data-toggle='tooltip' data-placement='right' title='原始值：8.3038'>8.30</span>", "<span data-toggle='tooltip' data-placement='right' title='原始值：7.88282'>7.88</span>", "<span data-toggle='tooltip' data-placement='right' title='原始值：1426.639'>1426.6</span>", "<span data-toggle='tooltip' data-placement='right' title='原始值：45.46402'>45.5</span>", "<span data-toggle='tooltip' data-placement='right' title='原始值：6.495'>6.50</span>", "<span data-toggle='tooltip' data-placement='right' title='原始值：0.16'>0.160</span>", "<span data-toggle='tooltip' data-placement='right' title='原始值：0.06895'>0.069</span>", "<span data-toggle='tooltip' data-placement='right' title='原始值：1.32155'>1.32</span>", "*", "*", "正常"], ["北京市", "海河流域", "<span data-toggle='tooltip' data-placement='right' title='所在地市:密云区&#10;所属河流:潮河'>古北口</span>", "08-21 08:00", "", "<span data-toggle='tooltip' data-placement='right' title='原始值：23.02214'>23.0</span>", "<span data-toggle='tooltip' data-placement='right' title='原始值：7.2995'>7.30</span>", "<span data-toggle='tooltip' data-placement='right' title='原始值：7.04138'>7.04</span>", "<span data-toggle='tooltip' data-placement='right' title='原始值：627.0226'>627.0</span>", "<span data-toggle='tooltip' data-placement='right' title='原始值：5.16983'>5.2</span>", "<span data-toggle='tooltip' data-placement='right' title='原始值：2.6125'>2.61</span>", "<span data-toggle='tooltip' data-placement='right' title='原始值：0.23'>0.230</span>", "<span data-toggle='tooltip' data-placement='right' title='极值过滤'>--</span>", "<span data-toggle='tooltip' data-placement='right' title='原始值：4.686'>4.69</span>", "*", "*", "维护"], ["天津市", "海河流域", "<span data-toggle='tooltip' data-placement='right' title='所在地市:河北区&#10;所属河流:海河'>三岔口</span>", "08-21 08:00", "Ⅳ", "<span data-toggle='tooltip' data-placement='right' title='原始值：27.4588'>27.5</span>", "<span data-toggle='tooltip' data-placement='right' title='原始值：7.3682'>7.37</span>", "<span data-toggle='tooltip' data-placement='right' title='原始值：4.839'>4.84</span>", "<span data-toggle='tooltip' data-placement='right' title='原始值：283.1458'>283.1</span>", "<span data-toggle='tooltip' data-placement='right' title='原始值：10.188'>10.2</span>", "<span data-toggle='tooltip' data-placement='right' title='原始值：2.37'>2.37</span>", "<span data-toggle='tooltip' data-placement='right' title='原始值：0.22'>0.220</span>", "<span data-toggle='tooltip' data-placement='right' title='原始值：0.0091'>0.009</span>", "<span data-toggle='tooltip' data-placement='right' title='原始值：1.2281'>1.23</span>", "*", "*", "正常"], ["天津市", "海河流域", "<span data-toggle='tooltip' data-placement='right' title='所在地市:蓟州区&#10;所属河流:果河'>果河桥</span>", "08-21 08:00", "Ⅱ", "<span data-toggle='tooltip' data-placement='right' title='原始值：26.1'>26.1</span>", "<span data-toggle='tooltip' data-placement='right' title='原始值：8.071'>8.07</span>", "<span data-toggle='tooltip' data-placement='right' title='原始值：8.288'>8.29</span>", "<span data-toggle='tooltip' data-placement='right' title='原始值：686.049'>686.0</span>", "<span data-toggle='tooltip' data-placement='right' title='原始值：5.235'>5.2</span>", "<span data-toggle='tooltip' data-placement='right' title='原始值：2.5711'>2.57</span>", "<span data-toggle='tooltip' data-placement='right' title='原始值：0.22'>0.220</span>", "<span data-toggle='tooltip' data-placement='right' title='原始值：0.0619'>0.062</span>", "<span data-toggle='tooltip' data-placement='right' title='原始值：3.2938'>3.29</span>", "*", "*", "正常"], ["河北省", "海河流域", "<span data-toggle='tooltip' data-placement='right' title='所在地市:石家庄市&#10;所属河流:滹沱河'>岗南水库</span>", "08-21 08:00", "Ⅱ", "<span data-toggle='tooltip' data-placement='right' title='原始值：26.52042'>26.5</span>", "<span data-toggle='tooltip' data-placement='right' title='原始值：8.4031'>8.40</span>", "<span data-toggle='tooltip' data-placement='right' title='原始值：8.26841'>8.27</span>", "<span data-toggle='tooltip' data-placement='right' title='原始值：563.3048'>563.3</span>", "<span data-toggle='tooltip' data-placement='right' title='原始值：2.96292'>3.0</span>", "<span data-toggle='tooltip' data-placement='right' title='原始值：2.32037'>2.32</span>", "<span data-toggle='tooltip' data-placement='right' title='原始值：0.06'>0.060</span>", "<span data-toggle='tooltip' data-placement='right' title='原始值：0.0059'>0.006</span>", "<span data-toggle='tooltip' data-placement='right' title='原始值：2.71585'>2.72</span>", "*", "*", "正常"], ["河北省", "海河流域", "<span data-toggle='tooltip' data-placement='right' title='所在地市:张家口市&#10;所属河流:永定河'>八号桥</span>", "08-21 08:00", "Ⅲ", "<span data-toggle='tooltip' data-placement='right' title='原始值：23.41177'>23.4</span>", "<span data-toggle='tooltip' data-placement='right' title='原始值：7.74548'>7.75</span>", "<span data-toggle='tooltip' data-placement='right' title='原始值：7.16769'>7.17</span>", "<span data-toggle='tooltip' data-placement='right' title='原始值：1032.805'>1032.8</span>", "<span data-toggle='tooltip' data-placement='right' title='原始值：80.99168'>81.0</span>", "<span data-toggle='tooltip' data-placement='right' title='原始值：5.66'>5.66</span>", "<span data-toggle='tooltip' data-placement='right' title='原始值：0.21'>0.210</span>", "<span data-toggle='tooltip' data-placement='right' title='原始值：0.1895'>0.190</span>", "<span data-toggle='tooltip' data-placement='right' title='原始值：2.64'>2.64</span>", "*", "*", "正常"], ["山西省", "黄河流域", "<span data-toggle='tooltip' data-placement='right' title='所在地市:运城市&#10;所属河流:汾河'>河津大桥</span>", "08-21 04:00", "Ⅴ", "<span data-toggle='tooltip' data-placement='right' title='原始值：25.03901'>25.0</span>", "<span data-toggle='tooltip' data-placement='right' title='原始值：7.36704'>7.37</span>", "<span data-toggle='tooltip' data-placement='right' title='原始值：2.90637'>2.91</span>", "<span data-toggle='tooltip' data-placement='right' title='原始值：1065.277'>1065.3</span>", "<span data-toggle='tooltip' data-placement='right' title='原始值：594.7017'>594.7</span>", "<span data-toggle='tooltip' data-placement='right' title='原始值：9.775'>9.78</span>", "<span data-toggle='tooltip' data-placement='right' title='原始值：1.15'>1.150</span>", "*", "*", "*", "*", "正常"], ["山西省", "黄河流域", "<span data-toggle='tooltip' data-placement='right' title='所在地市:忻州市&#10;所属河流:黄河'>万家寨水库</span>", "08-21 04:00", "劣Ⅴ", "<span data-toggle='tooltip' data-placement='right' title='原始值：22.56251'>22.6</span>", "<span data-toggle='tooltip' data-placement='right' title='原始值：7.75639'>7.76</span>", "<span data-toggle='tooltip' data-placement='right' title='原始值：7.348'>7.35</span>", "<span data-toggle='tooltip' data-placement='right' title='原始值：578.3487'>578.3</span>", "<span data-toggle='tooltip' data-placement='right' title='原始值：3050.143'>3050.1</span>", "<span data-toggle='tooltip' data-placement='right' title='原始值：5.82'>5.82</span>", "<span data-toggle='tooltip' data-placement='right' title='原始值：0.36'>0.360</span>", "<span data-toggle='tooltip' data-placement='right' title='原始值：0.62625'>0.626</span>", "<span data-toggle='tooltip' data-placement='right' title='原始值：1.8375'>1.84</span>", "*", "*", "正常"], ["内蒙古自治区", "黄河流域", "<span data-toggle='tooltip' data-placement='right' title='所在地市:包头市&#10;所属河流:黄河'>画匠营子</span>", null, "", "--", "--", "--", "--", "--", "--", "--", "*", "*", "*", "*", "维护"], ["内蒙古自治区", "黄河流域", "<span data-toggle='tooltip' data-placement='right' title='所在地市:乌海市&#10;所属河流:黄河'>海勃湾</span>", "08-21 08:00", "Ⅲ", "<span data-toggle='tooltip' data-placement='right' title='原始值：20.3185'>20.3</span>", "<span data-toggle='tooltip' data-placement='right' title='原始值：7.68281'>7.68</span>", "<span data-toggle='tooltip' data-placement='right' title='原始值：6.1187'>6.12</span>", "<span data-toggle='tooltip' data-placement='right' title='原始值：522.3573'>522.4</span>", "<span data-toggle='tooltip' data-placement='right' title='原始值：749.5196'>749.5</span>", "<span data-toggle='tooltip' data-placement='right' title='原始值：4.24'>4.24</span>", "<span data-toggle='tooltip' data-placement='right' title='原始值：0.1'>0.100</span>", "*", "*", "*", "*", "正常"], ["内蒙古自治区", "松花江流域", "<span data-toggle='tooltip' data-placement='right' title='所在地市:呼伦贝尔市&#10;所属河流:额尔古纳河'>黑山头</span>", null, "", "--", "--", "--", "--", "--", "--", "--", "--", "--", "*", "*", "停站"], ["辽宁省", "辽河流域", "<span data-toggle='tooltip' data-placement='right' title='所在地市:抚顺市&#10;所属河流:浑河'>大伙房水库</span>", null, "", "--", "--", "--", "--", "--", "--", "--", "--", "--", "--", "*", "维护"], ["辽宁省", "辽河流域", "<span data-toggle='tooltip' data-placement='right' title='所在地市:丹东市&#10;所属河流:鸭绿江'>江桥</span>", "08-21 08:00", "Ⅱ", "<span data-toggle='tooltip' data-placement='right' title='原始值：22.1'>22.1</span>", "<span data-toggle='tooltip' data-placement='right' title='原始值：6.91'>6.91</span>", "<span data-toggle='tooltip' data-placement='right' title='原始值：6.98873'>6.99</span>", "<span data-toggle='tooltip' data-placement='right' title='原始值：142'>142.0</span>", "<span data-toggle='tooltip' data-placement='right' title='原始值：2.39962'>2.4</span>", "<span data-toggle='tooltip' data-placement='right' title='原始值：1.84'>1.84</span>", "<span data-toggle='tooltip' data-placement='right' title='原始值：0.04303'>0.043</span>", "<span data-toggle='tooltip' data-placement='right' title='原始值：0.02597'>0.026</span>", "<span data-toggle='tooltip' data-placement='right' title='原始值：2.83164'>2.83</span>", "*", "*", "正常"], ["辽宁省", "辽河流域", "<span data-toggle='tooltip' data-placement='right' title='所在地市:营口市&#10;所属河流:大辽河'>辽河公园</span>", "08-21 08:00", "Ⅴ", "<span data-toggle='tooltip' data-placement='right' title='原始值：23.52284'>23.5</span>", "<span data-toggle='tooltip' data-placement='right' title='原始值：6.12987'>6.13</span>", "<span data-toggle='tooltip' data-placement='right' title='原始值：6.71555'>6.72</span>", "<span data-toggle='tooltip' data-placement='right' title='原始值：25565.38'>25565.4</span>", "<span data-toggle='tooltip' data-placement='right' title='原始值：183.4042'>183.4</span>", "<span data-toggle='tooltip' data-placement='right' title='原始值：6.15081'>6.15</span>", "<span data-toggle='tooltip' data-placement='right' title='原始值：0.09572'>0.096</span>", "<span data-toggle='tooltip' data-placement='right' title='原始值：0.31293'>0.313</span>", "<span data-toggle='tooltip' data-placement='right' title='原始值：4.47347'>4.47</span>", "*", "*", "正常"], ["辽宁省", "辽河流域", "<span data-toggle='tooltip' data-placement='right' title='所在地市:辽阳市&#10;所属河流:太子河'>汤河水库</span>", "08-21 08:00", "", "<span data-toggle='tooltip' data-placement='right' title='原始值：17.8125'>17.8</span>", "<span data-toggle='tooltip' data-placement='right' title='原始值：7.59'>7.59</span>", "<span data-toggle='tooltip' data-placement='right' title='极值过滤'>--</span>", "<span data-toggle='tooltip' data-placement='right' title='原始值：498.5001'>498.5</span>", "<span data-toggle='tooltip' data-placement='right' title='原始值：1.09999'>1.1</span>", "<span data-toggle='tooltip' data-placement='right' title='原始值：1.49'>1.49</span>", "<span data-toggle='tooltip' data-placement='right' title='原始值：0.03885'>0.039</span>", "<span data-toggle='tooltip' data-placement='right' title='极值过滤'>--</span>", "<span data-toggle='tooltip' data-placement='right' title='原始值：1.46574'>1.47</span>", "*", "*", "维护"], ["辽宁省", "辽河流域", "<span data-toggle='tooltip' data-placement='right' title='所在地市:盘锦市&#10;所属河流:辽河'>盘锦兴安(兴安)</span>", "08-21 08:00", "Ⅲ", "<span data-toggle='tooltip' data-placement='right' title='原始值：23.48524'>23.5</span>", "<span data-toggle='tooltip' data-placement='right' title='原始值：7.50519'>7.51</span>", "<span data-toggle='tooltip' data-placement='right' title='原始值：8.3872'>8.39</span>", "<span data-toggle='tooltip' data-placement='right' title='原始值：522.3579'>522.4</span>", "<span data-toggle='tooltip' data-placement='right' title='原始值：85.66688'>85.7</span>", "<span data-toggle='tooltip' data-placement='right' title='原始值：3.01948'>3.02</span>", "<span data-toggle='tooltip' data-placement='right' title='原始值：0.14'>0.140</span>", "<span data-toggle='tooltip' data-placement='right' title='原始值：0.13674'>0.137</span>", "<span data-toggle='tooltip' data-placement='right' title='原始值：0.89668'>0.90</span>", "*", "*", "正常"], ["辽宁省", "辽河流域", "<span data-toggle='tooltip' data-placement='right' title='所在地市:铁岭市&#10;所属河流:辽河'>珠尔山</span>", "08-21 08:00", "Ⅴ", "<span data-toggle='tooltip' data-placement='right' title='原始值：21.17253'>21.2</span>", "<span data-toggle='tooltip' data-placement='right' title='原始值：7.06432'>7.06</span>", "<span data-toggle='tooltip' data-placement='right' title='原始值：7.08232'>7.08</span>", "<span data-toggle='tooltip' data-placement='right' title='原始值：382.3802'>382.4</span>", "<span data-toggle='tooltip' data-placement='right' title='原始值：156.3338'>156.3</span>", "<span data-toggle='tooltip' data-placement='right' title='原始值：4.55227'>4.55</span>", "<span data-toggle='tooltip' data-placement='right' title='原始值：0.61'>0.610</span>", "<span data-toggle='tooltip' data-placement='right' title='原始值：0.34581'>0.346</span>", "<span data-toggle='tooltip' data-placement='right' title='原始值：4.44178'>4.44</span>", "*", "*", "正常"], ["吉林省", "松花江流域", "<span data-toggle='tooltip' data-placement='right' title='所在地市:长春市&#10;所属河流:松花江'>松花江村</span>", null, "", "--", "--", "--", "--", "--", "--", "--", "--", "--", "*", "*", "停站"], ["吉林省", "松花江流域", "<span data-toggle='tooltip' data-placement='right' title='所在地市:白城市&#10;所属河流:嫩江'>白沙滩</span>", null, "", "--", "--", "--", "--", "--", "--", "--", "--", "--", "*", "*", "停站"], ["吉林省", "松花江流域", "<span data-toggle='tooltip' data-placement='right' title='所在地市:延边朝鲜族自治州&#10;所属河流:图们江'>圈河</span>", null, "", "--", "--", "--", "--", "--", "--", "--", "--", "--", "*", "*", "停站"], ["黑龙江省", "松花江流域", "<span data-toggle='tooltip' data-placement='right' title='所在地市:大庆市&#10;所属河流:松花江'>肇源</span>", null, "", "--", "--", "--", "--", "--", "--", "--", "--", "--", "*", "*", "停站"], ["黑龙江省", "松花江流域", "<span data-toggle='tooltip' data-placement='right' title='所在地市:佳木斯市&#10;所属河流:乌苏里江'>乌苏镇</span>", null, "", "--", "--", "--", "--", "--", "--", "--", "--", "--", "*", "*", "停站"], ["黑龙江省", "松花江流域", "<span data-toggle='tooltip' data-placement='right' title='所在地市:佳木斯市&#10;所属河流:松花江'>同江</span>", "08-21 08:00", "Ⅴ", "<span data-toggle='tooltip' data-placement='right' title='原始值：21.30072'>21.3</span>", "<span data-toggle='tooltip' data-placement='right' title='原始值：7.50001'>7.50</span>", "<span data-toggle='tooltip' data-placement='right' title='原始值：7.31251'>7.31</span>", "<span data-toggle='tooltip' data-placement='right' title='原始值：194.3362'>194.3</span>", "<span data-toggle='tooltip' data-placement='right' title='原始值：245.0042'>245.0</span>", "<span data-toggle='tooltip' data-placement='right' title='原始值：11.96612'>11.97</span>", "<span data-toggle='tooltip' data-placement='right' title='原始值：0.12016'>0.120</span>", "<span data-toggle='tooltip' data-placement='right' title='原始值：0.25'>0.250</span>", "<span data-toggle='tooltip' data-placement='right' title='原始值：1.37953'>1.38</span>", "*", "*", "正常"], ["黑龙江省", "松花江流域", "<span data-toggle='tooltip' data-placement='right' title='所在地市:黑河市&#10;所属河流:黑龙江'>黑河下(黑河)</span>", null, "", "--", "--", "--", "--", "--", "--", "--", "--", "--", "*", "*", "停站"], ["上海市", "长江流域", "<span data-toggle='tooltip' data-placement='right' title='所在地市:青浦区&#10;所属河流:淀山湖'>急水港桥</span>", "08-21 08:00", "Ⅳ", "<span data-toggle='tooltip' data-placement='right' title='原始值：30.7'>30.7</span>", "<span data-toggle='tooltip' data-placement='right' title='原始值：7.36'>7.36</span>", "<span data-toggle='tooltip' data-placement='right' title='原始值：4.39'>4.39</span>", "<span data-toggle='tooltip' data-placement='right' title='原始值：436'>436.0</span>", "<span data-toggle='tooltip' data-placement='right' title='原始值：110.1'>110.1</span>", "<span data-toggle='tooltip' data-placement='right' title='原始值：4'>4.00</span>", "<span data-toggle='tooltip' data-placement='right' title='原始值：0.72233'>0.722</span>", "<span data-toggle='tooltip' data-placement='right' title='原始值：0.08154'>0.082</span>", "<span data-toggle='tooltip' data-placement='right' title='原始值：1.40626'>1.41</span>", "<span data-toggle='tooltip' data-placement='right' title='原始值：0.00742'>0.007</span>", "<span data-toggle='tooltip' data-placement='right' title='原始值：1.022731E+07'>10227310</span>", "正常"], ["江苏省", "长江流域", "<span data-toggle='tooltip' data-placement='right' title='所在地市:南京市&#10;所属河流:长江'>林山</span>", "08-21 08:00", "Ⅱ", "<span data-toggle='tooltip' data-placement='right' title='原始值：29.6505'>29.7</span>", "<span data-toggle='tooltip' data-placement='right' title='原始值：7.5613'>7.56</span>", "<span data-toggle='tooltip' data-placement='right' title='原始值：6.48262'>6.48</span>", "<span data-toggle='tooltip' data-placement='right' title='原始值：297.271'>297.3</span>", "<span data-toggle='tooltip' data-placement='right' title='原始值：69.98659'>70.0</span>", "<span data-toggle='tooltip' data-placement='right' title='原始值：3.85'>3.85</span>", "<span data-toggle='tooltip' data-placement='right' title='原始值：0.059'>0.059</span>", "*", "*", "*", "*", "正常"], ["江苏省", "太湖流域", "<span data-toggle='tooltip' data-placement='right' title='所在地市:无锡市&#10;所属河流:太湖'>沙渚</span>", "08-21 08:00", "", "<span data-toggle='tooltip' data-placement='right' title='原始值：30.86045'>30.9</span>", "<span data-toggle='tooltip' data-placement='right' title='原始值：7.922819'>7.92</span>", "<span data-toggle='tooltip' data-placement='right' title='原始值：5.34716'>5.35</span>", "<span data-toggle='tooltip' data-placement='right' title='原始值：446.8779'>446.9</span>", "<span data-toggle='tooltip' data-placement='right' title='原始值：56.28829'>56.3</span>", "<span data-toggle='tooltip' data-placement='right' title='原始值：5.39'>5.39</span>", "<span data-toggle='tooltip' data-placement='right' title='极值过滤'>--</span>", "<span data-toggle='tooltip' data-placement='right' title='原始值：0.0966'>0.097</span>", "<span data-toggle='tooltip' data-placement='right' title='原始值：1.194'>1.19</span>", "*", "*", "维护"], ["江苏省", "淮河流域", "<span data-toggle='tooltip' data-placement='right' title='所在地市:徐州市&#10;所属河流:武河'>小红圈</span>", "08-21 08:00", "Ⅳ", "<span data-toggle='tooltip' data-placement='right' title='原始值：25.8'>25.8</span>", "<span data-toggle='tooltip' data-placement='right' title='原始值：7.14'>7.14</span>", "<span data-toggle='tooltip' data-placement='right' title='原始值：3.19'>3.19</span>", "<span data-toggle='tooltip' data-placement='right' title='原始值：805.5'>805.5</span>", "<span data-toggle='tooltip' data-placement='right' title='原始值：7.62'>7.6</span>", "<span data-toggle='tooltip' data-placement='right' title='原始值：6.62'>6.62</span>", "<span data-toggle='tooltip' data-placement='right' title='原始值：1.41'>1.410</span>", "*", "*", "*", "*", "正常"], ["江苏省", "淮河流域", "<span data-toggle='tooltip' data-placement='right' title='所在地市:徐州市&#10;所属河流:沿河'>李集桥</span>", "08-21 08:00", "劣Ⅴ", "<span data-toggle='tooltip' data-placement='right' title='原始值：28.87'>28.9</span>", "<span data-toggle='tooltip' data-placement='right' title='原始值：7.45'>7.45</span>", "<span data-toggle='tooltip' data-placement='right' title='原始值：5.04'>5.04</span>", "<span data-toggle='tooltip' data-placement='right' title='原始值：934.7'>934.7</span>", "<span data-toggle='tooltip' data-placement='right' title='原始值：246.76'>246.8</span>", "<span data-toggle='tooltip' data-placement='right' title='原始值：6.53'>6.53</span>", "<span data-toggle='tooltip' data-placement='right' title='原始值：1.848'>1.848</span>", "<span data-toggle='tooltip' data-placement='right' title='原始值：0.505'>0.505</span>", "<span data-toggle='tooltip' data-placement='right' title='原始值：3.241'>3.24</span>", "*", "*", "正常"], ["江苏省", "淮河流域", "<span data-toggle='tooltip' data-placement='right' title='所在地市:徐州市&#10;所属河流:邳苍分洪道'>艾山西大桥</span>", "08-21 08:00", "Ⅳ", "<span data-toggle='tooltip' data-placement='right' title='原始值：27.0148'>27.0</span>", "<span data-toggle='tooltip' data-placement='right' title='原始值：7.88034'>7.88</span>", "<span data-toggle='tooltip' data-placement='right' title='原始值：5.12192'>5.12</span>", "<span data-toggle='tooltip' data-placement='right' title='原始值：818.565'>818.6</span>", "<span data-toggle='tooltip' data-placement='right' title='原始值：23.5809'>23.6</span>", "<span data-toggle='tooltip' data-placement='right' title='原始值：3.8'>3.80</span>", "<span data-toggle='tooltip' data-placement='right' title='原始值：0.22'>0.220</span>", "<span data-toggle='tooltip' data-placement='right' title='原始值：0.25181'>0.252</span>", "<span data-toggle='tooltip' data-placement='right' title='原始值：9.64957'>9.65</span>", "*", "*", "正常"], ["江苏省", "太湖流域", "<span data-toggle='tooltip' data-placement='right' title='所在地市:苏州市&#10;所属河流:太湖'>兰山嘴(老)</span>", "08-21 04:00", "劣Ⅴ", "<span data-toggle='tooltip' data-placement='right' title='原始值：30.52155'>30.5</span>", "<span data-toggle='tooltip' data-placement='right' title='原始值：7.71948'>7.72</span>", "<span data-toggle='tooltip' data-placement='right' title='原始值：2.65418'>2.65</span>", "<span data-toggle='tooltip' data-placement='right' title='极值过滤'>--</span>", "<span data-toggle='tooltip' data-placement='right' title='原始值：0.95722'>1.0</span>", "<span data-toggle='tooltip' data-placement='right' title='原始值：9.18'>9.18</span>", "<span data-toggle='tooltip' data-placement='right' title='原始值：4.78'>4.780</span>", "<span data-toggle='tooltip' data-placement='right' title='原始值：0.27001'>0.270</span>", "<span data-toggle='tooltip' data-placement='right' title='原始值：1.40178'>1.40</span>", "*", "*", "维护"], ["江苏省", "太湖流域", "<span data-toggle='tooltip' data-placement='right' title='所在地市:苏州市&#10;所属河流:太湖'>西山</span>", "08-21 08:00", "Ⅳ", "<span data-toggle='tooltip' data-placement='right' title='原始值：32.68193'>32.7</span>", "<span data-toggle='tooltip' data-placement='right' title='原始值：7.93264'>7.93</span>", "<span data-toggle='tooltip' data-placement='right' title='原始值：6.12882'>6.13</span>", "<span data-toggle='tooltip' data-placement='right' title='原始值：271.7999'>271.8</span>", "<span data-toggle='tooltip' data-placement='right' title='原始值：71.71583'>71.7</span>", "<span data-toggle='tooltip' data-placement='right' title='原始值：2.55'>2.55</span>", "<span data-toggle='tooltip' data-placement='right' title='原始值：0.13'>0.130</span>", "<span data-toggle='tooltip' data-placement='right' title='原始值：0.0923'>0.092</span>", "<span data-toggle='tooltip' data-placement='right' title='原始值：0.7425'>0.74</span>", "*", "*", "正常"], ["江苏省", "淮河流域", "<span data-toggle='tooltip' data-placement='right' title='所在地市:连云港市&#10;所属河流:新沭河'>大兴桥</span>", null, "", "--", "--", "--", "--", "--", "--", "--", "--", "--", "*", "*", "停站"], ["江苏省", "淮河流域", "<span data-toggle='tooltip' data-placement='right' title='所在地市:淮安市&#10;所属河流:淮河'>淮河大桥</span>", "08-21 08:00", "Ⅳ", "<span data-toggle='tooltip' data-placement='right' title='原始值：30.66417'>30.7</span>", "<span data-toggle='tooltip' data-placement='right' title='原始值：7.6754'>7.68</span>", "<span data-toggle='tooltip' data-placement='right' title='原始值：3.66588'>3.67</span>", "<span data-toggle='tooltip' data-placement='right' title='原始值：315.4501'>315.5</span>", "<span data-toggle='tooltip' data-placement='right' title='原始值：56.40327'>56.4</span>", "<span data-toggle='tooltip' data-placement='right' title='原始值：5.86'>5.86</span>", "<span data-toggle='tooltip' data-placement='right' title='原始值：0.26'>0.260</span>", "<span data-toggle='tooltip' data-placement='right' title='原始值：0.0547'>0.055</span>", "<span data-toggle='tooltip' data-placement='right' title='原始值：0.4617'>0.46</span>", "*", "*", "正常"], ["江苏省", "长江流域", "<span data-toggle='tooltip' data-placement='right' title='所在地市:扬州市&#10;所属河流:夹江'>三江营</span>", "08-21 08:00", "Ⅲ", "<span data-toggle='tooltip' data-placement='right' title='原始值：32.19'>32.2</span>", "<span data-toggle='tooltip' data-placement='right' title='原始值：7.82'>7.82</span>", "<span data-toggle='tooltip' data-placement='right' title='原始值：5.28'>5.28</span>", "<span data-toggle='tooltip' data-placement='right' title='原始值：401.11'>401.1</span>", "<span data-toggle='tooltip' data-placement='right' title='原始值：117.22'>117.2</span>", "<span data-toggle='tooltip' data-placement='right' title='原始值：4.959'>4.96</span>", "<span data-toggle='tooltip' data-placement='right' title='原始值：0.474'>0.474</span>", "<span data-toggle='tooltip' data-placement='right' title='原始值：0.161'>0.161</span>", "<span data-toggle='tooltip' data-placement='right' title='原始值：1.852'>1.85</span>", "*", "*", "正常"], ["江苏省", "淮河流域", "<span data-toggle='tooltip' data-placement='right' title='所在地市:宿迁市&#10;所属河流:新濉河'>大屈</span>", "08-21 08:00", "", "<span data-toggle='tooltip' data-placement='right' title='原始值：30.1'>30.1</span>", "<span data-toggle='tooltip' data-placement='right' title='原始值：7.34'>7.34</span>", "<span data-toggle='tooltip' data-placement='right' title='原始值：3.58'>3.58</span>", "<span data-toggle='tooltip' data-placement='right' title='原始值：696.6'>696.6</span>", "<span data-toggle='tooltip' data-placement='right' title='原始值：29.87'>29.9</span>", "<span data-toggle='tooltip' data-placement='right' title='原始值：5.76'>5.76</span>", "<span data-toggle='tooltip' data-placement='right' title='原始值：0.18'>0.180</span>", "<span data-toggle='tooltip' data-placement='right' title='极值过滤'>--</span>", "<span data-toggle='tooltip' data-placement='right' title='原始值：1.589'>1.59</span>", "*", "*", "维护"], ["浙江省", "浙闽片河流", "<span data-toggle='tooltip' data-placement='right' title='所在地市:杭州市&#10;所属河流:新安江'>街口(鸠坑口)</span>", "08-21 08:00", "劣Ⅴ", "<span data-toggle='tooltip' data-placement='right' title='原始值：28.16'>28.2</span>", "<span data-toggle='tooltip' data-placement='right' title='原始值：9.35'>9.35</span>", "<span data-toggle='tooltip' data-placement='right' title='原始值：7.85'>7.85</span>", "<span data-toggle='tooltip' data-placement='right' title='原始值：125.01'>125.0</span>", "<span data-toggle='tooltip' data-placement='right' title='原始值：20.67'>20.7</span>", "<span data-toggle='tooltip' data-placement='right' title='原始值：1.535'>1.54</span>", "<span data-toggle='tooltip' data-placement='right' title='原始值：0.003'>0.003</span>", "<span data-toggle='tooltip' data-placement='right' title='原始值：0.045'>0.045</span>", "<span data-toggle='tooltip' data-placement='right' title='原始值：0.543'>0.54</span>", "*", "*", "正常"], ["浙江省", "太湖流域", "<span data-toggle='tooltip' data-placement='right' title='所在地市:嘉兴市&#10;所属河流:斜路港河'>斜路港</span>", "08-21 08:00", "Ⅳ", "<span data-toggle='tooltip' data-placement='right' title='原始值：31.6'>31.6</span>", "<span data-toggle='tooltip' data-placement='right' title='原始值：8.11'>8.11</span>", "<span data-toggle='tooltip' data-placement='right' title='原始值：3.65'>3.65</span>", "<span data-toggle='tooltip' data-placement='right' title='原始值：305'>305.0</span>", "<span data-toggle='tooltip' data-placement='right' title='原始值：125.3'>125.3</span>", "<span data-toggle='tooltip' data-placement='right' title='原始值：4.19'>4.19</span>", "<span data-toggle='tooltip' data-placement='right' title='原始值：0.00243'>0.002</span>", "<span data-toggle='tooltip' data-placement='right' title='原始值：0.0837'>0.084</span>", "<span data-toggle='tooltip' data-placement='right' title='原始值：0.36316'>0.36</span>", "*", "*", "正常"], ["浙江省", "太湖流域", "<span data-toggle='tooltip' data-placement='right' title='所在地市:嘉兴市&#10;所属河流:京杭运河'>王江泾</span>", "08-21 08:00", "", "<span data-toggle='tooltip' data-placement='right' title='原始值：32.05'>32.0</span>", "<span data-toggle='tooltip' data-placement='right' title='原始值：7.61'>7.61</span>", "<span data-toggle='tooltip' data-placement='right' title='原始值：5.22'>5.22</span>", "<span data-toggle='tooltip' data-placement='right' title='原始值：421.68'>421.7</span>", "<span data-toggle='tooltip' data-placement='right' title='原始值：64.32'>64.3</span>", "<span data-toggle='tooltip' data-placement='right' title='原始值：4.353'>4.35</span>", "<span data-toggle='tooltip' data-placement='right' title='原始值：0.04'>0.040</span>", "<span data-toggle='tooltip' data-placement='right' title='极值过滤'>--</span>", "<span data-toggle='tooltip' data-placement='right' title='原始值：0.967'>0.97</span>", "*", "*", "维护"], ["浙江省", "太湖流域", "<span data-toggle='tooltip' data-placement='right' title='所在地市:湖州市&#10;所属河流:西苕溪'>新港口(新塘港)</span>", null, "", "--", "--", "--", "--", "--", "--", "--", "--", "--", "*", "*", "维护"], ["安徽省", "巢湖流域", "<span data-toggle='tooltip' data-placement='right' title='所在地市:合肥市&#10;所属河流:巢湖'>湖滨(老)</span>", "08-21 08:00", "Ⅳ", "<span data-toggle='tooltip' data-placement='right' title='原始值：31.40587'>31.4</span>", "<span data-toggle='tooltip' data-placement='right' title='原始值：7.97817'>7.98</span>", "<span data-toggle='tooltip' data-placement='right' title='原始值：7.49198'>7.49</span>", "<span data-toggle='tooltip' data-placement='right' title='原始值：250.4724'>250.5</span>", "<span data-toggle='tooltip' data-placement='right' title='原始值：67.75192'>67.8</span>", "<span data-toggle='tooltip' data-placement='right' title='原始值：6.31'>6.31</span>", "<span data-toggle='tooltip' data-placement='right' title='原始值：0.34'>0.340</span>", "<span data-toggle='tooltip' data-placement='right' title='原始值：0.0761'>0.076</span>", "<span data-toggle='tooltip' data-placement='right' title='原始值：1.453'>1.45</span>", "<span data-toggle='tooltip' data-placement='right' title='原始值：0.01975'>0.020</span>", "*", "正常"], ["安徽省", "巢湖流域", "<span data-toggle='tooltip' data-placement='right' title='所在地市:芜湖市&#10;所属河流:巢湖'>裕溪口(老)</span>", null, "", "--", "--", "--", "--", "--", "--", "--", "--", "--", "*", "*", "停站"], ["安徽省", "淮河流域", "<span data-toggle='tooltip' data-placement='right' title='所在地市:蚌埠市&#10;所属河流:淮河'>蚌埠闸上(蚌埠闸)</span>", null, "", "--", "--", "--", "--", "--", "--", "--", "--", "--", "*", "*", "停站"], ["安徽省", "淮河流域", "<span data-toggle='tooltip' data-placement='right' title='所在地市:淮南市&#10;所属河流:淮河'>石头埠(老)</span>", "08-21 08:00", "Ⅲ", "<span data-toggle='tooltip' data-placement='right' title='原始值：29.66335'>29.7</span>", "<span data-toggle='tooltip' data-placement='right' title='原始值：7.16444'>7.16</span>", "<span data-toggle='tooltip' data-placement='right' title='原始值：5.36737'>5.37</span>", "<span data-toggle='tooltip' data-placement='right' title='原始值：262.2683'>262.3</span>", "<span data-toggle='tooltip' data-placement='right' title='原始值：41.21019'>41.2</span>", "<span data-toggle='tooltip' data-placement='right' title='原始值：4.92'>4.92</span>", "<span data-toggle='tooltip' data-placement='right' title='原始值：0.17'>0.170</span>", "*", "*", "*", "*", "正常"], ["安徽省", "淮河流域", "<span data-toggle='tooltip' data-placement='right' title='所在地市:淮北市&#10;所属河流:沱河'>小王桥</span>", null, "", "--", "--", "--", "--", "--", "--", "--", "--", "--", "*", "*", "停站"], ["安徽省", "长江流域", "<span data-toggle='tooltip' data-placement='right' title='所在地市:安庆市&#10;所属河流:长江'>皖河口</span>", null, "", "--", "--", "--", "--", "--", "--", "--", "--", "--", "*", "*", "停站"], ["安徽省", "淮河流域", "<span data-toggle='tooltip' data-placement='right' title='所在地市:滁州市&#10;所属河流:淮河'>小柳巷</span>", null, "", "--", "--", "--", "--", "--", "--", "--", "--", "--", "*", "*", "停站"], ["安徽省", "淮河流域", "<span data-toggle='tooltip' data-placement='right' title='所在地市:阜阳市&#10;所属河流:黑茨河'>张大桥</span>", null, "", "--", "--", "--", "--", "--", "--", "--", "--", "--", "*", "*", "停站"], ["安徽省", "淮河流域", "<span data-toggle='tooltip' data-placement='right' title='所在地市:阜阳市&#10;所属河流:淮河'>王家坝</span>", "08-21 08:00", "Ⅳ", "<span data-toggle='tooltip' data-placement='right' title='原始值：30.73998'>30.7</span>", "<span data-toggle='tooltip' data-placement='right' title='原始值：7.91849'>7.92</span>", "<span data-toggle='tooltip' data-placement='right' title='原始值：4.95763'>4.96</span>", "<span data-toggle='tooltip' data-placement='right' title='原始值：899.8478'>899.8</span>", "<span data-toggle='tooltip' data-placement='right' title='原始值：43.8479'>43.8</span>", "<span data-toggle='tooltip' data-placement='right' title='原始值：4.62'>4.62</span>", "<span data-toggle='tooltip' data-placement='right' title='原始值：0.126'>0.126</span>", "<span data-toggle='tooltip' data-placement='right' title='原始值：0.2705'>0.270</span>", "<span data-toggle='tooltip' data-placement='right' title='原始值：1.84619'>1.85</span>", "*", "*", "正常"], ["安徽省", "淮河流域", "<span data-toggle='tooltip' data-placement='right' title='所在地市:阜阳市&#10;所属河流:颍河'>界首七渡口(七渡口)</span>", "08-21 08:00", "Ⅴ", "<span data-toggle='tooltip' data-placement='right' title='原始值：29.40397'>29.4</span>", "<span data-toggle='tooltip' data-placement='right' title='原始值：7.44827'>7.45</span>", "<span data-toggle='tooltip' data-placement='right' title='原始值：2.26213'>2.26</span>", "<span data-toggle='tooltip' data-placement='right' title='原始值：715.2095'>715.2</span>", "<span data-toggle='tooltip' data-placement='right' title='原始值：22.79939'>22.8</span>", "<span data-toggle='tooltip' data-placement='right' title='原始值：3.75'>3.75</span>", "<span data-toggle='tooltip' data-placement='right' title='原始值：0.14'>0.140</span>", "<span data-toggle='tooltip' data-placement='right' title='原始值：0.1108'>0.111</span>", "<span data-toggle='tooltip' data-placement='right' title='原始值：8.00493'>8.00</span>", "*", "*", "正常"], ["安徽省", "淮河流域", "<span data-toggle='tooltip' data-placement='right' title='所在地市:阜阳市&#10;所属河流:泉河'>许庄(徐庄)</span>", "08-21 08:00", "", "<span data-toggle='tooltip' data-placement='right' title='原始值：23.2'>23.2</span>", "<span data-toggle='tooltip' data-placement='right' title='原始值：7.51'>7.51</span>", "<span data-toggle='tooltip' data-placement='right' title='原始值：8.24'>8.24</span>", "<span data-toggle='tooltip' data-placement='right' title='原始值：907.6'>907.6</span>", "<span data-toggle='tooltip' data-placement='right' title='原始值：94.69'>94.7</span>", "<span data-toggle='tooltip' data-placement='right' title='极值过滤'>--</span>", "<span data-toggle='tooltip' data-placement='right' title='原始值：1.17'>1.170</span>", "<span data-toggle='tooltip' data-placement='right' title='原始值：0.063'>0.063</span>", "<span data-toggle='tooltip' data-placement='right' title='原始值：1.817'>1.82</span>", "*", "*", "维护"], ["安徽省", "淮河流域", "<span data-toggle='tooltip' data-placement='right' title='所在地市:宿州市&#10;所属河流:奎河'>杨庄</span>", "08-21 08:00", "Ⅳ", "<span data-toggle='tooltip' data-placement='right' title='原始值：27.98'>28.0</span>", "<span data-toggle='tooltip' data-placement='right' title='原始值：7.5'>7.50</span>", "<span data-toggle='tooltip' data-placement='right' title='原始值：3.55'>3.55</span>", "<span data-toggle='tooltip' data-placement='right' title='原始值：552.1'>552.1</span>", "<span data-toggle='tooltip' data-placement='right' title='原始值：92.99'>93.0</span>", "<span data-toggle='tooltip' data-placement='right' title='原始值：4.78'>4.78</span>", "<span data-toggle='tooltip' data-placement='right' title='原始值：1.252'>1.252</span>", "*", "*", "*", "*", "正常"], ["安徽省", "淮河流域", "<span data-toggle='tooltip' data-placement='right' title='所在地市:宿州市&#10;所属河流:新汴河'>泗县公路桥</span>", null, "", "--", "--", "--", "--", "--", "--", "--", "*", "*", "*", "*", "维护"], ["安徽省", "淮河流域", "<span data-toggle='tooltip' data-placement='right' title='所在地市:亳州市&#10;所属河流:包河'>颜集</span>", "08-21 08:00", "Ⅴ", "<span data-toggle='tooltip' data-placement='right' title='原始值：25.3'>25.3</span>", "<span data-toggle='tooltip' data-placement='right' title='原始值：7.48'>7.48</span>", "<span data-toggle='tooltip' data-placement='right' title='原始值：6.15'>6.15</span>", "<span data-toggle='tooltip' data-placement='right' title='原始值：1137'>1137.0</span>", "<span data-toggle='tooltip' data-placement='right' title='原始值：112.69'>112.7</span>", "<span data-toggle='tooltip' data-placement='right' title='原始值：6.06'>6.06</span>", "<span data-toggle='tooltip' data-placement='right' title='原始值：0.02'>0.020</span>", "<span data-toggle='tooltip' data-placement='right' title='原始值：0.324'>0.324</span>", "<span data-toggle='tooltip' data-placement='right' title='原始值：2.073'>2.07</span>", "*", "*", "正常"], ["福建省", "浙闽片河流", "<span data-toggle='tooltip' data-placement='right' title='所在地市:福州市&#10;所属河流:闽江'>白岩潭</span>", "08-21 08:00", "Ⅲ", "<span data-toggle='tooltip' data-placement='right' title='原始值：30.69'>30.7</span>", "<span data-toggle='tooltip' data-placement='right' title='原始值：6.98'>6.98</span>", "<span data-toggle='tooltip' data-placement='right' title='原始值：5.29'>5.29</span>", "<span data-toggle='tooltip' data-placement='right' title='原始值：2965.4'>2965.4</span>", "<span data-toggle='tooltip' data-placement='right' title='原始值：251.39'>251.4</span>", "<span data-toggle='tooltip' data-placement='right' title='原始值：3.26'>3.26</span>", "<span data-toggle='tooltip' data-placement='right' title='原始值：0.08'>0.080</span>", "*", "*", "*", "*", "正常"], ["江西省", "长江流域", "<span data-toggle='tooltip' data-placement='right' title='所在地市:南昌市&#10;所属河流:赣江南支'>滁槎</span>", "08-21 08:00", "Ⅱ", "<span data-toggle='tooltip' data-placement='right' title='原始值：31.84532'>31.8</span>", "<span data-toggle='tooltip' data-placement='right' title='原始值：7.33993'>7.34</span>", "<span data-toggle='tooltip' data-placement='right' title='原始值：6.16105'>6.16</span>", "<span data-toggle='tooltip' data-placement='right' title='原始值：165.9671'>166.0</span>", "<span data-toggle='tooltip' data-placement='right' title='原始值：17.89326'>17.9</span>", "<span data-toggle='tooltip' data-placement='right' title='原始值：2.35'>2.35</span>", "<span data-toggle='tooltip' data-placement='right' title='原始值：0.18'>0.180</span>", "<span data-toggle='tooltip' data-placement='right' title='原始值：0.0765'>0.076</span>", "<span data-toggle='tooltip' data-placement='right' title='原始值：1.595'>1.60</span>", "*", "*", "正常"], ["江西省", "长江流域", "<span data-toggle='tooltip' data-placement='right' title='所在地市:九江市&#10;所属河流:长江'>姚港(河西水厂)</span>", "08-21 08:00", "Ⅱ", "<span data-toggle='tooltip' data-placement='right' title='原始值：27.78'>27.8</span>", "<span data-toggle='tooltip' data-placement='right' title='原始值：7.7'>7.70</span>", "<span data-toggle='tooltip' data-placement='right' title='原始值：6.69'>6.69</span>", "<span data-toggle='tooltip' data-placement='right' title='原始值：308.15'>308.2</span>", "<span data-toggle='tooltip' data-placement='right' title='原始值：63.13'>63.1</span>", "<span data-toggle='tooltip' data-placement='right' title='原始值：1.815'>1.82</span>", "<span data-toggle='tooltip' data-placement='right' title='原始值：0.006'>0.006</span>", "<span data-toggle='tooltip' data-placement='right' title='原始值：0.1'>0.100</span>", "<span data-toggle='tooltip' data-placement='right' title='原始值：1.6'>1.60</span>", "*", "*", "正常"], ["江西省", "长江流域", "<span data-toggle='tooltip' data-placement='right' title='所在地市:九江市&#10;所属河流:鄱阳湖'>蛤蟆石</span>", "08-21 08:00", "Ⅲ", "<span data-toggle='tooltip' data-placement='right' title='原始值：31.92'>31.9</span>", "<span data-toggle='tooltip' data-placement='right' title='原始值：6.78'>6.78</span>", "<span data-toggle='tooltip' data-placement='right' title='原始值：5.65'>5.65</span>", "<span data-toggle='tooltip' data-placement='right' title='原始值：96.49'>96.5</span>", "<span data-toggle='tooltip' data-placement='right' title='原始值：21.05'>21.0</span>", "<span data-toggle='tooltip' data-placement='right' title='原始值：1.77'>1.77</span>", "<span data-toggle='tooltip' data-placement='right' title='原始值：0.015'>0.015</span>", "<span data-toggle='tooltip' data-placement='right' title='原始值：0.028'>0.028</span>", "<span data-toggle='tooltip' data-placement='right' title='原始值：0.564'>0.56</span>", "<span data-toggle='tooltip' data-placement='right' title='原始值：0.02873'>0.029</span>", "<span data-toggle='tooltip' data-placement='right' title='原始值：1686000'>1686000</span>", "正常"], ["山东省", "黄河流域", "<span data-toggle='tooltip' data-placement='right' title='所在地市:济南市&#10;所属河流:黄河'>泺口</span>", "08-21 08:00", "Ⅱ", "<span data-toggle='tooltip' data-placement='right' title='原始值：26.0927'>26.1</span>", "<span data-toggle='tooltip' data-placement='right' title='原始值：8.07117'>8.07</span>", "<span data-toggle='tooltip' data-placement='right' title='原始值：6.51307'>6.51</span>", "<span data-toggle='tooltip' data-placement='right' title='原始值：741.726'>741.7</span>", "<span data-toggle='tooltip' data-placement='right' title='原始值：3229.96'>3230.0</span>", "<span data-toggle='tooltip' data-placement='right' title='原始值：2.71'>2.71</span>", "<span data-toggle='tooltip' data-placement='right' title='原始值：0.08308'>0.083</span>", "<span data-toggle='tooltip' data-placement='right' title='原始值：0.02702'>0.027</span>", "<span data-toggle='tooltip' data-placement='right' title='原始值：3.646'>3.65</span>", "*", "*", "正常"], ["山东省", "淮河流域", "<span data-toggle='tooltip' data-placement='right' title='所在地市:枣庄市&#10;所属河流:京杭大运河（韩庄运河）'>台儿庄大桥</span>", null, "", "--", "--", "--", "--", "--", "--", "--", "--", "--", "*", "*", "停站"], ["山东省", "淮河流域", "<span data-toggle='tooltip' data-placement='right' title='所在地市:临沂市&#10;所属河流:沭河'>清泉寺</span>", null, "", "--", "--", "--", "--", "--", "--", "--", "--", "--", "*", "*", "停站"], ["山东省", "淮河流域", "<span data-toggle='tooltip' data-placement='right' title='所在地市:临沂市&#10;所属河流:沂河'>重坊桥</span>", null, "", "--", "--", "--", "--", "--", "--", "--", "--", "--", "*", "*", "停站"], ["山东省", "淮河流域", "<span data-toggle='tooltip' data-placement='right' title='所在地市:临沂市&#10;所属河流:白马河'>捷庄(涝沟桥)</span>", "08-21 08:00", "Ⅳ", "<span data-toggle='tooltip' data-placement='right' title='原始值：28.8'>28.8</span>", "<span data-toggle='tooltip' data-placement='right' title='原始值：7.38'>7.38</span>", "<span data-toggle='tooltip' data-placement='right' title='原始值：5.76002'>5.76</span>", "<span data-toggle='tooltip' data-placement='right' title='原始值：553.0605'>553.1</span>", "<span data-toggle='tooltip' data-placement='right' title='原始值：70.34534'>70.3</span>", "<span data-toggle='tooltip' data-placement='right' title='原始值：4.2'>4.20</span>", "<span data-toggle='tooltip' data-placement='right' title='原始值：0.23524'>0.235</span>", "<span data-toggle='tooltip' data-placement='right' title='原始值：0.2993'>0.299</span>", "<span data-toggle='tooltip' data-placement='right' title='原始值：5.27437'>5.27</span>", "*", "*", "正常"], ["山东省", "海河流域", "<span data-toggle='tooltip' data-placement='right' title='所在地市:聊城市&#10;所属河流:卫运河'>秤勾湾(秤钩湾)</span>", null, "", "--", "--", "--", "--", "--", "--", "--", "--", "--", "*", "*", "停站"], ["河南省", "长江流域", "<span data-toggle='tooltip' data-placement='right' title='所在地市:南阳市&#10;所属河流:丹江口水库'>陶岔</span>", "08-21 08:00", "Ⅱ", "<span data-toggle='tooltip' data-placement='right' title='原始值：27.09'>27.1</span>", "<span data-toggle='tooltip' data-placement='right' title='原始值：7.88823'>7.89</span>", "<span data-toggle='tooltip' data-placement='right' title='原始值：7.62508'>7.63</span>", "<span data-toggle='tooltip' data-placement='right' title='原始值：289.7891'>289.8</span>", "<span data-toggle='tooltip' data-placement='right' title='原始值：1.9202'>1.9</span>", "<span data-toggle='tooltip' data-placement='right' title='原始值：2.33'>2.33</span>", "<span data-toggle='tooltip' data-placement='right' title='原始值：0.0372'>0.037</span>", "<span data-toggle='tooltip' data-placement='right' title='原始值：0.01458'>0.015</span>", "<span data-toggle='tooltip' data-placement='right' title='原始值：0.75445'>0.75</span>", "<span data-toggle='tooltip' data-placement='right' title='原始值：0.0009'>0.001</span>", "<span data-toggle='tooltip' data-placement='right' title='原始值：450967.8'>450968</span>", "正常"], ["河南省", "淮河流域", "<span data-toggle='tooltip' data-placement='right' title='所在地市:商丘市&#10;所属河流:浍河'>黄口</span>", "08-21 08:00", "Ⅳ", "<span data-toggle='tooltip' data-placement='right' title='原始值：27.45'>27.4</span>", "<span data-toggle='tooltip' data-placement='right' title='原始值：7.155'>7.16</span>", "<span data-toggle='tooltip' data-placement='right' title='原始值：3.61516'>3.62</span>", "<span data-toggle='tooltip' data-placement='right' title='原始值：1339.111'>1339.1</span>", "<span data-toggle='tooltip' data-placement='right' title='原始值：68.84549'>68.8</span>", "<span data-toggle='tooltip' data-placement='right' title='原始值：4.69'>4.69</span>", "<span data-toggle='tooltip' data-placement='right' title='原始值：0.2925'>0.292</span>", "<span data-toggle='tooltip' data-placement='right' title='原始值：0.2119'>0.212</span>", "<span data-toggle='tooltip' data-placement='right' title='原始值：2.63638'>2.64</span>", "*", "*", "正常"], ["河南省", "淮河流域", "<span data-toggle='tooltip' data-placement='right' title='所在地市:信阳市&#10;所属河流:史灌河'>蒋集</span>", "08-21 08:00", "Ⅳ", "<span data-toggle='tooltip' data-placement='right' title='原始值：31.98744'>32.0</span>", "<span data-toggle='tooltip' data-placement='right' title='原始值：6.69199'>6.69</span>", "<span data-toggle='tooltip' data-placement='right' title='原始值：4.8'>4.80</span>", "<span data-toggle='tooltip' data-placement='right' title='原始值：139.5734'>139.6</span>", "<span data-toggle='tooltip' data-placement='right' title='原始值：170.2877'>170.3</span>", "<span data-toggle='tooltip' data-placement='right' title='原始值：2.54'>2.54</span>", "<span data-toggle='tooltip' data-placement='right' title='原始值：0.0948'>0.095</span>", "*", "*", "*", "*", "正常"], ["河南省", "淮河流域", "<span data-toggle='tooltip' data-placement='right' title='所在地市:信阳市&#10;所属河流:淮河'>淮滨水文站(淮滨)</span>", null, "", "--", "--", "--", "--", "--", "--", "--", "--", "--", "*", "*", "维护"], ["河南省", "淮河流域", "<span data-toggle='tooltip' data-placement='right' title='所在地市:周口市&#10;所属河流:沙河'>沈丘闸</span>", "08-21 08:00", "Ⅴ", "<span data-toggle='tooltip' data-placement='right' title='原始值：28.31346'>28.3</span>", "<span data-toggle='tooltip' data-placement='right' title='原始值：7.27059'>7.27</span>", "<span data-toggle='tooltip' data-placement='right' title='原始值：2.85998'>2.86</span>", "<span data-toggle='tooltip' data-placement='right' title='原始值：865.8182'>865.8</span>", "<span data-toggle='tooltip' data-placement='right' title='原始值：28.01841'>28.0</span>", "<span data-toggle='tooltip' data-placement='right' title='原始值：4.375'>4.38</span>", "<span data-toggle='tooltip' data-placement='right' title='原始值：0.15'>0.150</span>", "*", "*", "*", "*", "正常"], ["河南省", "淮河流域", "<span data-toggle='tooltip' data-placement='right' title='所在地市:周口市&#10;所属河流:涡河'>鹿邑付桥(鹿邑付桥闸)</span>", "08-21 08:00", "", "<span data-toggle='tooltip' data-placement='right' title='原始值：28.07848'>28.1</span>", "<span data-toggle='tooltip' data-placement='right' title='原始值：8.54525'>8.55</span>", "<span data-toggle='tooltip' data-placement='right' title='原始值：5.24511'>5.25</span>", "<span data-toggle='tooltip' data-placement='right' title='原始值：1371.653'>1371.7</span>", "<span data-toggle='tooltip' data-placement='right' title='原始值：7.26277'>7.3</span>", "<span data-toggle='tooltip' data-placement='right' title='原始值：6.51'>6.51</span>", "<span data-toggle='tooltip' data-placement='right' title='极值过滤'>--</span>", "<span data-toggle='tooltip' data-placement='right' title='原始值：0.1662'>0.166</span>", "<span data-toggle='tooltip' data-placement='right' title='原始值：1.19353'>1.19</span>", "*", "*", "维护"], ["河南省", "淮河流域", "<span data-toggle='tooltip' data-placement='right' title='所在地市:驻马店市&#10;所属河流:洪河'>新蔡班台(班台)</span>", "08-21 04:00", "劣Ⅴ", "<span data-toggle='tooltip' data-placement='right' title='原始值：26.27243'>26.3</span>", "<span data-toggle='tooltip' data-placement='right' title='原始值：7.03276'>7.03</span>", "<span data-toggle='tooltip' data-placement='right' title='原始值：5.07908'>5.08</span>", "<span data-toggle='tooltip' data-placement='right' title='原始值：714.3378'>714.3</span>", "<span data-toggle='tooltip' data-placement='right' title='原始值：99.70032'>99.7</span>", "<span data-toggle='tooltip' data-placement='right' title='原始值：5.01'>5.01</span>", "<span data-toggle='tooltip' data-placement='right' title='原始值：0.21'>0.210</span>", "<span data-toggle='tooltip' data-placement='right' title='原始值：0.44711'>0.447</span>", "<span data-toggle='tooltip' data-placement='right' title='原始值：4.43733'>4.44</span>", "*", "*", "正常"], ["河南省", "黄河流域", "<span data-toggle='tooltip' data-placement='right' title='所在地市:济源市&#10;所属河流:黄河'>小浪底水库(小浪底)</span>", null, "", "--", "--", "--", "--", "--", "--", "--", "--", "--", "*", "*", "停站"], ["湖北省", "长江流域", "<span data-toggle='tooltip' data-placement='right' title='所在地市:武汉市&#10;所属河流:汉江'>宗关</span>", null, "", "--", "--", "--", "--", "--", "--", "--", "--", "--", "*", "*", "停站"], ["湖北省", "长江流域", "<span data-toggle='tooltip' data-placement='right' title='所在地市:十堰市&#10;所属河流:丹江口水库'>坝上中(胡家岭)</span>", null, "", "--", "--", "--", "--", "--", "--", "--", "--", "--", "--", "--", "停站"], ["湖北省", "长江流域", "<span data-toggle='tooltip' data-placement='right' title='所在地市:宜昌市&#10;所属河流:长江'>南津关</span>", null, "", "--", "--", "--", "--", "--", "--", "--", "--", "--", "*", "*", "停站"], ["湖南省", "长江流域", "<span data-toggle='tooltip' data-placement='right' title='所在地市:长沙市&#10;所属河流:湘江'>新港</span>", "08-21 08:00", "Ⅲ", "<span data-toggle='tooltip' data-placement='right' title='原始值：28.92'>28.9</span>", "<span data-toggle='tooltip' data-placement='right' title='原始值：7.54'>7.54</span>", "<span data-toggle='tooltip' data-placement='right' title='原始值：5.46'>5.46</span>", "<span data-toggle='tooltip' data-placement='right' title='原始值：228.26'>228.3</span>", "<span data-toggle='tooltip' data-placement='right' title='原始值：21.37'>21.4</span>", "<span data-toggle='tooltip' data-placement='right' title='原始值：4.05'>4.05</span>", "<span data-toggle='tooltip' data-placement='right' title='原始值：0.001'>0.001</span>", "<span data-toggle='tooltip' data-placement='right' title='原始值：0.033'>0.033</span>", "<span data-toggle='tooltip' data-placement='right' title='原始值：1.42'>1.42</span>", "*", "*", "正常"], ["湖南省", "长江流域", "<span data-toggle='tooltip' data-placement='right' title='所在地市:岳阳市&#10;所属河流:洞庭湖'>岳阳楼</span>", "08-21 08:00", "Ⅳ", "<span data-toggle='tooltip' data-placement='right' title='原始值：28.69'>28.7</span>", "<span data-toggle='tooltip' data-placement='right' title='原始值：7.849627'>7.85</span>", "<span data-toggle='tooltip' data-placement='right' title='原始值：5.679895'>5.68</span>", "<span data-toggle='tooltip' data-placement='right' title='原始值：283.262'>283.3</span>", "<span data-toggle='tooltip' data-placement='right' title='原始值：76.17528'>76.2</span>", "<span data-toggle='tooltip' data-placement='right' title='原始值：2.8'>2.80</span>", "<span data-toggle='tooltip' data-placement='right' title='原始值：0.013'>0.013</span>", "<span data-toggle='tooltip' data-placement='right' title='原始值：0.093'>0.093</span>", "<span data-toggle='tooltip' data-placement='right' title='原始值：1.772'>1.77</span>", "--", "--", "维护"], ["湖南省", "长江流域", "<span data-toggle='tooltip' data-placement='right' title='所在地市:岳阳市&#10;所属河流:长江'>城陵矶</span>", "08-21 08:00", "Ⅱ", "<span data-toggle='tooltip' data-placement='right' title='原始值：28.68'>28.7</span>", "<span data-toggle='tooltip' data-placement='right' title='原始值：7.413193'>7.41</span>", "<span data-toggle='tooltip' data-placement='right' title='原始值：7.882967'>7.88</span>", "<span data-toggle='tooltip' data-placement='right' title='原始值：348.171'>348.2</span>", "<span data-toggle='tooltip' data-placement='right' title='原始值：105.748'>105.7</span>", "<span data-toggle='tooltip' data-placement='right' title='原始值：2.21'>2.21</span>", "<span data-toggle='tooltip' data-placement='right' title='原始值：0.007'>0.007</span>", "<span data-toggle='tooltip' data-placement='right' title='原始值：0.093'>0.093</span>", "<span data-toggle='tooltip' data-placement='right' title='原始值：1.3911'>1.39</span>", "*", "*", "正常"], ["广东省", "珠江流域", "<span data-toggle='tooltip' data-placement='right' title='所在地市:清远市&#10;所属河流:北江'>七星岗</span>", "08-21 08:00", "Ⅲ", "<span data-toggle='tooltip' data-placement='right' title='原始值：32.62878'>32.6</span>", "<span data-toggle='tooltip' data-placement='right' title='原始值：7.47487'>7.47</span>", "<span data-toggle='tooltip' data-placement='right' title='原始值：5.76402'>5.76</span>", "<span data-toggle='tooltip' data-placement='right' title='原始值：224.8805'>224.9</span>", "<span data-toggle='tooltip' data-placement='right' title='原始值：12.60426'>12.6</span>", "<span data-toggle='tooltip' data-placement='right' title='原始值：3.01'>3.01</span>", "<span data-toggle='tooltip' data-placement='right' title='原始值：0.09956'>0.100</span>", "<span data-toggle='tooltip' data-placement='right' title='原始值：0.01178'>0.012</span>", "<span data-toggle='tooltip' data-placement='right' title='原始值：1.3372'>1.34</span>", "*", "*", "正常"], ["广东省", "珠江流域", "<span data-toggle='tooltip' data-placement='right' title='所在地市:中山市&#10;所属河流:西江'>横栏</span>", "08-21 08:00", "Ⅱ", "<span data-toggle='tooltip' data-placement='right' title='原始值：27.5'>27.5</span>", "<span data-toggle='tooltip' data-placement='right' title='原始值：7.85'>7.85</span>", "<span data-toggle='tooltip' data-placement='right' title='原始值：6.91'>6.91</span>", "<span data-toggle='tooltip' data-placement='right' title='原始值：272'>272.0</span>", "<span data-toggle='tooltip' data-placement='right' title='原始值：15.6'>15.6</span>", "<span data-toggle='tooltip' data-placement='right' title='原始值：3.43'>3.43</span>", "<span data-toggle='tooltip' data-placement='right' title='原始值：0.11559'>0.116</span>", "*", "*", "*", "*", "正常"], ["广西壮族自治区", "珠江流域", "<span data-toggle='tooltip' data-placement='right' title='所在地市:南宁市&#10;所属河流:邕江'>老口</span>", null, "", "--", "--", "--", "--", "--", "--", "--", "--", "--", "*", "*", "维护"], ["广西壮族自治区", "珠江流域", "<span data-toggle='tooltip' data-placement='right' title='所在地市:桂林市&#10;所属河流:漓江'>阳朔</span>", "08-21 08:00", "Ⅱ", "<span data-toggle='tooltip' data-placement='right' title='原始值：26.9'>26.9</span>", "<span data-toggle='tooltip' data-placement='right' title='原始值：7.45'>7.45</span>", "<span data-toggle='tooltip' data-placement='right' title='原始值：6.34'>6.34</span>", "<span data-toggle='tooltip' data-placement='right' title='原始值：189'>189.0</span>", "<span data-toggle='tooltip' data-placement='right' title='原始值：20.07499'>20.1</span>", "<span data-toggle='tooltip' data-placement='right' title='原始值：1.42663'>1.43</span>", "<span data-toggle='tooltip' data-placement='right' title='原始值：0.0223'>0.022</span>", "<span data-toggle='tooltip' data-placement='right' title='原始值：0.00553'>0.006</span>", "<span data-toggle='tooltip' data-placement='right' title='原始值：1.57227'>1.57</span>", "*", "*", "正常"], ["广西壮族自治区", "珠江流域", "<span data-toggle='tooltip' data-placement='right' title='所在地市:梧州市&#10;所属河流:浔江'>界首</span>", null, "", "--", "--", "--", "--", "--", "--", "--", "--", "--", "*", "*", "停站"], ["广西壮族自治区", "珠江流域", "<span data-toggle='tooltip' data-placement='right' title='所在地市:贵港市&#10;所属河流:浔江'>石嘴</span>", "08-21 08:00", "Ⅱ", "<span data-toggle='tooltip' data-placement='right' title='原始值：29.28588'>29.3</span>", "<span data-toggle='tooltip' data-placement='right' title='原始值：7.15535'>7.16</span>", "<span data-toggle='tooltip' data-placement='right' title='原始值：6.78865'>6.79</span>", "<span data-toggle='tooltip' data-placement='right' title='原始值：315.4925'>315.5</span>", "<span data-toggle='tooltip' data-placement='right' title='原始值：30.04018'>30.0</span>", "<span data-toggle='tooltip' data-placement='right' title='原始值：1.86'>1.86</span>", "<span data-toggle='tooltip' data-placement='right' title='原始值：0.13'>0.130</span>", "<span data-toggle='tooltip' data-placement='right' title='原始值：0.02592'>0.026</span>", "<span data-toggle='tooltip' data-placement='right' title='原始值：1.8384'>1.84</span>", "*", "*", "正常"], ["广西壮族自治区", "珠江流域", "<span data-toggle='tooltip' data-placement='right' title='所在地市:崇左市&#10;所属河流:平而河'>平而关</span>", "08-21 08:00", "Ⅱ", "<span data-toggle='tooltip' data-placement='right' title='原始值：28.17406'>28.2</span>", "<span data-toggle='tooltip' data-placement='right' title='原始值：7.57054'>7.57</span>", "<span data-toggle='tooltip' data-placement='right' title='原始值：6.21358'>6.21</span>", "<span data-toggle='tooltip' data-placement='right' title='原始值：197.9477'>197.9</span>", "<span data-toggle='tooltip' data-placement='right' title='原始值：90.34174'>90.3</span>", "<span data-toggle='tooltip' data-placement='right' title='原始值：1.965'>1.96</span>", "<span data-toggle='tooltip' data-placement='right' title='原始值：0.14'>0.140</span>", "*", "*", "*", "*", "正常"], ["重庆市", "长江流域", "<span data-toggle='tooltip' data-placement='right' title='所在地市:永川区&#10;所属河流:长江'>朱沱</span>", null, "", "--", "--", "--", "--", "--", "--", "--", "--", "--", "*", "*", "停站"], ["四川省", "长江流域", "<span data-toggle='tooltip' data-placement='right' title='所在地市:攀枝花市&#10;所属河流:金沙江'>龙洞</span>", null, "", "--", "--", "--", "--", "--", "--", "--", "--", "--", "*", "*", "停站"], ["四川省", "长江流域", "<span data-toggle='tooltip' data-placement='right' title='所在地市:泸州市&#10;所属河流:沱江'>沱江大桥(沱江二桥)</span>", null, "", "--", "--", "--", "--", "--", "--", "--", "--", "--", "*", "*", "停站"], ["四川省", "长江流域", "<span data-toggle='tooltip' data-placement='right' title='所在地市:广元市&#10;所属河流:嘉陵江'>清风峡</span>", null, "", "--", "--", "--", "--", "--", "--", "--", "--", "--", "*", "*", "停站"], ["四川省", "长江流域", "<span data-toggle='tooltip' data-placement='right' title='所在地市:乐山市&#10;所属河流:岷江'>岷江大桥</span>", null, "", "--", "--", "--", "--", "--", "--", "--", "--", "--", "*", "*", "停站"], ["四川省", "长江流域", "<span data-toggle='tooltip' data-placement='right' title='所在地市:宜宾市&#10;所属河流:岷江'>凉姜沟</span>", null, "", "--", "--", "--", "--", "--", "--", "--", "--", "--", "*", "*", "停站"], ["云南省", "滇池流域", "<span data-toggle='tooltip' data-placement='right' title='所在地市:昆明市&#10;所属河流:滇池'>西苑隧道</span>", "08-21 08:00", "Ⅴ", "<span data-toggle='tooltip' data-placement='right' title='原始值：21.2'>21.2</span>", "<span data-toggle='tooltip' data-placement='right' title='原始值：7.71919'>7.72</span>", "<span data-toggle='tooltip' data-placement='right' title='原始值：2.54039'>2.54</span>", "<span data-toggle='tooltip' data-placement='right' title='原始值：558.8613'>558.9</span>", "<span data-toggle='tooltip' data-placement='right' title='原始值：34.43594'>34.4</span>", "<span data-toggle='tooltip' data-placement='right' title='原始值：6.76001'>6.76</span>", "<span data-toggle='tooltip' data-placement='right' title='原始值：1.6575'>1.658</span>", "<span data-toggle='tooltip' data-placement='right' title='原始值：0.15086'>0.151</span>", "<span data-toggle='tooltip' data-placement='right' title='原始值：5.02398'>5.02</span>", "<span data-toggle='tooltip' data-placement='right' title='原始值：0.00274'>0.003</span>", "<span data-toggle='tooltip' data-placement='right' title='原始值：1.616314E+07'>16163140</span>", "正常"], ["云南省", "滇池流域", "<span data-toggle='tooltip' data-placement='right' title='所在地市:昆明市&#10;所属河流:滇池'>观音山</span>", "08-21 08:00", "Ⅴ", "<span data-toggle='tooltip' data-placement='right' title='原始值：22.72711'>22.7</span>", "<span data-toggle='tooltip' data-placement='right' title='原始值：7.2443'>7.24</span>", "<span data-toggle='tooltip' data-placement='right' title='原始值：6.47825'>6.48</span>", "<span data-toggle='tooltip' data-placement='right' title='原始值：441.8881'>441.9</span>", "<span data-toggle='tooltip' data-placement='right' title='原始值：25.94122'>25.9</span>", "<span data-toggle='tooltip' data-placement='right' title='原始值：9.19202'>9.19</span>", "<span data-toggle='tooltip' data-placement='right' title='原始值：0.44'>0.440</span>", "<span data-toggle='tooltip' data-placement='right' title='原始值：0.1403'>0.140</span>", "<span data-toggle='tooltip' data-placement='right' title='原始值：1.653'>1.65</span>", "<span data-toggle='tooltip' data-placement='right' title='原始值：0.00377'>0.004</span>", "<span data-toggle='tooltip' data-placement='right' title='原始值：1.510188E+07'>15101880</span>", "正常"], ["云南省", "西南诸河", "<span data-toggle='tooltip' data-placement='right' title='所在地市:红河哈尼族彝族自治州&#10;所属河流:红河'>河口县医院(河口)</span>", "08-21 08:00", "", "<span data-toggle='tooltip' data-placement='right' title='极值过滤'>--</span>", "<span data-toggle='tooltip' data-placement='right' title='极值过滤'>--</span>", "<span data-toggle='tooltip' data-placement='right' title='极值过滤'>--</span>", "<span data-toggle='tooltip' data-placement='right' title='极值过滤'>--</span>", "<span data-toggle='tooltip' data-placement='right' title='极值过滤'>--</span>", "<span data-toggle='tooltip' data-placement='right' title='原始值：2.38171'>2.38</span>", "<span data-toggle='tooltip' data-placement='right' title='原始值：0.21862'>0.219</span>", "<span data-toggle='tooltip' data-placement='right' title='原始值：0.157'>0.157</span>", "<span data-toggle='tooltip' data-placement='right' title='原始值：1.48595'>1.49</span>", "*", "*", "维护"], ["云南省", "西南诸河", "<span data-toggle='tooltip' data-placement='right' title='所在地市:西双版纳傣族自治州&#10;所属河流:澜沧江'>橄榄坝</span>", "08-21 08:00", "Ⅱ", "<span data-toggle='tooltip' data-placement='right' title='原始值：19.73206'>19.7</span>", "<span data-toggle='tooltip' data-placement='right' title='原始值：7.5267'>7.53</span>", "<span data-toggle='tooltip' data-placement='right' title='原始值：6.57799'>6.58</span>", "<span data-toggle='tooltip' data-placement='right' title='原始值：517.7999'>517.8</span>", "<span data-toggle='tooltip' data-placement='right' title='原始值：85.14247'>85.1</span>", "<span data-toggle='tooltip' data-placement='right' title='原始值：1.65'>1.65</span>", "<span data-toggle='tooltip' data-placement='right' title='原始值：0.08914'>0.089</span>", "*", "*", "*", "*", "正常"], ["陕西省", "黄河流域", "<span data-toggle='tooltip' data-placement='right' title='所在地市:渭南市&#10;所属河流:渭河'>潼关吊桥</span>", null, "", "--", "--", "--", "--", "--", "--", "--", "--", "--", "*", "*", "停站"], ["甘肃省", "黄河流域", "<span data-toggle='tooltip' data-placement='right' title='所在地市:兰州市&#10;所属河流:黄河'>新城桥</span>", "08-21 08:00", "Ⅱ", "<span data-toggle='tooltip' data-placement='right' title='原始值：16.18669'>16.2</span>", "<span data-toggle='tooltip' data-placement='right' title='原始值：6.9479'>6.95</span>", "<span data-toggle='tooltip' data-placement='right' title='原始值：8.21533'>8.22</span>", "<span data-toggle='tooltip' data-placement='right' title='原始值：414.1898'>414.2</span>", "<span data-toggle='tooltip' data-placement='right' title='原始值：335.998'>336.0</span>", "<span data-toggle='tooltip' data-placement='right' title='原始值：2.91'>2.91</span>", "<span data-toggle='tooltip' data-placement='right' title='原始值：0.24'>0.240</span>", "<span data-toggle='tooltip' data-placement='right' title='原始值：0.04729'>0.047</span>", "<span data-toggle='tooltip' data-placement='right' title='原始值：3.42165'>3.42</span>", "*", "*", "正常"], ["宁夏回族自治区", "黄河流域", "<span data-toggle='tooltip' data-placement='right' title='所在地市:中卫市&#10;所属河流:黄河'>中卫下河沿(新墩)</span>", "08-21 08:00", "劣Ⅴ", "<span data-toggle='tooltip' data-placement='right' title='原始值：19.38876'>19.4</span>", "<span data-toggle='tooltip' data-placement='right' title='原始值：8.63127'>8.63</span>", "<span data-toggle='tooltip' data-placement='right' title='原始值：8.24549'>8.25</span>", "<span data-toggle='tooltip' data-placement='right' title='原始值：463.2005'>463.2</span>", "<span data-toggle='tooltip' data-placement='right' title='原始值：1292.745'>1292.7</span>", "<span data-toggle='tooltip' data-placement='right' title='原始值：6.13'>6.13</span>", "<span data-toggle='tooltip' data-placement='right' title='原始值：0.06'>0.060</span>", "<span data-toggle='tooltip' data-placement='right' title='原始值：0.9317'>0.932</span>", "<span data-toggle='tooltip' data-placement='right' title='原始值：2.028'>2.03</span>", "*", "*", "正常"]]}