{"result": 1, "total": 1, "records": 98, "thead": ["省份", "流域", "断面名称", "监测时间", "水质类别", "水温<br/><span class='unit'>(℃)</span>", "pH<br/><span class='unit'>(无量纲)</span>", "溶解氧<br/><span class='unit'>(mg/L)</span>", "电导率<br/><span class='unit'>(μS/cm)</span>", "浊度<br/><span class='unit'>(NTU)</span>", "高锰酸盐指数<br/><span class='unit'>(mg/L)</span>", "氨氮<br/><span class='unit'>(mg/L)</span>", "总磷<br/><span class='unit'>(mg/L)</span>", "总氮<br/><span class='unit'>(mg/L)</span>", "叶绿素α<br/><span class='unit'>(mg/L)</span>", "藻密度<br/><span class='unit'>(cells/L)</span>", "站点情况"], "tbody": [["北京市", "海河流域", "<span data-toggle='tooltip' data-placement='right' title='所在地市:门头沟区&#10;所属河流:永定河'>沿河城</span>", "08-17 08:00", "Ⅳ", "<span data-toggle='tooltip' data-placement='right' title='原始值：24.09568'>24.1</span>", "<span data-toggle='tooltip' data-placement='right' title='原始值：8.18445'>8.18</span>", "<span data-toggle='tooltip' data-placement='right' title='原始值：7.38912'>7.39</span>", "<span data-toggle='tooltip' data-placement='right' title='原始值：1429.466'>1429.5</span>", "<span data-toggle='tooltip' data-placement='right' title='原始值：55.84018'>55.8</span>", "<span data-toggle='tooltip' data-placement='right' title='原始值：7.21'>7.21</span>", "<span data-toggle='tooltip' data-placement='right' title='原始值：0.15'>0.150</span>", "<span data-toggle='tooltip' data-placement='right' title='原始值：0.07602'>0.076</span>", "<span data-toggle='tooltip' data-placement='right' title='原始值：1.38125'>1.38</span>", "*", "*", "正常"], ["北京市", "海河流域", "<span data-toggle='tooltip' data-placement='right' title='所在地市:密云区&#10;所属河流:潮河'>古北口</span>", "08-17 08:00", "Ⅱ", "<span data-toggle='tooltip' data-placement='right' title='原始值：25.37983'>25.4</span>", "<span data-toggle='tooltip' data-placement='right' title='原始值：6.98167'>6.98</span>", "<span data-toggle='tooltip' data-placement='right' title='原始值：6.25216'>6.25</span>", "<span data-toggle='tooltip' data-placement='right' title='原始值：588.3236'>588.3</span>", "<span data-toggle='tooltip' data-placement='right' title='原始值：3.85875'>3.9</span>", "<span data-toggle='tooltip' data-placement='right' title='原始值：1.26'>1.26</span>", "<span data-toggle='tooltip' data-placement='right' title='原始值：0.23'>0.230</span>", "<span data-toggle='tooltip' data-placement='right' title='原始值：0.0011'>0.001</span>", "<span data-toggle='tooltip' data-placement='right' title='原始值：3.9042'>3.90</span>", "*", "*", "正常"], ["天津市", "海河流域", "<span data-toggle='tooltip' data-placement='right' title='所在地市:河北区&#10;所属河流:海河'>三岔口</span>", "08-17 08:00", "Ⅳ", "<span data-toggle='tooltip' data-placement='right' title='原始值：27.9795'>28.0</span>", "<span data-toggle='tooltip' data-placement='right' title='原始值：7.3169'>7.32</span>", "<span data-toggle='tooltip' data-placement='right' title='原始值：4.706'>4.71</span>", "<span data-toggle='tooltip' data-placement='right' title='原始值：290.5163'>290.5</span>", "<span data-toggle='tooltip' data-placement='right' title='原始值：11.218'>11.2</span>", "<span data-toggle='tooltip' data-placement='right' title='原始值：2.1'>2.10</span>", "<span data-toggle='tooltip' data-placement='right' title='原始值：0.29'>0.290</span>", "<span data-toggle='tooltip' data-placement='right' title='原始值：0.0005'>0.0005</span>", "<span data-toggle='tooltip' data-placement='right' title='原始值：1.0736'>1.07</span>", "*", "*", "正常"], ["天津市", "海河流域", "<span data-toggle='tooltip' data-placement='right' title='所在地市:蓟州区&#10;所属河流:果河'>果河桥</span>", "08-17 08:00", "Ⅱ", "<span data-toggle='tooltip' data-placement='right' title='原始值：28.3'>28.3</span>", "<span data-toggle='tooltip' data-placement='right' title='原始值：8.156'>8.16</span>", "<span data-toggle='tooltip' data-placement='right' title='原始值：10.752'>10.75</span>", "<span data-toggle='tooltip' data-placement='right' title='原始值：639.077'>639.1</span>", "<span data-toggle='tooltip' data-placement='right' title='原始值：6.463'>6.5</span>", "<span data-toggle='tooltip' data-placement='right' title='原始值：2.8185'>2.82</span>", "<span data-toggle='tooltip' data-placement='right' title='原始值：0.16'>0.160</span>", "<span data-toggle='tooltip' data-placement='right' title='原始值：0.0533'>0.053</span>", "<span data-toggle='tooltip' data-placement='right' title='原始值：2.6206'>2.62</span>", "*", "*", "正常"], ["河北省", "海河流域", "<span data-toggle='tooltip' data-placement='right' title='所在地市:石家庄市&#10;所属河流:滹沱河'>岗南水库</span>", "08-17 08:00", "Ⅲ", "<span data-toggle='tooltip' data-placement='right' title='原始值：26.41984'>26.4</span>", "<span data-toggle='tooltip' data-placement='right' title='原始值：8.21768'>8.22</span>", "<span data-toggle='tooltip' data-placement='right' title='原始值：6.86611'>6.87</span>", "<span data-toggle='tooltip' data-placement='right' title='原始值：565.9998'>566.0</span>", "<span data-toggle='tooltip' data-placement='right' title='原始值：1.83663'>1.8</span>", "<span data-toggle='tooltip' data-placement='right' title='原始值：4.72805'>4.73</span>", "<span data-toggle='tooltip' data-placement='right' title='原始值：0.05'>0.050</span>", "<span data-toggle='tooltip' data-placement='right' title='原始值：0.00216'>0.002</span>", "<span data-toggle='tooltip' data-placement='right' title='原始值：2.76966'>2.77</span>", "*", "*", "正常"], ["河北省", "海河流域", "<span data-toggle='tooltip' data-placement='right' title='所在地市:张家口市&#10;所属河流:永定河'>八号桥</span>", "08-17 04:00", "Ⅲ", "<span data-toggle='tooltip' data-placement='right' title='原始值：25.50593'>25.5</span>", "<span data-toggle='tooltip' data-placement='right' title='原始值：7.51113'>7.51</span>", "<span data-toggle='tooltip' data-placement='right' title='原始值：5.91185'>5.91</span>", "<span data-toggle='tooltip' data-placement='right' title='原始值：1020.07'>1020.1</span>", "<span data-toggle='tooltip' data-placement='right' title='原始值：51.73837'>51.7</span>", "<span data-toggle='tooltip' data-placement='right' title='原始值：3.67'>3.67</span>", "<span data-toggle='tooltip' data-placement='right' title='原始值：0.23'>0.230</span>", "<span data-toggle='tooltip' data-placement='right' title='原始值：0.142'>0.142</span>", "<span data-toggle='tooltip' data-placement='right' title='原始值：2.28'>2.28</span>", "*", "*", "正常"], ["山西省", "黄河流域", "<span data-toggle='tooltip' data-placement='right' title='所在地市:运城市&#10;所属河流:汾河'>河津大桥</span>", "08-17 08:00", "劣Ⅴ", "<span data-toggle='tooltip' data-placement='right' title='原始值：25.90367'>25.9</span>", "<span data-toggle='tooltip' data-placement='right' title='原始值：7.29985'>7.30</span>", "<span data-toggle='tooltip' data-placement='right' title='原始值：0.85096'>0.85</span>", "<span data-toggle='tooltip' data-placement='right' title='原始值：1102.633'>1102.6</span>", "<span data-toggle='tooltip' data-placement='right' title='原始值：297.5954'>297.6</span>", "<span data-toggle='tooltip' data-placement='right' title='原始值：6.775'>6.78</span>", "<span data-toggle='tooltip' data-placement='right' title='原始值：1.27'>1.270</span>", "*", "*", "*", "*", "正常"], ["山西省", "黄河流域", "<span data-toggle='tooltip' data-placement='right' title='所在地市:忻州市&#10;所属河流:黄河'>万家寨水库</span>", "08-17 08:00", "劣Ⅴ", "<span data-toggle='tooltip' data-placement='right' title='原始值：23.67886'>23.7</span>", "<span data-toggle='tooltip' data-placement='right' title='原始值：7.7944'>7.79</span>", "<span data-toggle='tooltip' data-placement='right' title='原始值：7.2236'>7.22</span>", "<span data-toggle='tooltip' data-placement='right' title='原始值：664.1144'>664.1</span>", "<span data-toggle='tooltip' data-placement='right' title='原始值：3686.77'>3686.8</span>", "<span data-toggle='tooltip' data-placement='right' title='原始值：5.53'>5.53</span>", "<span data-toggle='tooltip' data-placement='right' title='原始值：0.36'>0.360</span>", "<span data-toggle='tooltip' data-placement='right' title='原始值：0.84174'>0.842</span>", "<span data-toggle='tooltip' data-placement='right' title='原始值：1.65'>1.65</span>", "*", "*", "正常"], ["内蒙古自治区", "黄河流域", "<span data-toggle='tooltip' data-placement='right' title='所在地市:包头市&#10;所属河流:黄河'>画匠营子</span>", "08-17 08:00", "", "<span data-toggle='tooltip' data-placement='right' title='原始值：24.71108'>24.7</span>", "<span data-toggle='tooltip' data-placement='right' title='原始值：7.36382'>7.36</span>", "<span data-toggle='tooltip' data-placement='right' title='原始值：13.80644'>13.81</span>", "<span data-toggle='tooltip' data-placement='right' title='原始值：658.595'>658.6</span>", "<span data-toggle='tooltip' data-placement='right' title='原始值：1886.81'>1886.8</span>", "<span data-toggle='tooltip' data-placement='right' title='原始值：3.44396'>3.44</span>", "<span data-toggle='tooltip' data-placement='right' title='极值过滤'>--</span>", "*", "*", "*", "*", "维护"], ["内蒙古自治区", "黄河流域", "<span data-toggle='tooltip' data-placement='right' title='所在地市:乌海市&#10;所属河流:黄河'>海勃湾</span>", "08-17 08:00", "Ⅲ", "<span data-toggle='tooltip' data-placement='right' title='原始值：20.95972'>21.0</span>", "<span data-toggle='tooltip' data-placement='right' title='原始值：7.78281'>7.78</span>", "<span data-toggle='tooltip' data-placement='right' title='原始值：5.9942'>5.99</span>", "<span data-toggle='tooltip' data-placement='right' title='原始值：582.4467'>582.4</span>", "<span data-toggle='tooltip' data-placement='right' title='原始值：540.0772'>540.1</span>", "<span data-toggle='tooltip' data-placement='right' title='原始值：3.85'>3.85</span>", "<span data-toggle='tooltip' data-placement='right' title='原始值：0.09'>0.090</span>", "*", "*", "*", "*", "正常"], ["内蒙古自治区", "松花江流域", "<span data-toggle='tooltip' data-placement='right' title='所在地市:呼伦贝尔市&#10;所属河流:额尔古纳河'>黑山头</span>", null, "", "--", "--", "--", "--", "--", "--", "--", "--", "--", "*", "*", "停站"], ["辽宁省", "辽河流域", "<span data-toggle='tooltip' data-placement='right' title='所在地市:抚顺市&#10;所属河流:浑河'>大伙房水库</span>", "08-17 08:00", "", "<span data-toggle='tooltip' data-placement='right' title='原始值：29.21758'>29.2</span>", "<span data-toggle='tooltip' data-placement='right' title='原始值：7.79546'>7.80</span>", "<span data-toggle='tooltip' data-placement='right' title='原始值：8.08632'>8.09</span>", "<span data-toggle='tooltip' data-placement='right' title='原始值：330.618'>330.6</span>", "<span data-toggle='tooltip' data-placement='right' title='原始值：2.67757'>2.7</span>", "<span data-toggle='tooltip' data-placement='right' title='原始值：1.317'>1.32</span>", "<span data-toggle='tooltip' data-placement='right' title='原始值：0.02'>0.020</span>", "<span data-toggle='tooltip' data-placement='right' title='极值过滤'>--</span>", "<span data-toggle='tooltip' data-placement='right' title='极值过滤'>--</span>", "<span data-toggle='tooltip' data-placement='right' title='极值过滤'>--</span>", "*", "维护"], ["辽宁省", "辽河流域", "<span data-toggle='tooltip' data-placement='right' title='所在地市:丹东市&#10;所属河流:鸭绿江'>江桥</span>", "08-17 08:00", "Ⅱ", "<span data-toggle='tooltip' data-placement='right' title='原始值：23'>23.0</span>", "<span data-toggle='tooltip' data-placement='right' title='原始值：6.87'>6.87</span>", "<span data-toggle='tooltip' data-placement='right' title='原始值：6.59984'>6.60</span>", "<span data-toggle='tooltip' data-placement='right' title='原始值：157'>157.0</span>", "<span data-toggle='tooltip' data-placement='right' title='原始值：4.64853'>4.6</span>", "<span data-toggle='tooltip' data-placement='right' title='原始值：2.19'>2.19</span>", "<span data-toggle='tooltip' data-placement='right' title='原始值：0.07942'>0.079</span>", "<span data-toggle='tooltip' data-placement='right' title='原始值：0.03574'>0.036</span>", "<span data-toggle='tooltip' data-placement='right' title='原始值：2.8244'>2.82</span>", "*", "*", "正常"], ["辽宁省", "辽河流域", "<span data-toggle='tooltip' data-placement='right' title='所在地市:营口市&#10;所属河流:大辽河'>辽河公园</span>", "08-17 08:00", "Ⅳ", "<span data-toggle='tooltip' data-placement='right' title='原始值：26.1092'>26.1</span>", "<span data-toggle='tooltip' data-placement='right' title='原始值：6.98563'>6.99</span>", "<span data-toggle='tooltip' data-placement='right' title='原始值：7.37156'>7.37</span>", "<span data-toggle='tooltip' data-placement='right' title='原始值：36064.61'>36064.6</span>", "<span data-toggle='tooltip' data-placement='right' title='原始值：68.71282'>68.7</span>", "<span data-toggle='tooltip' data-placement='right' title='原始值：6.10971'>6.11</span>", "<span data-toggle='tooltip' data-placement='right' title='原始值：0.05306'>0.053</span>", "<span data-toggle='tooltip' data-placement='right' title='原始值：0.21659'>0.217</span>", "<span data-toggle='tooltip' data-placement='right' title='原始值：3.85684'>3.86</span>", "*", "*", "正常"], ["辽宁省", "辽河流域", "<span data-toggle='tooltip' data-placement='right' title='所在地市:辽阳市&#10;所属河流:太子河'>汤河水库</span>", "08-17 08:00", "", "<span data-toggle='tooltip' data-placement='right' title='原始值：18.10039'>18.1</span>", "<span data-toggle='tooltip' data-placement='right' title='原始值：7.54'>7.54</span>", "<span data-toggle='tooltip' data-placement='right' title='极值过滤'>--</span>", "<span data-toggle='tooltip' data-placement='right' title='原始值：475.625'>475.6</span>", "<span data-toggle='tooltip' data-placement='right' title='原始值：50.4608'>50.5</span>", "<span data-toggle='tooltip' data-placement='right' title='原始值：1.82'>1.82</span>", "<span data-toggle='tooltip' data-placement='right' title='原始值：0.002'>0.002</span>", "<span data-toggle='tooltip' data-placement='right' title='极值过滤'>--</span>", "<span data-toggle='tooltip' data-placement='right' title='极值过滤'>--</span>", "*", "*", "维护"], ["辽宁省", "辽河流域", "<span data-toggle='tooltip' data-placement='right' title='所在地市:盘锦市&#10;所属河流:辽河'>盘锦兴安(兴安)</span>", "08-17 08:00", "Ⅲ", "<span data-toggle='tooltip' data-placement='right' title='原始值：26.11365'>26.1</span>", "<span data-toggle='tooltip' data-placement='right' title='原始值：7.05658'>7.06</span>", "<span data-toggle='tooltip' data-placement='right' title='原始值：5.25847'>5.26</span>", "<span data-toggle='tooltip' data-placement='right' title='原始值：642.9282'>642.9</span>", "<span data-toggle='tooltip' data-placement='right' title='原始值：90.89282'>90.9</span>", "<span data-toggle='tooltip' data-placement='right' title='原始值：2.94794'>2.95</span>", "<span data-toggle='tooltip' data-placement='right' title='原始值：0.15'>0.150</span>", "<span data-toggle='tooltip' data-placement='right' title='原始值：0.1448'>0.145</span>", "<span data-toggle='tooltip' data-placement='right' title='原始值：1.16685'>1.17</span>", "*", "*", "正常"], ["辽宁省", "辽河流域", "<span data-toggle='tooltip' data-placement='right' title='所在地市:铁岭市&#10;所属河流:辽河'>珠尔山</span>", "08-17 08:00", "Ⅳ", "<span data-toggle='tooltip' data-placement='right' title='原始值：27.33204'>27.3</span>", "<span data-toggle='tooltip' data-placement='right' title='原始值：7.00849'>7.01</span>", "<span data-toggle='tooltip' data-placement='right' title='原始值：8.25653'>8.26</span>", "<span data-toggle='tooltip' data-placement='right' title='原始值：507.2689'>507.3</span>", "<span data-toggle='tooltip' data-placement='right' title='原始值：26.67947'>26.7</span>", "<span data-toggle='tooltip' data-placement='right' title='原始值：7.73712'>7.74</span>", "<span data-toggle='tooltip' data-placement='right' title='原始值：1.25'>1.250</span>", "<span data-toggle='tooltip' data-placement='right' title='原始值：0.15259'>0.153</span>", "<span data-toggle='tooltip' data-placement='right' title='原始值：2.83049'>2.83</span>", "*", "*", "正常"], ["吉林省", "松花江流域", "<span data-toggle='tooltip' data-placement='right' title='所在地市:长春市&#10;所属河流:松花江'>松花江村</span>", null, "", "--", "--", "--", "--", "--", "--", "--", "--", "--", "*", "*", "停站"], ["吉林省", "松花江流域", "<span data-toggle='tooltip' data-placement='right' title='所在地市:白城市&#10;所属河流:嫩江'>白沙滩</span>", null, "", "--", "--", "--", "--", "--", "--", "--", "--", "--", "*", "*", "停站"], ["吉林省", "松花江流域", "<span data-toggle='tooltip' data-placement='right' title='所在地市:延边朝鲜族自治州&#10;所属河流:图们江'>圈河</span>", null, "", "--", "--", "--", "--", "--", "--", "--", "--", "--", "*", "*", "停站"], ["黑龙江省", "松花江流域", "<span data-toggle='tooltip' data-placement='right' title='所在地市:大庆市&#10;所属河流:松花江'>肇源</span>", null, "", "--", "--", "--", "--", "--", "--", "--", "--", "--", "*", "*", "停站"], ["黑龙江省", "松花江流域", "<span data-toggle='tooltip' data-placement='right' title='所在地市:佳木斯市&#10;所属河流:乌苏里江'>乌苏镇</span>", null, "", "--", "--", "--", "--", "--", "--", "--", "--", "--", "*", "*", "停站"], ["黑龙江省", "松花江流域", "<span data-toggle='tooltip' data-placement='right' title='所在地市:佳木斯市&#10;所属河流:松花江'>同江</span>", null, "", "--", "--", "--", "--", "--", "--", "--", "--", "--", "*", "*", "停站"], ["黑龙江省", "松花江流域", "<span data-toggle='tooltip' data-placement='right' title='所在地市:黑河市&#10;所属河流:黑龙江'>黑河下(黑河)</span>", null, "", "--", "--", "--", "--", "--", "--", "--", "--", "--", "*", "*", "停站"], ["上海市", "长江流域", "<span data-toggle='tooltip' data-placement='right' title='所在地市:青浦区&#10;所属河流:淀山湖'>急水港桥</span>", "08-17 08:00", "Ⅳ", "<span data-toggle='tooltip' data-placement='right' title='原始值：31.5'>31.5</span>", "<span data-toggle='tooltip' data-placement='right' title='原始值：7.34'>7.34</span>", "<span data-toggle='tooltip' data-placement='right' title='原始值：4.21'>4.21</span>", "<span data-toggle='tooltip' data-placement='right' title='原始值：413'>413.0</span>", "<span data-toggle='tooltip' data-placement='right' title='原始值：206.7'>206.7</span>", "<span data-toggle='tooltip' data-placement='right' title='原始值：4.25'>4.25</span>", "<span data-toggle='tooltip' data-placement='right' title='原始值：0.48775'>0.488</span>", "<span data-toggle='tooltip' data-placement='right' title='原始值：0.08496'>0.085</span>", "<span data-toggle='tooltip' data-placement='right' title='原始值：1.60157'>1.60</span>", "<span data-toggle='tooltip' data-placement='right' title='原始值：0.01046'>0.010</span>", "<span data-toggle='tooltip' data-placement='right' title='原始值：1.345817E+07'>13458170</span>", "正常"], ["江苏省", "长江流域", "<span data-toggle='tooltip' data-placement='right' title='所在地市:南京市&#10;所属河流:长江'>林山</span>", "08-17 08:00", "Ⅱ", "<span data-toggle='tooltip' data-placement='right' title='原始值：29.7687'>29.8</span>", "<span data-toggle='tooltip' data-placement='right' title='原始值：7.44177'>7.44</span>", "<span data-toggle='tooltip' data-placement='right' title='原始值：6.04003'>6.04</span>", "<span data-toggle='tooltip' data-placement='right' title='原始值：286.256'>286.3</span>", "<span data-toggle='tooltip' data-placement='right' title='原始值：69.8339'>69.8</span>", "<span data-toggle='tooltip' data-placement='right' title='原始值：2.31'>2.31</span>", "<span data-toggle='tooltip' data-placement='right' title='原始值：0.066'>0.066</span>", "*", "*", "*", "*", "正常"], ["江苏省", "太湖流域", "<span data-toggle='tooltip' data-placement='right' title='所在地市:无锡市&#10;所属河流:太湖'>沙渚</span>", "08-17 08:00", "Ⅲ", "<span data-toggle='tooltip' data-placement='right' title='原始值：31.58798'>31.6</span>", "<span data-toggle='tooltip' data-placement='right' title='原始值：7.759918'>7.76</span>", "<span data-toggle='tooltip' data-placement='right' title='原始值：6.054212'>6.05</span>", "<span data-toggle='tooltip' data-placement='right' title='原始值：336.1844'>336.2</span>", "<span data-toggle='tooltip' data-placement='right' title='原始值：83.38736'>83.4</span>", "<span data-toggle='tooltip' data-placement='right' title='原始值：4.64'>4.64</span>", "<span data-toggle='tooltip' data-placement='right' title='原始值：0.09'>0.090</span>", "<span data-toggle='tooltip' data-placement='right' title='原始值：0.0763'>0.076</span>", "<span data-toggle='tooltip' data-placement='right' title='原始值：1.389'>1.39</span>", "*", "*", "正常"], ["江苏省", "淮河流域", "<span data-toggle='tooltip' data-placement='right' title='所在地市:徐州市&#10;所属河流:武河'>小红圈</span>", "08-17 08:00", "Ⅲ", "<span data-toggle='tooltip' data-placement='right' title='原始值：28.1'>28.1</span>", "<span data-toggle='tooltip' data-placement='right' title='原始值：7.13'>7.13</span>", "<span data-toggle='tooltip' data-placement='right' title='原始值：5.57'>5.57</span>", "<span data-toggle='tooltip' data-placement='right' title='原始值：1017.8'>1017.8</span>", "<span data-toggle='tooltip' data-placement='right' title='原始值：15.97'>16.0</span>", "<span data-toggle='tooltip' data-placement='right' title='原始值：4.88'>4.88</span>", "<span data-toggle='tooltip' data-placement='right' title='原始值：0.08'>0.080</span>", "*", "*", "*", "*", "正常"], ["江苏省", "淮河流域", "<span data-toggle='tooltip' data-placement='right' title='所在地市:徐州市&#10;所属河流:沿河'>李集桥</span>", "08-17 08:00", "Ⅴ", "<span data-toggle='tooltip' data-placement='right' title='原始值：30.21'>30.2</span>", "<span data-toggle='tooltip' data-placement='right' title='原始值：7.58'>7.58</span>", "<span data-toggle='tooltip' data-placement='right' title='原始值：6.41'>6.41</span>", "<span data-toggle='tooltip' data-placement='right' title='原始值：841.5'>841.5</span>", "<span data-toggle='tooltip' data-placement='right' title='原始值：15.13'>15.1</span>", "<span data-toggle='tooltip' data-placement='right' title='原始值：6.91'>6.91</span>", "<span data-toggle='tooltip' data-placement='right' title='原始值：0.005'>0.005</span>", "<span data-toggle='tooltip' data-placement='right' title='原始值：0.36'>0.360</span>", "<span data-toggle='tooltip' data-placement='right' title='原始值：2.035'>2.04</span>", "*", "*", "正常"], ["江苏省", "淮河流域", "<span data-toggle='tooltip' data-placement='right' title='所在地市:徐州市&#10;所属河流:邳苍分洪道'>艾山西大桥</span>", "08-17 08:00", "Ⅴ", "<span data-toggle='tooltip' data-placement='right' title='原始值：27.1747'>27.2</span>", "<span data-toggle='tooltip' data-placement='right' title='原始值：7.68716'>7.69</span>", "<span data-toggle='tooltip' data-placement='right' title='原始值：4.65031'>4.65</span>", "<span data-toggle='tooltip' data-placement='right' title='原始值：751.091'>751.1</span>", "<span data-toggle='tooltip' data-placement='right' title='原始值：65.1451'>65.1</span>", "<span data-toggle='tooltip' data-placement='right' title='原始值：3.8'>3.80</span>", "<span data-toggle='tooltip' data-placement='right' title='原始值：0.2'>0.200</span>", "<span data-toggle='tooltip' data-placement='right' title='原始值：0.35232'>0.352</span>", "<span data-toggle='tooltip' data-placement='right' title='原始值：8.74584'>8.75</span>", "*", "*", "正常"], ["江苏省", "太湖流域", "<span data-toggle='tooltip' data-placement='right' title='所在地市:苏州市&#10;所属河流:太湖'>兰山嘴(老)</span>", "08-17 08:00", "Ⅲ", "<span data-toggle='tooltip' data-placement='right' title='原始值：34.44806'>34.4</span>", "<span data-toggle='tooltip' data-placement='right' title='原始值：8.29978'>8.30</span>", "<span data-toggle='tooltip' data-placement='right' title='原始值：7.28543'>7.29</span>", "<span data-toggle='tooltip' data-placement='right' title='原始值：304.525'>304.5</span>", "<span data-toggle='tooltip' data-placement='right' title='原始值：47.65278'>47.7</span>", "<span data-toggle='tooltip' data-placement='right' title='原始值：3.73'>3.73</span>", "<span data-toggle='tooltip' data-placement='right' title='原始值：0.15'>0.150</span>", "<span data-toggle='tooltip' data-placement='right' title='原始值：0.1488'>0.149</span>", "<span data-toggle='tooltip' data-placement='right' title='原始值：1.38638'>1.39</span>", "*", "*", "正常"], ["江苏省", "太湖流域", "<span data-toggle='tooltip' data-placement='right' title='所在地市:苏州市&#10;所属河流:太湖'>西山</span>", "08-17 08:00", "Ⅳ", "<span data-toggle='tooltip' data-placement='right' title='原始值：32.26523'>32.3</span>", "<span data-toggle='tooltip' data-placement='right' title='原始值：7.94098'>7.94</span>", "<span data-toggle='tooltip' data-placement='right' title='原始值：5.90857'>5.91</span>", "<span data-toggle='tooltip' data-placement='right' title='原始值：360.4507'>360.5</span>", "<span data-toggle='tooltip' data-placement='right' title='原始值：53.0215'>53.0</span>", "<span data-toggle='tooltip' data-placement='right' title='原始值：2.47'>2.47</span>", "<span data-toggle='tooltip' data-placement='right' title='原始值：0.14'>0.140</span>", "<span data-toggle='tooltip' data-placement='right' title='原始值：0.0945'>0.094</span>", "<span data-toggle='tooltip' data-placement='right' title='原始值：0.7811'>0.78</span>", "*", "*", "正常"], ["江苏省", "淮河流域", "<span data-toggle='tooltip' data-placement='right' title='所在地市:连云港市&#10;所属河流:新沭河'>大兴桥</span>", null, "", "--", "--", "--", "--", "--", "--", "--", "--", "--", "*", "*", "停站"], ["江苏省", "淮河流域", "<span data-toggle='tooltip' data-placement='right' title='所在地市:淮安市&#10;所属河流:淮河'>淮河大桥</span>", null, "", "--", "--", "--", "--", "--", "--", "--", "--", "--", "*", "*", "停站"], ["江苏省", "长江流域", "<span data-toggle='tooltip' data-placement='right' title='所在地市:扬州市&#10;所属河流:夹江'>三江营</span>", "08-17 08:00", "Ⅲ", "<span data-toggle='tooltip' data-placement='right' title='原始值：32.07'>32.1</span>", "<span data-toggle='tooltip' data-placement='right' title='原始值：7.68'>7.68</span>", "<span data-toggle='tooltip' data-placement='right' title='原始值：5.41'>5.41</span>", "<span data-toggle='tooltip' data-placement='right' title='原始值：392.17'>392.2</span>", "<span data-toggle='tooltip' data-placement='right' title='原始值：130.39'>130.4</span>", "<span data-toggle='tooltip' data-placement='right' title='原始值：5.681'>5.68</span>", "<span data-toggle='tooltip' data-placement='right' title='原始值：0.223'>0.223</span>", "<span data-toggle='tooltip' data-placement='right' title='原始值：0.151'>0.151</span>", "<span data-toggle='tooltip' data-placement='right' title='原始值：1.948'>1.95</span>", "*", "*", "正常"], ["江苏省", "淮河流域", "<span data-toggle='tooltip' data-placement='right' title='所在地市:宿迁市&#10;所属河流:新濉河'>大屈</span>", "08-17 08:00", "", "<span data-toggle='tooltip' data-placement='right' title='原始值：31.8'>31.8</span>", "<span data-toggle='tooltip' data-placement='right' title='原始值：7.61'>7.61</span>", "<span data-toggle='tooltip' data-placement='right' title='原始值：4.99'>4.99</span>", "<span data-toggle='tooltip' data-placement='right' title='原始值：710.7'>710.7</span>", "<span data-toggle='tooltip' data-placement='right' title='原始值：54.24'>54.2</span>", "<span data-toggle='tooltip' data-placement='right' title='原始值：10.01'>10.01</span>", "<span data-toggle='tooltip' data-placement='right' title='原始值：0.1'>0.100</span>", "<span data-toggle='tooltip' data-placement='right' title='极值过滤'>--</span>", "<span data-toggle='tooltip' data-placement='right' title='原始值：2.319'>2.32</span>", "*", "*", "维护"], ["浙江省", "浙闽片河流", "<span data-toggle='tooltip' data-placement='right' title='所在地市:杭州市&#10;所属河流:新安江'>街口(鸠坑口)</span>", "08-17 08:00", "劣Ⅴ", "<span data-toggle='tooltip' data-placement='right' title='原始值：27.62'>27.6</span>", "<span data-toggle='tooltip' data-placement='right' title='原始值：9.13'>9.13</span>", "<span data-toggle='tooltip' data-placement='right' title='原始值：7.95'>7.95</span>", "<span data-toggle='tooltip' data-placement='right' title='原始值：135.63'>135.6</span>", "<span data-toggle='tooltip' data-placement='right' title='原始值：18.76'>18.8</span>", "<span data-toggle='tooltip' data-placement='right' title='原始值：1.635'>1.64</span>", "<span data-toggle='tooltip' data-placement='right' title='原始值：0.006'>0.006</span>", "<span data-toggle='tooltip' data-placement='right' title='原始值：0.05'>0.050</span>", "<span data-toggle='tooltip' data-placement='right' title='原始值：0.722'>0.72</span>", "*", "*", "正常"], ["浙江省", "太湖流域", "<span data-toggle='tooltip' data-placement='right' title='所在地市:嘉兴市&#10;所属河流:斜路港河'>斜路港</span>", "08-17 08:00", "Ⅳ", "<span data-toggle='tooltip' data-placement='right' title='原始值：31.9'>31.9</span>", "<span data-toggle='tooltip' data-placement='right' title='原始值：8.05'>8.05</span>", "<span data-toggle='tooltip' data-placement='right' title='原始值：3.45'>3.45</span>", "<span data-toggle='tooltip' data-placement='right' title='原始值：308'>308.0</span>", "<span data-toggle='tooltip' data-placement='right' title='原始值：70.4'>70.4</span>", "<span data-toggle='tooltip' data-placement='right' title='原始值：4.26'>4.26</span>", "<span data-toggle='tooltip' data-placement='right' title='原始值：0.02395'>0.024</span>", "<span data-toggle='tooltip' data-placement='right' title='原始值：0.08797'>0.088</span>", "<span data-toggle='tooltip' data-placement='right' title='原始值：0.64393'>0.64</span>", "*", "*", "正常"], ["浙江省", "太湖流域", "<span data-toggle='tooltip' data-placement='right' title='所在地市:嘉兴市&#10;所属河流:京杭运河'>王江泾</span>", null, "", "--", "--", "--", "--", "--", "--", "--", "--", "--", "*", "*", "停站"], ["浙江省", "太湖流域", "<span data-toggle='tooltip' data-placement='right' title='所在地市:湖州市&#10;所属河流:西苕溪'>新港口(新塘港)</span>", "08-17 08:00", "Ⅲ", "<span data-toggle='tooltip' data-placement='right' title='原始值：32.4502'>32.5</span>", "<span data-toggle='tooltip' data-placement='right' title='原始值：8.86593'>8.87</span>", "<span data-toggle='tooltip' data-placement='right' title='原始值：7.62458'>7.62</span>", "<span data-toggle='tooltip' data-placement='right' title='原始值：289.612'>289.6</span>", "<span data-toggle='tooltip' data-placement='right' title='原始值：144.911'>144.9</span>", "<span data-toggle='tooltip' data-placement='right' title='原始值：5.26186'>5.26</span>", "<span data-toggle='tooltip' data-placement='right' title='原始值：0.07919'>0.079</span>", "<span data-toggle='tooltip' data-placement='right' title='原始值：0.12778'>0.128</span>", "<span data-toggle='tooltip' data-placement='right' title='原始值：9.17067'>9.17</span>", "*", "*", "正常"], ["安徽省", "巢湖流域", "<span data-toggle='tooltip' data-placement='right' title='所在地市:合肥市&#10;所属河流:巢湖'>湖滨(老)</span>", "08-17 08:00", "", "<span data-toggle='tooltip' data-placement='right' title='原始值：30.59395'>30.6</span>", "<span data-toggle='tooltip' data-placement='right' title='原始值：6.92566'>6.93</span>", "<span data-toggle='tooltip' data-placement='right' title='原始值：5.40181'>5.40</span>", "<span data-toggle='tooltip' data-placement='right' title='原始值：294.2045'>294.2</span>", "<span data-toggle='tooltip' data-placement='right' title='原始值：146.0897'>146.1</span>", "<span data-toggle='tooltip' data-placement='right' title='极值过滤'>--</span>", "<span data-toggle='tooltip' data-placement='right' title='原始值：0.3'>0.300</span>", "<span data-toggle='tooltip' data-placement='right' title='原始值：0.1006'>0.101</span>", "<span data-toggle='tooltip' data-placement='right' title='原始值：2.831'>2.83</span>", "<span data-toggle='tooltip' data-placement='right' title='原始值：0.01395'>0.014</span>", "*", "维护"], ["安徽省", "巢湖流域", "<span data-toggle='tooltip' data-placement='right' title='所在地市:芜湖市&#10;所属河流:巢湖'>裕溪口(老)</span>", null, "", "--", "--", "--", "--", "--", "--", "--", "--", "--", "*", "*", "停站"], ["安徽省", "淮河流域", "<span data-toggle='tooltip' data-placement='right' title='所在地市:蚌埠市&#10;所属河流:淮河'>蚌埠闸上(蚌埠闸)</span>", null, "", "--", "--", "--", "--", "--", "--", "--", "--", "--", "*", "*", "停站"], ["安徽省", "淮河流域", "<span data-toggle='tooltip' data-placement='right' title='所在地市:淮南市&#10;所属河流:淮河'>石头埠(老)</span>", "08-17 08:00", "", "<span data-toggle='tooltip' data-placement='right' title='原始值：28.78585'>28.8</span>", "<span data-toggle='tooltip' data-placement='right' title='极值过滤'>--</span>", "<span data-toggle='tooltip' data-placement='right' title='原始值：5.75983'>5.76</span>", "<span data-toggle='tooltip' data-placement='right' title='原始值：296.4011'>296.4</span>", "<span data-toggle='tooltip' data-placement='right' title='原始值：44.46989'>44.5</span>", "<span data-toggle='tooltip' data-placement='right' title='原始值：4.79'>4.79</span>", "<span data-toggle='tooltip' data-placement='right' title='原始值：0.14'>0.140</span>", "*", "*", "*", "*", "维护"], ["安徽省", "淮河流域", "<span data-toggle='tooltip' data-placement='right' title='所在地市:淮北市&#10;所属河流:沱河'>小王桥</span>", null, "", "--", "--", "--", "--", "--", "--", "--", "--", "--", "*", "*", "停站"], ["安徽省", "长江流域", "<span data-toggle='tooltip' data-placement='right' title='所在地市:安庆市&#10;所属河流:长江'>皖河口</span>", null, "", "--", "--", "--", "--", "--", "--", "--", "--", "--", "*", "*", "停站"], ["安徽省", "淮河流域", "<span data-toggle='tooltip' data-placement='right' title='所在地市:滁州市&#10;所属河流:淮河'>小柳巷</span>", null, "", "--", "--", "--", "--", "--", "--", "--", "--", "--", "*", "*", "停站"], ["安徽省", "淮河流域", "<span data-toggle='tooltip' data-placement='right' title='所在地市:阜阳市&#10;所属河流:黑茨河'>张大桥</span>", null, "", "--", "--", "--", "--", "--", "--", "--", "--", "--", "*", "*", "停站"], ["安徽省", "淮河流域", "<span data-toggle='tooltip' data-placement='right' title='所在地市:阜阳市&#10;所属河流:淮河'>王家坝</span>", "08-17 08:00", "Ⅳ", "<span data-toggle='tooltip' data-placement='right' title='原始值：31.26492'>31.3</span>", "<span data-toggle='tooltip' data-placement='right' title='原始值：7.59038'>7.59</span>", "<span data-toggle='tooltip' data-placement='right' title='原始值：5.13607'>5.14</span>", "<span data-toggle='tooltip' data-placement='right' title='原始值：613.6401'>613.6</span>", "<span data-toggle='tooltip' data-placement='right' title='原始值：42.94058'>42.9</span>", "<span data-toggle='tooltip' data-placement='right' title='原始值：5.42'>5.42</span>", "<span data-toggle='tooltip' data-placement='right' title='原始值：0.002'>0.002</span>", "<span data-toggle='tooltip' data-placement='right' title='原始值：0.21208'>0.212</span>", "<span data-toggle='tooltip' data-placement='right' title='极值过滤'>--</span>", "*", "*", "维护"], ["安徽省", "淮河流域", "<span data-toggle='tooltip' data-placement='right' title='所在地市:阜阳市&#10;所属河流:颍河'>界首七渡口(七渡口)</span>", "08-17 08:00", "Ⅳ", "<span data-toggle='tooltip' data-placement='right' title='原始值：30.90255'>30.9</span>", "<span data-toggle='tooltip' data-placement='right' title='原始值：7.89351'>7.89</span>", "<span data-toggle='tooltip' data-placement='right' title='原始值：3.26115'>3.26</span>", "<span data-toggle='tooltip' data-placement='right' title='原始值：763.2361'>763.2</span>", "<span data-toggle='tooltip' data-placement='right' title='原始值：19.65726'>19.7</span>", "<span data-toggle='tooltip' data-placement='right' title='原始值：4.25'>4.25</span>", "<span data-toggle='tooltip' data-placement='right' title='原始值：0.07'>0.070</span>", "<span data-toggle='tooltip' data-placement='right' title='原始值：0.1179'>0.118</span>", "<span data-toggle='tooltip' data-placement='right' title='原始值：9.45316'>9.45</span>", "*", "*", "正常"], ["安徽省", "淮河流域", "<span data-toggle='tooltip' data-placement='right' title='所在地市:阜阳市&#10;所属河流:泉河'>许庄(徐庄)</span>", null, "", "--", "--", "--", "--", "--", "--", "--", "--", "--", "*", "*", "维护"], ["安徽省", "淮河流域", "<span data-toggle='tooltip' data-placement='right' title='所在地市:宿州市&#10;所属河流:奎河'>杨庄</span>", "08-17 08:00", "Ⅳ", "<span data-toggle='tooltip' data-placement='right' title='原始值：31.09'>31.1</span>", "<span data-toggle='tooltip' data-placement='right' title='原始值：7.49'>7.49</span>", "<span data-toggle='tooltip' data-placement='right' title='原始值：4.24'>4.24</span>", "<span data-toggle='tooltip' data-placement='right' title='原始值：772.7'>772.7</span>", "<span data-toggle='tooltip' data-placement='right' title='原始值：227.61'>227.6</span>", "<span data-toggle='tooltip' data-placement='right' title='原始值：4.82'>4.82</span>", "<span data-toggle='tooltip' data-placement='right' title='原始值：0.476'>0.476</span>", "*", "*", "*", "*", "正常"], ["安徽省", "淮河流域", "<span data-toggle='tooltip' data-placement='right' title='所在地市:宿州市&#10;所属河流:新汴河'>泗县公路桥</span>", "08-17 08:00", "Ⅳ", "<span data-toggle='tooltip' data-placement='right' title='原始值：31.4'>31.4</span>", "<span data-toggle='tooltip' data-placement='right' title='原始值：7.42'>7.42</span>", "<span data-toggle='tooltip' data-placement='right' title='原始值：7.09'>7.09</span>", "<span data-toggle='tooltip' data-placement='right' title='原始值：785.7'>785.7</span>", "<span data-toggle='tooltip' data-placement='right' title='原始值：107.03'>107.0</span>", "<span data-toggle='tooltip' data-placement='right' title='原始值：8.77'>8.77</span>", "<span data-toggle='tooltip' data-placement='right' title='原始值：0.15'>0.150</span>", "*", "*", "*", "*", "正常"], ["安徽省", "淮河流域", "<span data-toggle='tooltip' data-placement='right' title='所在地市:亳州市&#10;所属河流:包河'>颜集</span>", "08-17 08:00", "Ⅴ", "<span data-toggle='tooltip' data-placement='right' title='原始值：29'>29.0</span>", "<span data-toggle='tooltip' data-placement='right' title='原始值：7.57'>7.57</span>", "<span data-toggle='tooltip' data-placement='right' title='原始值：5.06'>5.06</span>", "<span data-toggle='tooltip' data-placement='right' title='原始值：1381.7'>1381.7</span>", "<span data-toggle='tooltip' data-placement='right' title='原始值：156.33'>156.3</span>", "<span data-toggle='tooltip' data-placement='right' title='原始值：7.01'>7.01</span>", "<span data-toggle='tooltip' data-placement='right' title='原始值：0.03'>0.030</span>", "<span data-toggle='tooltip' data-placement='right' title='原始值：0.314'>0.314</span>", "<span data-toggle='tooltip' data-placement='right' title='原始值：1.926'>1.93</span>", "*", "*", "正常"], ["福建省", "浙闽片河流", "<span data-toggle='tooltip' data-placement='right' title='所在地市:福州市&#10;所属河流:闽江'>白岩潭</span>", "08-17 08:00", "Ⅲ", "<span data-toggle='tooltip' data-placement='right' title='原始值：30.78'>30.8</span>", "<span data-toggle='tooltip' data-placement='right' title='原始值：6.94'>6.94</span>", "<span data-toggle='tooltip' data-placement='right' title='原始值：5.63'>5.63</span>", "<span data-toggle='tooltip' data-placement='right' title='原始值：2754.6'>2754.6</span>", "<span data-toggle='tooltip' data-placement='right' title='原始值：98.47'>98.5</span>", "<span data-toggle='tooltip' data-placement='right' title='原始值：2.97'>2.97</span>", "<span data-toggle='tooltip' data-placement='right' title='原始值：0.07'>0.070</span>", "*", "*", "*", "*", "正常"], ["江西省", "长江流域", "<span data-toggle='tooltip' data-placement='right' title='所在地市:南昌市&#10;所属河流:赣江南支'>滁槎</span>", "08-17 08:00", "Ⅱ", "<span data-toggle='tooltip' data-placement='right' title='原始值：31.78117'>31.8</span>", "<span data-toggle='tooltip' data-placement='right' title='原始值：6.99905'>7.00</span>", "<span data-toggle='tooltip' data-placement='right' title='原始值：7.55802'>7.56</span>", "<span data-toggle='tooltip' data-placement='right' title='原始值：144.7096'>144.7</span>", "<span data-toggle='tooltip' data-placement='right' title='原始值：43.72348'>43.7</span>", "<span data-toggle='tooltip' data-placement='right' title='原始值：3.99'>3.99</span>", "<span data-toggle='tooltip' data-placement='right' title='原始值：0.18'>0.180</span>", "<span data-toggle='tooltip' data-placement='right' title='原始值：0.064'>0.064</span>", "<span data-toggle='tooltip' data-placement='right' title='原始值：1.2525'>1.25</span>", "*", "*", "正常"], ["江西省", "长江流域", "<span data-toggle='tooltip' data-placement='right' title='所在地市:九江市&#10;所属河流:长江'>姚港(河西水厂)</span>", "08-17 08:00", "", "<span data-toggle='tooltip' data-placement='right' title='原始值：28.34'>28.3</span>", "<span data-toggle='tooltip' data-placement='right' title='原始值：7.63'>7.63</span>", "<span data-toggle='tooltip' data-placement='right' title='原始值：6.11'>6.11</span>", "<span data-toggle='tooltip' data-placement='right' title='原始值：284.42'>284.4</span>", "<span data-toggle='tooltip' data-placement='right' title='原始值：56.29'>56.3</span>", "<span data-toggle='tooltip' data-placement='right' title='原始值：1.994'>1.99</span>", "<span data-toggle='tooltip' data-placement='right' title='极值过滤'>--</span>", "<span data-toggle='tooltip' data-placement='right' title='原始值：0.093'>0.093</span>", "<span data-toggle='tooltip' data-placement='right' title='原始值：1.28'>1.28</span>", "*", "*", "维护"], ["江西省", "长江流域", "<span data-toggle='tooltip' data-placement='right' title='所在地市:九江市&#10;所属河流:鄱阳湖'>蛤蟆石</span>", "08-17 08:00", "Ⅲ", "<span data-toggle='tooltip' data-placement='right' title='原始值：31.53'>31.5</span>", "<span data-toggle='tooltip' data-placement='right' title='原始值：6.9'>6.90</span>", "<span data-toggle='tooltip' data-placement='right' title='原始值：6.5'>6.50</span>", "<span data-toggle='tooltip' data-placement='right' title='原始值：97.63'>97.6</span>", "<span data-toggle='tooltip' data-placement='right' title='原始值：18.93'>18.9</span>", "<span data-toggle='tooltip' data-placement='right' title='原始值：1.933'>1.93</span>", "<span data-toggle='tooltip' data-placement='right' title='原始值：0.004'>0.004</span>", "<span data-toggle='tooltip' data-placement='right' title='原始值：0.027'>0.027</span>", "<span data-toggle='tooltip' data-placement='right' title='原始值：0.578'>0.58</span>", "<span data-toggle='tooltip' data-placement='right' title='原始值：0.01076'>0.011</span>", "<span data-toggle='tooltip' data-placement='right' title='原始值：1744000'>1744000</span>", "正常"], ["山东省", "黄河流域", "<span data-toggle='tooltip' data-placement='right' title='所在地市:济南市&#10;所属河流:黄河'>泺口</span>", "08-17 08:00", "Ⅱ", "<span data-toggle='tooltip' data-placement='right' title='原始值：28.0905'>28.1</span>", "<span data-toggle='tooltip' data-placement='right' title='原始值：7.88808'>7.89</span>", "<span data-toggle='tooltip' data-placement='right' title='原始值：6.01735'>6.02</span>", "<span data-toggle='tooltip' data-placement='right' title='原始值：778.223'>778.2</span>", "<span data-toggle='tooltip' data-placement='right' title='原始值：1011.64'>1011.6</span>", "<span data-toggle='tooltip' data-placement='right' title='原始值：1.82'>1.82</span>", "<span data-toggle='tooltip' data-placement='right' title='原始值：0.08995'>0.090</span>", "<span data-toggle='tooltip' data-placement='right' title='原始值：0.02311'>0.023</span>", "<span data-toggle='tooltip' data-placement='right' title='原始值：3.774'>3.77</span>", "*", "*", "正常"], ["山东省", "淮河流域", "<span data-toggle='tooltip' data-placement='right' title='所在地市:枣庄市&#10;所属河流:京杭大运河（韩庄运河）'>台儿庄大桥</span>", null, "", "--", "--", "--", "--", "--", "--", "--", "--", "--", "*", "*", "停站"], ["山东省", "淮河流域", "<span data-toggle='tooltip' data-placement='right' title='所在地市:临沂市&#10;所属河流:沭河'>清泉寺</span>", null, "", "--", "--", "--", "--", "--", "--", "--", "--", "--", "*", "*", "停站"], ["山东省", "淮河流域", "<span data-toggle='tooltip' data-placement='right' title='所在地市:临沂市&#10;所属河流:沂河'>重坊桥</span>", null, "", "--", "--", "--", "--", "--", "--", "--", "--", "--", "*", "*", "停站"], ["山东省", "淮河流域", "<span data-toggle='tooltip' data-placement='right' title='所在地市:临沂市&#10;所属河流:白马河'>捷庄(涝沟桥)</span>", "08-17 08:00", "劣Ⅴ", "<span data-toggle='tooltip' data-placement='right' title='原始值：29.7'>29.7</span>", "<span data-toggle='tooltip' data-placement='right' title='原始值：7.15'>7.15</span>", "<span data-toggle='tooltip' data-placement='right' title='原始值：2.27031'>2.27</span>", "<span data-toggle='tooltip' data-placement='right' title='原始值：568'>568.0</span>", "<span data-toggle='tooltip' data-placement='right' title='原始值：24.8875'>24.9</span>", "<span data-toggle='tooltip' data-placement='right' title='原始值：6.59'>6.59</span>", "<span data-toggle='tooltip' data-placement='right' title='原始值：0.12465'>0.125</span>", "<span data-toggle='tooltip' data-placement='right' title='原始值：0.49186'>0.492</span>", "<span data-toggle='tooltip' data-placement='right' title='原始值：4.12048'>4.12</span>", "*", "*", "正常"], ["山东省", "海河流域", "<span data-toggle='tooltip' data-placement='right' title='所在地市:聊城市&#10;所属河流:卫运河'>秤勾湾(秤钩湾)</span>", null, "", "--", "--", "--", "--", "--", "--", "--", "--", "--", "*", "*", "停站"], ["河南省", "长江流域", "<span data-toggle='tooltip' data-placement='right' title='所在地市:南阳市&#10;所属河流:丹江口水库'>陶岔</span>", null, "", "--", "--", "--", "--", "--", "--", "--", "--", "--", "--", "--", "维护"], ["河南省", "淮河流域", "<span data-toggle='tooltip' data-placement='right' title='所在地市:商丘市&#10;所属河流:浍河'>黄口</span>", "08-17 08:00", "Ⅳ", "<span data-toggle='tooltip' data-placement='right' title='原始值：31.39995'>31.4</span>", "<span data-toggle='tooltip' data-placement='right' title='原始值：7.67'>7.67</span>", "<span data-toggle='tooltip' data-placement='right' title='原始值：7.16'>7.16</span>", "<span data-toggle='tooltip' data-placement='right' title='原始值：1369'>1369.0</span>", "<span data-toggle='tooltip' data-placement='right' title='原始值：33.58101'>33.6</span>", "<span data-toggle='tooltip' data-placement='right' title='原始值：6.06'>6.06</span>", "<span data-toggle='tooltip' data-placement='right' title='原始值：0.27744'>0.277</span>", "<span data-toggle='tooltip' data-placement='right' title='原始值：0.1737'>0.174</span>", "<span data-toggle='tooltip' data-placement='right' title='原始值：2.38157'>2.38</span>", "*", "*", "正常"], ["河南省", "淮河流域", "<span data-toggle='tooltip' data-placement='right' title='所在地市:信阳市&#10;所属河流:史灌河'>蒋集</span>", null, "", "--", "--", "--", "--", "--", "--", "--", "--", "--", "*", "*", "停站"], ["河南省", "淮河流域", "<span data-toggle='tooltip' data-placement='right' title='所在地市:信阳市&#10;所属河流:淮河'>淮滨水文站(淮滨)</span>", "08-17 08:00", "Ⅲ", "<span data-toggle='tooltip' data-placement='right' title='原始值：29.9'>29.9</span>", "<span data-toggle='tooltip' data-placement='right' title='原始值：6.93'>6.93</span>", "<span data-toggle='tooltip' data-placement='right' title='原始值：5.84'>5.84</span>", "<span data-toggle='tooltip' data-placement='right' title='原始值：212'>212.0</span>", "<span data-toggle='tooltip' data-placement='right' title='原始值：106.4776'>106.5</span>", "<span data-toggle='tooltip' data-placement='right' title='原始值：3.31952'>3.32</span>", "<span data-toggle='tooltip' data-placement='right' title='原始值：0.23008'>0.230</span>", "<span data-toggle='tooltip' data-placement='right' title='原始值：0.17771'>0.178</span>", "<span data-toggle='tooltip' data-placement='right' title='原始值：0.75002'>0.75</span>", "*", "*", "正常"], ["河南省", "淮河流域", "<span data-toggle='tooltip' data-placement='right' title='所在地市:周口市&#10;所属河流:沙河'>沈丘闸</span>", "08-17 08:00", "Ⅲ", "<span data-toggle='tooltip' data-placement='right' title='原始值：29.12368'>29.1</span>", "<span data-toggle='tooltip' data-placement='right' title='原始值：7.47868'>7.48</span>", "<span data-toggle='tooltip' data-placement='right' title='原始值：5.25375'>5.25</span>", "<span data-toggle='tooltip' data-placement='right' title='原始值：897.5496'>897.5</span>", "<span data-toggle='tooltip' data-placement='right' title='原始值：10.91247'>10.9</span>", "<span data-toggle='tooltip' data-placement='right' title='原始值：4.17'>4.17</span>", "<span data-toggle='tooltip' data-placement='right' title='原始值：0.07'>0.070</span>", "*", "*", "*", "*", "正常"], ["河南省", "淮河流域", "<span data-toggle='tooltip' data-placement='right' title='所在地市:周口市&#10;所属河流:涡河'>鹿邑付桥(鹿邑付桥闸)</span>", "08-17 08:00", "", "<span data-toggle='tooltip' data-placement='right' title='原始值：28.68779'>28.7</span>", "<span data-toggle='tooltip' data-placement='right' title='原始值：8.49951'>8.50</span>", "<span data-toggle='tooltip' data-placement='right' title='原始值：8.94135'>8.94</span>", "<span data-toggle='tooltip' data-placement='right' title='原始值：1240.192'>1240.2</span>", "<span data-toggle='tooltip' data-placement='right' title='原始值：7.00937'>7.0</span>", "<span data-toggle='tooltip' data-placement='right' title='原始值：8.19'>8.19</span>", "<span data-toggle='tooltip' data-placement='right' title='极值过滤'>--</span>", "<span data-toggle='tooltip' data-placement='right' title='原始值：0.2955'>0.296</span>", "<span data-toggle='tooltip' data-placement='right' title='原始值：1.47617'>1.48</span>", "*", "*", "维护"], ["河南省", "淮河流域", "<span data-toggle='tooltip' data-placement='right' title='所在地市:驻马店市&#10;所属河流:洪河'>新蔡班台(班台)</span>", "08-17 08:00", "Ⅴ", "<span data-toggle='tooltip' data-placement='right' title='原始值：28.02412'>28.0</span>", "<span data-toggle='tooltip' data-placement='right' title='原始值：7.02377'>7.02</span>", "<span data-toggle='tooltip' data-placement='right' title='原始值：5.16452'>5.16</span>", "<span data-toggle='tooltip' data-placement='right' title='原始值：773.0541'>773.1</span>", "<span data-toggle='tooltip' data-placement='right' title='原始值：62.00443'>62.0</span>", "<span data-toggle='tooltip' data-placement='right' title='原始值：4.195'>4.20</span>", "<span data-toggle='tooltip' data-placement='right' title='原始值：0.08'>0.080</span>", "<span data-toggle='tooltip' data-placement='right' title='原始值：0.35938'>0.359</span>", "<span data-toggle='tooltip' data-placement='right' title='原始值：4.1562'>4.16</span>", "*", "*", "正常"], ["河南省", "黄河流域", "<span data-toggle='tooltip' data-placement='right' title='所在地市:济源市&#10;所属河流:黄河'>小浪底水库(小浪底)</span>", null, "", "--", "--", "--", "--", "--", "--", "--", "--", "--", "*", "*", "停站"], ["湖北省", "长江流域", "<span data-toggle='tooltip' data-placement='right' title='所在地市:武汉市&#10;所属河流:汉江'>宗关</span>", null, "", "--", "--", "--", "--", "--", "--", "--", "--", "--", "*", "*", "停站"], ["湖北省", "长江流域", "<span data-toggle='tooltip' data-placement='right' title='所在地市:十堰市&#10;所属河流:丹江口水库'>坝上中(胡家岭)</span>", null, "", "--", "--", "--", "--", "--", "--", "--", "--", "--", "--", "--", "停站"], ["湖北省", "长江流域", "<span data-toggle='tooltip' data-placement='right' title='所在地市:宜昌市&#10;所属河流:长江'>南津关</span>", null, "", "--", "--", "--", "--", "--", "--", "--", "--", "--", "*", "*", "维护"], ["湖南省", "长江流域", "<span data-toggle='tooltip' data-placement='right' title='所在地市:长沙市&#10;所属河流:湘江'>新港</span>", "08-17 08:00", "", "<span data-toggle='tooltip' data-placement='right' title='原始值：28.3'>28.3</span>", "<span data-toggle='tooltip' data-placement='right' title='原始值：7.22'>7.22</span>", "<span data-toggle='tooltip' data-placement='right' title='原始值：4.96'>4.96</span>", "<span data-toggle='tooltip' data-placement='right' title='原始值：225.57'>225.6</span>", "<span data-toggle='tooltip' data-placement='right' title='原始值：22.72'>22.7</span>", "<span data-toggle='tooltip' data-placement='right' title='原始值：2.72'>2.72</span>", "<span data-toggle='tooltip' data-placement='right' title='极值过滤'>--</span>", "<span data-toggle='tooltip' data-placement='right' title='原始值：0.046'>0.046</span>", "<span data-toggle='tooltip' data-placement='right' title='原始值：1.5'>1.50</span>", "*", "*", "维护"], ["湖南省", "长江流域", "<span data-toggle='tooltip' data-placement='right' title='所在地市:岳阳市&#10;所属河流:洞庭湖'>岳阳楼</span>", "08-17 08:00", "Ⅳ", "<span data-toggle='tooltip' data-placement='right' title='原始值：28.98'>29.0</span>", "<span data-toggle='tooltip' data-placement='right' title='原始值：7.785788'>7.79</span>", "<span data-toggle='tooltip' data-placement='right' title='原始值：5.790184'>5.79</span>", "<span data-toggle='tooltip' data-placement='right' title='原始值：263.6548'>263.7</span>", "<span data-toggle='tooltip' data-placement='right' title='原始值：41.91325'>41.9</span>", "<span data-toggle='tooltip' data-placement='right' title='原始值：2.6'>2.60</span>", "<span data-toggle='tooltip' data-placement='right' title='原始值：0.004'>0.004</span>", "<span data-toggle='tooltip' data-placement='right' title='原始值：0.077'>0.077</span>", "<span data-toggle='tooltip' data-placement='right' title='原始值：2.103'>2.10</span>", "--", "--", "维护"], ["湖南省", "长江流域", "<span data-toggle='tooltip' data-placement='right' title='所在地市:岳阳市&#10;所属河流:长江'>城陵矶</span>", "08-17 08:00", "Ⅲ", "<span data-toggle='tooltip' data-placement='right' title='原始值：29.15'>29.2</span>", "<span data-toggle='tooltip' data-placement='right' title='原始值：7.696477'>7.70</span>", "<span data-toggle='tooltip' data-placement='right' title='原始值：7.731626'>7.73</span>", "<span data-toggle='tooltip' data-placement='right' title='原始值：334.713'>334.7</span>", "<span data-toggle='tooltip' data-placement='right' title='原始值：110.7618'>110.8</span>", "<span data-toggle='tooltip' data-placement='right' title='原始值：2.66'>2.66</span>", "<span data-toggle='tooltip' data-placement='right' title='原始值：0.012'>0.012</span>", "<span data-toggle='tooltip' data-placement='right' title='原始值：0.131'>0.131</span>", "<span data-toggle='tooltip' data-placement='right' title='原始值：1.2791'>1.28</span>", "*", "--", "维护"], ["广东省", "珠江流域", "<span data-toggle='tooltip' data-placement='right' title='所在地市:清远市&#10;所属河流:北江'>七星岗</span>", "08-17 08:00", "Ⅲ", "<span data-toggle='tooltip' data-placement='right' title='原始值：29.52409'>29.5</span>", "<span data-toggle='tooltip' data-placement='right' title='原始值：7.39982'>7.40</span>", "<span data-toggle='tooltip' data-placement='right' title='原始值：5.60156'>5.60</span>", "<span data-toggle='tooltip' data-placement='right' title='原始值：191.474'>191.5</span>", "<span data-toggle='tooltip' data-placement='right' title='原始值：10.34053'>10.3</span>", "<span data-toggle='tooltip' data-placement='right' title='原始值：1.51'>1.51</span>", "<span data-toggle='tooltip' data-placement='right' title='原始值：0.17029'>0.170</span>", "<span data-toggle='tooltip' data-placement='right' title='原始值：0.00704'>0.007</span>", "<span data-toggle='tooltip' data-placement='right' title='原始值：1.6564'>1.66</span>", "*", "*", "正常"], ["广东省", "珠江流域", "<span data-toggle='tooltip' data-placement='right' title='所在地市:中山市&#10;所属河流:西江'>横栏</span>", "08-17 08:00", "Ⅴ", "<span data-toggle='tooltip' data-placement='right' title='原始值：27.7'>27.7</span>", "<span data-toggle='tooltip' data-placement='right' title='原始值：7.81'>7.81</span>", "<span data-toggle='tooltip' data-placement='right' title='原始值：6.59'>6.59</span>", "<span data-toggle='tooltip' data-placement='right' title='原始值：277'>277.0</span>", "<span data-toggle='tooltip' data-placement='right' title='原始值：12.9'>12.9</span>", "<span data-toggle='tooltip' data-placement='right' title='原始值：3.88'>3.88</span>", "<span data-toggle='tooltip' data-placement='right' title='原始值：1.51322'>1.513</span>", "*", "*", "*", "*", "正常"], ["广西壮族自治区", "珠江流域", "<span data-toggle='tooltip' data-placement='right' title='所在地市:南宁市&#10;所属河流:邕江'>老口</span>", null, "", "--", "--", "--", "--", "--", "--", "--", "--", "--", "*", "*", "维护"], ["广西壮族自治区", "珠江流域", "<span data-toggle='tooltip' data-placement='right' title='所在地市:桂林市&#10;所属河流:漓江'>阳朔</span>", "08-17 08:00", "Ⅱ", "<span data-toggle='tooltip' data-placement='right' title='原始值：28.9'>28.9</span>", "<span data-toggle='tooltip' data-placement='right' title='原始值：7.77996'>7.78</span>", "<span data-toggle='tooltip' data-placement='right' title='原始值：6.93'>6.93</span>", "<span data-toggle='tooltip' data-placement='right' title='原始值：201'>201.0</span>", "<span data-toggle='tooltip' data-placement='right' title='原始值：8.74998'>8.7</span>", "<span data-toggle='tooltip' data-placement='right' title='原始值：1.41989'>1.42</span>", "<span data-toggle='tooltip' data-placement='right' title='原始值：0.02072'>0.021</span>", "<span data-toggle='tooltip' data-placement='right' title='原始值：0.01847'>0.018</span>", "<span data-toggle='tooltip' data-placement='right' title='原始值：3.34766'>3.35</span>", "*", "*", "正常"], ["广西壮族自治区", "珠江流域", "<span data-toggle='tooltip' data-placement='right' title='所在地市:梧州市&#10;所属河流:浔江'>界首</span>", null, "", "--", "--", "--", "--", "--", "--", "--", "--", "--", "*", "*", "停站"], ["广西壮族自治区", "珠江流域", "<span data-toggle='tooltip' data-placement='right' title='所在地市:贵港市&#10;所属河流:浔江'>石嘴</span>", "08-17 08:00", "Ⅱ", "<span data-toggle='tooltip' data-placement='right' title='原始值：28.9907'>29.0</span>", "<span data-toggle='tooltip' data-placement='right' title='原始值：7.2722'>7.27</span>", "<span data-toggle='tooltip' data-placement='right' title='原始值：7.04691'>7.05</span>", "<span data-toggle='tooltip' data-placement='right' title='原始值：331.9603'>332.0</span>", "<span data-toggle='tooltip' data-placement='right' title='原始值：16.23598'>16.2</span>", "<span data-toggle='tooltip' data-placement='right' title='原始值：1.48'>1.48</span>", "<span data-toggle='tooltip' data-placement='right' title='原始值：0.21'>0.210</span>", "<span data-toggle='tooltip' data-placement='right' title='原始值：0.01556'>0.016</span>", "<span data-toggle='tooltip' data-placement='right' title='原始值：0.7914'>0.79</span>", "*", "*", "正常"], ["广西壮族自治区", "珠江流域", "<span data-toggle='tooltip' data-placement='right' title='所在地市:崇左市&#10;所属河流:平而河'>平而关</span>", "08-17 08:00", "Ⅱ", "<span data-toggle='tooltip' data-placement='right' title='原始值：28.44526'>28.4</span>", "<span data-toggle='tooltip' data-placement='right' title='原始值：7.75304'>7.75</span>", "<span data-toggle='tooltip' data-placement='right' title='原始值：6.2867'>6.29</span>", "<span data-toggle='tooltip' data-placement='right' title='原始值：243.1805'>243.2</span>", "<span data-toggle='tooltip' data-placement='right' title='原始值：45.15406'>45.2</span>", "<span data-toggle='tooltip' data-placement='right' title='原始值：1.51108'>1.51</span>", "<span data-toggle='tooltip' data-placement='right' title='原始值：0.07'>0.070</span>", "*", "*", "*", "*", "正常"], ["重庆市", "长江流域", "<span data-toggle='tooltip' data-placement='right' title='所在地市:永川区&#10;所属河流:长江'>朱沱</span>", null, "", "--", "--", "--", "--", "--", "--", "--", "--", "--", "*", "*", "停站"], ["四川省", "长江流域", "<span data-toggle='tooltip' data-placement='right' title='所在地市:攀枝花市&#10;所属河流:金沙江'>龙洞</span>", null, "", "--", "--", "--", "--", "--", "--", "--", "--", "--", "*", "*", "停站"], ["四川省", "长江流域", "<span data-toggle='tooltip' data-placement='right' title='所在地市:泸州市&#10;所属河流:沱江'>沱江大桥(沱江二桥)</span>", null, "", "--", "--", "--", "--", "--", "--", "--", "--", "--", "*", "*", "停站"], ["四川省", "长江流域", "<span data-toggle='tooltip' data-placement='right' title='所在地市:广元市&#10;所属河流:嘉陵江'>清风峡</span>", null, "", "--", "--", "--", "--", "--", "--", "--", "--", "--", "*", "*", "停站"], ["四川省", "长江流域", "<span data-toggle='tooltip' data-placement='right' title='所在地市:乐山市&#10;所属河流:岷江'>岷江大桥</span>", null, "", "--", "--", "--", "--", "--", "--", "--", "*", "*", "*", "*", "维护"], ["四川省", "长江流域", "<span data-toggle='tooltip' data-placement='right' title='所在地市:宜宾市&#10;所属河流:岷江'>凉姜沟</span>", "08-17 08:00", "", "<span data-toggle='tooltip' data-placement='right' title='原始值：22.61'>22.6</span>", "<span data-toggle='tooltip' data-placement='right' title='原始值：7.960535'>7.96</span>", "<span data-toggle='tooltip' data-placement='right' title='原始值：7.725375'>7.73</span>", "<span data-toggle='tooltip' data-placement='right' title='原始值：265.145'>265.1</span>", "<span data-toggle='tooltip' data-placement='right' title='原始值：1453.66'>1453.7</span>", "--", "<span data-toggle='tooltip' data-placement='right' title='原始值：0.008'>0.008</span>", "<span data-toggle='tooltip' data-placement='right' title='原始值：0.256'>0.256</span>", "<span data-toggle='tooltip' data-placement='right' title='原始值：16.1168'>16.12</span>", "*", "*", "维护"], ["云南省", "滇池流域", "<span data-toggle='tooltip' data-placement='right' title='所在地市:昆明市&#10;所属河流:滇池'>西苑隧道</span>", "08-17 08:00", "Ⅴ", "<span data-toggle='tooltip' data-placement='right' title='原始值：20.58'>20.6</span>", "<span data-toggle='tooltip' data-placement='right' title='原始值：7.87566'>7.88</span>", "<span data-toggle='tooltip' data-placement='right' title='原始值：4.0808'>4.08</span>", "<span data-toggle='tooltip' data-placement='right' title='原始值：624.0989'>624.1</span>", "<span data-toggle='tooltip' data-placement='right' title='原始值：30.89965'>30.9</span>", "<span data-toggle='tooltip' data-placement='right' title='原始值：8.77001'>8.77</span>", "<span data-toggle='tooltip' data-placement='right' title='原始值：1.31496'>1.315</span>", "<span data-toggle='tooltip' data-placement='right' title='原始值：0.15583'>0.156</span>", "<span data-toggle='tooltip' data-placement='right' title='原始值：4.23578'>4.24</span>", "<span data-toggle='tooltip' data-placement='right' title='原始值：0.00329'>0.003</span>", "<span data-toggle='tooltip' data-placement='right' title='原始值：1.787546E+07'>17875460</span>", "正常"], ["云南省", "滇池流域", "<span data-toggle='tooltip' data-placement='right' title='所在地市:昆明市&#10;所属河流:滇池'>观音山</span>", "08-17 08:00", "Ⅴ", "<span data-toggle='tooltip' data-placement='right' title='原始值：23.25935'>23.3</span>", "<span data-toggle='tooltip' data-placement='right' title='原始值：6.92664'>6.93</span>", "<span data-toggle='tooltip' data-placement='right' title='原始值：4.93242'>4.93</span>", "<span data-toggle='tooltip' data-placement='right' title='原始值：437.0419'>437.0</span>", "<span data-toggle='tooltip' data-placement='right' title='原始值：44.07786'>44.1</span>", "<span data-toggle='tooltip' data-placement='right' title='原始值：9.3161'>9.32</span>", "<span data-toggle='tooltip' data-placement='right' title='原始值：0.47'>0.470</span>", "<span data-toggle='tooltip' data-placement='right' title='原始值：0.1819'>0.182</span>", "<span data-toggle='tooltip' data-placement='right' title='原始值：1.612'>1.61</span>", "<span data-toggle='tooltip' data-placement='right' title='原始值：0.04494'>0.045</span>", "<span data-toggle='tooltip' data-placement='right' title='原始值：7699829'>7699829</span>", "正常"], ["云南省", "西南诸河", "<span data-toggle='tooltip' data-placement='right' title='所在地市:红河哈尼族彝族自治州&#10;所属河流:红河'>河口县医院(河口)</span>", "08-17 08:00", "", "<span data-toggle='tooltip' data-placement='right' title='极值过滤'>--</span>", "<span data-toggle='tooltip' data-placement='right' title='极值过滤'>--</span>", "<span data-toggle='tooltip' data-placement='right' title='极值过滤'>--</span>", "<span data-toggle='tooltip' data-placement='right' title='极值过滤'>--</span>", "<span data-toggle='tooltip' data-placement='right' title='极值过滤'>--</span>", "<span data-toggle='tooltip' data-placement='right' title='原始值：4.70266'>4.70</span>", "<span data-toggle='tooltip' data-placement='right' title='原始值：0.16237'>0.162</span>", "<span data-toggle='tooltip' data-placement='right' title='原始值：0.21142'>0.211</span>", "<span data-toggle='tooltip' data-placement='right' title='原始值：1.42566'>1.43</span>", "*", "*", "维护"], ["云南省", "西南诸河", "<span data-toggle='tooltip' data-placement='right' title='所在地市:西双版纳傣族自治州&#10;所属河流:澜沧江'>橄榄坝</span>", "08-17 08:00", "Ⅱ", "<span data-toggle='tooltip' data-placement='right' title='原始值：19.36728'>19.4</span>", "<span data-toggle='tooltip' data-placement='right' title='原始值：7.53008'>7.53</span>", "<span data-toggle='tooltip' data-placement='right' title='原始值：6.58093'>6.58</span>", "<span data-toggle='tooltip' data-placement='right' title='原始值：545.0757'>545.1</span>", "<span data-toggle='tooltip' data-placement='right' title='原始值：25.02641'>25.0</span>", "<span data-toggle='tooltip' data-placement='right' title='原始值：1.08'>1.08</span>", "<span data-toggle='tooltip' data-placement='right' title='原始值：0.11179'>0.112</span>", "*", "*", "*", "*", "正常"], ["陕西省", "黄河流域", "<span data-toggle='tooltip' data-placement='right' title='所在地市:渭南市&#10;所属河流:渭河'>潼关吊桥</span>", null, "", "--", "--", "--", "--", "--", "--", "--", "--", "--", "*", "*", "停站"], ["甘肃省", "黄河流域", "<span data-toggle='tooltip' data-placement='right' title='所在地市:兰州市&#10;所属河流:黄河'>新城桥</span>", "08-17 08:00", "Ⅱ", "<span data-toggle='tooltip' data-placement='right' title='原始值：16.16389'>16.2</span>", "<span data-toggle='tooltip' data-placement='right' title='原始值：7.00924'>7.01</span>", "<span data-toggle='tooltip' data-placement='right' title='原始值：8.27367'>8.27</span>", "<span data-toggle='tooltip' data-placement='right' title='原始值：443.2395'>443.2</span>", "<span data-toggle='tooltip' data-placement='right' title='原始值：194.2579'>194.3</span>", "<span data-toggle='tooltip' data-placement='right' title='原始值：2.45'>2.45</span>", "<span data-toggle='tooltip' data-placement='right' title='原始值：0.25'>0.250</span>", "<span data-toggle='tooltip' data-placement='right' title='原始值：0.03135'>0.031</span>", "<span data-toggle='tooltip' data-placement='right' title='原始值：3.31729'>3.32</span>", "*", "*", "正常"], ["宁夏回族自治区", "黄河流域", "<span data-toggle='tooltip' data-placement='right' title='所在地市:中卫市&#10;所属河流:黄河'>中卫下河沿(新墩)</span>", "08-17 08:00", "Ⅴ", "<span data-toggle='tooltip' data-placement='right' title='原始值：21.68198'>21.7</span>", "<span data-toggle='tooltip' data-placement='right' title='原始值：7.40181'>7.40</span>", "<span data-toggle='tooltip' data-placement='right' title='原始值：7.97659'>7.98</span>", "<span data-toggle='tooltip' data-placement='right' title='原始值：498.2938'>498.3</span>", "<span data-toggle='tooltip' data-placement='right' title='原始值：1161.141'>1161.1</span>", "<span data-toggle='tooltip' data-placement='right' title='原始值：5.08'>5.08</span>", "<span data-toggle='tooltip' data-placement='right' title='原始值：0.09'>0.090</span>", "<span data-toggle='tooltip' data-placement='right' title='原始值：0.3567'>0.357</span>", "<span data-toggle='tooltip' data-placement='right' title='原始值：2.0346'>2.03</span>", "*", "*", "正常"]]}