{"result": 1, "total": 1, "records": 98, "thead": ["省份", "流域", "断面名称", "监测时间", "水质类别", "水温<br/><span class='unit'>(℃)</span>", "pH<br/><span class='unit'>(无量纲)</span>", "溶解氧<br/><span class='unit'>(mg/L)</span>", "电导率<br/><span class='unit'>(μS/cm)</span>", "浊度<br/><span class='unit'>(NTU)</span>", "高锰酸盐指数<br/><span class='unit'>(mg/L)</span>", "氨氮<br/><span class='unit'>(mg/L)</span>", "总磷<br/><span class='unit'>(mg/L)</span>", "总氮<br/><span class='unit'>(mg/L)</span>", "叶绿素α<br/><span class='unit'>(mg/L)</span>", "藻密度<br/><span class='unit'>(cells/L)</span>", "站点情况"], "tbody": [["北京市", "海河流域", "<span data-toggle='tooltip' data-placement='right' title='所在地市:门头沟区&#10;所属河流:永定河'>沿河城</span>", "08-19 08:00", "Ⅳ", "<span data-toggle='tooltip' data-placement='right' title='原始值：22.70938'>22.7</span>", "<span data-toggle='tooltip' data-placement='right' title='原始值：8.1584'>8.16</span>", "<span data-toggle='tooltip' data-placement='right' title='原始值：7.9103'>7.91</span>", "<span data-toggle='tooltip' data-placement='right' title='原始值：1382.462'>1382.5</span>", "<span data-toggle='tooltip' data-placement='right' title='原始值：62.10165'>62.1</span>", "<span data-toggle='tooltip' data-placement='right' title='原始值：6.98'>6.98</span>", "<span data-toggle='tooltip' data-placement='right' title='原始值：0.2'>0.200</span>", "<span data-toggle='tooltip' data-placement='right' title='原始值：0.08105'>0.081</span>", "<span data-toggle='tooltip' data-placement='right' title='原始值：1.40022'>1.40</span>", "*", "*", "正常"], ["北京市", "海河流域", "<span data-toggle='tooltip' data-placement='right' title='所在地市:密云区&#10;所属河流:潮河'>古北口</span>", "08-19 08:00", "", "<span data-toggle='tooltip' data-placement='right' title='原始值：22.54446'>22.5</span>", "<span data-toggle='tooltip' data-placement='right' title='原始值：7.08024'>7.08</span>", "<span data-toggle='tooltip' data-placement='right' title='原始值：6.92317'>6.92</span>", "<span data-toggle='tooltip' data-placement='right' title='原始值：614.1425'>614.1</span>", "<span data-toggle='tooltip' data-placement='right' title='原始值：6.36174'>6.4</span>", "<span data-toggle='tooltip' data-placement='right' title='原始值：1.6775'>1.68</span>", "<span data-toggle='tooltip' data-placement='right' title='原始值：0.11'>0.110</span>", "<span data-toggle='tooltip' data-placement='right' title='极值过滤'>--</span>", "<span data-toggle='tooltip' data-placement='right' title='原始值：4.9551'>4.96</span>", "*", "*", "维护"], ["天津市", "海河流域", "<span data-toggle='tooltip' data-placement='right' title='所在地市:河北区&#10;所属河流:海河'>三岔口</span>", "08-19 08:00", "Ⅳ", "<span data-toggle='tooltip' data-placement='right' title='原始值：28.089'>28.1</span>", "<span data-toggle='tooltip' data-placement='right' title='原始值：7.3359'>7.34</span>", "<span data-toggle='tooltip' data-placement='right' title='原始值：4.7'>4.70</span>", "<span data-toggle='tooltip' data-placement='right' title='原始值：273.7685'>273.8</span>", "<span data-toggle='tooltip' data-placement='right' title='原始值：9.626'>9.6</span>", "<span data-toggle='tooltip' data-placement='right' title='原始值：1.63'>1.63</span>", "<span data-toggle='tooltip' data-placement='right' title='原始值：0.43'>0.430</span>", "<span data-toggle='tooltip' data-placement='right' title='原始值：0.0081'>0.008</span>", "<span data-toggle='tooltip' data-placement='right' title='原始值：1.3966'>1.40</span>", "*", "*", "正常"], ["天津市", "海河流域", "<span data-toggle='tooltip' data-placement='right' title='所在地市:蓟州区&#10;所属河流:果河'>果河桥</span>", "08-19 08:00", "Ⅱ", "<span data-toggle='tooltip' data-placement='right' title='原始值：27'>27.0</span>", "<span data-toggle='tooltip' data-placement='right' title='原始值：7.994'>7.99</span>", "<span data-toggle='tooltip' data-placement='right' title='原始值：7.648'>7.65</span>", "<span data-toggle='tooltip' data-placement='right' title='原始值：652.992'>653.0</span>", "<span data-toggle='tooltip' data-placement='right' title='原始值：5.292'>5.3</span>", "<span data-toggle='tooltip' data-placement='right' title='原始值：2.3957'>2.40</span>", "<span data-toggle='tooltip' data-placement='right' title='原始值：0.3'>0.300</span>", "<span data-toggle='tooltip' data-placement='right' title='原始值：0.0557'>0.056</span>", "<span data-toggle='tooltip' data-placement='right' title='原始值：2.7293'>2.73</span>", "*", "*", "正常"], ["河北省", "海河流域", "<span data-toggle='tooltip' data-placement='right' title='所在地市:石家庄市&#10;所属河流:滹沱河'>岗南水库</span>", "08-19 08:00", "Ⅱ", "<span data-toggle='tooltip' data-placement='right' title='原始值：26.68177'>26.7</span>", "<span data-toggle='tooltip' data-placement='right' title='原始值：8.38103'>8.38</span>", "<span data-toggle='tooltip' data-placement='right' title='原始值：7.78403'>7.78</span>", "<span data-toggle='tooltip' data-placement='right' title='原始值：563.3569'>563.4</span>", "<span data-toggle='tooltip' data-placement='right' title='原始值：1.81358'>1.8</span>", "<span data-toggle='tooltip' data-placement='right' title='原始值：2.27026'>2.27</span>", "<span data-toggle='tooltip' data-placement='right' title='原始值：0.08'>0.080</span>", "<span data-toggle='tooltip' data-placement='right' title='原始值：0.00306'>0.003</span>", "<span data-toggle='tooltip' data-placement='right' title='原始值：2.84643'>2.85</span>", "*", "*", "正常"], ["河北省", "海河流域", "<span data-toggle='tooltip' data-placement='right' title='所在地市:张家口市&#10;所属河流:永定河'>八号桥</span>", "08-19 08:00", "Ⅲ", "<span data-toggle='tooltip' data-placement='right' title='原始值：22.96776'>23.0</span>", "<span data-toggle='tooltip' data-placement='right' title='原始值：7.43488'>7.43</span>", "<span data-toggle='tooltip' data-placement='right' title='原始值：5.15284'>5.15</span>", "<span data-toggle='tooltip' data-placement='right' title='原始值：995.4293'>995.4</span>", "<span data-toggle='tooltip' data-placement='right' title='原始值：66.94839'>66.9</span>", "<span data-toggle='tooltip' data-placement='right' title='原始值：3.83'>3.83</span>", "<span data-toggle='tooltip' data-placement='right' title='原始值：0.4'>0.400</span>", "<span data-toggle='tooltip' data-placement='right' title='原始值：0.179'>0.179</span>", "<span data-toggle='tooltip' data-placement='right' title='原始值：2.39'>2.39</span>", "*", "*", "正常"], ["山西省", "黄河流域", "<span data-toggle='tooltip' data-placement='right' title='所在地市:运城市&#10;所属河流:汾河'>河津大桥</span>", "08-19 08:00", "劣Ⅴ", "<span data-toggle='tooltip' data-placement='right' title='原始值：25.68325'>25.7</span>", "<span data-toggle='tooltip' data-placement='right' title='原始值：7.47442'>7.47</span>", "<span data-toggle='tooltip' data-placement='right' title='原始值：2.68474'>2.68</span>", "<span data-toggle='tooltip' data-placement='right' title='原始值：919.4922'>919.5</span>", "<span data-toggle='tooltip' data-placement='right' title='原始值：357.5256'>357.5</span>", "<span data-toggle='tooltip' data-placement='right' title='原始值：8.325'>8.32</span>", "<span data-toggle='tooltip' data-placement='right' title='原始值：2.27'>2.270</span>", "*", "*", "*", "*", "正常"], ["山西省", "黄河流域", "<span data-toggle='tooltip' data-placement='right' title='所在地市:忻州市&#10;所属河流:黄河'>万家寨水库</span>", "08-19 08:00", "劣Ⅴ", "<span data-toggle='tooltip' data-placement='right' title='原始值：22.75107'>22.8</span>", "<span data-toggle='tooltip' data-placement='right' title='原始值：7.7551'>7.76</span>", "<span data-toggle='tooltip' data-placement='right' title='原始值：7.22469'>7.22</span>", "<span data-toggle='tooltip' data-placement='right' title='原始值：592.1367'>592.1</span>", "<span data-toggle='tooltip' data-placement='right' title='原始值：979.08'>979.1</span>", "<span data-toggle='tooltip' data-placement='right' title='原始值：3.25'>3.25</span>", "<span data-toggle='tooltip' data-placement='right' title='原始值：0.32'>0.320</span>", "<span data-toggle='tooltip' data-placement='right' title='原始值：0.49025'>0.490</span>", "<span data-toggle='tooltip' data-placement='right' title='原始值：1.925'>1.92</span>", "*", "*", "正常"], ["内蒙古自治区", "黄河流域", "<span data-toggle='tooltip' data-placement='right' title='所在地市:包头市&#10;所属河流:黄河'>画匠营子</span>", "08-19 08:00", "Ⅱ", "<span data-toggle='tooltip' data-placement='right' title='原始值：21.95353'>22.0</span>", "<span data-toggle='tooltip' data-placement='right' title='原始值：7.4007'>7.40</span>", "<span data-toggle='tooltip' data-placement='right' title='原始值：19.27169'>19.27</span>", "<span data-toggle='tooltip' data-placement='right' title='原始值：711.0914'>711.1</span>", "<span data-toggle='tooltip' data-placement='right' title='原始值：1912.686'>1912.7</span>", "<span data-toggle='tooltip' data-placement='right' title='原始值：3.04875'>3.05</span>", "<span data-toggle='tooltip' data-placement='right' title='原始值：0.05165'>0.052</span>", "*", "*", "*", "*", "正常"], ["内蒙古自治区", "黄河流域", "<span data-toggle='tooltip' data-placement='right' title='所在地市:乌海市&#10;所属河流:黄河'>海勃湾</span>", "08-19 08:00", "Ⅲ", "<span data-toggle='tooltip' data-placement='right' title='原始值：19.5701'>19.6</span>", "<span data-toggle='tooltip' data-placement='right' title='原始值：7.7934'>7.79</span>", "<span data-toggle='tooltip' data-placement='right' title='原始值：6.18226'>6.18</span>", "<span data-toggle='tooltip' data-placement='right' title='原始值：548.9868'>549.0</span>", "<span data-toggle='tooltip' data-placement='right' title='原始值：614.7053'>614.7</span>", "<span data-toggle='tooltip' data-placement='right' title='原始值：4.2'>4.20</span>", "<span data-toggle='tooltip' data-placement='right' title='原始值：0.13'>0.130</span>", "*", "*", "*", "*", "正常"], ["内蒙古自治区", "松花江流域", "<span data-toggle='tooltip' data-placement='right' title='所在地市:呼伦贝尔市&#10;所属河流:额尔古纳河'>黑山头</span>", null, "", "--", "--", "--", "--", "--", "--", "--", "--", "--", "*", "*", "停站"], ["辽宁省", "辽河流域", "<span data-toggle='tooltip' data-placement='right' title='所在地市:抚顺市&#10;所属河流:浑河'>大伙房水库</span>", "08-19 08:00", "", "<span data-toggle='tooltip' data-placement='right' title='原始值：28.29916'>28.3</span>", "<span data-toggle='tooltip' data-placement='right' title='原始值：7.47417'>7.47</span>", "<span data-toggle='tooltip' data-placement='right' title='原始值：8.02731'>8.03</span>", "<span data-toggle='tooltip' data-placement='right' title='原始值：331.1301'>331.1</span>", "<span data-toggle='tooltip' data-placement='right' title='原始值：14.40422'>14.4</span>", "<span data-toggle='tooltip' data-placement='right' title='原始值：0.82152'>0.82</span>", "<span data-toggle='tooltip' data-placement='right' title='原始值：0.08'>0.080</span>", "<span data-toggle='tooltip' data-placement='right' title='极值过滤'>--</span>", "<span data-toggle='tooltip' data-placement='right' title='极值过滤'>--</span>", "<span data-toggle='tooltip' data-placement='right' title='极值过滤'>--</span>", "*", "维护"], ["辽宁省", "辽河流域", "<span data-toggle='tooltip' data-placement='right' title='所在地市:丹东市&#10;所属河流:鸭绿江'>江桥</span>", "08-19 08:00", "Ⅱ", "<span data-toggle='tooltip' data-placement='right' title='原始值：21.4'>21.4</span>", "<span data-toggle='tooltip' data-placement='right' title='原始值：6.86'>6.86</span>", "<span data-toggle='tooltip' data-placement='right' title='原始值：6.81984'>6.82</span>", "<span data-toggle='tooltip' data-placement='right' title='原始值：138'>138.0</span>", "<span data-toggle='tooltip' data-placement='right' title='原始值：2.39849'>2.4</span>", "<span data-toggle='tooltip' data-placement='right' title='原始值：1.61'>1.61</span>", "<span data-toggle='tooltip' data-placement='right' title='原始值：0.03439'>0.034</span>", "<span data-toggle='tooltip' data-placement='right' title='原始值：0.02181'>0.022</span>", "<span data-toggle='tooltip' data-placement='right' title='原始值：2.57653'>2.58</span>", "*", "*", "正常"], ["辽宁省", "辽河流域", "<span data-toggle='tooltip' data-placement='right' title='所在地市:营口市&#10;所属河流:大辽河'>辽河公园</span>", "08-19 08:00", "劣Ⅴ", "<span data-toggle='tooltip' data-placement='right' title='原始值：25.97033'>26.0</span>", "<span data-toggle='tooltip' data-placement='right' title='原始值：5.88948'>5.89</span>", "<span data-toggle='tooltip' data-placement='right' title='原始值：7.08244'>7.08</span>", "<span data-toggle='tooltip' data-placement='right' title='原始值：35973.56'>35973.6</span>", "<span data-toggle='tooltip' data-placement='right' title='原始值：144.0166'>144.0</span>", "<span data-toggle='tooltip' data-placement='right' title='原始值：6.4148'>6.41</span>", "<span data-toggle='tooltip' data-placement='right' title='原始值：0.26048'>0.260</span>", "<span data-toggle='tooltip' data-placement='right' title='原始值：0.29048'>0.290</span>", "<span data-toggle='tooltip' data-placement='right' title='原始值：3.01431'>3.01</span>", "*", "*", "正常"], ["辽宁省", "辽河流域", "<span data-toggle='tooltip' data-placement='right' title='所在地市:辽阳市&#10;所属河流:太子河'>汤河水库</span>", "08-19 04:00", "", "<span data-toggle='tooltip' data-placement='right' title='原始值：17.8125'>17.8</span>", "<span data-toggle='tooltip' data-placement='right' title='原始值：7.64'>7.64</span>", "<span data-toggle='tooltip' data-placement='right' title='极值过滤'>--</span>", "<span data-toggle='tooltip' data-placement='right' title='原始值：478.7561'>478.8</span>", "<span data-toggle='tooltip' data-placement='right' title='原始值：340.4996'>340.5</span>", "<span data-toggle='tooltip' data-placement='right' title='原始值：1.67'>1.67</span>", "<span data-toggle='tooltip' data-placement='right' title='原始值：0.002'>0.002</span>", "<span data-toggle='tooltip' data-placement='right' title='极值过滤'>--</span>", "<span data-toggle='tooltip' data-placement='right' title='原始值：1.58024'>1.58</span>", "*", "*", "维护"], ["辽宁省", "辽河流域", "<span data-toggle='tooltip' data-placement='right' title='所在地市:盘锦市&#10;所属河流:辽河'>盘锦兴安(兴安)</span>", "08-19 08:00", "", "<span data-toggle='tooltip' data-placement='right' title='原始值：25.78937'>25.8</span>", "<span data-toggle='tooltip' data-placement='right' title='原始值：7.09536'>7.10</span>", "<span data-toggle='tooltip' data-placement='right' title='原始值：5.98905'>5.99</span>", "<span data-toggle='tooltip' data-placement='right' title='原始值：670.0483'>670.0</span>", "<span data-toggle='tooltip' data-placement='right' title='原始值：86.14874'>86.1</span>", "<span data-toggle='tooltip' data-placement='right' title='原始值：2.89322'>2.89</span>", "<span data-toggle='tooltip' data-placement='right' title='极值过滤'>--</span>", "<span data-toggle='tooltip' data-placement='right' title='原始值：0.13356'>0.134</span>", "<span data-toggle='tooltip' data-placement='right' title='原始值：1.23696'>1.24</span>", "*", "*", "维护"], ["辽宁省", "辽河流域", "<span data-toggle='tooltip' data-placement='right' title='所在地市:铁岭市&#10;所属河流:辽河'>珠尔山</span>", null, "", "--", "--", "--", "--", "--", "--", "--", "--", "--", "*", "*", "维护"], ["吉林省", "松花江流域", "<span data-toggle='tooltip' data-placement='right' title='所在地市:长春市&#10;所属河流:松花江'>松花江村</span>", null, "", "--", "--", "--", "--", "--", "--", "--", "--", "--", "*", "*", "停站"], ["吉林省", "松花江流域", "<span data-toggle='tooltip' data-placement='right' title='所在地市:白城市&#10;所属河流:嫩江'>白沙滩</span>", null, "", "--", "--", "--", "--", "--", "--", "--", "--", "--", "*", "*", "停站"], ["吉林省", "松花江流域", "<span data-toggle='tooltip' data-placement='right' title='所在地市:延边朝鲜族自治州&#10;所属河流:图们江'>圈河</span>", null, "", "--", "--", "--", "--", "--", "--", "--", "--", "--", "*", "*", "停站"], ["黑龙江省", "松花江流域", "<span data-toggle='tooltip' data-placement='right' title='所在地市:大庆市&#10;所属河流:松花江'>肇源</span>", null, "", "--", "--", "--", "--", "--", "--", "--", "--", "--", "*", "*", "停站"], ["黑龙江省", "松花江流域", "<span data-toggle='tooltip' data-placement='right' title='所在地市:佳木斯市&#10;所属河流:乌苏里江'>乌苏镇</span>", null, "", "--", "--", "--", "--", "--", "--", "--", "--", "--", "*", "*", "停站"], ["黑龙江省", "松花江流域", "<span data-toggle='tooltip' data-placement='right' title='所在地市:佳木斯市&#10;所属河流:松花江'>同江</span>", "08-19 08:00", "劣Ⅴ", "<span data-toggle='tooltip' data-placement='right' title='原始值：21.94372'>21.9</span>", "<span data-toggle='tooltip' data-placement='right' title='原始值：7.40626'>7.41</span>", "<span data-toggle='tooltip' data-placement='right' title='原始值：7.18751'>7.19</span>", "<span data-toggle='tooltip' data-placement='right' title='原始值：176.7581'>176.8</span>", "<span data-toggle='tooltip' data-placement='right' title='原始值：231.0042'>231.0</span>", "<span data-toggle='tooltip' data-placement='right' title='原始值：20'>20.00</span>", "<span data-toggle='tooltip' data-placement='right' title='原始值：0.1458'>0.146</span>", "<span data-toggle='tooltip' data-placement='right' title='原始值：0.24121'>0.241</span>", "<span data-toggle='tooltip' data-placement='right' title='原始值：1.21613'>1.22</span>", "*", "*", "正常"], ["黑龙江省", "松花江流域", "<span data-toggle='tooltip' data-placement='right' title='所在地市:黑河市&#10;所属河流:黑龙江'>黑河下(黑河)</span>", null, "", "--", "--", "--", "--", "--", "--", "--", "--", "--", "*", "*", "停站"], ["上海市", "长江流域", "<span data-toggle='tooltip' data-placement='right' title='所在地市:青浦区&#10;所属河流:淀山湖'>急水港桥</span>", "08-19 08:00", "Ⅳ", "<span data-toggle='tooltip' data-placement='right' title='原始值：26.5'>26.5</span>", "<span data-toggle='tooltip' data-placement='right' title='原始值：7.7'>7.70</span>", "<span data-toggle='tooltip' data-placement='right' title='原始值：8.1'>8.10</span>", "<span data-toggle='tooltip' data-placement='right' title='原始值：421'>421.0</span>", "<span data-toggle='tooltip' data-placement='right' title='原始值：40.9'>40.9</span>", "<span data-toggle='tooltip' data-placement='right' title='原始值：4.5625'>4.56</span>", "<span data-toggle='tooltip' data-placement='right' title='原始值：0.51489'>0.515</span>", "<span data-toggle='tooltip' data-placement='right' title='原始值：0.06396'>0.064</span>", "<span data-toggle='tooltip' data-placement='right' title='原始值：5.87504'>5.88</span>", "<span data-toggle='tooltip' data-placement='right' title='原始值：0.00965'>0.010</span>", "<span data-toggle='tooltip' data-placement='right' title='原始值：1.218083E+07'>12180830</span>", "正常"], ["江苏省", "长江流域", "<span data-toggle='tooltip' data-placement='right' title='所在地市:南京市&#10;所属河流:长江'>林山</span>", "08-19 08:00", "Ⅱ", "<span data-toggle='tooltip' data-placement='right' title='原始值：30.1061'>30.1</span>", "<span data-toggle='tooltip' data-placement='right' title='原始值：7.6206'>7.62</span>", "<span data-toggle='tooltip' data-placement='right' title='原始值：6.32382'>6.32</span>", "<span data-toggle='tooltip' data-placement='right' title='原始值：291.689'>291.7</span>", "<span data-toggle='tooltip' data-placement='right' title='原始值：70.27959'>70.3</span>", "<span data-toggle='tooltip' data-placement='right' title='原始值：2.49'>2.49</span>", "<span data-toggle='tooltip' data-placement='right' title='原始值：0.058'>0.058</span>", "*", "*", "*", "*", "正常"], ["江苏省", "太湖流域", "<span data-toggle='tooltip' data-placement='right' title='所在地市:无锡市&#10;所属河流:太湖'>沙渚</span>", "08-19 08:00", "Ⅳ", "<span data-toggle='tooltip' data-placement='right' title='原始值：30.84333'>30.8</span>", "<span data-toggle='tooltip' data-placement='right' title='原始值：7.628207'>7.63</span>", "<span data-toggle='tooltip' data-placement='right' title='原始值：4.646004'>4.65</span>", "<span data-toggle='tooltip' data-placement='right' title='原始值：295.9437'>295.9</span>", "<span data-toggle='tooltip' data-placement='right' title='原始值：157.4144'>157.4</span>", "<span data-toggle='tooltip' data-placement='right' title='原始值：6.73'>6.73</span>", "<span data-toggle='tooltip' data-placement='right' title='原始值：0.14'>0.140</span>", "<span data-toggle='tooltip' data-placement='right' title='原始值：0.1505'>0.150</span>", "<span data-toggle='tooltip' data-placement='right' title='原始值：2.455'>2.46</span>", "*", "*", "正常"], ["江苏省", "淮河流域", "<span data-toggle='tooltip' data-placement='right' title='所在地市:徐州市&#10;所属河流:武河'>小红圈</span>", "08-19 08:00", "Ⅱ", "<span data-toggle='tooltip' data-placement='right' title='原始值：29.7'>29.7</span>", "<span data-toggle='tooltip' data-placement='right' title='原始值：7.28'>7.28</span>", "<span data-toggle='tooltip' data-placement='right' title='原始值：7.99'>7.99</span>", "<span data-toggle='tooltip' data-placement='right' title='原始值：1040.4'>1040.4</span>", "<span data-toggle='tooltip' data-placement='right' title='原始值：2.86'>2.9</span>", "<span data-toggle='tooltip' data-placement='right' title='原始值：3.96'>3.96</span>", "<span data-toggle='tooltip' data-placement='right' title='原始值：0.1'>0.100</span>", "*", "*", "*", "*", "正常"], ["江苏省", "淮河流域", "<span data-toggle='tooltip' data-placement='right' title='所在地市:徐州市&#10;所属河流:沿河'>李集桥</span>", "08-19 08:00", "Ⅴ", "<span data-toggle='tooltip' data-placement='right' title='原始值：31.12'>31.1</span>", "<span data-toggle='tooltip' data-placement='right' title='原始值：8.29'>8.29</span>", "<span data-toggle='tooltip' data-placement='right' title='原始值：6.9'>6.90</span>", "<span data-toggle='tooltip' data-placement='right' title='原始值：840.6'>840.6</span>", "<span data-toggle='tooltip' data-placement='right' title='原始值：82.96'>83.0</span>", "<span data-toggle='tooltip' data-placement='right' title='原始值：7.17'>7.17</span>", "<span data-toggle='tooltip' data-placement='right' title='原始值：0.106'>0.106</span>", "<span data-toggle='tooltip' data-placement='right' title='原始值：0.306'>0.306</span>", "<span data-toggle='tooltip' data-placement='right' title='原始值：2.156'>2.16</span>", "*", "*", "正常"], ["江苏省", "淮河流域", "<span data-toggle='tooltip' data-placement='right' title='所在地市:徐州市&#10;所属河流:邳苍分洪道'>艾山西大桥</span>", "08-19 08:00", "Ⅳ", "<span data-toggle='tooltip' data-placement='right' title='原始值：28.8732'>28.9</span>", "<span data-toggle='tooltip' data-placement='right' title='原始值：7.86935'>7.87</span>", "<span data-toggle='tooltip' data-placement='right' title='原始值：5.41987'>5.42</span>", "<span data-toggle='tooltip' data-placement='right' title='原始值：833.071'>833.1</span>", "<span data-toggle='tooltip' data-placement='right' title='原始值：42.9346'>42.9</span>", "<span data-toggle='tooltip' data-placement='right' title='原始值：3.68'>3.68</span>", "<span data-toggle='tooltip' data-placement='right' title='原始值：0.17'>0.170</span>", "<span data-toggle='tooltip' data-placement='right' title='原始值：0.29443'>0.294</span>", "<span data-toggle='tooltip' data-placement='right' title='原始值：10.00218'>10.00</span>", "*", "*", "正常"], ["江苏省", "太湖流域", "<span data-toggle='tooltip' data-placement='right' title='所在地市:苏州市&#10;所属河流:太湖'>兰山嘴(老)</span>", "08-19 04:00", "Ⅳ", "<span data-toggle='tooltip' data-placement='right' title='原始值：33.13802'>33.1</span>", "<span data-toggle='tooltip' data-placement='right' title='原始值：8.04167'>8.04</span>", "<span data-toggle='tooltip' data-placement='right' title='原始值：6.34818'>6.35</span>", "<span data-toggle='tooltip' data-placement='right' title='原始值：299.4806'>299.5</span>", "<span data-toggle='tooltip' data-placement='right' title='原始值：195.869'>195.9</span>", "<span data-toggle='tooltip' data-placement='right' title='原始值：5.82'>5.82</span>", "<span data-toggle='tooltip' data-placement='right' title='原始值：0.15'>0.150</span>", "<span data-toggle='tooltip' data-placement='right' title='原始值：0.29518'>0.295</span>", "<span data-toggle='tooltip' data-placement='right' title='原始值：4.29511'>4.30</span>", "*", "*", "正常"], ["江苏省", "太湖流域", "<span data-toggle='tooltip' data-placement='right' title='所在地市:苏州市&#10;所属河流:太湖'>西山</span>", "08-19 08:00", "Ⅴ", "<span data-toggle='tooltip' data-placement='right' title='原始值：31.82517'>31.8</span>", "<span data-toggle='tooltip' data-placement='right' title='原始值：7.83378'>7.83</span>", "<span data-toggle='tooltip' data-placement='right' title='原始值：5.67125'>5.67</span>", "<span data-toggle='tooltip' data-placement='right' title='原始值：221.8943'>221.9</span>", "<span data-toggle='tooltip' data-placement='right' title='原始值：43.5545'>43.6</span>", "<span data-toggle='tooltip' data-placement='right' title='原始值：2.22'>2.22</span>", "<span data-toggle='tooltip' data-placement='right' title='原始值：0.15'>0.150</span>", "<span data-toggle='tooltip' data-placement='right' title='原始值：0.1106'>0.111</span>", "<span data-toggle='tooltip' data-placement='right' title='原始值：0.6365'>0.64</span>", "*", "*", "正常"], ["江苏省", "淮河流域", "<span data-toggle='tooltip' data-placement='right' title='所在地市:连云港市&#10;所属河流:新沭河'>大兴桥</span>", null, "", "--", "--", "--", "--", "--", "--", "--", "--", "--", "*", "*", "停站"], ["江苏省", "淮河流域", "<span data-toggle='tooltip' data-placement='right' title='所在地市:淮安市&#10;所属河流:淮河'>淮河大桥</span>", "08-19 04:00", "Ⅳ", "<span data-toggle='tooltip' data-placement='right' title='原始值：31.68406'>31.7</span>", "<span data-toggle='tooltip' data-placement='right' title='原始值：7.76783'>7.77</span>", "<span data-toggle='tooltip' data-placement='right' title='原始值：4.11711'>4.12</span>", "<span data-toggle='tooltip' data-placement='right' title='原始值：312.5889'>312.6</span>", "<span data-toggle='tooltip' data-placement='right' title='原始值：49.98718'>50.0</span>", "<span data-toggle='tooltip' data-placement='right' title='原始值：7.02'>7.02</span>", "<span data-toggle='tooltip' data-placement='right' title='原始值：0.2'>0.200</span>", "<span data-toggle='tooltip' data-placement='right' title='原始值：0.0328'>0.033</span>", "<span data-toggle='tooltip' data-placement='right' title='原始值：0.4095'>0.41</span>", "*", "*", "正常"], ["江苏省", "长江流域", "<span data-toggle='tooltip' data-placement='right' title='所在地市:扬州市&#10;所属河流:夹江'>三江营</span>", "08-19 08:00", "Ⅳ", "<span data-toggle='tooltip' data-placement='right' title='原始值：32.32'>32.3</span>", "<span data-toggle='tooltip' data-placement='right' title='原始值：7.88'>7.88</span>", "<span data-toggle='tooltip' data-placement='right' title='原始值：5.56'>5.56</span>", "<span data-toggle='tooltip' data-placement='right' title='原始值：406.99'>407.0</span>", "<span data-toggle='tooltip' data-placement='right' title='原始值：125.83'>125.8</span>", "<span data-toggle='tooltip' data-placement='right' title='原始值：6.009'>6.01</span>", "<span data-toggle='tooltip' data-placement='right' title='原始值：0.258'>0.258</span>", "<span data-toggle='tooltip' data-placement='right' title='原始值：0.148'>0.148</span>", "<span data-toggle='tooltip' data-placement='right' title='原始值：2.089'>2.09</span>", "*", "*", "正常"], ["江苏省", "淮河流域", "<span data-toggle='tooltip' data-placement='right' title='所在地市:宿迁市&#10;所属河流:新濉河'>大屈</span>", "08-19 08:00", "", "<span data-toggle='tooltip' data-placement='right' title='原始值：32'>32.0</span>", "<span data-toggle='tooltip' data-placement='right' title='原始值：7.51'>7.51</span>", "<span data-toggle='tooltip' data-placement='right' title='原始值：5.75'>5.75</span>", "<span data-toggle='tooltip' data-placement='right' title='原始值：687.3'>687.3</span>", "<span data-toggle='tooltip' data-placement='right' title='原始值：59.8'>59.8</span>", "<span data-toggle='tooltip' data-placement='right' title='原始值：7.64'>7.64</span>", "<span data-toggle='tooltip' data-placement='right' title='原始值：0.11'>0.110</span>", "<span data-toggle='tooltip' data-placement='right' title='极值过滤'>--</span>", "<span data-toggle='tooltip' data-placement='right' title='原始值：1.893'>1.89</span>", "*", "*", "维护"], ["浙江省", "浙闽片河流", "<span data-toggle='tooltip' data-placement='right' title='所在地市:杭州市&#10;所属河流:新安江'>街口(鸠坑口)</span>", "08-19 08:00", "劣Ⅴ", "<span data-toggle='tooltip' data-placement='right' title='原始值：27.78'>27.8</span>", "<span data-toggle='tooltip' data-placement='right' title='原始值：9.04'>9.04</span>", "<span data-toggle='tooltip' data-placement='right' title='原始值：7.92'>7.92</span>", "<span data-toggle='tooltip' data-placement='right' title='原始值：135.97'>136.0</span>", "<span data-toggle='tooltip' data-placement='right' title='原始值：19.63'>19.6</span>", "<span data-toggle='tooltip' data-placement='right' title='原始值：1.333'>1.33</span>", "<span data-toggle='tooltip' data-placement='right' title='原始值：0.011'>0.011</span>", "<span data-toggle='tooltip' data-placement='right' title='原始值：0.051'>0.051</span>", "<span data-toggle='tooltip' data-placement='right' title='原始值：0.633'>0.63</span>", "*", "*", "正常"], ["浙江省", "太湖流域", "<span data-toggle='tooltip' data-placement='right' title='所在地市:嘉兴市&#10;所属河流:斜路港河'>斜路港</span>", "08-19 08:00", "Ⅳ", "<span data-toggle='tooltip' data-placement='right' title='原始值：31.2'>31.2</span>", "<span data-toggle='tooltip' data-placement='right' title='原始值：8'>8.00</span>", "<span data-toggle='tooltip' data-placement='right' title='原始值：3.14'>3.14</span>", "<span data-toggle='tooltip' data-placement='right' title='原始值：313'>313.0</span>", "<span data-toggle='tooltip' data-placement='right' title='原始值：100.1'>100.1</span>", "<span data-toggle='tooltip' data-placement='right' title='原始值：3.97'>3.97</span>", "<span data-toggle='tooltip' data-placement='right' title='原始值：0.00608'>0.006</span>", "<span data-toggle='tooltip' data-placement='right' title='原始值：0.07645'>0.076</span>", "<span data-toggle='tooltip' data-placement='right' title='原始值：0.54017'>0.54</span>", "*", "*", "正常"], ["浙江省", "太湖流域", "<span data-toggle='tooltip' data-placement='right' title='所在地市:嘉兴市&#10;所属河流:京杭运河'>王江泾</span>", null, "", "--", "--", "--", "--", "--", "--", "--", "--", "--", "*", "*", "停站"], ["浙江省", "太湖流域", "<span data-toggle='tooltip' data-placement='right' title='所在地市:湖州市&#10;所属河流:西苕溪'>新港口(新塘港)</span>", "08-19 08:00", "Ⅲ", "<span data-toggle='tooltip' data-placement='right' title='原始值：32.0715'>32.1</span>", "<span data-toggle='tooltip' data-placement='right' title='原始值：8.55535'>8.56</span>", "<span data-toggle='tooltip' data-placement='right' title='原始值：7.08998'>7.09</span>", "<span data-toggle='tooltip' data-placement='right' title='原始值：330.144'>330.1</span>", "<span data-toggle='tooltip' data-placement='right' title='原始值：136.077'>136.1</span>", "<span data-toggle='tooltip' data-placement='right' title='原始值：4.53487'>4.53</span>", "<span data-toggle='tooltip' data-placement='right' title='原始值：0.08148'>0.081</span>", "<span data-toggle='tooltip' data-placement='right' title='原始值：0.10638'>0.106</span>", "<span data-toggle='tooltip' data-placement='right' title='原始值：8.42451'>8.42</span>", "*", "*", "正常"], ["安徽省", "巢湖流域", "<span data-toggle='tooltip' data-placement='right' title='所在地市:合肥市&#10;所属河流:巢湖'>湖滨(老)</span>", "08-19 08:00", "Ⅴ", "<span data-toggle='tooltip' data-placement='right' title='原始值：32.69016'>32.7</span>", "<span data-toggle='tooltip' data-placement='right' title='原始值：8.22258'>8.22</span>", "<span data-toggle='tooltip' data-placement='right' title='原始值：12.59636'>12.60</span>", "<span data-toggle='tooltip' data-placement='right' title='原始值：257.4026'>257.4</span>", "<span data-toggle='tooltip' data-placement='right' title='原始值：137.4634'>137.5</span>", "<span data-toggle='tooltip' data-placement='right' title='原始值：8.6'>8.60</span>", "<span data-toggle='tooltip' data-placement='right' title='原始值：0.29'>0.290</span>", "<span data-toggle='tooltip' data-placement='right' title='原始值：0.1255'>0.126</span>", "<span data-toggle='tooltip' data-placement='right' title='原始值：2.425'>2.42</span>", "<span data-toggle='tooltip' data-placement='right' title='原始值：0.0173'>0.017</span>", "*", "正常"], ["安徽省", "巢湖流域", "<span data-toggle='tooltip' data-placement='right' title='所在地市:芜湖市&#10;所属河流:巢湖'>裕溪口(老)</span>", null, "", "--", "--", "--", "--", "--", "--", "--", "--", "--", "*", "*", "停站"], ["安徽省", "淮河流域", "<span data-toggle='tooltip' data-placement='right' title='所在地市:蚌埠市&#10;所属河流:淮河'>蚌埠闸上(蚌埠闸)</span>", null, "", "--", "--", "--", "--", "--", "--", "--", "--", "--", "*", "*", "停站"], ["安徽省", "淮河流域", "<span data-toggle='tooltip' data-placement='right' title='所在地市:淮南市&#10;所属河流:淮河'>石头埠(老)</span>", "08-19 08:00", "Ⅲ", "<span data-toggle='tooltip' data-placement='right' title='原始值：31.68775'>31.7</span>", "<span data-toggle='tooltip' data-placement='right' title='原始值：7.21825'>7.22</span>", "<span data-toggle='tooltip' data-placement='right' title='原始值：5.39623'>5.40</span>", "<span data-toggle='tooltip' data-placement='right' title='原始值：287.4619'>287.5</span>", "<span data-toggle='tooltip' data-placement='right' title='原始值：43.21302'>43.2</span>", "<span data-toggle='tooltip' data-placement='right' title='原始值：5.12'>5.12</span>", "<span data-toggle='tooltip' data-placement='right' title='原始值：0.11'>0.110</span>", "*", "*", "*", "*", "正常"], ["安徽省", "淮河流域", "<span data-toggle='tooltip' data-placement='right' title='所在地市:淮北市&#10;所属河流:沱河'>小王桥</span>", null, "", "--", "--", "--", "--", "--", "--", "--", "--", "--", "*", "*", "停站"], ["安徽省", "长江流域", "<span data-toggle='tooltip' data-placement='right' title='所在地市:安庆市&#10;所属河流:长江'>皖河口</span>", null, "", "--", "--", "--", "--", "--", "--", "--", "--", "--", "*", "*", "停站"], ["安徽省", "淮河流域", "<span data-toggle='tooltip' data-placement='right' title='所在地市:滁州市&#10;所属河流:淮河'>小柳巷</span>", null, "", "--", "--", "--", "--", "--", "--", "--", "--", "--", "*", "*", "停站"], ["安徽省", "淮河流域", "<span data-toggle='tooltip' data-placement='right' title='所在地市:阜阳市&#10;所属河流:黑茨河'>张大桥</span>", null, "", "--", "--", "--", "--", "--", "--", "--", "--", "--", "*", "*", "停站"], ["安徽省", "淮河流域", "<span data-toggle='tooltip' data-placement='right' title='所在地市:阜阳市&#10;所属河流:淮河'>王家坝</span>", "08-19 08:00", "Ⅳ", "<span data-toggle='tooltip' data-placement='right' title='原始值：32.09937'>32.1</span>", "<span data-toggle='tooltip' data-placement='right' title='原始值：7.74562'>7.75</span>", "<span data-toggle='tooltip' data-placement='right' title='原始值：5.06467'>5.06</span>", "<span data-toggle='tooltip' data-placement='right' title='原始值：742.0837'>742.1</span>", "<span data-toggle='tooltip' data-placement='right' title='原始值：44.68363'>44.7</span>", "<span data-toggle='tooltip' data-placement='right' title='原始值：4.82'>4.82</span>", "<span data-toggle='tooltip' data-placement='right' title='原始值：0.113'>0.113</span>", "<span data-toggle='tooltip' data-placement='right' title='原始值：0.22098'>0.221</span>", "<span data-toggle='tooltip' data-placement='right' title='极值过滤'>--</span>", "*", "*", "维护"], ["安徽省", "淮河流域", "<span data-toggle='tooltip' data-placement='right' title='所在地市:阜阳市&#10;所属河流:颍河'>界首七渡口(七渡口)</span>", "08-19 08:00", "Ⅳ", "<span data-toggle='tooltip' data-placement='right' title='原始值：31.4766'>31.5</span>", "<span data-toggle='tooltip' data-placement='right' title='原始值：8.1217'>8.12</span>", "<span data-toggle='tooltip' data-placement='right' title='原始值：4.47354'>4.47</span>", "<span data-toggle='tooltip' data-placement='right' title='原始值：686.9872'>687.0</span>", "<span data-toggle='tooltip' data-placement='right' title='原始值：13.69314'>13.7</span>", "<span data-toggle='tooltip' data-placement='right' title='原始值：4.38'>4.38</span>", "<span data-toggle='tooltip' data-placement='right' title='原始值：0.1'>0.100</span>", "<span data-toggle='tooltip' data-placement='right' title='原始值：0.08308'>0.083</span>", "<span data-toggle='tooltip' data-placement='right' title='原始值：2.71273'>2.71</span>", "*", "*", "正常"], ["安徽省", "淮河流域", "<span data-toggle='tooltip' data-placement='right' title='所在地市:阜阳市&#10;所属河流:泉河'>许庄(徐庄)</span>", "08-19 08:00", "Ⅱ", "<span data-toggle='tooltip' data-placement='right' title='原始值：30.3'>30.3</span>", "<span data-toggle='tooltip' data-placement='right' title='原始值：7.53'>7.53</span>", "<span data-toggle='tooltip' data-placement='right' title='原始值：6.01'>6.01</span>", "<span data-toggle='tooltip' data-placement='right' title='原始值：958.7'>958.7</span>", "<span data-toggle='tooltip' data-placement='right' title='原始值：74.32'>74.3</span>", "<span data-toggle='tooltip' data-placement='right' title='原始值：2.29'>2.29</span>", "<span data-toggle='tooltip' data-placement='right' title='原始值：0.03'>0.030</span>", "<span data-toggle='tooltip' data-placement='right' title='原始值：0.062'>0.062</span>", "<span data-toggle='tooltip' data-placement='right' title='原始值：2.005'>2.00</span>", "*", "*", "正常"], ["安徽省", "淮河流域", "<span data-toggle='tooltip' data-placement='right' title='所在地市:宿州市&#10;所属河流:奎河'>杨庄</span>", "08-19 08:00", "Ⅳ", "<span data-toggle='tooltip' data-placement='right' title='原始值：31.11'>31.1</span>", "<span data-toggle='tooltip' data-placement='right' title='原始值：7.5'>7.50</span>", "<span data-toggle='tooltip' data-placement='right' title='原始值：4.31'>4.31</span>", "<span data-toggle='tooltip' data-placement='right' title='原始值：800'>800.0</span>", "<span data-toggle='tooltip' data-placement='right' title='原始值：79.31'>79.3</span>", "<span data-toggle='tooltip' data-placement='right' title='原始值：5.12'>5.12</span>", "<span data-toggle='tooltip' data-placement='right' title='原始值：0.764'>0.764</span>", "*", "*", "*", "*", "正常"], ["安徽省", "淮河流域", "<span data-toggle='tooltip' data-placement='right' title='所在地市:宿州市&#10;所属河流:新汴河'>泗县公路桥</span>", null, "", "--", "--", "--", "--", "--", "--", "--", "*", "*", "*", "*", "维护"], ["安徽省", "淮河流域", "<span data-toggle='tooltip' data-placement='right' title='所在地市:亳州市&#10;所属河流:包河'>颜集</span>", "08-19 08:00", "", "<span data-toggle='tooltip' data-placement='right' title='原始值：30.5'>30.5</span>", "<span data-toggle='tooltip' data-placement='right' title='原始值：7.64'>7.64</span>", "<span data-toggle='tooltip' data-placement='right' title='原始值：5.46'>5.46</span>", "<span data-toggle='tooltip' data-placement='right' title='原始值：1067.3'>1067.3</span>", "<span data-toggle='tooltip' data-placement='right' title='原始值：270.69'>270.7</span>", "<span data-toggle='tooltip' data-placement='right' title='原始值：7.55'>7.55</span>", "<span data-toggle='tooltip' data-placement='right' title='极值过滤'>--</span>", "<span data-toggle='tooltip' data-placement='right' title='原始值：0.257'>0.257</span>", "<span data-toggle='tooltip' data-placement='right' title='原始值：1.793'>1.79</span>", "*", "*", "维护"], ["福建省", "浙闽片河流", "<span data-toggle='tooltip' data-placement='right' title='所在地市:福州市&#10;所属河流:闽江'>白岩潭</span>", "08-19 08:00", "Ⅲ", "<span data-toggle='tooltip' data-placement='right' title='原始值：30.45'>30.4</span>", "<span data-toggle='tooltip' data-placement='right' title='原始值：7.03'>7.03</span>", "<span data-toggle='tooltip' data-placement='right' title='原始值：5.61'>5.61</span>", "<span data-toggle='tooltip' data-placement='right' title='原始值：2461.7'>2461.7</span>", "<span data-toggle='tooltip' data-placement='right' title='原始值：37.84'>37.8</span>", "<span data-toggle='tooltip' data-placement='right' title='原始值：2.72'>2.72</span>", "<span data-toggle='tooltip' data-placement='right' title='原始值：0.07'>0.070</span>", "*", "*", "*", "*", "正常"], ["江西省", "长江流域", "<span data-toggle='tooltip' data-placement='right' title='所在地市:南昌市&#10;所属河流:赣江南支'>滁槎</span>", "08-19 08:00", "Ⅲ", "<span data-toggle='tooltip' data-placement='right' title='原始值：32.16091'>32.2</span>", "<span data-toggle='tooltip' data-placement='right' title='原始值：7.38448'>7.38</span>", "<span data-toggle='tooltip' data-placement='right' title='原始值：10.02547'>10.03</span>", "<span data-toggle='tooltip' data-placement='right' title='原始值：147.5255'>147.5</span>", "<span data-toggle='tooltip' data-placement='right' title='原始值：24.62815'>24.6</span>", "<span data-toggle='tooltip' data-placement='right' title='原始值：4.67'>4.67</span>", "<span data-toggle='tooltip' data-placement='right' title='原始值：0.14'>0.140</span>", "<span data-toggle='tooltip' data-placement='right' title='原始值：0.06375'>0.064</span>", "<span data-toggle='tooltip' data-placement='right' title='原始值：1.06'>1.06</span>", "*", "*", "正常"], ["江西省", "长江流域", "<span data-toggle='tooltip' data-placement='right' title='所在地市:九江市&#10;所属河流:长江'>姚港(河西水厂)</span>", "08-19 08:00", "Ⅱ", "<span data-toggle='tooltip' data-placement='right' title='原始值：28.15'>28.2</span>", "<span data-toggle='tooltip' data-placement='right' title='原始值：7.65'>7.65</span>", "<span data-toggle='tooltip' data-placement='right' title='原始值：6.3'>6.30</span>", "<span data-toggle='tooltip' data-placement='right' title='原始值：299.03'>299.0</span>", "<span data-toggle='tooltip' data-placement='right' title='原始值：60.93'>60.9</span>", "<span data-toggle='tooltip' data-placement='right' title='原始值：1.612'>1.61</span>", "<span data-toggle='tooltip' data-placement='right' title='原始值：0.018'>0.018</span>", "<span data-toggle='tooltip' data-placement='right' title='原始值：0.091'>0.091</span>", "<span data-toggle='tooltip' data-placement='right' title='原始值：1.38'>1.38</span>", "*", "*", "正常"], ["江西省", "长江流域", "<span data-toggle='tooltip' data-placement='right' title='所在地市:九江市&#10;所属河流:鄱阳湖'>蛤蟆石</span>", "08-19 08:00", "Ⅱ", "<span data-toggle='tooltip' data-placement='right' title='原始值：31.66'>31.7</span>", "<span data-toggle='tooltip' data-placement='right' title='原始值：6.79'>6.79</span>", "<span data-toggle='tooltip' data-placement='right' title='原始值：6.07'>6.07</span>", "<span data-toggle='tooltip' data-placement='right' title='原始值：96.91'>96.9</span>", "<span data-toggle='tooltip' data-placement='right' title='原始值：13.85'>13.8</span>", "<span data-toggle='tooltip' data-placement='right' title='原始值：1.945'>1.94</span>", "<span data-toggle='tooltip' data-placement='right' title='原始值：0.006'>0.006</span>", "<span data-toggle='tooltip' data-placement='right' title='原始值：0.024'>0.024</span>", "<span data-toggle='tooltip' data-placement='right' title='原始值：0.534'>0.53</span>", "<span data-toggle='tooltip' data-placement='right' title='原始值：0.01668'>0.017</span>", "<span data-toggle='tooltip' data-placement='right' title='原始值：1261000'>1261000</span>", "正常"], ["山东省", "黄河流域", "<span data-toggle='tooltip' data-placement='right' title='所在地市:济南市&#10;所属河流:黄河'>泺口</span>", "08-19 08:00", "劣Ⅴ", "<span data-toggle='tooltip' data-placement='right' title='原始值：26.2932'>26.3</span>", "<span data-toggle='tooltip' data-placement='right' title='原始值：7.90444'>7.90</span>", "<span data-toggle='tooltip' data-placement='right' title='原始值：6.94327'>6.94</span>", "<span data-toggle='tooltip' data-placement='right' title='原始值：798.079'>798.1</span>", "<span data-toggle='tooltip' data-placement='right' title='原始值：898.439'>898.4</span>", "<span data-toggle='tooltip' data-placement='right' title='原始值：1.8'>1.80</span>", "<span data-toggle='tooltip' data-placement='right' title='原始值：2.00961'>2.010</span>", "<span data-toggle='tooltip' data-placement='right' title='原始值：0.02091'>0.021</span>", "<span data-toggle='tooltip' data-placement='right' title='原始值：3.778'>3.78</span>", "*", "*", "正常"], ["山东省", "淮河流域", "<span data-toggle='tooltip' data-placement='right' title='所在地市:枣庄市&#10;所属河流:京杭大运河（韩庄运河）'>台儿庄大桥</span>", null, "", "--", "--", "--", "--", "--", "--", "--", "--", "--", "*", "*", "停站"], ["山东省", "淮河流域", "<span data-toggle='tooltip' data-placement='right' title='所在地市:临沂市&#10;所属河流:沭河'>清泉寺</span>", null, "", "--", "--", "--", "--", "--", "--", "--", "--", "--", "*", "*", "停站"], ["山东省", "淮河流域", "<span data-toggle='tooltip' data-placement='right' title='所在地市:临沂市&#10;所属河流:沂河'>重坊桥</span>", null, "", "--", "--", "--", "--", "--", "--", "--", "--", "--", "*", "*", "停站"], ["山东省", "淮河流域", "<span data-toggle='tooltip' data-placement='right' title='所在地市:临沂市&#10;所属河流:白马河'>捷庄(涝沟桥)</span>", "08-19 08:00", "劣Ⅴ", "<span data-toggle='tooltip' data-placement='right' title='原始值：31.1'>31.1</span>", "<span data-toggle='tooltip' data-placement='right' title='原始值：7.49'>7.49</span>", "<span data-toggle='tooltip' data-placement='right' title='原始值：9.84484'>9.84</span>", "<span data-toggle='tooltip' data-placement='right' title='原始值：689.9846'>690.0</span>", "<span data-toggle='tooltip' data-placement='right' title='原始值：36.59995'>36.6</span>", "<span data-toggle='tooltip' data-placement='right' title='原始值：7.41'>7.41</span>", "<span data-toggle='tooltip' data-placement='right' title='原始值：0.09435'>0.094</span>", "<span data-toggle='tooltip' data-placement='right' title='原始值：0.41917'>0.419</span>", "<span data-toggle='tooltip' data-placement='right' title='原始值：5.38877'>5.39</span>", "*", "*", "正常"], ["山东省", "海河流域", "<span data-toggle='tooltip' data-placement='right' title='所在地市:聊城市&#10;所属河流:卫运河'>秤勾湾(秤钩湾)</span>", null, "", "--", "--", "--", "--", "--", "--", "--", "--", "--", "*", "*", "停站"], ["河南省", "长江流域", "<span data-toggle='tooltip' data-placement='right' title='所在地市:南阳市&#10;所属河流:丹江口水库'>陶岔</span>", "08-19 04:00", "Ⅱ", "<span data-toggle='tooltip' data-placement='right' title='原始值：29.56'>29.6</span>", "<span data-toggle='tooltip' data-placement='right' title='原始值：8.11578'>8.12</span>", "<span data-toggle='tooltip' data-placement='right' title='原始值：8.10043'>8.10</span>", "<span data-toggle='tooltip' data-placement='right' title='原始值：290.0641'>290.1</span>", "<span data-toggle='tooltip' data-placement='right' title='原始值：1.85778'>1.9</span>", "<span data-toggle='tooltip' data-placement='right' title='原始值：2.36'>2.36</span>", "<span data-toggle='tooltip' data-placement='right' title='原始值：0.01697'>0.017</span>", "<span data-toggle='tooltip' data-placement='right' title='原始值：0.01362'>0.014</span>", "<span data-toggle='tooltip' data-placement='right' title='原始值：0.71867'>0.72</span>", "<span data-toggle='tooltip' data-placement='right' title='原始值：0.00112'>0.001</span>", "<span data-toggle='tooltip' data-placement='right' title='原始值：349043.6'>349044</span>", "正常"], ["河南省", "淮河流域", "<span data-toggle='tooltip' data-placement='right' title='所在地市:商丘市&#10;所属河流:浍河'>黄口</span>", "08-19 08:00", "Ⅲ", "<span data-toggle='tooltip' data-placement='right' title='原始值：31.89995'>31.9</span>", "<span data-toggle='tooltip' data-placement='right' title='原始值：7.14031'>7.14</span>", "<span data-toggle='tooltip' data-placement='right' title='原始值：6.91842'>6.92</span>", "<span data-toggle='tooltip' data-placement='right' title='原始值：1342'>1342.0</span>", "<span data-toggle='tooltip' data-placement='right' title='原始值：59.25709'>59.3</span>", "<span data-toggle='tooltip' data-placement='right' title='原始值：5.68'>5.68</span>", "<span data-toggle='tooltip' data-placement='right' title='原始值：0.28379'>0.284</span>", "<span data-toggle='tooltip' data-placement='right' title='原始值：0.1756'>0.176</span>", "<span data-toggle='tooltip' data-placement='right' title='原始值：1.4653'>1.47</span>", "*", "*", "正常"], ["河南省", "淮河流域", "<span data-toggle='tooltip' data-placement='right' title='所在地市:信阳市&#10;所属河流:史灌河'>蒋集</span>", "08-19 08:00", "Ⅲ", "<span data-toggle='tooltip' data-placement='right' title='原始值：33.18739'>33.2</span>", "<span data-toggle='tooltip' data-placement='right' title='原始值：6.66367'>6.66</span>", "<span data-toggle='tooltip' data-placement='right' title='原始值：5.50313'>5.50</span>", "<span data-toggle='tooltip' data-placement='right' title='原始值：128.4841'>128.5</span>", "<span data-toggle='tooltip' data-placement='right' title='原始值：822.5743'>822.6</span>", "<span data-toggle='tooltip' data-placement='right' title='原始值：2.86'>2.86</span>", "<span data-toggle='tooltip' data-placement='right' title='原始值：0.01037'>0.010</span>", "*", "*", "*", "*", "正常"], ["河南省", "淮河流域", "<span data-toggle='tooltip' data-placement='right' title='所在地市:信阳市&#10;所属河流:淮河'>淮滨水文站(淮滨)</span>", "08-19 08:00", "Ⅲ", "<span data-toggle='tooltip' data-placement='right' title='原始值：30.6'>30.6</span>", "<span data-toggle='tooltip' data-placement='right' title='原始值：6.91'>6.91</span>", "<span data-toggle='tooltip' data-placement='right' title='原始值：5.86'>5.86</span>", "<span data-toggle='tooltip' data-placement='right' title='原始值：209.0001'>209.0</span>", "<span data-toggle='tooltip' data-placement='right' title='原始值：171.1938'>171.2</span>", "<span data-toggle='tooltip' data-placement='right' title='原始值：3.14386'>3.14</span>", "<span data-toggle='tooltip' data-placement='right' title='原始值：0.19377'>0.194</span>", "<span data-toggle='tooltip' data-placement='right' title='原始值：0.13967'>0.140</span>", "<span data-toggle='tooltip' data-placement='right' title='原始值：0.81635'>0.82</span>", "*", "*", "正常"], ["河南省", "淮河流域", "<span data-toggle='tooltip' data-placement='right' title='所在地市:周口市&#10;所属河流:沙河'>沈丘闸</span>", "08-19 08:00", "Ⅲ", "<span data-toggle='tooltip' data-placement='right' title='原始值：29.40206'>29.4</span>", "<span data-toggle='tooltip' data-placement='right' title='原始值：7.63369'>7.63</span>", "<span data-toggle='tooltip' data-placement='right' title='原始值：6.7288'>6.73</span>", "<span data-toggle='tooltip' data-placement='right' title='原始值：841.7455'>841.7</span>", "<span data-toggle='tooltip' data-placement='right' title='原始值：13.83939'>13.8</span>", "<span data-toggle='tooltip' data-placement='right' title='原始值：4.48'>4.48</span>", "<span data-toggle='tooltip' data-placement='right' title='原始值：0.06'>0.060</span>", "*", "*", "*", "*", "正常"], ["河南省", "淮河流域", "<span data-toggle='tooltip' data-placement='right' title='所在地市:周口市&#10;所属河流:涡河'>鹿邑付桥(鹿邑付桥闸)</span>", "08-19 08:00", "", "<span data-toggle='tooltip' data-placement='right' title='原始值：29.76254'>29.8</span>", "<span data-toggle='tooltip' data-placement='right' title='原始值：8.74843'>8.75</span>", "<span data-toggle='tooltip' data-placement='right' title='原始值：10.6428'>10.64</span>", "<span data-toggle='tooltip' data-placement='right' title='原始值：1388.576'>1388.6</span>", "<span data-toggle='tooltip' data-placement='right' title='原始值：5.77481'>5.8</span>", "<span data-toggle='tooltip' data-placement='right' title='原始值：7.84504'>7.85</span>", "<span data-toggle='tooltip' data-placement='right' title='极值过滤'>--</span>", "<span data-toggle='tooltip' data-placement='right' title='原始值：0.1943'>0.194</span>", "<span data-toggle='tooltip' data-placement='right' title='原始值：1.72806'>1.73</span>", "*", "*", "维护"], ["河南省", "淮河流域", "<span data-toggle='tooltip' data-placement='right' title='所在地市:驻马店市&#10;所属河流:洪河'>新蔡班台(班台)</span>", "08-19 08:00", "Ⅴ", "<span data-toggle='tooltip' data-placement='right' title='原始值：28.07503'>28.1</span>", "<span data-toggle='tooltip' data-placement='right' title='原始值：7.12133'>7.12</span>", "<span data-toggle='tooltip' data-placement='right' title='原始值：5.85312'>5.85</span>", "<span data-toggle='tooltip' data-placement='right' title='原始值：758.6287'>758.6</span>", "<span data-toggle='tooltip' data-placement='right' title='原始值：69.15071'>69.2</span>", "<span data-toggle='tooltip' data-placement='right' title='原始值：4.405'>4.40</span>", "<span data-toggle='tooltip' data-placement='right' title='原始值：0.07'>0.070</span>", "<span data-toggle='tooltip' data-placement='right' title='原始值：0.39908'>0.399</span>", "<span data-toggle='tooltip' data-placement='right' title='极值过滤'>--</span>", "*", "*", "维护"], ["河南省", "黄河流域", "<span data-toggle='tooltip' data-placement='right' title='所在地市:济源市&#10;所属河流:黄河'>小浪底水库(小浪底)</span>", null, "", "--", "--", "--", "--", "--", "--", "--", "--", "--", "*", "*", "停站"], ["湖北省", "长江流域", "<span data-toggle='tooltip' data-placement='right' title='所在地市:武汉市&#10;所属河流:汉江'>宗关</span>", null, "", "--", "--", "--", "--", "--", "--", "--", "--", "--", "*", "*", "停站"], ["湖北省", "长江流域", "<span data-toggle='tooltip' data-placement='right' title='所在地市:十堰市&#10;所属河流:丹江口水库'>坝上中(胡家岭)</span>", null, "", "--", "--", "--", "--", "--", "--", "--", "--", "--", "--", "--", "停站"], ["湖北省", "长江流域", "<span data-toggle='tooltip' data-placement='right' title='所在地市:宜昌市&#10;所属河流:长江'>南津关</span>", null, "", "--", "--", "--", "--", "--", "--", "--", "--", "--", "*", "*", "维护"], ["湖南省", "长江流域", "<span data-toggle='tooltip' data-placement='right' title='所在地市:长沙市&#10;所属河流:湘江'>新港</span>", "08-19 04:00", "Ⅱ", "<span data-toggle='tooltip' data-placement='right' title='原始值：28.6'>28.6</span>", "<span data-toggle='tooltip' data-placement='right' title='原始值：7.44'>7.44</span>", "<span data-toggle='tooltip' data-placement='right' title='原始值：6.08'>6.08</span>", "<span data-toggle='tooltip' data-placement='right' title='原始值：228.93'>228.9</span>", "<span data-toggle='tooltip' data-placement='right' title='原始值：14.98'>15.0</span>", "<span data-toggle='tooltip' data-placement='right' title='原始值：3.25'>3.25</span>", "<span data-toggle='tooltip' data-placement='right' title='原始值：0.002'>0.002</span>", "<span data-toggle='tooltip' data-placement='right' title='原始值：0.033'>0.033</span>", "<span data-toggle='tooltip' data-placement='right' title='原始值：1.43'>1.43</span>", "*", "*", "正常"], ["湖南省", "长江流域", "<span data-toggle='tooltip' data-placement='right' title='所在地市:岳阳市&#10;所属河流:洞庭湖'>岳阳楼</span>", "08-19 08:00", "Ⅳ", "<span data-toggle='tooltip' data-placement='right' title='原始值：29.26'>29.3</span>", "<span data-toggle='tooltip' data-placement='right' title='原始值：7.848026'>7.85</span>", "<span data-toggle='tooltip' data-placement='right' title='原始值：5.801715'>5.80</span>", "<span data-toggle='tooltip' data-placement='right' title='原始值：275.3284'>275.3</span>", "<span data-toggle='tooltip' data-placement='right' title='原始值：39.16978'>39.2</span>", "<span data-toggle='tooltip' data-placement='right' title='原始值：2.38'>2.38</span>", "<span data-toggle='tooltip' data-placement='right' title='原始值：0.001'>0.001</span>", "<span data-toggle='tooltip' data-placement='right' title='原始值：0.069'>0.069</span>", "<span data-toggle='tooltip' data-placement='right' title='原始值：2.068'>2.07</span>", "--", "--", "维护"], ["湖南省", "长江流域", "<span data-toggle='tooltip' data-placement='right' title='所在地市:岳阳市&#10;所属河流:长江'>城陵矶</span>", "08-19 08:00", "", "<span data-toggle='tooltip' data-placement='right' title='原始值：29.44'>29.4</span>", "<span data-toggle='tooltip' data-placement='right' title='原始值：7.44699'>7.45</span>", "<span data-toggle='tooltip' data-placement='right' title='原始值：7.792539'>7.79</span>", "<span data-toggle='tooltip' data-placement='right' title='原始值：347.708'>347.7</span>", "<span data-toggle='tooltip' data-placement='right' title='原始值：90.32732'>90.3</span>", "<span data-toggle='tooltip' data-placement='right' title='原始值：2.15'>2.15</span>", "--", "--", "<span data-toggle='tooltip' data-placement='right' title='原始值：1.2679'>1.27</span>", "*", "*", "维护"], ["广东省", "珠江流域", "<span data-toggle='tooltip' data-placement='right' title='所在地市:清远市&#10;所属河流:北江'>七星岗</span>", "08-19 08:00", "Ⅱ", "<span data-toggle='tooltip' data-placement='right' title='原始值：32.43559'>32.4</span>", "<span data-toggle='tooltip' data-placement='right' title='原始值：7.47958'>7.48</span>", "<span data-toggle='tooltip' data-placement='right' title='原始值：6.05523'>6.06</span>", "<span data-toggle='tooltip' data-placement='right' title='原始值：228.553'>228.6</span>", "<span data-toggle='tooltip' data-placement='right' title='原始值：14.13914'>14.1</span>", "<span data-toggle='tooltip' data-placement='right' title='原始值：2.96'>2.96</span>", "<span data-toggle='tooltip' data-placement='right' title='原始值：0.10666'>0.107</span>", "<span data-toggle='tooltip' data-placement='right' title='原始值：0.02251'>0.023</span>", "<span data-toggle='tooltip' data-placement='right' title='原始值：0.9864'>0.99</span>", "*", "*", "正常"], ["广东省", "珠江流域", "<span data-toggle='tooltip' data-placement='right' title='所在地市:中山市&#10;所属河流:西江'>横栏</span>", "08-19 08:00", "Ⅲ", "<span data-toggle='tooltip' data-placement='right' title='原始值：28'>28.0</span>", "<span data-toggle='tooltip' data-placement='right' title='原始值：7.91'>7.91</span>", "<span data-toggle='tooltip' data-placement='right' title='原始值：6.71'>6.71</span>", "<span data-toggle='tooltip' data-placement='right' title='原始值：266'>266.0</span>", "<span data-toggle='tooltip' data-placement='right' title='原始值：22.4'>22.4</span>", "<span data-toggle='tooltip' data-placement='right' title='原始值：4.6'>4.60</span>", "<span data-toggle='tooltip' data-placement='right' title='原始值：0.11094'>0.111</span>", "*", "*", "*", "*", "正常"], ["广西壮族自治区", "珠江流域", "<span data-toggle='tooltip' data-placement='right' title='所在地市:南宁市&#10;所属河流:邕江'>老口</span>", "08-19 08:00", "Ⅱ", "<span data-toggle='tooltip' data-placement='right' title='原始值：29.10431'>29.1</span>", "<span data-toggle='tooltip' data-placement='right' title='原始值：7.5489'>7.55</span>", "<span data-toggle='tooltip' data-placement='right' title='原始值：6.62525'>6.63</span>", "<span data-toggle='tooltip' data-placement='right' title='原始值：294.2498'>294.2</span>", "<span data-toggle='tooltip' data-placement='right' title='原始值：7.76242'>7.8</span>", "<span data-toggle='tooltip' data-placement='right' title='原始值：1.27512'>1.28</span>", "<span data-toggle='tooltip' data-placement='right' title='原始值：0.07988'>0.080</span>", "<span data-toggle='tooltip' data-placement='right' title='原始值：0.03047'>0.030</span>", "<span data-toggle='tooltip' data-placement='right' title='原始值：1.5889'>1.59</span>", "*", "*", "正常"], ["广西壮族自治区", "珠江流域", "<span data-toggle='tooltip' data-placement='right' title='所在地市:桂林市&#10;所属河流:漓江'>阳朔</span>", "08-19 08:00", "Ⅱ", "<span data-toggle='tooltip' data-placement='right' title='原始值：29.6'>29.6</span>", "<span data-toggle='tooltip' data-placement='right' title='原始值：7.67'>7.67</span>", "<span data-toggle='tooltip' data-placement='right' title='原始值：6.78004'>6.78</span>", "<span data-toggle='tooltip' data-placement='right' title='原始值：187'>187.0</span>", "<span data-toggle='tooltip' data-placement='right' title='原始值：5.5'>5.5</span>", "<span data-toggle='tooltip' data-placement='right' title='原始值：1.57775'>1.58</span>", "<span data-toggle='tooltip' data-placement='right' title='原始值：0.02317'>0.023</span>", "<span data-toggle='tooltip' data-placement='right' title='原始值：0.00228'>0.002</span>", "<span data-toggle='tooltip' data-placement='right' title='原始值：1.45508'>1.46</span>", "*", "*", "正常"], ["广西壮族自治区", "珠江流域", "<span data-toggle='tooltip' data-placement='right' title='所在地市:梧州市&#10;所属河流:浔江'>界首</span>", null, "", "--", "--", "--", "--", "--", "--", "--", "--", "--", "*", "*", "停站"], ["广西壮族自治区", "珠江流域", "<span data-toggle='tooltip' data-placement='right' title='所在地市:贵港市&#10;所属河流:浔江'>石嘴</span>", "08-19 08:00", "Ⅱ", "<span data-toggle='tooltip' data-placement='right' title='原始值：29.18235'>29.2</span>", "<span data-toggle='tooltip' data-placement='right' title='原始值：7.21833'>7.22</span>", "<span data-toggle='tooltip' data-placement='right' title='原始值：6.94861'>6.95</span>", "<span data-toggle='tooltip' data-placement='right' title='原始值：323.7679'>323.8</span>", "<span data-toggle='tooltip' data-placement='right' title='原始值：15.96252'>16.0</span>", "<span data-toggle='tooltip' data-placement='right' title='原始值：1.43'>1.43</span>", "<span data-toggle='tooltip' data-placement='right' title='原始值：0.25'>0.250</span>", "<span data-toggle='tooltip' data-placement='right' title='原始值：0.00883'>0.009</span>", "<span data-toggle='tooltip' data-placement='right' title='原始值：1.4503'>1.45</span>", "*", "*", "正常"], ["广西壮族自治区", "珠江流域", "<span data-toggle='tooltip' data-placement='right' title='所在地市:崇左市&#10;所属河流:平而河'>平而关</span>", "08-19 08:00", "Ⅲ", "<span data-toggle='tooltip' data-placement='right' title='原始值：28.05971'>28.1</span>", "<span data-toggle='tooltip' data-placement='right' title='原始值：7.63998'>7.64</span>", "<span data-toggle='tooltip' data-placement='right' title='原始值：5.92172'>5.92</span>", "<span data-toggle='tooltip' data-placement='right' title='原始值：250.9033'>250.9</span>", "<span data-toggle='tooltip' data-placement='right' title='原始值：131.7542'>131.8</span>", "<span data-toggle='tooltip' data-placement='right' title='原始值：2.075'>2.08</span>", "<span data-toggle='tooltip' data-placement='right' title='原始值：0.07'>0.070</span>", "*", "*", "*", "*", "正常"], ["重庆市", "长江流域", "<span data-toggle='tooltip' data-placement='right' title='所在地市:永川区&#10;所属河流:长江'>朱沱</span>", null, "", "--", "--", "--", "--", "--", "--", "--", "--", "--", "*", "*", "停站"], ["四川省", "长江流域", "<span data-toggle='tooltip' data-placement='right' title='所在地市:攀枝花市&#10;所属河流:金沙江'>龙洞</span>", null, "", "--", "--", "--", "--", "--", "--", "--", "--", "--", "*", "*", "停站"], ["四川省", "长江流域", "<span data-toggle='tooltip' data-placement='right' title='所在地市:泸州市&#10;所属河流:沱江'>沱江大桥(沱江二桥)</span>", null, "", "--", "--", "--", "--", "--", "--", "--", "--", "--", "*", "*", "停站"], ["四川省", "长江流域", "<span data-toggle='tooltip' data-placement='right' title='所在地市:广元市&#10;所属河流:嘉陵江'>清风峡</span>", null, "", "--", "--", "--", "--", "--", "--", "--", "--", "--", "*", "*", "停站"], ["四川省", "长江流域", "<span data-toggle='tooltip' data-placement='right' title='所在地市:乐山市&#10;所属河流:岷江'>岷江大桥</span>", null, "", "--", "--", "--", "--", "--", "--", "--", "--", "--", "*", "*", "停站"], ["四川省", "长江流域", "<span data-toggle='tooltip' data-placement='right' title='所在地市:宜宾市&#10;所属河流:岷江'>凉姜沟</span>", null, "", "--", "--", "--", "--", "--", "--", "--", "--", "--", "*", "*", "停站"], ["云南省", "滇池流域", "<span data-toggle='tooltip' data-placement='right' title='所在地市:昆明市&#10;所属河流:滇池'>西苑隧道</span>", "08-19 08:00", "Ⅴ", "<span data-toggle='tooltip' data-placement='right' title='原始值：22.72'>22.7</span>", "<span data-toggle='tooltip' data-placement='right' title='原始值：8.15921'>8.16</span>", "<span data-toggle='tooltip' data-placement='right' title='原始值：2.5598'>2.56</span>", "<span data-toggle='tooltip' data-placement='right' title='原始值：511.5311'>511.5</span>", "<span data-toggle='tooltip' data-placement='right' title='原始值：51.40538'>51.4</span>", "<span data-toggle='tooltip' data-placement='right' title='原始值：5.71'>5.71</span>", "<span data-toggle='tooltip' data-placement='right' title='原始值：1.72448'>1.724</span>", "<span data-toggle='tooltip' data-placement='right' title='原始值：0.16296'>0.163</span>", "<span data-toggle='tooltip' data-placement='right' title='原始值：4.99921'>5.00</span>", "<span data-toggle='tooltip' data-placement='right' title='原始值：0.00261'>0.003</span>", "<span data-toggle='tooltip' data-placement='right' title='原始值：1.657663E+07'>16576630</span>", "正常"], ["云南省", "滇池流域", "<span data-toggle='tooltip' data-placement='right' title='所在地市:昆明市&#10;所属河流:滇池'>观音山</span>", "08-19 08:00", "劣Ⅴ", "<span data-toggle='tooltip' data-placement='right' title='原始值：22.44857'>22.4</span>", "<span data-toggle='tooltip' data-placement='right' title='原始值：7.85322'>7.85</span>", "<span data-toggle='tooltip' data-placement='right' title='原始值：7.23143'>7.23</span>", "<span data-toggle='tooltip' data-placement='right' title='原始值：433.4589'>433.5</span>", "<span data-toggle='tooltip' data-placement='right' title='原始值：54.17167'>54.2</span>", "<span data-toggle='tooltip' data-placement='right' title='原始值：10.59675'>10.60</span>", "<span data-toggle='tooltip' data-placement='right' title='原始值：0.47'>0.470</span>", "<span data-toggle='tooltip' data-placement='right' title='原始值：0.2035'>0.204</span>", "<span data-toggle='tooltip' data-placement='right' title='原始值：1.57'>1.57</span>", "<span data-toggle='tooltip' data-placement='right' title='原始值：0.00357'>0.004</span>", "<span data-toggle='tooltip' data-placement='right' title='原始值：1.621085E+07'>16210850</span>", "正常"], ["云南省", "西南诸河", "<span data-toggle='tooltip' data-placement='right' title='所在地市:红河哈尼族彝族自治州&#10;所属河流:红河'>河口县医院(河口)</span>", "08-19 04:00", "Ⅲ", "<span data-toggle='tooltip' data-placement='right' title='原始值：24.89298'>24.9</span>", "<span data-toggle='tooltip' data-placement='right' title='原始值：7.21038'>7.21</span>", "<span data-toggle='tooltip' data-placement='right' title='原始值：7.35533'>7.36</span>", "<span data-toggle='tooltip' data-placement='right' title='原始值：166.4521'>166.5</span>", "<span data-toggle='tooltip' data-placement='right' title='原始值：250.9107'>250.9</span>", "<span data-toggle='tooltip' data-placement='right' title='原始值：4.30522'>4.31</span>", "<span data-toggle='tooltip' data-placement='right' title='原始值：0.13156'>0.132</span>", "<span data-toggle='tooltip' data-placement='right' title='原始值：0.19249'>0.192</span>", "<span data-toggle='tooltip' data-placement='right' title='原始值：1.55569'>1.56</span>", "*", "*", "正常"], ["云南省", "西南诸河", "<span data-toggle='tooltip' data-placement='right' title='所在地市:西双版纳傣族自治州&#10;所属河流:澜沧江'>橄榄坝</span>", "08-19 08:00", "Ⅱ", "<span data-toggle='tooltip' data-placement='right' title='原始值：19.43371'>19.4</span>", "<span data-toggle='tooltip' data-placement='right' title='原始值：7.52649'>7.53</span>", "<span data-toggle='tooltip' data-placement='right' title='原始值：6.62563'>6.63</span>", "<span data-toggle='tooltip' data-placement='right' title='原始值：534.0497'>534.0</span>", "<span data-toggle='tooltip' data-placement='right' title='原始值：28.22453'>28.2</span>", "<span data-toggle='tooltip' data-placement='right' title='原始值：1.08'>1.08</span>", "<span data-toggle='tooltip' data-placement='right' title='原始值：0.08886'>0.089</span>", "*", "*", "*", "*", "正常"], ["陕西省", "黄河流域", "<span data-toggle='tooltip' data-placement='right' title='所在地市:渭南市&#10;所属河流:渭河'>潼关吊桥</span>", null, "", "--", "--", "--", "--", "--", "--", "--", "--", "--", "*", "*", "停站"], ["甘肃省", "黄河流域", "<span data-toggle='tooltip' data-placement='right' title='所在地市:兰州市&#10;所属河流:黄河'>新城桥</span>", "08-19 08:00", "Ⅲ", "<span data-toggle='tooltip' data-placement='right' title='原始值：15.83703'>15.8</span>", "<span data-toggle='tooltip' data-placement='right' title='原始值：7.02985'>7.03</span>", "<span data-toggle='tooltip' data-placement='right' title='原始值：8.30419'>8.30</span>", "<span data-toggle='tooltip' data-placement='right' title='原始值：398.7273'>398.7</span>", "<span data-toggle='tooltip' data-placement='right' title='原始值：395.8156'>395.8</span>", "<span data-toggle='tooltip' data-placement='right' title='原始值：4.07'>4.07</span>", "<span data-toggle='tooltip' data-placement='right' title='原始值：0.28'>0.280</span>", "<span data-toggle='tooltip' data-placement='right' title='原始值：0.06166'>0.062</span>", "<span data-toggle='tooltip' data-placement='right' title='原始值：4.47087'>4.47</span>", "*", "*", "正常"], ["宁夏回族自治区", "黄河流域", "<span data-toggle='tooltip' data-placement='right' title='所在地市:中卫市&#10;所属河流:黄河'>中卫下河沿(新墩)</span>", "08-19 08:00", "Ⅲ", "<span data-toggle='tooltip' data-placement='right' title='原始值：19.39596'>19.4</span>", "<span data-toggle='tooltip' data-placement='right' title='原始值：7.7089'>7.71</span>", "<span data-toggle='tooltip' data-placement='right' title='原始值：8.23091'>8.23</span>", "<span data-toggle='tooltip' data-placement='right' title='原始值：469.4579'>469.5</span>", "<span data-toggle='tooltip' data-placement='right' title='原始值：502.5429'>502.5</span>", "<span data-toggle='tooltip' data-placement='right' title='原始值：4.11'>4.11</span>", "<span data-toggle='tooltip' data-placement='right' title='原始值：0.15'>0.150</span>", "<span data-toggle='tooltip' data-placement='right' title='原始值：0.1841'>0.184</span>", "<span data-toggle='tooltip' data-placement='right' title='原始值：1.7773'>1.78</span>", "*", "*", "正常"]]}