{"result": 1, "total": 1, "records": 98, "thead": ["省份", "流域", "断面名称", "监测时间", "水质类别", "水温<br/><span class='unit'>(℃)</span>", "pH<br/><span class='unit'>(无量纲)</span>", "溶解氧<br/><span class='unit'>(mg/L)</span>", "电导率<br/><span class='unit'>(μS/cm)</span>", "浊度<br/><span class='unit'>(NTU)</span>", "高锰酸盐指数<br/><span class='unit'>(mg/L)</span>", "氨氮<br/><span class='unit'>(mg/L)</span>", "总磷<br/><span class='unit'>(mg/L)</span>", "总氮<br/><span class='unit'>(mg/L)</span>", "叶绿素α<br/><span class='unit'>(mg/L)</span>", "藻密度<br/><span class='unit'>(cells/L)</span>", "站点情况"], "tbody": [["北京市", "海河流域", "<span data-toggle='tooltip' data-placement='right' title='所在地市:门头沟区&#10;所属河流:永定河'>沿河城</span>", "08-25 08:00", "Ⅲ", "<span data-toggle='tooltip' data-placement='right' title='原始值：23.60433'>23.6</span>", "<span data-toggle='tooltip' data-placement='right' title='原始值：8.3378'>8.34</span>", "<span data-toggle='tooltip' data-placement='right' title='原始值：7.67122'>7.67</span>", "<span data-toggle='tooltip' data-placement='right' title='原始值：1394.084'>1394.1</span>", "<span data-toggle='tooltip' data-placement='right' title='原始值：56.27551'>56.3</span>", "<span data-toggle='tooltip' data-placement='right' title='原始值：5.705'>5.70</span>", "<span data-toggle='tooltip' data-placement='right' title='原始值：0.01'>0.010</span>", "<span data-toggle='tooltip' data-placement='right' title='原始值：0.05537'>0.055</span>", "<span data-toggle='tooltip' data-placement='right' title='原始值：1.24491'>1.24</span>", "*", "*", "正常"], ["北京市", "海河流域", "<span data-toggle='tooltip' data-placement='right' title='所在地市:密云区&#10;所属河流:潮河'>古北口</span>", "08-25 08:00", "", "<span data-toggle='tooltip' data-placement='right' title='原始值：23.12002'>23.1</span>", "<span data-toggle='tooltip' data-placement='right' title='原始值：7.10687'>7.11</span>", "<span data-toggle='tooltip' data-placement='right' title='原始值：7.18851'>7.19</span>", "<span data-toggle='tooltip' data-placement='right' title='原始值：624.636'>624.6</span>", "<span data-toggle='tooltip' data-placement='right' title='原始值：4.59467'>4.6</span>", "<span data-toggle='tooltip' data-placement='right' title='原始值：2.5'>2.50</span>", "<span data-toggle='tooltip' data-placement='right' title='原始值：0.24'>0.240</span>", "<span data-toggle='tooltip' data-placement='right' title='极值过滤'>--</span>", "<span data-toggle='tooltip' data-placement='right' title='原始值：5.191'>5.19</span>", "*", "*", "维护"], ["天津市", "海河流域", "<span data-toggle='tooltip' data-placement='right' title='所在地市:河北区&#10;所属河流:海河'>三岔口</span>", "08-25 08:00", "Ⅳ", "<span data-toggle='tooltip' data-placement='right' title='原始值：27.6721'>27.7</span>", "<span data-toggle='tooltip' data-placement='right' title='原始值：7.5808'>7.58</span>", "<span data-toggle='tooltip' data-placement='right' title='原始值：6.141'>6.14</span>", "<span data-toggle='tooltip' data-placement='right' title='原始值：262.5975'>262.6</span>", "<span data-toggle='tooltip' data-placement='right' title='原始值：7.706'>7.7</span>", "<span data-toggle='tooltip' data-placement='right' title='原始值：7.12'>7.12</span>", "<span data-toggle='tooltip' data-placement='right' title='原始值：0.22'>0.220</span>", "<span data-toggle='tooltip' data-placement='right' title='原始值：0.0043'>0.004</span>", "<span data-toggle='tooltip' data-placement='right' title='原始值：0.9416'>0.94</span>", "*", "*", "正常"], ["天津市", "海河流域", "<span data-toggle='tooltip' data-placement='right' title='所在地市:蓟州区&#10;所属河流:果河'>果河桥</span>", null, "", "--", "--", "--", "--", "--", "--", "--", "--", "--", "*", "*", "维护"], ["河北省", "海河流域", "<span data-toggle='tooltip' data-placement='right' title='所在地市:石家庄市&#10;所属河流:滹沱河'>岗南水库</span>", "08-25 08:00", "", "<span data-toggle='tooltip' data-placement='right' title='原始值：26.5192'>26.5</span>", "<span data-toggle='tooltip' data-placement='right' title='原始值：8.30804'>8.31</span>", "<span data-toggle='tooltip' data-placement='right' title='原始值：7.47281'>7.47</span>", "<span data-toggle='tooltip' data-placement='right' title='原始值：567.5853'>567.6</span>", "<span data-toggle='tooltip' data-placement='right' title='原始值：2.29021'>2.3</span>", "<span data-toggle='tooltip' data-placement='right' title='原始值：2.36112'>2.36</span>", "<span data-toggle='tooltip' data-placement='right' title='原始值：0.07'>0.070</span>", "<span data-toggle='tooltip' data-placement='right' title='极值过滤'>--</span>", "<span data-toggle='tooltip' data-placement='right' title='原始值：2.97422'>2.97</span>", "*", "*", "维护"], ["河北省", "海河流域", "<span data-toggle='tooltip' data-placement='right' title='所在地市:张家口市&#10;所属河流:永定河'>八号桥</span>", "08-25 08:00", "Ⅲ", "<span data-toggle='tooltip' data-placement='right' title='原始值：23.4188'>23.4</span>", "<span data-toggle='tooltip' data-placement='right' title='原始值：7.71567'>7.72</span>", "<span data-toggle='tooltip' data-placement='right' title='原始值：6.53051'>6.53</span>", "<span data-toggle='tooltip' data-placement='right' title='原始值：952.2256'>952.2</span>", "<span data-toggle='tooltip' data-placement='right' title='原始值：82.82085'>82.8</span>", "<span data-toggle='tooltip' data-placement='right' title='原始值：4.39'>4.39</span>", "<span data-toggle='tooltip' data-placement='right' title='原始值：0.34'>0.340</span>", "<span data-toggle='tooltip' data-placement='right' title='原始值：0.1955'>0.196</span>", "<span data-toggle='tooltip' data-placement='right' title='原始值：3.42'>3.42</span>", "*", "*", "正常"], ["山西省", "黄河流域", "<span data-toggle='tooltip' data-placement='right' title='所在地市:运城市&#10;所属河流:汾河'>河津大桥</span>", "08-25 08:00", "Ⅴ", "<span data-toggle='tooltip' data-placement='right' title='原始值：26.7963'>26.8</span>", "<span data-toggle='tooltip' data-placement='right' title='原始值：7.41959'>7.42</span>", "<span data-toggle='tooltip' data-placement='right' title='原始值：2.31641'>2.32</span>", "<span data-toggle='tooltip' data-placement='right' title='原始值：1273.186'>1273.2</span>", "<span data-toggle='tooltip' data-placement='right' title='原始值：769.9171'>769.9</span>", "<span data-toggle='tooltip' data-placement='right' title='原始值：10.4'>10.40</span>", "<span data-toggle='tooltip' data-placement='right' title='原始值：0.04'>0.040</span>", "*", "*", "*", "*", "正常"], ["山西省", "黄河流域", "<span data-toggle='tooltip' data-placement='right' title='所在地市:忻州市&#10;所属河流:黄河'>万家寨水库</span>", null, "", "--", "--", "--", "--", "--", "--", "--", "--", "--", "*", "*", "停站"], ["内蒙古自治区", "黄河流域", "<span data-toggle='tooltip' data-placement='right' title='所在地市:包头市&#10;所属河流:黄河'>画匠营子</span>", "08-25 08:00", "Ⅱ", "<span data-toggle='tooltip' data-placement='right' title='原始值：22.38836'>22.4</span>", "<span data-toggle='tooltip' data-placement='right' title='原始值：7.69094'>7.69</span>", "<span data-toggle='tooltip' data-placement='right' title='原始值：6.87728'>6.88</span>", "<span data-toggle='tooltip' data-placement='right' title='原始值：631.3618'>631.4</span>", "<span data-toggle='tooltip' data-placement='right' title='原始值：1576.664'>1576.7</span>", "<span data-toggle='tooltip' data-placement='right' title='原始值：3.54925'>3.55</span>", "<span data-toggle='tooltip' data-placement='right' title='原始值：0.03398'>0.034</span>", "*", "*", "*", "*", "正常"], ["内蒙古自治区", "黄河流域", "<span data-toggle='tooltip' data-placement='right' title='所在地市:乌海市&#10;所属河流:黄河'>海勃湾</span>", "08-25 08:00", "Ⅲ", "<span data-toggle='tooltip' data-placement='right' title='原始值：20.74244'>20.7</span>", "<span data-toggle='tooltip' data-placement='right' title='原始值：7.62165'>7.62</span>", "<span data-toggle='tooltip' data-placement='right' title='原始值：6.10989'>6.11</span>", "<span data-toggle='tooltip' data-placement='right' title='原始值：472.25'>472.2</span>", "<span data-toggle='tooltip' data-placement='right' title='原始值：629.7462'>629.7</span>", "<span data-toggle='tooltip' data-placement='right' title='原始值：4.47'>4.47</span>", "<span data-toggle='tooltip' data-placement='right' title='原始值：0.14'>0.140</span>", "*", "*", "*", "*", "正常"], ["内蒙古自治区", "松花江流域", "<span data-toggle='tooltip' data-placement='right' title='所在地市:呼伦贝尔市&#10;所属河流:额尔古纳河'>黑山头</span>", null, "", "--", "--", "--", "--", "--", "--", "--", "--", "--", "*", "*", "停站"], ["辽宁省", "辽河流域", "<span data-toggle='tooltip' data-placement='right' title='所在地市:抚顺市&#10;所属河流:浑河'>大伙房水库</span>", "08-25 08:00", "", "<span data-toggle='tooltip' data-placement='right' title='原始值：26.87722'>26.9</span>", "<span data-toggle='tooltip' data-placement='right' title='原始值：7.71164'>7.71</span>", "<span data-toggle='tooltip' data-placement='right' title='原始值：7.61396'>7.61</span>", "<span data-toggle='tooltip' data-placement='right' title='原始值：313.7925'>313.8</span>", "<span data-toggle='tooltip' data-placement='right' title='原始值：3.76589'>3.8</span>", "<span data-toggle='tooltip' data-placement='right' title='原始值：1.78021'>1.78</span>", "<span data-toggle='tooltip' data-placement='right' title='原始值：0.13'>0.130</span>", "<span data-toggle='tooltip' data-placement='right' title='极值过滤'>--</span>", "<span data-toggle='tooltip' data-placement='right' title='原始值：1.05213'>1.05</span>", "<span data-toggle='tooltip' data-placement='right' title='极值过滤'>--</span>", "*", "维护"], ["辽宁省", "辽河流域", "<span data-toggle='tooltip' data-placement='right' title='所在地市:丹东市&#10;所属河流:鸭绿江'>江桥</span>", "08-25 08:00", "", "<span data-toggle='tooltip' data-placement='right' title='原始值：21.3'>21.3</span>", "<span data-toggle='tooltip' data-placement='right' title='原始值：6.66'>6.66</span>", "<span data-toggle='tooltip' data-placement='right' title='原始值：7.23984'>7.24</span>", "<span data-toggle='tooltip' data-placement='right' title='原始值：108'>108.0</span>", "<span data-toggle='tooltip' data-placement='right' title='原始值：52.99158'>53.0</span>", "<span data-toggle='tooltip' data-placement='right' title='原始值：7.91'>7.91</span>", "<span data-toggle='tooltip' data-placement='right' title='极值过滤'>--</span>", "<span data-toggle='tooltip' data-placement='right' title='原始值：0.11124'>0.111</span>", "<span data-toggle='tooltip' data-placement='right' title='原始值：25.77433'>25.77</span>", "*", "*", "维护"], ["辽宁省", "辽河流域", "<span data-toggle='tooltip' data-placement='right' title='所在地市:营口市&#10;所属河流:大辽河'>辽河公园</span>", "08-25 08:00", "Ⅳ", "<span data-toggle='tooltip' data-placement='right' title='原始值：24.18445'>24.2</span>", "<span data-toggle='tooltip' data-placement='right' title='原始值：6.74653'>6.75</span>", "<span data-toggle='tooltip' data-placement='right' title='原始值：4.1403'>4.14</span>", "<span data-toggle='tooltip' data-placement='right' title='原始值：1411.06'>1411.1</span>", "<span data-toggle='tooltip' data-placement='right' title='原始值：176.4417'>176.4</span>", "<span data-toggle='tooltip' data-placement='right' title='原始值：6.47961'>6.48</span>", "<span data-toggle='tooltip' data-placement='right' title='原始值：0.03716'>0.037</span>", "<span data-toggle='tooltip' data-placement='right' title='原始值：0.29839'>0.298</span>", "<span data-toggle='tooltip' data-placement='right' title='原始值：2.46254'>2.46</span>", "*", "*", "正常"], ["辽宁省", "辽河流域", "<span data-toggle='tooltip' data-placement='right' title='所在地市:辽阳市&#10;所属河流:太子河'>汤河水库</span>", "08-25 04:00", "", "<span data-toggle='tooltip' data-placement='right' title='原始值：17.80002'>17.8</span>", "<span data-toggle='tooltip' data-placement='right' title='原始值：7.63'>7.63</span>", "<span data-toggle='tooltip' data-placement='right' title='极值过滤'>--</span>", "<span data-toggle='tooltip' data-placement='right' title='原始值：498.9839'>499.0</span>", "<span data-toggle='tooltip' data-placement='right' title='原始值：4.59836'>4.6</span>", "<span data-toggle='tooltip' data-placement='right' title='原始值：1.64'>1.64</span>", "<span data-toggle='tooltip' data-placement='right' title='原始值：0.00768'>0.008</span>", "<span data-toggle='tooltip' data-placement='right' title='极值过滤'>--</span>", "<span data-toggle='tooltip' data-placement='right' title='极值过滤'>--</span>", "*", "*", "维护"], ["辽宁省", "辽河流域", "<span data-toggle='tooltip' data-placement='right' title='所在地市:盘锦市&#10;所属河流:辽河'>盘锦兴安(兴安)</span>", "08-25 08:00", "Ⅲ", "<span data-toggle='tooltip' data-placement='right' title='原始值：23.93507'>23.9</span>", "<span data-toggle='tooltip' data-placement='right' title='原始值：7.0442'>7.04</span>", "<span data-toggle='tooltip' data-placement='right' title='原始值：6.38583'>6.39</span>", "<span data-toggle='tooltip' data-placement='right' title='原始值：571.4978'>571.5</span>", "<span data-toggle='tooltip' data-placement='right' title='原始值：292.7636'>292.8</span>", "<span data-toggle='tooltip' data-placement='right' title='原始值：2.8902'>2.89</span>", "<span data-toggle='tooltip' data-placement='right' title='原始值：0.12'>0.120</span>", "<span data-toggle='tooltip' data-placement='right' title='原始值：0.19293'>0.193</span>", "<span data-toggle='tooltip' data-placement='right' title='原始值：2.68129'>2.68</span>", "*", "*", "正常"], ["辽宁省", "辽河流域", "<span data-toggle='tooltip' data-placement='right' title='所在地市:铁岭市&#10;所属河流:辽河'>珠尔山</span>", "08-25 08:00", "劣Ⅴ", "<span data-toggle='tooltip' data-placement='right' title='原始值：22.8568'>22.9</span>", "<span data-toggle='tooltip' data-placement='right' title='原始值：7.01037'>7.01</span>", "<span data-toggle='tooltip' data-placement='right' title='原始值：5.13532'>5.14</span>", "<span data-toggle='tooltip' data-placement='right' title='原始值：359.2427'>359.2</span>", "<span data-toggle='tooltip' data-placement='right' title='原始值：264.4432'>264.4</span>", "<span data-toggle='tooltip' data-placement='right' title='原始值：10.23291'>10.23</span>", "<span data-toggle='tooltip' data-placement='right' title='原始值：0.39'>0.390</span>", "<span data-toggle='tooltip' data-placement='right' title='原始值：0.5041'>0.504</span>", "<span data-toggle='tooltip' data-placement='right' title='原始值：4.52965'>4.53</span>", "*", "*", "正常"], ["吉林省", "松花江流域", "<span data-toggle='tooltip' data-placement='right' title='所在地市:长春市&#10;所属河流:松花江'>松花江村</span>", null, "", "--", "--", "--", "--", "--", "--", "--", "--", "--", "*", "*", "停站"], ["吉林省", "松花江流域", "<span data-toggle='tooltip' data-placement='right' title='所在地市:白城市&#10;所属河流:嫩江'>白沙滩</span>", null, "", "--", "--", "--", "--", "--", "--", "--", "--", "--", "*", "*", "停站"], ["吉林省", "松花江流域", "<span data-toggle='tooltip' data-placement='right' title='所在地市:延边朝鲜族自治州&#10;所属河流:图们江'>圈河</span>", null, "", "--", "--", "--", "--", "--", "--", "--", "--", "--", "*", "*", "停站"], ["黑龙江省", "松花江流域", "<span data-toggle='tooltip' data-placement='right' title='所在地市:大庆市&#10;所属河流:松花江'>肇源</span>", null, "", "--", "--", "--", "--", "--", "--", "--", "--", "--", "*", "*", "停站"], ["黑龙江省", "松花江流域", "<span data-toggle='tooltip' data-placement='right' title='所在地市:佳木斯市&#10;所属河流:乌苏里江'>乌苏镇</span>", null, "", "--", "--", "--", "--", "--", "--", "--", "--", "--", "*", "*", "停站"], ["黑龙江省", "松花江流域", "<span data-toggle='tooltip' data-placement='right' title='所在地市:佳木斯市&#10;所属河流:松花江'>同江</span>", null, "", "--", "--", "--", "--", "--", "--", "--", "--", "--", "*", "*", "维护"], ["黑龙江省", "松花江流域", "<span data-toggle='tooltip' data-placement='right' title='所在地市:黑河市&#10;所属河流:黑龙江'>黑河下(黑河)</span>", null, "", "--", "--", "--", "--", "--", "--", "--", "--", "--", "*", "*", "停站"], ["上海市", "长江流域", "<span data-toggle='tooltip' data-placement='right' title='所在地市:青浦区&#10;所属河流:淀山湖'>急水港桥</span>", "08-25 08:00", "Ⅳ", "<span data-toggle='tooltip' data-placement='right' title='原始值：30.7'>30.7</span>", "<span data-toggle='tooltip' data-placement='right' title='原始值：7.26'>7.26</span>", "<span data-toggle='tooltip' data-placement='right' title='原始值：3.41'>3.41</span>", "<span data-toggle='tooltip' data-placement='right' title='原始值：470'>470.0</span>", "<span data-toggle='tooltip' data-placement='right' title='原始值：459.5'>459.5</span>", "<span data-toggle='tooltip' data-placement='right' title='原始值：4.21875'>4.22</span>", "<span data-toggle='tooltip' data-placement='right' title='原始值：0.6614'>0.661</span>", "<span data-toggle='tooltip' data-placement='right' title='原始值：0.08106'>0.081</span>", "<span data-toggle='tooltip' data-placement='right' title='原始值：1.78907'>1.79</span>", "<span data-toggle='tooltip' data-placement='right' title='原始值：0.00658'>0.007</span>", "<span data-toggle='tooltip' data-placement='right' title='原始值：1.357808E+07'>13578080</span>", "正常"], ["江苏省", "长江流域", "<span data-toggle='tooltip' data-placement='right' title='所在地市:南京市&#10;所属河流:长江'>林山</span>", "08-25 08:00", "Ⅱ", "<span data-toggle='tooltip' data-placement='right' title='原始值：29.6919'>29.7</span>", "<span data-toggle='tooltip' data-placement='right' title='原始值：7.55118'>7.55</span>", "<span data-toggle='tooltip' data-placement='right' title='原始值：6.56797'>6.57</span>", "<span data-toggle='tooltip' data-placement='right' title='原始值：326.62'>326.6</span>", "<span data-toggle='tooltip' data-placement='right' title='原始值：84.71401'>84.7</span>", "<span data-toggle='tooltip' data-placement='right' title='原始值：2.61'>2.61</span>", "<span data-toggle='tooltip' data-placement='right' title='原始值：0.074'>0.074</span>", "*", "*", "*", "*", "正常"], ["江苏省", "太湖流域", "<span data-toggle='tooltip' data-placement='right' title='所在地市:无锡市&#10;所属河流:太湖'>沙渚</span>", "08-25 08:00", "", "<span data-toggle='tooltip' data-placement='right' title='原始值：30.81203'>30.8</span>", "<span data-toggle='tooltip' data-placement='right' title='原始值：7.791668'>7.79</span>", "<span data-toggle='tooltip' data-placement='right' title='原始值：5.322664'>5.32</span>", "<span data-toggle='tooltip' data-placement='right' title='原始值：462.4955'>462.5</span>", "<span data-toggle='tooltip' data-placement='right' title='原始值：74.3643'>74.4</span>", "<span data-toggle='tooltip' data-placement='right' title='原始值：5.19'>5.19</span>", "<span data-toggle='tooltip' data-placement='right' title='原始值：0.12'>0.120</span>", "<span data-toggle='tooltip' data-placement='right' title='极值过滤'>--</span>", "<span data-toggle='tooltip' data-placement='right' title='原始值：1.286'>1.29</span>", "*", "*", "维护"], ["江苏省", "淮河流域", "<span data-toggle='tooltip' data-placement='right' title='所在地市:徐州市&#10;所属河流:武河'>小红圈</span>", "08-25 08:00", "Ⅲ", "<span data-toggle='tooltip' data-placement='right' title='原始值：26.1'>26.1</span>", "<span data-toggle='tooltip' data-placement='right' title='原始值：7.09'>7.09</span>", "<span data-toggle='tooltip' data-placement='right' title='原始值：6.51'>6.51</span>", "<span data-toggle='tooltip' data-placement='right' title='原始值：886.8'>886.8</span>", "<span data-toggle='tooltip' data-placement='right' title='原始值：70.19'>70.2</span>", "<span data-toggle='tooltip' data-placement='right' title='原始值：5.12'>5.12</span>", "<span data-toggle='tooltip' data-placement='right' title='原始值：0.17'>0.170</span>", "*", "*", "*", "*", "正常"], ["江苏省", "淮河流域", "<span data-toggle='tooltip' data-placement='right' title='所在地市:徐州市&#10;所属河流:沿河'>李集桥</span>", "08-25 08:00", "Ⅴ", "<span data-toggle='tooltip' data-placement='right' title='原始值：28.66'>28.7</span>", "<span data-toggle='tooltip' data-placement='right' title='原始值：7.42'>7.42</span>", "<span data-toggle='tooltip' data-placement='right' title='原始值：2.33'>2.33</span>", "<span data-toggle='tooltip' data-placement='right' title='原始值：859.1'>859.1</span>", "<span data-toggle='tooltip' data-placement='right' title='原始值：254.09'>254.1</span>", "<span data-toggle='tooltip' data-placement='right' title='原始值：5.08'>5.08</span>", "<span data-toggle='tooltip' data-placement='right' title='原始值：0.22'>0.220</span>", "<span data-toggle='tooltip' data-placement='right' title='原始值：0.198'>0.198</span>", "<span data-toggle='tooltip' data-placement='right' title='原始值：1.818'>1.82</span>", "*", "*", "正常"], ["江苏省", "淮河流域", "<span data-toggle='tooltip' data-placement='right' title='所在地市:徐州市&#10;所属河流:邳苍分洪道'>艾山西大桥</span>", "08-25 08:00", "Ⅳ", "<span data-toggle='tooltip' data-placement='right' title='原始值：27.0769'>27.1</span>", "<span data-toggle='tooltip' data-placement='right' title='原始值：7.93059'>7.93</span>", "<span data-toggle='tooltip' data-placement='right' title='原始值：5.57709'>5.58</span>", "<span data-toggle='tooltip' data-placement='right' title='原始值：942.071'>942.1</span>", "<span data-toggle='tooltip' data-placement='right' title='原始值：28.3589'>28.4</span>", "<span data-toggle='tooltip' data-placement='right' title='原始值：3.68'>3.68</span>", "<span data-toggle='tooltip' data-placement='right' title='原始值：0.17'>0.170</span>", "<span data-toggle='tooltip' data-placement='right' title='原始值：0.28133'>0.281</span>", "<span data-toggle='tooltip' data-placement='right' title='原始值：30.31323'>30.31</span>", "*", "*", "正常"], ["江苏省", "太湖流域", "<span data-toggle='tooltip' data-placement='right' title='所在地市:苏州市&#10;所属河流:太湖'>兰山嘴(老)</span>", "08-25 08:00", "Ⅳ", "<span data-toggle='tooltip' data-placement='right' title='原始值：31.58907'>31.6</span>", "<span data-toggle='tooltip' data-placement='right' title='原始值：7.31665'>7.32</span>", "<span data-toggle='tooltip' data-placement='right' title='原始值：4.07694'>4.08</span>", "<span data-toggle='tooltip' data-placement='right' title='原始值：304.4541'>304.5</span>", "<span data-toggle='tooltip' data-placement='right' title='原始值：75.02196'>75.0</span>", "<span data-toggle='tooltip' data-placement='right' title='原始值：5.03'>5.03</span>", "<span data-toggle='tooltip' data-placement='right' title='原始值：0.28'>0.280</span>", "<span data-toggle='tooltip' data-placement='right' title='原始值：0.18217'>0.182</span>", "<span data-toggle='tooltip' data-placement='right' title='原始值：2.188'>2.19</span>", "*", "*", "正常"], ["江苏省", "太湖流域", "<span data-toggle='tooltip' data-placement='right' title='所在地市:苏州市&#10;所属河流:太湖'>西山</span>", "08-25 08:00", "Ⅳ", "<span data-toggle='tooltip' data-placement='right' title='原始值：32.02791'>32.0</span>", "<span data-toggle='tooltip' data-placement='right' title='原始值：7.82082'>7.82</span>", "<span data-toggle='tooltip' data-placement='right' title='原始值：6.47788'>6.48</span>", "<span data-toggle='tooltip' data-placement='right' title='原始值：372.3636'>372.4</span>", "<span data-toggle='tooltip' data-placement='right' title='原始值：43.88422'>43.9</span>", "<span data-toggle='tooltip' data-placement='right' title='原始值：2.16'>2.16</span>", "<span data-toggle='tooltip' data-placement='right' title='原始值：0.09'>0.090</span>", "<span data-toggle='tooltip' data-placement='right' title='原始值：0.073'>0.073</span>", "<span data-toggle='tooltip' data-placement='right' title='原始值：0.8293'>0.83</span>", "*", "*", "正常"], ["江苏省", "淮河流域", "<span data-toggle='tooltip' data-placement='right' title='所在地市:连云港市&#10;所属河流:新沭河'>大兴桥</span>", null, "", "--", "--", "--", "--", "--", "--", "--", "--", "--", "*", "*", "停站"], ["江苏省", "淮河流域", "<span data-toggle='tooltip' data-placement='right' title='所在地市:淮安市&#10;所属河流:淮河'>淮河大桥</span>", "08-25 08:00", "Ⅳ", "<span data-toggle='tooltip' data-placement='right' title='原始值：30.82172'>30.8</span>", "<span data-toggle='tooltip' data-placement='right' title='原始值：7.69019'>7.69</span>", "<span data-toggle='tooltip' data-placement='right' title='原始值：3.71743'>3.72</span>", "<span data-toggle='tooltip' data-placement='right' title='原始值：311.833'>311.8</span>", "<span data-toggle='tooltip' data-placement='right' title='原始值：67.11636'>67.1</span>", "<span data-toggle='tooltip' data-placement='right' title='原始值：5.68'>5.68</span>", "<span data-toggle='tooltip' data-placement='right' title='原始值：0.13'>0.130</span>", "<span data-toggle='tooltip' data-placement='right' title='原始值：0.0652'>0.065</span>", "<span data-toggle='tooltip' data-placement='right' title='原始值：0.2383'>0.24</span>", "*", "*", "正常"], ["江苏省", "长江流域", "<span data-toggle='tooltip' data-placement='right' title='所在地市:扬州市&#10;所属河流:夹江'>三江营</span>", "08-25 04:00", "", "<span data-toggle='tooltip' data-placement='right' title='原始值：31.57'>31.6</span>", "<span data-toggle='tooltip' data-placement='right' title='原始值：7.8'>7.80</span>", "<span data-toggle='tooltip' data-placement='right' title='原始值：4.92'>4.92</span>", "<span data-toggle='tooltip' data-placement='right' title='原始值：381.97'>382.0</span>", "<span data-toggle='tooltip' data-placement='right' title='原始值：122.56'>122.6</span>", "--", "--", "--", "--", "*", "*", "维护"], ["江苏省", "淮河流域", "<span data-toggle='tooltip' data-placement='right' title='所在地市:宿迁市&#10;所属河流:新濉河'>大屈</span>", "08-25 08:00", "Ⅳ", "<span data-toggle='tooltip' data-placement='right' title='原始值：29.3'>29.3</span>", "<span data-toggle='tooltip' data-placement='right' title='原始值：7.64'>7.64</span>", "<span data-toggle='tooltip' data-placement='right' title='原始值：4.6'>4.60</span>", "<span data-toggle='tooltip' data-placement='right' title='原始值：719.6'>719.6</span>", "<span data-toggle='tooltip' data-placement='right' title='原始值：29.14'>29.1</span>", "<span data-toggle='tooltip' data-placement='right' title='原始值：5.46'>5.46</span>", "<span data-toggle='tooltip' data-placement='right' title='原始值：0.14'>0.140</span>", "<span data-toggle='tooltip' data-placement='right' title='原始值：0.281'>0.281</span>", "<span data-toggle='tooltip' data-placement='right' title='原始值：2.122'>2.12</span>", "*", "*", "正常"], ["浙江省", "浙闽片河流", "<span data-toggle='tooltip' data-placement='right' title='所在地市:杭州市&#10;所属河流:新安江'>街口(鸠坑口)</span>", "08-25 08:00", "Ⅱ", "<span data-toggle='tooltip' data-placement='right' title='原始值：27.92'>27.9</span>", "<span data-toggle='tooltip' data-placement='right' title='原始值：8.86'>8.86</span>", "<span data-toggle='tooltip' data-placement='right' title='原始值：7.74'>7.74</span>", "<span data-toggle='tooltip' data-placement='right' title='原始值：144.01'>144.0</span>", "<span data-toggle='tooltip' data-placement='right' title='原始值：26.43'>26.4</span>", "<span data-toggle='tooltip' data-placement='right' title='原始值：1.437'>1.44</span>", "<span data-toggle='tooltip' data-placement='right' title='原始值：0.007'>0.007</span>", "<span data-toggle='tooltip' data-placement='right' title='原始值：0.032'>0.032</span>", "<span data-toggle='tooltip' data-placement='right' title='原始值：0.605'>0.60</span>", "*", "*", "正常"], ["浙江省", "太湖流域", "<span data-toggle='tooltip' data-placement='right' title='所在地市:嘉兴市&#10;所属河流:斜路港河'>斜路港</span>", "08-25 08:00", "Ⅳ", "<span data-toggle='tooltip' data-placement='right' title='原始值：31.2'>31.2</span>", "<span data-toggle='tooltip' data-placement='right' title='原始值：7.09'>7.09</span>", "<span data-toggle='tooltip' data-placement='right' title='原始值：3.6'>3.60</span>", "<span data-toggle='tooltip' data-placement='right' title='原始值：359'>359.0</span>", "<span data-toggle='tooltip' data-placement='right' title='原始值：57.4'>57.4</span>", "<span data-toggle='tooltip' data-placement='right' title='原始值：4.1'>4.10</span>", "<span data-toggle='tooltip' data-placement='right' title='原始值：0.07565'>0.076</span>", "<span data-toggle='tooltip' data-placement='right' title='原始值：0.10384'>0.104</span>", "<span data-toggle='tooltip' data-placement='right' title='原始值：0.30671'>0.31</span>", "*", "*", "正常"], ["浙江省", "太湖流域", "<span data-toggle='tooltip' data-placement='right' title='所在地市:嘉兴市&#10;所属河流:京杭运河'>王江泾</span>", "08-25 08:00", "Ⅲ", "<span data-toggle='tooltip' data-placement='right' title='原始值：32.29'>32.3</span>", "<span data-toggle='tooltip' data-placement='right' title='原始值：7.18'>7.18</span>", "<span data-toggle='tooltip' data-placement='right' title='原始值：7.17'>7.17</span>", "<span data-toggle='tooltip' data-placement='right' title='原始值：421.3'>421.3</span>", "<span data-toggle='tooltip' data-placement='right' title='极值过滤'>--</span>", "<span data-toggle='tooltip' data-placement='right' title='原始值：4.263'>4.26</span>", "<span data-toggle='tooltip' data-placement='right' title='原始值：0.053'>0.053</span>", "<span data-toggle='tooltip' data-placement='right' title='原始值：0.076'>0.076</span>", "<span data-toggle='tooltip' data-placement='right' title='原始值：0.956'>0.96</span>", "*", "*", "维护"], ["浙江省", "太湖流域", "<span data-toggle='tooltip' data-placement='right' title='所在地市:湖州市&#10;所属河流:西苕溪'>新港口(新塘港)</span>", "08-25 08:00", "Ⅲ", "<span data-toggle='tooltip' data-placement='right' title='原始值：31.6619'>31.7</span>", "<span data-toggle='tooltip' data-placement='right' title='原始值：8.51966'>8.52</span>", "<span data-toggle='tooltip' data-placement='right' title='原始值：8.25187'>8.25</span>", "<span data-toggle='tooltip' data-placement='right' title='原始值：369.659'>369.7</span>", "<span data-toggle='tooltip' data-placement='right' title='原始值：132.506'>132.5</span>", "<span data-toggle='tooltip' data-placement='right' title='原始值：5.65325'>5.65</span>", "<span data-toggle='tooltip' data-placement='right' title='原始值：0.12657'>0.127</span>", "<span data-toggle='tooltip' data-placement='right' title='原始值：0.12554'>0.126</span>", "<span data-toggle='tooltip' data-placement='right' title='原始值：7.44945'>7.45</span>", "*", "*", "正常"], ["安徽省", "巢湖流域", "<span data-toggle='tooltip' data-placement='right' title='所在地市:合肥市&#10;所属河流:巢湖'>湖滨(老)</span>", "08-25 08:00", "Ⅴ", "<span data-toggle='tooltip' data-placement='right' title='原始值：31.53976'>31.5</span>", "<span data-toggle='tooltip' data-placement='right' title='原始值：7.6858'>7.69</span>", "<span data-toggle='tooltip' data-placement='right' title='原始值：7.92009'>7.92</span>", "<span data-toggle='tooltip' data-placement='right' title='原始值：240.9958'>241.0</span>", "<span data-toggle='tooltip' data-placement='right' title='原始值：75.24424'>75.2</span>", "<span data-toggle='tooltip' data-placement='right' title='原始值：5.21'>5.21</span>", "<span data-toggle='tooltip' data-placement='right' title='原始值：0.21'>0.210</span>", "<span data-toggle='tooltip' data-placement='right' title='原始值：0.1006'>0.101</span>", "<span data-toggle='tooltip' data-placement='right' title='原始值：1.933'>1.93</span>", "<span data-toggle='tooltip' data-placement='right' title='原始值：0.01133'>0.011</span>", "*", "正常"], ["安徽省", "巢湖流域", "<span data-toggle='tooltip' data-placement='right' title='所在地市:芜湖市&#10;所属河流:巢湖'>裕溪口(老)</span>", null, "", "--", "--", "--", "--", "--", "--", "--", "--", "--", "*", "*", "停站"], ["安徽省", "淮河流域", "<span data-toggle='tooltip' data-placement='right' title='所在地市:蚌埠市&#10;所属河流:淮河'>蚌埠闸上(蚌埠闸)</span>", null, "", "--", "--", "--", "--", "--", "--", "--", "--", "--", "*", "*", "停站"], ["安徽省", "淮河流域", "<span data-toggle='tooltip' data-placement='right' title='所在地市:淮南市&#10;所属河流:淮河'>石头埠(老)</span>", "08-25 08:00", "Ⅳ", "<span data-toggle='tooltip' data-placement='right' title='原始值：29.00158'>29.0</span>", "<span data-toggle='tooltip' data-placement='right' title='原始值：7.15287'>7.15</span>", "<span data-toggle='tooltip' data-placement='right' title='原始值：4.35421'>4.35</span>", "<span data-toggle='tooltip' data-placement='right' title='原始值：340.7743'>340.8</span>", "<span data-toggle='tooltip' data-placement='right' title='原始值：47.0284'>47.0</span>", "<span data-toggle='tooltip' data-placement='right' title='原始值：4.89'>4.89</span>", "<span data-toggle='tooltip' data-placement='right' title='原始值：0.15'>0.150</span>", "*", "*", "*", "*", "正常"], ["安徽省", "淮河流域", "<span data-toggle='tooltip' data-placement='right' title='所在地市:淮北市&#10;所属河流:沱河'>小王桥</span>", null, "", "--", "--", "--", "--", "--", "--", "--", "--", "--", "*", "*", "停站"], ["安徽省", "长江流域", "<span data-toggle='tooltip' data-placement='right' title='所在地市:安庆市&#10;所属河流:长江'>皖河口</span>", null, "", "--", "--", "--", "--", "--", "--", "--", "--", "--", "*", "*", "停站"], ["安徽省", "淮河流域", "<span data-toggle='tooltip' data-placement='right' title='所在地市:滁州市&#10;所属河流:淮河'>小柳巷</span>", null, "", "--", "--", "--", "--", "--", "--", "--", "--", "--", "*", "*", "停站"], ["安徽省", "淮河流域", "<span data-toggle='tooltip' data-placement='right' title='所在地市:阜阳市&#10;所属河流:黑茨河'>张大桥</span>", null, "", "--", "--", "--", "--", "--", "--", "--", "--", "--", "*", "*", "停站"], ["安徽省", "淮河流域", "<span data-toggle='tooltip' data-placement='right' title='所在地市:阜阳市&#10;所属河流:淮河'>王家坝</span>", "08-25 08:00", "Ⅳ", "<span data-toggle='tooltip' data-placement='right' title='原始值：29.345'>29.3</span>", "<span data-toggle='tooltip' data-placement='right' title='原始值：7.6799'>7.68</span>", "<span data-toggle='tooltip' data-placement='right' title='原始值：4.45231'>4.45</span>", "<span data-toggle='tooltip' data-placement='right' title='原始值：556.6445'>556.6</span>", "<span data-toggle='tooltip' data-placement='right' title='原始值：48.24163'>48.2</span>", "<span data-toggle='tooltip' data-placement='right' title='原始值：4.38'>4.38</span>", "<span data-toggle='tooltip' data-placement='right' title='原始值：0.097'>0.097</span>", "<span data-toggle='tooltip' data-placement='right' title='原始值：0.24421'>0.244</span>", "<span data-toggle='tooltip' data-placement='right' title='原始值：1.91262'>1.91</span>", "*", "*", "正常"], ["安徽省", "淮河流域", "<span data-toggle='tooltip' data-placement='right' title='所在地市:阜阳市&#10;所属河流:颍河'>界首七渡口(七渡口)</span>", "08-25 08:00", "劣Ⅴ", "<span data-toggle='tooltip' data-placement='right' title='原始值：28.82309'>28.8</span>", "<span data-toggle='tooltip' data-placement='right' title='原始值：7.20519'>7.21</span>", "<span data-toggle='tooltip' data-placement='right' title='原始值：0.30303'>0.30</span>", "<span data-toggle='tooltip' data-placement='right' title='原始值：768.3124'>768.3</span>", "<span data-toggle='tooltip' data-placement='right' title='原始值：17.69117'>17.7</span>", "<span data-toggle='tooltip' data-placement='right' title='原始值：4.16'>4.16</span>", "<span data-toggle='tooltip' data-placement='right' title='原始值：0.25'>0.250</span>", "<span data-toggle='tooltip' data-placement='right' title='原始值：0.14577'>0.146</span>", "<span data-toggle='tooltip' data-placement='right' title='原始值：3.16156'>3.16</span>", "*", "*", "正常"], ["安徽省", "淮河流域", "<span data-toggle='tooltip' data-placement='right' title='所在地市:阜阳市&#10;所属河流:泉河'>许庄(徐庄)</span>", "08-25 08:00", "", "<span data-toggle='tooltip' data-placement='right' title='原始值：26.2'>26.2</span>", "<span data-toggle='tooltip' data-placement='right' title='原始值：7.4'>7.40</span>", "<span data-toggle='tooltip' data-placement='right' title='原始值：7.9'>7.90</span>", "<span data-toggle='tooltip' data-placement='right' title='原始值：781.1'>781.1</span>", "<span data-toggle='tooltip' data-placement='right' title='原始值：77.58'>77.6</span>", "<span data-toggle='tooltip' data-placement='right' title='原始值：2.34'>2.34</span>", "<span data-toggle='tooltip' data-placement='right' title='极值过滤'>--</span>", "<span data-toggle='tooltip' data-placement='right' title='极值过滤'>--</span>", "<span data-toggle='tooltip' data-placement='right' title='原始值：3.284'>3.28</span>", "*", "*", "维护"], ["安徽省", "淮河流域", "<span data-toggle='tooltip' data-placement='right' title='所在地市:宿州市&#10;所属河流:奎河'>杨庄</span>", "08-25 08:00", "Ⅳ", "<span data-toggle='tooltip' data-placement='right' title='原始值：28.55'>28.6</span>", "<span data-toggle='tooltip' data-placement='right' title='原始值：7.63'>7.63</span>", "<span data-toggle='tooltip' data-placement='right' title='原始值：5.51'>5.51</span>", "<span data-toggle='tooltip' data-placement='right' title='原始值：730.8'>730.8</span>", "<span data-toggle='tooltip' data-placement='right' title='原始值：203.61'>203.6</span>", "<span data-toggle='tooltip' data-placement='right' title='原始值：5.08'>5.08</span>", "<span data-toggle='tooltip' data-placement='right' title='原始值：1.05'>1.050</span>", "*", "*", "*", "*", "正常"], ["安徽省", "淮河流域", "<span data-toggle='tooltip' data-placement='right' title='所在地市:宿州市&#10;所属河流:新汴河'>泗县公路桥</span>", "08-25 08:00", "Ⅳ", "<span data-toggle='tooltip' data-placement='right' title='原始值：30.4'>30.4</span>", "<span data-toggle='tooltip' data-placement='right' title='原始值：7.74'>7.74</span>", "<span data-toggle='tooltip' data-placement='right' title='原始值：6.86'>6.86</span>", "<span data-toggle='tooltip' data-placement='right' title='原始值：900.5'>900.5</span>", "<span data-toggle='tooltip' data-placement='right' title='原始值：53.94'>53.9</span>", "<span data-toggle='tooltip' data-placement='right' title='原始值：7.6'>7.60</span>", "<span data-toggle='tooltip' data-placement='right' title='原始值：0.09'>0.090</span>", "*", "*", "*", "*", "正常"], ["安徽省", "淮河流域", "<span data-toggle='tooltip' data-placement='right' title='所在地市:亳州市&#10;所属河流:包河'>颜集</span>", "08-25 08:00", "Ⅴ", "<span data-toggle='tooltip' data-placement='right' title='原始值：26.3'>26.3</span>", "<span data-toggle='tooltip' data-placement='right' title='原始值：7.57'>7.57</span>", "<span data-toggle='tooltip' data-placement='right' title='原始值：6.04'>6.04</span>", "<span data-toggle='tooltip' data-placement='right' title='原始值：1350.9'>1350.9</span>", "<span data-toggle='tooltip' data-placement='right' title='原始值：154.44'>154.4</span>", "<span data-toggle='tooltip' data-placement='right' title='原始值：7.1'>7.10</span>", "<span data-toggle='tooltip' data-placement='right' title='原始值：0.06'>0.060</span>", "<span data-toggle='tooltip' data-placement='right' title='原始值：0.327'>0.327</span>", "<span data-toggle='tooltip' data-placement='right' title='原始值：2.672'>2.67</span>", "*", "*", "正常"], ["福建省", "浙闽片河流", "<span data-toggle='tooltip' data-placement='right' title='所在地市:福州市&#10;所属河流:闽江'>白岩潭</span>", "08-25 08:00", "Ⅲ", "<span data-toggle='tooltip' data-placement='right' title='原始值：31.07'>31.1</span>", "<span data-toggle='tooltip' data-placement='right' title='原始值：6.97'>6.97</span>", "<span data-toggle='tooltip' data-placement='right' title='原始值：5.68'>5.68</span>", "<span data-toggle='tooltip' data-placement='right' title='原始值：5560.4'>5560.4</span>", "<span data-toggle='tooltip' data-placement='right' title='原始值：78.04'>78.0</span>", "<span data-toggle='tooltip' data-placement='right' title='原始值：3.66'>3.66</span>", "<span data-toggle='tooltip' data-placement='right' title='原始值：0.06'>0.060</span>", "*", "*", "*", "*", "正常"], ["江西省", "长江流域", "<span data-toggle='tooltip' data-placement='right' title='所在地市:南昌市&#10;所属河流:赣江南支'>滁槎</span>", "08-25 08:00", "Ⅲ", "<span data-toggle='tooltip' data-placement='right' title='原始值：31.96879'>32.0</span>", "<span data-toggle='tooltip' data-placement='right' title='原始值：7.16467'>7.16</span>", "<span data-toggle='tooltip' data-placement='right' title='原始值：5.38929'>5.39</span>", "<span data-toggle='tooltip' data-placement='right' title='原始值：155.1559'>155.2</span>", "<span data-toggle='tooltip' data-placement='right' title='原始值：23.25155'>23.3</span>", "<span data-toggle='tooltip' data-placement='right' title='原始值：2.87'>2.87</span>", "<span data-toggle='tooltip' data-placement='right' title='原始值：0.25'>0.250</span>", "<span data-toggle='tooltip' data-placement='right' title='原始值：0.077'>0.077</span>", "<span data-toggle='tooltip' data-placement='right' title='原始值：1.555'>1.56</span>", "*", "*", "正常"], ["江西省", "长江流域", "<span data-toggle='tooltip' data-placement='right' title='所在地市:九江市&#10;所属河流:长江'>姚港(河西水厂)</span>", "08-25 08:00", "Ⅲ", "<span data-toggle='tooltip' data-placement='right' title='原始值：27.79'>27.8</span>", "<span data-toggle='tooltip' data-placement='right' title='原始值：7.38'>7.38</span>", "<span data-toggle='tooltip' data-placement='right' title='原始值：6.1'>6.10</span>", "<span data-toggle='tooltip' data-placement='right' title='原始值：302.22'>302.2</span>", "<span data-toggle='tooltip' data-placement='right' title='原始值：121.58'>121.6</span>", "<span data-toggle='tooltip' data-placement='right' title='原始值：2.354'>2.35</span>", "<span data-toggle='tooltip' data-placement='right' title='原始值：0.063'>0.063</span>", "<span data-toggle='tooltip' data-placement='right' title='原始值：0.185'>0.185</span>", "<span data-toggle='tooltip' data-placement='right' title='原始值：2.11'>2.11</span>", "*", "*", "正常"], ["江西省", "长江流域", "<span data-toggle='tooltip' data-placement='right' title='所在地市:九江市&#10;所属河流:鄱阳湖'>蛤蟆石</span>", "08-25 08:00", "Ⅳ", "<span data-toggle='tooltip' data-placement='right' title='原始值：31.81'>31.8</span>", "<span data-toggle='tooltip' data-placement='right' title='原始值：6.72'>6.72</span>", "<span data-toggle='tooltip' data-placement='right' title='原始值：4.77'>4.77</span>", "<span data-toggle='tooltip' data-placement='right' title='原始值：106.34'>106.3</span>", "<span data-toggle='tooltip' data-placement='right' title='原始值：20.15'>20.2</span>", "<span data-toggle='tooltip' data-placement='right' title='原始值：1.642'>1.64</span>", "<span data-toggle='tooltip' data-placement='right' title='原始值：0.001'>0.001</span>", "<span data-toggle='tooltip' data-placement='right' title='原始值：0.0253'>0.025</span>", "<span data-toggle='tooltip' data-placement='right' title='原始值：0.571'>0.57</span>", "<span data-toggle='tooltip' data-placement='right' title='原始值：0.00435'>0.004</span>", "<span data-toggle='tooltip' data-placement='right' title='原始值：2028627'>2028627</span>", "正常"], ["山东省", "黄河流域", "<span data-toggle='tooltip' data-placement='right' title='所在地市:济南市&#10;所属河流:黄河'>泺口</span>", "08-25 08:00", "Ⅱ", "<span data-toggle='tooltip' data-placement='right' title='原始值：24.4521'>24.5</span>", "<span data-toggle='tooltip' data-placement='right' title='原始值：7.81824'>7.82</span>", "<span data-toggle='tooltip' data-placement='right' title='原始值：6.48339'>6.48</span>", "<span data-toggle='tooltip' data-placement='right' title='原始值：651.506'>651.5</span>", "<span data-toggle='tooltip' data-placement='right' title='原始值：3164.46'>3164.5</span>", "<span data-toggle='tooltip' data-placement='right' title='原始值：2.39'>2.39</span>", "<span data-toggle='tooltip' data-placement='right' title='原始值：0.09407'>0.094</span>", "<span data-toggle='tooltip' data-placement='right' title='原始值：0.01332'>0.013</span>", "<span data-toggle='tooltip' data-placement='right' title='原始值：3.924'>3.92</span>", "*", "*", "正常"], ["山东省", "淮河流域", "<span data-toggle='tooltip' data-placement='right' title='所在地市:枣庄市&#10;所属河流:京杭大运河（韩庄运河）'>台儿庄大桥</span>", null, "", "--", "--", "--", "--", "--", "--", "--", "--", "--", "*", "*", "停站"], ["山东省", "淮河流域", "<span data-toggle='tooltip' data-placement='right' title='所在地市:临沂市&#10;所属河流:沭河'>清泉寺</span>", null, "", "--", "--", "--", "--", "--", "--", "--", "--", "--", "*", "*", "停站"], ["山东省", "淮河流域", "<span data-toggle='tooltip' data-placement='right' title='所在地市:临沂市&#10;所属河流:沂河'>重坊桥</span>", null, "", "--", "--", "--", "--", "--", "--", "--", "--", "--", "*", "*", "停站"], ["山东省", "淮河流域", "<span data-toggle='tooltip' data-placement='right' title='所在地市:临沂市&#10;所属河流:白马河'>捷庄(涝沟桥)</span>", "08-25 08:00", "Ⅳ", "<span data-toggle='tooltip' data-placement='right' title='原始值：29.1'>29.1</span>", "<span data-toggle='tooltip' data-placement='right' title='原始值：8.17'>8.17</span>", "<span data-toggle='tooltip' data-placement='right' title='原始值：10.22998'>10.23</span>", "<span data-toggle='tooltip' data-placement='right' title='原始值：768'>768.0</span>", "<span data-toggle='tooltip' data-placement='right' title='原始值：24.09337'>24.1</span>", "<span data-toggle='tooltip' data-placement='right' title='原始值：4.58'>4.58</span>", "<span data-toggle='tooltip' data-placement='right' title='原始值：0.06337'>0.063</span>", "<span data-toggle='tooltip' data-placement='right' title='原始值：0.29139'>0.291</span>", "<span data-toggle='tooltip' data-placement='right' title='原始值：5.3851'>5.39</span>", "*", "*", "正常"], ["山东省", "海河流域", "<span data-toggle='tooltip' data-placement='right' title='所在地市:聊城市&#10;所属河流:卫运河'>秤勾湾(秤钩湾)</span>", null, "", "--", "--", "--", "--", "--", "--", "--", "--", "--", "*", "*", "停站"], ["河南省", "长江流域", "<span data-toggle='tooltip' data-placement='right' title='所在地市:南阳市&#10;所属河流:丹江口水库'>陶岔</span>", null, "", "--", "--", "--", "--", "--", "--", "--", "--", "--", "--", "--", "维护"], ["河南省", "淮河流域", "<span data-toggle='tooltip' data-placement='right' title='所在地市:商丘市&#10;所属河流:浍河'>黄口</span>", "08-25 08:00", "Ⅳ", "<span data-toggle='tooltip' data-placement='right' title='原始值：28.79997'>28.8</span>", "<span data-toggle='tooltip' data-placement='right' title='原始值：7.74008'>7.74</span>", "<span data-toggle='tooltip' data-placement='right' title='原始值：6.52'>6.52</span>", "<span data-toggle='tooltip' data-placement='right' title='原始值：1381.008'>1381.0</span>", "<span data-toggle='tooltip' data-placement='right' title='原始值：23.79929'>23.8</span>", "<span data-toggle='tooltip' data-placement='right' title='原始值：7.24'>7.24</span>", "<span data-toggle='tooltip' data-placement='right' title='原始值：0.29245'>0.292</span>", "<span data-toggle='tooltip' data-placement='right' title='原始值：0.2092'>0.209</span>", "<span data-toggle='tooltip' data-placement='right' title='极值过滤'>--</span>", "*", "*", "维护"], ["河南省", "淮河流域", "<span data-toggle='tooltip' data-placement='right' title='所在地市:信阳市&#10;所属河流:史灌河'>蒋集</span>", "08-25 08:00", "Ⅳ", "<span data-toggle='tooltip' data-placement='right' title='原始值：31.1746'>31.2</span>", "<span data-toggle='tooltip' data-placement='right' title='原始值：6.62925'>6.63</span>", "<span data-toggle='tooltip' data-placement='right' title='原始值：4.605'>4.60</span>", "<span data-toggle='tooltip' data-placement='right' title='原始值：144.9683'>145.0</span>", "<span data-toggle='tooltip' data-placement='right' title='原始值：236.2931'>236.3</span>", "<span data-toggle='tooltip' data-placement='right' title='原始值：3.48'>3.48</span>", "<span data-toggle='tooltip' data-placement='right' title='原始值：0.06252'>0.063</span>", "*", "*", "*", "*", "正常"], ["河南省", "淮河流域", "<span data-toggle='tooltip' data-placement='right' title='所在地市:信阳市&#10;所属河流:淮河'>淮滨水文站(淮滨)</span>", "08-25 08:00", "Ⅲ", "<span data-toggle='tooltip' data-placement='right' title='原始值：28.5'>28.5</span>", "<span data-toggle='tooltip' data-placement='right' title='原始值：6.87'>6.87</span>", "<span data-toggle='tooltip' data-placement='right' title='原始值：5.89'>5.89</span>", "<span data-toggle='tooltip' data-placement='right' title='原始值：203'>203.0</span>", "<span data-toggle='tooltip' data-placement='right' title='原始值：97.56636'>97.6</span>", "<span data-toggle='tooltip' data-placement='right' title='原始值：2.95815'>2.96</span>", "<span data-toggle='tooltip' data-placement='right' title='原始值：0.21972'>0.220</span>", "<span data-toggle='tooltip' data-placement='right' title='原始值：0.13704'>0.137</span>", "<span data-toggle='tooltip' data-placement='right' title='原始值：0.84424'>0.84</span>", "*", "*", "正常"], ["河南省", "淮河流域", "<span data-toggle='tooltip' data-placement='right' title='所在地市:周口市&#10;所属河流:沙河'>沈丘闸</span>", "08-25 08:00", "Ⅴ", "<span data-toggle='tooltip' data-placement='right' title='原始值：28.47435'>28.5</span>", "<span data-toggle='tooltip' data-placement='right' title='原始值：7.25668'>7.26</span>", "<span data-toggle='tooltip' data-placement='right' title='原始值：2.43812'>2.44</span>", "<span data-toggle='tooltip' data-placement='right' title='原始值：869.9636'>870.0</span>", "<span data-toggle='tooltip' data-placement='right' title='原始值：22.44863'>22.4</span>", "<span data-toggle='tooltip' data-placement='right' title='原始值：4.06'>4.06</span>", "<span data-toggle='tooltip' data-placement='right' title='原始值：0.15'>0.150</span>", "*", "*", "*", "*", "正常"], ["河南省", "淮河流域", "<span data-toggle='tooltip' data-placement='right' title='所在地市:周口市&#10;所属河流:涡河'>鹿邑付桥(鹿邑付桥闸)</span>", "08-25 08:00", "Ⅳ", "<span data-toggle='tooltip' data-placement='right' title='原始值：27.63729'>27.6</span>", "<span data-toggle='tooltip' data-placement='right' title='原始值：8.66265'>8.66</span>", "<span data-toggle='tooltip' data-placement='right' title='原始值：10.41681'>10.42</span>", "<span data-toggle='tooltip' data-placement='right' title='原始值：1367.273'>1367.3</span>", "<span data-toggle='tooltip' data-placement='right' title='原始值：8.34821'>8.3</span>", "<span data-toggle='tooltip' data-placement='right' title='原始值：8.165'>8.16</span>", "<span data-toggle='tooltip' data-placement='right' title='原始值：0.06'>0.060</span>", "<span data-toggle='tooltip' data-placement='right' title='原始值：0.1708'>0.171</span>", "<span data-toggle='tooltip' data-placement='right' title='极值过滤'>--</span>", "*", "*", "维护"], ["河南省", "淮河流域", "<span data-toggle='tooltip' data-placement='right' title='所在地市:驻马店市&#10;所属河流:洪河'>新蔡班台(班台)</span>", "08-25 08:00", "劣Ⅴ", "<span data-toggle='tooltip' data-placement='right' title='原始值：27.29592'>27.3</span>", "<span data-toggle='tooltip' data-placement='right' title='原始值：7.06852'>7.07</span>", "<span data-toggle='tooltip' data-placement='right' title='原始值：4.27724'>4.28</span>", "<span data-toggle='tooltip' data-placement='right' title='原始值：665.0916'>665.1</span>", "<span data-toggle='tooltip' data-placement='right' title='原始值：108.0397'>108.0</span>", "<span data-toggle='tooltip' data-placement='right' title='原始值：5.115'>5.12</span>", "<span data-toggle='tooltip' data-placement='right' title='原始值：0.05'>0.050</span>", "<span data-toggle='tooltip' data-placement='right' title='原始值：0.42774'>0.428</span>", "<span data-toggle='tooltip' data-placement='right' title='原始值：4.65149'>4.65</span>", "*", "*", "正常"], ["河南省", "黄河流域", "<span data-toggle='tooltip' data-placement='right' title='所在地市:济源市&#10;所属河流:黄河'>小浪底水库(小浪底)</span>", null, "", "--", "--", "--", "--", "--", "--", "--", "--", "--", "*", "*", "停站"], ["湖北省", "长江流域", "<span data-toggle='tooltip' data-placement='right' title='所在地市:武汉市&#10;所属河流:汉江'>宗关</span>", null, "", "--", "--", "--", "--", "--", "--", "--", "--", "--", "*", "*", "停站"], ["湖北省", "长江流域", "<span data-toggle='tooltip' data-placement='right' title='所在地市:十堰市&#10;所属河流:丹江口水库'>坝上中(胡家岭)</span>", null, "", "--", "--", "--", "--", "--", "--", "--", "--", "--", "--", "--", "停站"], ["湖北省", "长江流域", "<span data-toggle='tooltip' data-placement='right' title='所在地市:宜昌市&#10;所属河流:长江'>南津关</span>", null, "", "--", "--", "--", "--", "--", "--", "--", "--", "--", "*", "*", "停站"], ["湖南省", "长江流域", "<span data-toggle='tooltip' data-placement='right' title='所在地市:长沙市&#10;所属河流:湘江'>新港</span>", "08-25 08:00", "Ⅲ", "<span data-toggle='tooltip' data-placement='right' title='原始值：28.99'>29.0</span>", "<span data-toggle='tooltip' data-placement='right' title='原始值：7.47'>7.47</span>", "<span data-toggle='tooltip' data-placement='right' title='原始值：7.43'>7.43</span>", "<span data-toggle='tooltip' data-placement='right' title='原始值：221.73'>221.7</span>", "<span data-toggle='tooltip' data-placement='right' title='原始值：21.32'>21.3</span>", "<span data-toggle='tooltip' data-placement='right' title='原始值：4.38'>4.38</span>", "<span data-toggle='tooltip' data-placement='right' title='原始值：0.035'>0.035</span>", "<span data-toggle='tooltip' data-placement='right' title='原始值：0.017'>0.017</span>", "<span data-toggle='tooltip' data-placement='right' title='原始值：1.37'>1.37</span>", "*", "*", "正常"], ["湖南省", "长江流域", "<span data-toggle='tooltip' data-placement='right' title='所在地市:岳阳市&#10;所属河流:洞庭湖'>岳阳楼</span>", "08-25 08:00", "Ⅲ", "<span data-toggle='tooltip' data-placement='right' title='原始值：28.24'>28.2</span>", "<span data-toggle='tooltip' data-placement='right' title='原始值：7.839258'>7.84</span>", "<span data-toggle='tooltip' data-placement='right' title='原始值：5.578015'>5.58</span>", "<span data-toggle='tooltip' data-placement='right' title='原始值：294.1893'>294.2</span>", "<span data-toggle='tooltip' data-placement='right' title='原始值：44.79528'>44.8</span>", "<span data-toggle='tooltip' data-placement='right' title='原始值：2.55'>2.55</span>", "<span data-toggle='tooltip' data-placement='right' title='原始值：0.016'>0.016</span>", "<span data-toggle='tooltip' data-placement='right' title='原始值：0.019'>0.019</span>", "<span data-toggle='tooltip' data-placement='right' title='极值过滤'>--</span>", "<span data-toggle='tooltip' data-placement='right' title='极值过滤'>--</span>", "<span data-toggle='tooltip' data-placement='right' title='原始值：330.241'>330</span>", "维护"], ["湖南省", "长江流域", "<span data-toggle='tooltip' data-placement='right' title='所在地市:岳阳市&#10;所属河流:长江'>城陵矶</span>", "08-25 08:00", "", "<span data-toggle='tooltip' data-placement='right' title='原始值：28.14'>28.1</span>", "<span data-toggle='tooltip' data-placement='right' title='原始值：7.53055'>7.53</span>", "<span data-toggle='tooltip' data-placement='right' title='原始值：7.731503'>7.73</span>", "<span data-toggle='tooltip' data-placement='right' title='原始值：319.124'>319.1</span>", "<span data-toggle='tooltip' data-placement='right' title='原始值：176.1692'>176.2</span>", "<span data-toggle='tooltip' data-placement='right' title='原始值：2.69'>2.69</span>", "<span data-toggle='tooltip' data-placement='right' title='原始值：0.016'>0.016</span>", "<span data-toggle='tooltip' data-placement='right' title='极值过滤'>--</span>", "<span data-toggle='tooltip' data-placement='right' title='原始值：1.7425'>1.74</span>", "*", "*", "维护"], ["广东省", "珠江流域", "<span data-toggle='tooltip' data-placement='right' title='所在地市:清远市&#10;所属河流:北江'>七星岗</span>", "08-25 08:00", "Ⅲ", "<span data-toggle='tooltip' data-placement='right' title='原始值：33.54752'>33.5</span>", "<span data-toggle='tooltip' data-placement='right' title='原始值：7.48946'>7.49</span>", "<span data-toggle='tooltip' data-placement='right' title='原始值：6.63655'>6.64</span>", "<span data-toggle='tooltip' data-placement='right' title='原始值：236.5689'>236.6</span>", "<span data-toggle='tooltip' data-placement='right' title='原始值：12.71185'>12.7</span>", "<span data-toggle='tooltip' data-placement='right' title='原始值：5.66'>5.66</span>", "<span data-toggle='tooltip' data-placement='right' title='原始值：0.14099'>0.141</span>", "<span data-toggle='tooltip' data-placement='right' title='原始值：0.04022'>0.040</span>", "<span data-toggle='tooltip' data-placement='right' title='原始值：1.0888'>1.09</span>", "*", "*", "正常"], ["广东省", "珠江流域", "<span data-toggle='tooltip' data-placement='right' title='所在地市:中山市&#10;所属河流:西江'>横栏</span>", "08-25 08:00", "Ⅱ", "<span data-toggle='tooltip' data-placement='right' title='原始值：28.5'>28.5</span>", "<span data-toggle='tooltip' data-placement='right' title='原始值：7.75'>7.75</span>", "<span data-toggle='tooltip' data-placement='right' title='原始值：6.63'>6.63</span>", "<span data-toggle='tooltip' data-placement='right' title='原始值：257'>257.0</span>", "<span data-toggle='tooltip' data-placement='right' title='原始值：20.2'>20.2</span>", "<span data-toggle='tooltip' data-placement='right' title='原始值：3.21'>3.21</span>", "<span data-toggle='tooltip' data-placement='right' title='原始值：0.12361'>0.124</span>", "*", "*", "*", "*", "正常"], ["广西壮族自治区", "珠江流域", "<span data-toggle='tooltip' data-placement='right' title='所在地市:南宁市&#10;所属河流:邕江'>老口</span>", "08-25 08:00", "Ⅱ", "<span data-toggle='tooltip' data-placement='right' title='原始值：29.15708'>29.2</span>", "<span data-toggle='tooltip' data-placement='right' title='原始值：7.56059'>7.56</span>", "<span data-toggle='tooltip' data-placement='right' title='原始值：6.81207'>6.81</span>", "<span data-toggle='tooltip' data-placement='right' title='原始值：311.132'>311.1</span>", "<span data-toggle='tooltip' data-placement='right' title='原始值：8.7429'>8.7</span>", "<span data-toggle='tooltip' data-placement='right' title='原始值：1.35986'>1.36</span>", "<span data-toggle='tooltip' data-placement='right' title='原始值：0.10162'>0.102</span>", "<span data-toggle='tooltip' data-placement='right' title='原始值：0.03299'>0.033</span>", "<span data-toggle='tooltip' data-placement='right' title='原始值：1.73481'>1.73</span>", "*", "*", "正常"], ["广西壮族自治区", "珠江流域", "<span data-toggle='tooltip' data-placement='right' title='所在地市:桂林市&#10;所属河流:漓江'>阳朔</span>", "08-25 08:00", "Ⅱ", "<span data-toggle='tooltip' data-placement='right' title='原始值：29.3'>29.3</span>", "<span data-toggle='tooltip' data-placement='right' title='原始值：7.69996'>7.70</span>", "<span data-toggle='tooltip' data-placement='right' title='原始值：6.92004'>6.92</span>", "<span data-toggle='tooltip' data-placement='right' title='原始值：181'>181.0</span>", "<span data-toggle='tooltip' data-placement='right' title='原始值：13.57492'>13.6</span>", "<span data-toggle='tooltip' data-placement='right' title='原始值：1.39549'>1.40</span>", "<span data-toggle='tooltip' data-placement='right' title='原始值：0.02229'>0.022</span>", "<span data-toggle='tooltip' data-placement='right' title='原始值：0.01412'>0.014</span>", "<span data-toggle='tooltip' data-placement='right' title='原始值：1.00196'>1.00</span>", "*", "*", "正常"], ["广西壮族自治区", "珠江流域", "<span data-toggle='tooltip' data-placement='right' title='所在地市:梧州市&#10;所属河流:浔江'>界首</span>", null, "", "--", "--", "--", "--", "--", "--", "--", "--", "--", "*", "*", "停站"], ["广西壮族自治区", "珠江流域", "<span data-toggle='tooltip' data-placement='right' title='所在地市:贵港市&#10;所属河流:浔江'>石嘴</span>", "08-25 08:00", "Ⅱ", "<span data-toggle='tooltip' data-placement='right' title='原始值：29.45215'>29.5</span>", "<span data-toggle='tooltip' data-placement='right' title='原始值：7.00056'>7.00</span>", "<span data-toggle='tooltip' data-placement='right' title='原始值：6.92844'>6.93</span>", "<span data-toggle='tooltip' data-placement='right' title='原始值：286.6376'>286.6</span>", "<span data-toggle='tooltip' data-placement='right' title='原始值：72.55542'>72.6</span>", "<span data-toggle='tooltip' data-placement='right' title='原始值：2.41'>2.41</span>", "<span data-toggle='tooltip' data-placement='right' title='原始值：0.12'>0.120</span>", "<span data-toggle='tooltip' data-placement='right' title='原始值：0.01779'>0.018</span>", "<span data-toggle='tooltip' data-placement='right' title='原始值：1.0604'>1.06</span>", "*", "*", "正常"], ["广西壮族自治区", "珠江流域", "<span data-toggle='tooltip' data-placement='right' title='所在地市:崇左市&#10;所属河流:平而河'>平而关</span>", "08-25 08:00", "Ⅱ", "<span data-toggle='tooltip' data-placement='right' title='原始值：28.68385'>28.7</span>", "<span data-toggle='tooltip' data-placement='right' title='原始值：7.74675'>7.75</span>", "<span data-toggle='tooltip' data-placement='right' title='原始值：6.33217'>6.33</span>", "<span data-toggle='tooltip' data-placement='right' title='原始值：225.5502'>225.6</span>", "<span data-toggle='tooltip' data-placement='right' title='原始值：53.9317'>53.9</span>", "<span data-toggle='tooltip' data-placement='right' title='原始值：1.685'>1.68</span>", "<span data-toggle='tooltip' data-placement='right' title='原始值：0.1'>0.100</span>", "*", "*", "*", "*", "正常"], ["重庆市", "长江流域", "<span data-toggle='tooltip' data-placement='right' title='所在地市:永川区&#10;所属河流:长江'>朱沱</span>", null, "", "--", "--", "--", "--", "--", "--", "--", "--", "--", "*", "*", "停站"], ["四川省", "长江流域", "<span data-toggle='tooltip' data-placement='right' title='所在地市:攀枝花市&#10;所属河流:金沙江'>龙洞</span>", "08-25 08:00", "Ⅱ", "<span data-toggle='tooltip' data-placement='right' title='原始值：21.41'>21.4</span>", "<span data-toggle='tooltip' data-placement='right' title='原始值：8.175138'>8.18</span>", "<span data-toggle='tooltip' data-placement='right' title='原始值：9.409204'>9.41</span>", "<span data-toggle='tooltip' data-placement='right' title='极值过滤'>--</span>", "<span data-toggle='tooltip' data-placement='right' title='原始值：71.87413'>71.9</span>", "<span data-toggle='tooltip' data-placement='right' title='原始值：1.71'>1.71</span>", "<span data-toggle='tooltip' data-placement='right' title='原始值：0.013'>0.013</span>", "<span data-toggle='tooltip' data-placement='right' title='原始值：0.0290351'>0.029</span>", "<span data-toggle='tooltip' data-placement='right' title='原始值：2.087854'>2.09</span>", "*", "*", "维护"], ["四川省", "长江流域", "<span data-toggle='tooltip' data-placement='right' title='所在地市:泸州市&#10;所属河流:沱江'>沱江大桥(沱江二桥)</span>", null, "", "--", "--", "--", "--", "--", "--", "--", "--", "--", "*", "*", "停站"], ["四川省", "长江流域", "<span data-toggle='tooltip' data-placement='right' title='所在地市:广元市&#10;所属河流:嘉陵江'>清风峡</span>", null, "", "--", "--", "--", "--", "--", "--", "--", "--", "--", "*", "*", "停站"], ["四川省", "长江流域", "<span data-toggle='tooltip' data-placement='right' title='所在地市:乐山市&#10;所属河流:岷江'>岷江大桥</span>", null, "", "--", "--", "--", "--", "--", "--", "--", "--", "--", "*", "*", "停站"], ["四川省", "长江流域", "<span data-toggle='tooltip' data-placement='right' title='所在地市:宜宾市&#10;所属河流:岷江'>凉姜沟</span>", null, "", "--", "--", "--", "--", "--", "--", "--", "--", "--", "*", "*", "停站"], ["云南省", "滇池流域", "<span data-toggle='tooltip' data-placement='right' title='所在地市:昆明市&#10;所属河流:滇池'>西苑隧道</span>", "08-25 08:00", "Ⅴ", "<span data-toggle='tooltip' data-placement='right' title='原始值：22.96'>23.0</span>", "<span data-toggle='tooltip' data-placement='right' title='原始值：7.78852'>7.79</span>", "<span data-toggle='tooltip' data-placement='right' title='原始值：6.23292'>6.23</span>", "<span data-toggle='tooltip' data-placement='right' title='原始值：579.188'>579.2</span>", "<span data-toggle='tooltip' data-placement='right' title='原始值：117.5362'>117.5</span>", "<span data-toggle='tooltip' data-placement='right' title='原始值：8.38'>8.38</span>", "<span data-toggle='tooltip' data-placement='right' title='原始值：1.32135'>1.321</span>", "<span data-toggle='tooltip' data-placement='right' title='原始值：0.16443'>0.164</span>", "<span data-toggle='tooltip' data-placement='right' title='原始值：4.46204'>4.46</span>", "<span data-toggle='tooltip' data-placement='right' title='原始值：0.00273'>0.003</span>", "<span data-toggle='tooltip' data-placement='right' title='原始值：1.703224E+07'>17032240</span>", "正常"], ["云南省", "滇池流域", "<span data-toggle='tooltip' data-placement='right' title='所在地市:昆明市&#10;所属河流:滇池'>观音山</span>", "08-25 08:00", "Ⅴ", "<span data-toggle='tooltip' data-placement='right' title='原始值：23.60187'>23.6</span>", "<span data-toggle='tooltip' data-placement='right' title='原始值：8.63935'>8.64</span>", "<span data-toggle='tooltip' data-placement='right' title='原始值：7.06036'>7.06</span>", "<span data-toggle='tooltip' data-placement='right' title='原始值：444.2598'>444.3</span>", "<span data-toggle='tooltip' data-placement='right' title='原始值：24.51588'>24.5</span>", "<span data-toggle='tooltip' data-placement='right' title='原始值：7.75628'>7.76</span>", "<span data-toggle='tooltip' data-placement='right' title='原始值：0.3'>0.300</span>", "<span data-toggle='tooltip' data-placement='right' title='原始值：0.1128'>0.113</span>", "<span data-toggle='tooltip' data-placement='right' title='原始值：1.719'>1.72</span>", "<span data-toggle='tooltip' data-placement='right' title='原始值：0.00373'>0.004</span>", "<span data-toggle='tooltip' data-placement='right' title='原始值：1.097922E+07'>10979220</span>", "正常"], ["云南省", "西南诸河", "<span data-toggle='tooltip' data-placement='right' title='所在地市:红河哈尼族彝族自治州&#10;所属河流:红河'>河口县医院(河口)</span>", "08-25 04:00", "", "<span data-toggle='tooltip' data-placement='right' title='极值过滤'>--</span>", "<span data-toggle='tooltip' data-placement='right' title='极值过滤'>--</span>", "<span data-toggle='tooltip' data-placement='right' title='极值过滤'>--</span>", "<span data-toggle='tooltip' data-placement='right' title='极值过滤'>--</span>", "<span data-toggle='tooltip' data-placement='right' title='极值过滤'>--</span>", "<span data-toggle='tooltip' data-placement='right' title='极值过滤'>--</span>", "<span data-toggle='tooltip' data-placement='right' title='原始值：0.28572'>0.286</span>", "<span data-toggle='tooltip' data-placement='right' title='原始值：0.0445'>0.044</span>", "<span data-toggle='tooltip' data-placement='right' title='原始值：1.73068'>1.73</span>", "*", "*", "维护"], ["云南省", "西南诸河", "<span data-toggle='tooltip' data-placement='right' title='所在地市:西双版纳傣族自治州&#10;所属河流:澜沧江'>橄榄坝</span>", "08-25 08:00", "Ⅱ", "<span data-toggle='tooltip' data-placement='right' title='原始值：19.77705'>19.8</span>", "<span data-toggle='tooltip' data-placement='right' title='原始值：7.53384'>7.53</span>", "<span data-toggle='tooltip' data-placement='right' title='原始值：6.58558'>6.59</span>", "<span data-toggle='tooltip' data-placement='right' title='原始值：507.3858'>507.4</span>", "<span data-toggle='tooltip' data-placement='right' title='原始值：66.58206'>66.6</span>", "<span data-toggle='tooltip' data-placement='right' title='原始值：1.14'>1.14</span>", "<span data-toggle='tooltip' data-placement='right' title='原始值：0.08384'>0.084</span>", "*", "*", "*", "*", "正常"], ["陕西省", "黄河流域", "<span data-toggle='tooltip' data-placement='right' title='所在地市:渭南市&#10;所属河流:渭河'>潼关吊桥</span>", null, "", "--", "--", "--", "--", "--", "--", "--", "--", "--", "*", "*", "停站"], ["甘肃省", "黄河流域", "<span data-toggle='tooltip' data-placement='right' title='所在地市:兰州市&#10;所属河流:黄河'>新城桥</span>", "08-25 08:00", "Ⅱ", "<span data-toggle='tooltip' data-placement='right' title='原始值：16.51936'>16.5</span>", "<span data-toggle='tooltip' data-placement='right' title='原始值：8.13401'>8.13</span>", "<span data-toggle='tooltip' data-placement='right' title='原始值：8.20728'>8.21</span>", "<span data-toggle='tooltip' data-placement='right' title='原始值：426.8474'>426.8</span>", "<span data-toggle='tooltip' data-placement='right' title='原始值：402.5955'>402.6</span>", "<span data-toggle='tooltip' data-placement='right' title='原始值：3.66'>3.66</span>", "<span data-toggle='tooltip' data-placement='right' title='原始值：0.22'>0.220</span>", "<span data-toggle='tooltip' data-placement='right' title='原始值：0.05578'>0.056</span>", "<span data-toggle='tooltip' data-placement='right' title='原始值：3.8806'>3.88</span>", "*", "*", "正常"], ["宁夏回族自治区", "黄河流域", "<span data-toggle='tooltip' data-placement='right' title='所在地市:中卫市&#10;所属河流:黄河'>中卫下河沿(新墩)</span>", "08-25 08:00", "劣Ⅴ", "<span data-toggle='tooltip' data-placement='right' title='原始值：19.45055'>19.5</span>", "<span data-toggle='tooltip' data-placement='right' title='原始值：7.56015'>7.56</span>", "<span data-toggle='tooltip' data-placement='right' title='原始值：7.37413'>7.37</span>", "<span data-toggle='tooltip' data-placement='right' title='原始值：491.1144'>491.1</span>", "<span data-toggle='tooltip' data-placement='right' title='原始值：1590.676'>1590.7</span>", "<span data-toggle='tooltip' data-placement='right' title='原始值：6.92'>6.92</span>", "<span data-toggle='tooltip' data-placement='right' title='原始值：0.05'>0.050</span>", "<span data-toggle='tooltip' data-placement='right' title='原始值：0.7047'>0.705</span>", "<span data-toggle='tooltip' data-placement='right' title='原始值：2.5577'>2.56</span>", "*", "*", "正常"]]}