{"result": 1, "total": 1, "records": 98, "thead": ["省份", "流域", "断面名称", "监测时间", "水质类别", "水温<br/><span class='unit'>(℃)</span>", "pH<br/><span class='unit'>(无量纲)</span>", "溶解氧<br/><span class='unit'>(mg/L)</span>", "电导率<br/><span class='unit'>(μS/cm)</span>", "浊度<br/><span class='unit'>(NTU)</span>", "高锰酸盐指数<br/><span class='unit'>(mg/L)</span>", "氨氮<br/><span class='unit'>(mg/L)</span>", "总磷<br/><span class='unit'>(mg/L)</span>", "总氮<br/><span class='unit'>(mg/L)</span>", "叶绿素α<br/><span class='unit'>(mg/L)</span>", "藻密度<br/><span class='unit'>(cells/L)</span>", "站点情况"], "tbody": [["北京市", "海河流域", "<span data-toggle='tooltip' data-placement='right' title='所在地市:门头沟区&#10;所属河流:永定河'>沿河城</span>", "08-16 08:00", "Ⅳ", "<span data-toggle='tooltip' data-placement='right' title='原始值：24.74819'>24.7</span>", "<span data-toggle='tooltip' data-placement='right' title='原始值：8.20209'>8.20</span>", "<span data-toggle='tooltip' data-placement='right' title='原始值：7.49648'>7.50</span>", "<span data-toggle='tooltip' data-placement='right' title='原始值：1427.072'>1427.1</span>", "<span data-toggle='tooltip' data-placement='right' title='原始值：62.15995'>62.2</span>", "<span data-toggle='tooltip' data-placement='right' title='原始值：7.34'>7.34</span>", "<span data-toggle='tooltip' data-placement='right' title='原始值：0.16'>0.160</span>", "<span data-toggle='tooltip' data-placement='right' title='原始值：0.08044'>0.080</span>", "<span data-toggle='tooltip' data-placement='right' title='原始值：1.37889'>1.38</span>", "*", "*", "正常"], ["北京市", "海河流域", "<span data-toggle='tooltip' data-placement='right' title='所在地市:密云区&#10;所属河流:潮河'>古北口</span>", "08-16 08:00", "", "<span data-toggle='tooltip' data-placement='right' title='原始值：24.93529'>24.9</span>", "<span data-toggle='tooltip' data-placement='right' title='原始值：6.9144'>6.91</span>", "<span data-toggle='tooltip' data-placement='right' title='原始值：6.30858'>6.31</span>", "<span data-toggle='tooltip' data-placement='right' title='原始值：573.6714'>573.7</span>", "<span data-toggle='tooltip' data-placement='right' title='原始值：3.72598'>3.7</span>", "<span data-toggle='tooltip' data-placement='right' title='原始值：1.0125'>1.01</span>", "<span data-toggle='tooltip' data-placement='right' title='原始值：0.23'>0.230</span>", "<span data-toggle='tooltip' data-placement='right' title='极值过滤'>--</span>", "<span data-toggle='tooltip' data-placement='right' title='原始值：3.4108'>3.41</span>", "*", "*", "维护"], ["天津市", "海河流域", "<span data-toggle='tooltip' data-placement='right' title='所在地市:河北区&#10;所属河流:海河'>三岔口</span>", "08-16 08:00", "Ⅲ", "<span data-toggle='tooltip' data-placement='right' title='原始值：28.2507'>28.3</span>", "<span data-toggle='tooltip' data-placement='right' title='原始值：7.3741'>7.37</span>", "<span data-toggle='tooltip' data-placement='right' title='原始值：5.114'>5.11</span>", "<span data-toggle='tooltip' data-placement='right' title='原始值：290.5687'>290.6</span>", "<span data-toggle='tooltip' data-placement='right' title='原始值：10.322'>10.3</span>", "<span data-toggle='tooltip' data-placement='right' title='原始值：2.09'>2.09</span>", "<span data-toggle='tooltip' data-placement='right' title='原始值：0.33'>0.330</span>", "<span data-toggle='tooltip' data-placement='right' title='原始值：0.0038'>0.004</span>", "<span data-toggle='tooltip' data-placement='right' title='原始值：1.1525'>1.15</span>", "*", "*", "正常"], ["天津市", "海河流域", "<span data-toggle='tooltip' data-placement='right' title='所在地市:蓟州区&#10;所属河流:果河'>果河桥</span>", "08-16 08:00", "", "<span data-toggle='tooltip' data-placement='right' title='原始值：28.6'>28.6</span>", "<span data-toggle='tooltip' data-placement='right' title='原始值：8.241'>8.24</span>", "<span data-toggle='tooltip' data-placement='right' title='原始值：11.58'>11.58</span>", "<span data-toggle='tooltip' data-placement='right' title='原始值：626.325'>626.3</span>", "<span data-toggle='tooltip' data-placement='right' title='原始值：6.626'>6.6</span>", "<span data-toggle='tooltip' data-placement='right' title='极值过滤'>--</span>", "<span data-toggle='tooltip' data-placement='right' title='原始值：0.15'>0.150</span>", "<span data-toggle='tooltip' data-placement='right' title='原始值：0.0638'>0.064</span>", "<span data-toggle='tooltip' data-placement='right' title='原始值：2.4863'>2.49</span>", "*", "*", "维护"], ["河北省", "海河流域", "<span data-toggle='tooltip' data-placement='right' title='所在地市:石家庄市&#10;所属河流:滹沱河'>岗南水库</span>", "08-16 04:00", "Ⅲ", "<span data-toggle='tooltip' data-placement='right' title='原始值：26.54996'>26.5</span>", "<span data-toggle='tooltip' data-placement='right' title='原始值：8.2444'>8.24</span>", "<span data-toggle='tooltip' data-placement='right' title='原始值：7.01674'>7.02</span>", "<span data-toggle='tooltip' data-placement='right' title='原始值：564.3791'>564.4</span>", "<span data-toggle='tooltip' data-placement='right' title='原始值：2.00636'>2.0</span>", "<span data-toggle='tooltip' data-placement='right' title='原始值：4.60511'>4.61</span>", "<span data-toggle='tooltip' data-placement='right' title='原始值：0.06'>0.060</span>", "<span data-toggle='tooltip' data-placement='right' title='原始值：0.00282'>0.003</span>", "<span data-toggle='tooltip' data-placement='right' title='原始值：2.69261'>2.69</span>", "*", "*", "正常"], ["河北省", "海河流域", "<span data-toggle='tooltip' data-placement='right' title='所在地市:张家口市&#10;所属河流:永定河'>八号桥</span>", "08-16 08:00", "Ⅲ", "<span data-toggle='tooltip' data-placement='right' title='原始值：25.93247'>25.9</span>", "<span data-toggle='tooltip' data-placement='right' title='原始值：7.53781'>7.54</span>", "<span data-toggle='tooltip' data-placement='right' title='原始值：5.90503'>5.91</span>", "<span data-toggle='tooltip' data-placement='right' title='原始值：1014.634'>1014.6</span>", "<span data-toggle='tooltip' data-placement='right' title='原始值：70.99356'>71.0</span>", "<span data-toggle='tooltip' data-placement='right' title='原始值：4.24'>4.24</span>", "<span data-toggle='tooltip' data-placement='right' title='原始值：0.24'>0.240</span>", "<span data-toggle='tooltip' data-placement='right' title='原始值：0.1535'>0.154</span>", "<span data-toggle='tooltip' data-placement='right' title='原始值：2.255'>2.26</span>", "*", "*", "正常"], ["山西省", "黄河流域", "<span data-toggle='tooltip' data-placement='right' title='所在地市:运城市&#10;所属河流:汾河'>河津大桥</span>", "08-16 08:00", "Ⅴ", "<span data-toggle='tooltip' data-placement='right' title='原始值：26.43185'>26.4</span>", "<span data-toggle='tooltip' data-placement='right' title='原始值：7.37131'>7.37</span>", "<span data-toggle='tooltip' data-placement='right' title='原始值：2.49063'>2.49</span>", "<span data-toggle='tooltip' data-placement='right' title='原始值：1053.306'>1053.3</span>", "<span data-toggle='tooltip' data-placement='right' title='原始值：473.9114'>473.9</span>", "<span data-toggle='tooltip' data-placement='right' title='原始值：8.45'>8.45</span>", "<span data-toggle='tooltip' data-placement='right' title='原始值：1.06'>1.060</span>", "*", "*", "*", "*", "正常"], ["山西省", "黄河流域", "<span data-toggle='tooltip' data-placement='right' title='所在地市:忻州市&#10;所属河流:黄河'>万家寨水库</span>", "08-16 08:00", "劣Ⅴ", "<span data-toggle='tooltip' data-placement='right' title='原始值：23.30014'>23.3</span>", "<span data-toggle='tooltip' data-placement='right' title='原始值：7.82161'>7.82</span>", "<span data-toggle='tooltip' data-placement='right' title='原始值：7.27374'>7.27</span>", "<span data-toggle='tooltip' data-placement='right' title='原始值：709.2913'>709.3</span>", "<span data-toggle='tooltip' data-placement='right' title='原始值：1425.608'>1425.6</span>", "<span data-toggle='tooltip' data-placement='right' title='原始值：5.46'>5.46</span>", "<span data-toggle='tooltip' data-placement='right' title='原始值：0.33'>0.330</span>", "<span data-toggle='tooltip' data-placement='right' title='原始值：0.74175'>0.742</span>", "<span data-toggle='tooltip' data-placement='right' title='原始值：3.43166'>3.43</span>", "*", "*", "正常"], ["内蒙古自治区", "黄河流域", "<span data-toggle='tooltip' data-placement='right' title='所在地市:包头市&#10;所属河流:黄河'>画匠营子</span>", "08-16 08:00", "Ⅱ", "<span data-toggle='tooltip' data-placement='right' title='原始值：24.88737'>24.9</span>", "<span data-toggle='tooltip' data-placement='right' title='原始值：7.38837'>7.39</span>", "<span data-toggle='tooltip' data-placement='right' title='原始值：6.63286'>6.63</span>", "<span data-toggle='tooltip' data-placement='right' title='原始值：696.4689'>696.5</span>", "<span data-toggle='tooltip' data-placement='right' title='原始值：2178.333'>2178.3</span>", "<span data-toggle='tooltip' data-placement='right' title='原始值：3.41344'>3.41</span>", "<span data-toggle='tooltip' data-placement='right' title='原始值：0.07625'>0.076</span>", "*", "*", "*", "*", "正常"], ["内蒙古自治区", "黄河流域", "<span data-toggle='tooltip' data-placement='right' title='所在地市:乌海市&#10;所属河流:黄河'>海勃湾</span>", "08-16 08:00", "", "<span data-toggle='tooltip' data-placement='right' title='原始值：21.69152'>21.7</span>", "<span data-toggle='tooltip' data-placement='right' title='原始值：7.66982'>7.67</span>", "<span data-toggle='tooltip' data-placement='right' title='原始值：5.90026'>5.90</span>", "<span data-toggle='tooltip' data-placement='right' title='原始值：602.027'>602.0</span>", "<span data-toggle='tooltip' data-placement='right' title='原始值：449.3826'>449.4</span>", "<span data-toggle='tooltip' data-placement='right' title='原始值：4.28'>4.28</span>", "<span data-toggle='tooltip' data-placement='right' title='极值过滤'>--</span>", "*", "*", "*", "*", "维护"], ["内蒙古自治区", "松花江流域", "<span data-toggle='tooltip' data-placement='right' title='所在地市:呼伦贝尔市&#10;所属河流:额尔古纳河'>黑山头</span>", null, "", "--", "--", "--", "--", "--", "--", "--", "--", "--", "*", "*", "停站"], ["辽宁省", "辽河流域", "<span data-toggle='tooltip' data-placement='right' title='所在地市:抚顺市&#10;所属河流:浑河'>大伙房水库</span>", "08-16 08:00", "", "<span data-toggle='tooltip' data-placement='right' title='原始值：28.24828'>28.2</span>", "<span data-toggle='tooltip' data-placement='right' title='原始值：7.67335'>7.67</span>", "<span data-toggle='tooltip' data-placement='right' title='原始值：7.45163'>7.45</span>", "<span data-toggle='tooltip' data-placement='right' title='原始值：335.5667'>335.6</span>", "<span data-toggle='tooltip' data-placement='right' title='原始值：3.66492'>3.7</span>", "<span data-toggle='tooltip' data-placement='right' title='原始值：1.21487'>1.21</span>", "<span data-toggle='tooltip' data-placement='right' title='原始值：0.02'>0.020</span>", "<span data-toggle='tooltip' data-placement='right' title='极值过滤'>--</span>", "<span data-toggle='tooltip' data-placement='right' title='极值过滤'>--</span>", "<span data-toggle='tooltip' data-placement='right' title='极值过滤'>--</span>", "*", "维护"], ["辽宁省", "辽河流域", "<span data-toggle='tooltip' data-placement='right' title='所在地市:丹东市&#10;所属河流:鸭绿江'>江桥</span>", "08-16 08:00", "Ⅱ", "<span data-toggle='tooltip' data-placement='right' title='原始值：22.5'>22.5</span>", "<span data-toggle='tooltip' data-placement='right' title='原始值：6.87'>6.87</span>", "<span data-toggle='tooltip' data-placement='right' title='原始值：6.32992'>6.33</span>", "<span data-toggle='tooltip' data-placement='right' title='原始值：172'>172.0</span>", "<span data-toggle='tooltip' data-placement='right' title='原始值：5.07579'>5.1</span>", "<span data-toggle='tooltip' data-placement='right' title='原始值：2.11'>2.11</span>", "<span data-toggle='tooltip' data-placement='right' title='原始值：0.04314'>0.043</span>", "<span data-toggle='tooltip' data-placement='right' title='原始值：0.03652'>0.037</span>", "<span data-toggle='tooltip' data-placement='right' title='原始值：2.6753'>2.68</span>", "*", "*", "正常"], ["辽宁省", "辽河流域", "<span data-toggle='tooltip' data-placement='right' title='所在地市:营口市&#10;所属河流:大辽河'>辽河公园</span>", "08-16 08:00", "Ⅳ", "<span data-toggle='tooltip' data-placement='right' title='原始值：26.08831'>26.1</span>", "<span data-toggle='tooltip' data-placement='right' title='原始值：7.21875'>7.22</span>", "<span data-toggle='tooltip' data-placement='right' title='原始值：7.66564'>7.67</span>", "<span data-toggle='tooltip' data-placement='right' title='原始值：35854.71'>35854.7</span>", "<span data-toggle='tooltip' data-placement='right' title='原始值：86.80478'>86.8</span>", "<span data-toggle='tooltip' data-placement='right' title='原始值：6.76257'>6.76</span>", "<span data-toggle='tooltip' data-placement='right' title='原始值：0.05079'>0.051</span>", "<span data-toggle='tooltip' data-placement='right' title='原始值：0.23006'>0.230</span>", "<span data-toggle='tooltip' data-placement='right' title='原始值：4.3997'>4.40</span>", "*", "*", "正常"], ["辽宁省", "辽河流域", "<span data-toggle='tooltip' data-placement='right' title='所在地市:辽阳市&#10;所属河流:太子河'>汤河水库</span>", "08-16 04:00", "", "<span data-toggle='tooltip' data-placement='right' title='原始值：18.00019'>18.0</span>", "<span data-toggle='tooltip' data-placement='right' title='原始值：7.57'>7.57</span>", "<span data-toggle='tooltip' data-placement='right' title='极值过滤'>--</span>", "<span data-toggle='tooltip' data-placement='right' title='原始值：478.748'>478.7</span>", "<span data-toggle='tooltip' data-placement='right' title='原始值：45.78909'>45.8</span>", "<span data-toggle='tooltip' data-placement='right' title='原始值：1.67'>1.67</span>", "<span data-toggle='tooltip' data-placement='right' title='原始值：0.002'>0.002</span>", "<span data-toggle='tooltip' data-placement='right' title='极值过滤'>--</span>", "<span data-toggle='tooltip' data-placement='right' title='极值过滤'>--</span>", "*", "*", "维护"], ["辽宁省", "辽河流域", "<span data-toggle='tooltip' data-placement='right' title='所在地市:盘锦市&#10;所属河流:辽河'>盘锦兴安(兴安)</span>", "08-16 08:00", "Ⅳ", "<span data-toggle='tooltip' data-placement='right' title='原始值：25.91054'>25.9</span>", "<span data-toggle='tooltip' data-placement='right' title='原始值：6.90816'>6.91</span>", "<span data-toggle='tooltip' data-placement='right' title='原始值：4.83424'>4.83</span>", "<span data-toggle='tooltip' data-placement='right' title='原始值：678.9209'>678.9</span>", "<span data-toggle='tooltip' data-placement='right' title='原始值：98.57233'>98.6</span>", "<span data-toggle='tooltip' data-placement='right' title='原始值：3.29053'>3.29</span>", "<span data-toggle='tooltip' data-placement='right' title='原始值：0.13'>0.130</span>", "<span data-toggle='tooltip' data-placement='right' title='原始值：0.16454'>0.165</span>", "<span data-toggle='tooltip' data-placement='right' title='原始值：1.42288'>1.42</span>", "*", "*", "正常"], ["辽宁省", "辽河流域", "<span data-toggle='tooltip' data-placement='right' title='所在地市:铁岭市&#10;所属河流:辽河'>珠尔山</span>", "08-16 08:00", "Ⅳ", "<span data-toggle='tooltip' data-placement='right' title='原始值：26.97116'>27.0</span>", "<span data-toggle='tooltip' data-placement='right' title='原始值：7.06716'>7.07</span>", "<span data-toggle='tooltip' data-placement='right' title='原始值：7.89356'>7.89</span>", "<span data-toggle='tooltip' data-placement='right' title='原始值：517.0194'>517.0</span>", "<span data-toggle='tooltip' data-placement='right' title='原始值：22.31781'>22.3</span>", "<span data-toggle='tooltip' data-placement='right' title='原始值：7.62748'>7.63</span>", "<span data-toggle='tooltip' data-placement='right' title='原始值：0.21'>0.210</span>", "<span data-toggle='tooltip' data-placement='right' title='原始值：0.10414'>0.104</span>", "<span data-toggle='tooltip' data-placement='right' title='原始值：2.78764'>2.79</span>", "*", "*", "正常"], ["吉林省", "松花江流域", "<span data-toggle='tooltip' data-placement='right' title='所在地市:长春市&#10;所属河流:松花江'>松花江村</span>", null, "", "--", "--", "--", "--", "--", "--", "--", "--", "--", "*", "*", "停站"], ["吉林省", "松花江流域", "<span data-toggle='tooltip' data-placement='right' title='所在地市:白城市&#10;所属河流:嫩江'>白沙滩</span>", null, "", "--", "--", "--", "--", "--", "--", "--", "--", "--", "*", "*", "停站"], ["吉林省", "松花江流域", "<span data-toggle='tooltip' data-placement='right' title='所在地市:延边朝鲜族自治州&#10;所属河流:图们江'>圈河</span>", null, "", "--", "--", "--", "--", "--", "--", "--", "--", "--", "*", "*", "停站"], ["黑龙江省", "松花江流域", "<span data-toggle='tooltip' data-placement='right' title='所在地市:大庆市&#10;所属河流:松花江'>肇源</span>", null, "", "--", "--", "--", "--", "--", "--", "--", "--", "--", "*", "*", "停站"], ["黑龙江省", "松花江流域", "<span data-toggle='tooltip' data-placement='right' title='所在地市:佳木斯市&#10;所属河流:乌苏里江'>乌苏镇</span>", null, "", "--", "--", "--", "--", "--", "--", "--", "--", "--", "*", "*", "停站"], ["黑龙江省", "松花江流域", "<span data-toggle='tooltip' data-placement='right' title='所在地市:佳木斯市&#10;所属河流:松花江'>同江</span>", null, "", "--", "--", "--", "--", "--", "--", "--", "--", "--", "*", "*", "停站"], ["黑龙江省", "松花江流域", "<span data-toggle='tooltip' data-placement='right' title='所在地市:黑河市&#10;所属河流:黑龙江'>黑河下(黑河)</span>", null, "", "--", "--", "--", "--", "--", "--", "--", "--", "--", "*", "*", "停站"], ["上海市", "长江流域", "<span data-toggle='tooltip' data-placement='right' title='所在地市:青浦区&#10;所属河流:淀山湖'>急水港桥</span>", "08-16 08:00", "Ⅳ", "<span data-toggle='tooltip' data-placement='right' title='原始值：31.4'>31.4</span>", "<span data-toggle='tooltip' data-placement='right' title='原始值：7.35'>7.35</span>", "<span data-toggle='tooltip' data-placement='right' title='原始值：3.76'>3.76</span>", "<span data-toggle='tooltip' data-placement='right' title='原始值：405'>405.0</span>", "<span data-toggle='tooltip' data-placement='right' title='原始值：140.7'>140.7</span>", "<span data-toggle='tooltip' data-placement='right' title='原始值：4.21875'>4.22</span>", "<span data-toggle='tooltip' data-placement='right' title='原始值：0.78671'>0.787</span>", "<span data-toggle='tooltip' data-placement='right' title='原始值：0.08692'>0.087</span>", "<span data-toggle='tooltip' data-placement='right' title='原始值：1.60938'>1.61</span>", "<span data-toggle='tooltip' data-placement='right' title='原始值：0.01163'>0.012</span>", "<span data-toggle='tooltip' data-placement='right' title='原始值：1.315303E+07'>13153030</span>", "正常"], ["江苏省", "长江流域", "<span data-toggle='tooltip' data-placement='right' title='所在地市:南京市&#10;所属河流:长江'>林山</span>", "08-16 08:00", "Ⅲ", "<span data-toggle='tooltip' data-placement='right' title='原始值：29.7564'>29.8</span>", "<span data-toggle='tooltip' data-placement='right' title='原始值：7.42284'>7.42</span>", "<span data-toggle='tooltip' data-placement='right' title='原始值：5.88951'>5.89</span>", "<span data-toggle='tooltip' data-placement='right' title='原始值：287.752'>287.8</span>", "<span data-toggle='tooltip' data-placement='right' title='原始值：64.1054'>64.1</span>", "<span data-toggle='tooltip' data-placement='right' title='原始值：2.4'>2.40</span>", "<span data-toggle='tooltip' data-placement='right' title='原始值：0.06'>0.060</span>", "*", "*", "*", "*", "正常"], ["江苏省", "太湖流域", "<span data-toggle='tooltip' data-placement='right' title='所在地市:无锡市&#10;所属河流:太湖'>沙渚</span>", "08-16 08:00", "Ⅲ", "<span data-toggle='tooltip' data-placement='right' title='原始值：31.4322'>31.4</span>", "<span data-toggle='tooltip' data-placement='right' title='原始值：7.726377'>7.73</span>", "<span data-toggle='tooltip' data-placement='right' title='原始值：5.738313'>5.74</span>", "<span data-toggle='tooltip' data-placement='right' title='原始值：437.2073'>437.2</span>", "<span data-toggle='tooltip' data-placement='right' title='原始值：96.55209'>96.6</span>", "<span data-toggle='tooltip' data-placement='right' title='原始值：4.64'>4.64</span>", "<span data-toggle='tooltip' data-placement='right' title='原始值：0.08'>0.080</span>", "<span data-toggle='tooltip' data-placement='right' title='原始值：0.0887'>0.089</span>", "<span data-toggle='tooltip' data-placement='right' title='原始值：1.654'>1.65</span>", "*", "*", "正常"], ["江苏省", "淮河流域", "<span data-toggle='tooltip' data-placement='right' title='所在地市:徐州市&#10;所属河流:武河'>小红圈</span>", "08-16 08:00", "Ⅳ", "<span data-toggle='tooltip' data-placement='right' title='原始值：28.1'>28.1</span>", "<span data-toggle='tooltip' data-placement='right' title='原始值：7.2'>7.20</span>", "<span data-toggle='tooltip' data-placement='right' title='原始值：4.97'>4.97</span>", "<span data-toggle='tooltip' data-placement='right' title='原始值：1009.6'>1009.6</span>", "<span data-toggle='tooltip' data-placement='right' title='原始值：11.79'>11.8</span>", "<span data-toggle='tooltip' data-placement='right' title='原始值：5.04'>5.04</span>", "<span data-toggle='tooltip' data-placement='right' title='原始值：0.12'>0.120</span>", "*", "*", "*", "*", "正常"], ["江苏省", "淮河流域", "<span data-toggle='tooltip' data-placement='right' title='所在地市:徐州市&#10;所属河流:沿河'>李集桥</span>", "08-16 08:00", "劣Ⅴ", "<span data-toggle='tooltip' data-placement='right' title='原始值：30.08'>30.1</span>", "<span data-toggle='tooltip' data-placement='right' title='原始值：7.2'>7.20</span>", "<span data-toggle='tooltip' data-placement='right' title='原始值：4.75'>4.75</span>", "<span data-toggle='tooltip' data-placement='right' title='原始值：856'>856.0</span>", "<span data-toggle='tooltip' data-placement='right' title='原始值：9.88'>9.9</span>", "<span data-toggle='tooltip' data-placement='right' title='原始值：7.41'>7.41</span>", "<span data-toggle='tooltip' data-placement='right' title='原始值：0.168'>0.168</span>", "<span data-toggle='tooltip' data-placement='right' title='原始值：0.447'>0.447</span>", "<span data-toggle='tooltip' data-placement='right' title='原始值：2.836'>2.84</span>", "*", "*", "正常"], ["江苏省", "淮河流域", "<span data-toggle='tooltip' data-placement='right' title='所在地市:徐州市&#10;所属河流:邳苍分洪道'>艾山西大桥</span>", "08-16 08:00", "Ⅴ", "<span data-toggle='tooltip' data-placement='right' title='原始值：27.2756'>27.3</span>", "<span data-toggle='tooltip' data-placement='right' title='原始值：7.59733'>7.60</span>", "<span data-toggle='tooltip' data-placement='right' title='原始值：4.03856'>4.04</span>", "<span data-toggle='tooltip' data-placement='right' title='原始值：611.627'>611.6</span>", "<span data-toggle='tooltip' data-placement='right' title='原始值：81.62801'>81.6</span>", "<span data-toggle='tooltip' data-placement='right' title='原始值：4.54'>4.54</span>", "<span data-toggle='tooltip' data-placement='right' title='原始值：0.29'>0.290</span>", "<span data-toggle='tooltip' data-placement='right' title='原始值：0.35498'>0.355</span>", "<span data-toggle='tooltip' data-placement='right' title='原始值：7.04423'>7.04</span>", "*", "*", "正常"], ["江苏省", "太湖流域", "<span data-toggle='tooltip' data-placement='right' title='所在地市:苏州市&#10;所属河流:太湖'>兰山嘴(老)</span>", "08-16 08:00", "Ⅲ", "<span data-toggle='tooltip' data-placement='right' title='原始值：34.72532'>34.7</span>", "<span data-toggle='tooltip' data-placement='right' title='原始值：8.47397'>8.47</span>", "<span data-toggle='tooltip' data-placement='right' title='原始值：8.48074'>8.48</span>", "<span data-toggle='tooltip' data-placement='right' title='原始值：301.4386'>301.4</span>", "<span data-toggle='tooltip' data-placement='right' title='原始值：41.33245'>41.3</span>", "<span data-toggle='tooltip' data-placement='right' title='原始值：4.11'>4.11</span>", "<span data-toggle='tooltip' data-placement='right' title='原始值：0.09'>0.090</span>", "<span data-toggle='tooltip' data-placement='right' title='原始值：0.02962'>0.030</span>", "<span data-toggle='tooltip' data-placement='right' title='原始值：3.94722'>3.95</span>", "*", "*", "正常"], ["江苏省", "太湖流域", "<span data-toggle='tooltip' data-placement='right' title='所在地市:苏州市&#10;所属河流:太湖'>西山</span>", "08-16 08:00", "Ⅳ", "<span data-toggle='tooltip' data-placement='right' title='原始值：31.84819'>31.8</span>", "<span data-toggle='tooltip' data-placement='right' title='原始值：7.91415'>7.91</span>", "<span data-toggle='tooltip' data-placement='right' title='原始值：5.82692'>5.83</span>", "<span data-toggle='tooltip' data-placement='right' title='原始值：254.1641'>254.2</span>", "<span data-toggle='tooltip' data-placement='right' title='原始值：43.93511'>43.9</span>", "<span data-toggle='tooltip' data-placement='right' title='原始值：2.27'>2.27</span>", "<span data-toggle='tooltip' data-placement='right' title='原始值：0.14'>0.140</span>", "<span data-toggle='tooltip' data-placement='right' title='原始值：0.0842'>0.084</span>", "<span data-toggle='tooltip' data-placement='right' title='原始值：0.8534'>0.85</span>", "*", "*", "正常"], ["江苏省", "淮河流域", "<span data-toggle='tooltip' data-placement='right' title='所在地市:连云港市&#10;所属河流:新沭河'>大兴桥</span>", null, "", "--", "--", "--", "--", "--", "--", "--", "--", "--", "*", "*", "停站"], ["江苏省", "淮河流域", "<span data-toggle='tooltip' data-placement='right' title='所在地市:淮安市&#10;所属河流:淮河'>淮河大桥</span>", null, "", "--", "--", "--", "--", "--", "--", "--", "--", "--", "*", "*", "停站"], ["江苏省", "长江流域", "<span data-toggle='tooltip' data-placement='right' title='所在地市:扬州市&#10;所属河流:夹江'>三江营</span>", "08-16 08:00", "Ⅲ", "<span data-toggle='tooltip' data-placement='right' title='原始值：31.34'>31.3</span>", "<span data-toggle='tooltip' data-placement='right' title='原始值：7.69'>7.69</span>", "<span data-toggle='tooltip' data-placement='right' title='原始值：5.48'>5.48</span>", "<span data-toggle='tooltip' data-placement='right' title='原始值：394.57'>394.6</span>", "<span data-toggle='tooltip' data-placement='right' title='原始值：148.87'>148.9</span>", "<span data-toggle='tooltip' data-placement='right' title='原始值：5.775'>5.78</span>", "<span data-toggle='tooltip' data-placement='right' title='原始值：0.458'>0.458</span>", "<span data-toggle='tooltip' data-placement='right' title='原始值：0.167'>0.167</span>", "<span data-toggle='tooltip' data-placement='right' title='原始值：1.893'>1.89</span>", "*", "*", "正常"], ["江苏省", "淮河流域", "<span data-toggle='tooltip' data-placement='right' title='所在地市:宿迁市&#10;所属河流:新濉河'>大屈</span>", "08-16 08:00", "", "<span data-toggle='tooltip' data-placement='right' title='原始值：31'>31.0</span>", "<span data-toggle='tooltip' data-placement='right' title='原始值：7.63'>7.63</span>", "<span data-toggle='tooltip' data-placement='right' title='原始值：4.1'>4.10</span>", "<span data-toggle='tooltip' data-placement='right' title='原始值：698.3'>698.3</span>", "<span data-toggle='tooltip' data-placement='right' title='原始值：94.53'>94.5</span>", "<span data-toggle='tooltip' data-placement='right' title='原始值：6.78'>6.78</span>", "<span data-toggle='tooltip' data-placement='right' title='原始值：0.13'>0.130</span>", "<span data-toggle='tooltip' data-placement='right' title='极值过滤'>--</span>", "<span data-toggle='tooltip' data-placement='right' title='原始值：2.243'>2.24</span>", "*", "*", "维护"], ["浙江省", "浙闽片河流", "<span data-toggle='tooltip' data-placement='right' title='所在地市:杭州市&#10;所属河流:新安江'>街口(鸠坑口)</span>", "08-16 08:00", "劣Ⅴ", "<span data-toggle='tooltip' data-placement='right' title='原始值：27.49'>27.5</span>", "<span data-toggle='tooltip' data-placement='right' title='原始值：9.2'>9.20</span>", "<span data-toggle='tooltip' data-placement='right' title='原始值：8.09'>8.09</span>", "<span data-toggle='tooltip' data-placement='right' title='原始值：135.68'>135.7</span>", "<span data-toggle='tooltip' data-placement='right' title='原始值：18.43'>18.4</span>", "<span data-toggle='tooltip' data-placement='right' title='原始值：1.522'>1.52</span>", "<span data-toggle='tooltip' data-placement='right' title='原始值：0.004'>0.004</span>", "<span data-toggle='tooltip' data-placement='right' title='原始值：0.052'>0.052</span>", "<span data-toggle='tooltip' data-placement='right' title='原始值：0.767'>0.77</span>", "*", "*", "正常"], ["浙江省", "太湖流域", "<span data-toggle='tooltip' data-placement='right' title='所在地市:嘉兴市&#10;所属河流:斜路港河'>斜路港</span>", "08-16 08:00", "Ⅳ", "<span data-toggle='tooltip' data-placement='right' title='原始值：31.7'>31.7</span>", "<span data-toggle='tooltip' data-placement='right' title='原始值：8'>8.00</span>", "<span data-toggle='tooltip' data-placement='right' title='原始值：3.72'>3.72</span>", "<span data-toggle='tooltip' data-placement='right' title='原始值：309'>309.0</span>", "<span data-toggle='tooltip' data-placement='right' title='原始值：64.2'>64.2</span>", "<span data-toggle='tooltip' data-placement='right' title='原始值：3.61'>3.61</span>", "<span data-toggle='tooltip' data-placement='right' title='原始值：0.01439'>0.014</span>", "<span data-toggle='tooltip' data-placement='right' title='原始值：0.06317'>0.063</span>", "<span data-toggle='tooltip' data-placement='right' title='原始值：0.64546'>0.65</span>", "*", "*", "正常"], ["浙江省", "太湖流域", "<span data-toggle='tooltip' data-placement='right' title='所在地市:嘉兴市&#10;所属河流:京杭运河'>王江泾</span>", null, "", "--", "--", "--", "--", "--", "--", "--", "--", "--", "*", "*", "停站"], ["浙江省", "太湖流域", "<span data-toggle='tooltip' data-placement='right' title='所在地市:湖州市&#10;所属河流:西苕溪'>新港口(新塘港)</span>", "08-16 08:00", "Ⅲ", "<span data-toggle='tooltip' data-placement='right' title='原始值：31.2581'>31.3</span>", "<span data-toggle='tooltip' data-placement='right' title='原始值：8.8017'>8.80</span>", "<span data-toggle='tooltip' data-placement='right' title='原始值：7.09411'>7.09</span>", "<span data-toggle='tooltip' data-placement='right' title='原始值：260.01'>260.0</span>", "<span data-toggle='tooltip' data-placement='right' title='原始值：113.411'>113.4</span>", "<span data-toggle='tooltip' data-placement='right' title='原始值：4.97888'>4.98</span>", "<span data-toggle='tooltip' data-placement='right' title='原始值：0.14488'>0.145</span>", "<span data-toggle='tooltip' data-placement='right' title='原始值：0.1237'>0.124</span>", "<span data-toggle='tooltip' data-placement='right' title='原始值：8.05066'>8.05</span>", "*", "*", "正常"], ["安徽省", "巢湖流域", "<span data-toggle='tooltip' data-placement='right' title='所在地市:合肥市&#10;所属河流:巢湖'>湖滨(老)</span>", "08-16 08:00", "Ⅴ", "<span data-toggle='tooltip' data-placement='right' title='原始值：30.46323'>30.5</span>", "<span data-toggle='tooltip' data-placement='right' title='原始值：7.23784'>7.24</span>", "<span data-toggle='tooltip' data-placement='right' title='原始值：7.34019'>7.34</span>", "<span data-toggle='tooltip' data-placement='right' title='原始值：292.6583'>292.7</span>", "<span data-toggle='tooltip' data-placement='right' title='原始值：111.9145'>111.9</span>", "<span data-toggle='tooltip' data-placement='right' title='原始值：6.1'>6.10</span>", "<span data-toggle='tooltip' data-placement='right' title='原始值：0.3'>0.300</span>", "<span data-toggle='tooltip' data-placement='right' title='原始值：0.1083'>0.108</span>", "<span data-toggle='tooltip' data-placement='right' title='原始值：2.628'>2.63</span>", "<span data-toggle='tooltip' data-placement='right' title='原始值：0.01609'>0.016</span>", "*", "正常"], ["安徽省", "巢湖流域", "<span data-toggle='tooltip' data-placement='right' title='所在地市:芜湖市&#10;所属河流:巢湖'>裕溪口(老)</span>", null, "", "--", "--", "--", "--", "--", "--", "--", "--", "--", "*", "*", "停站"], ["安徽省", "淮河流域", "<span data-toggle='tooltip' data-placement='right' title='所在地市:蚌埠市&#10;所属河流:淮河'>蚌埠闸上(蚌埠闸)</span>", null, "", "--", "--", "--", "--", "--", "--", "--", "--", "--", "*", "*", "停站"], ["安徽省", "淮河流域", "<span data-toggle='tooltip' data-placement='right' title='所在地市:淮南市&#10;所属河流:淮河'>石头埠(老)</span>", "08-16 08:00", "", "<span data-toggle='tooltip' data-placement='right' title='原始值：28.03478'>28.0</span>", "<span data-toggle='tooltip' data-placement='right' title='极值过滤'>--</span>", "<span data-toggle='tooltip' data-placement='right' title='原始值：5.74919'>5.75</span>", "<span data-toggle='tooltip' data-placement='right' title='原始值：292.938'>292.9</span>", "<span data-toggle='tooltip' data-placement='right' title='原始值：38.87245'>38.9</span>", "<span data-toggle='tooltip' data-placement='right' title='原始值：4.65'>4.65</span>", "<span data-toggle='tooltip' data-placement='right' title='原始值：0.13'>0.130</span>", "*", "*", "*", "*", "维护"], ["安徽省", "淮河流域", "<span data-toggle='tooltip' data-placement='right' title='所在地市:淮北市&#10;所属河流:沱河'>小王桥</span>", null, "", "--", "--", "--", "--", "--", "--", "--", "--", "--", "*", "*", "停站"], ["安徽省", "长江流域", "<span data-toggle='tooltip' data-placement='right' title='所在地市:安庆市&#10;所属河流:长江'>皖河口</span>", null, "", "--", "--", "--", "--", "--", "--", "--", "--", "--", "*", "*", "停站"], ["安徽省", "淮河流域", "<span data-toggle='tooltip' data-placement='right' title='所在地市:滁州市&#10;所属河流:淮河'>小柳巷</span>", null, "", "--", "--", "--", "--", "--", "--", "--", "--", "--", "*", "*", "停站"], ["安徽省", "淮河流域", "<span data-toggle='tooltip' data-placement='right' title='所在地市:阜阳市&#10;所属河流:黑茨河'>张大桥</span>", null, "", "--", "--", "--", "--", "--", "--", "--", "--", "--", "*", "*", "停站"], ["安徽省", "淮河流域", "<span data-toggle='tooltip' data-placement='right' title='所在地市:阜阳市&#10;所属河流:淮河'>王家坝</span>", "08-16 08:00", "Ⅲ", "<span data-toggle='tooltip' data-placement='right' title='原始值：30.99968'>31.0</span>", "<span data-toggle='tooltip' data-placement='right' title='原始值：7.5074'>7.51</span>", "<span data-toggle='tooltip' data-placement='right' title='原始值：5.02264'>5.02</span>", "<span data-toggle='tooltip' data-placement='right' title='原始值：561.9918'>562.0</span>", "<span data-toggle='tooltip' data-placement='right' title='原始值：33.05029'>33.1</span>", "<span data-toggle='tooltip' data-placement='right' title='原始值：5.26'>5.26</span>", "<span data-toggle='tooltip' data-placement='right' title='原始值：0.004'>0.004</span>", "<span data-toggle='tooltip' data-placement='right' title='原始值：0.19883'>0.199</span>", "<span data-toggle='tooltip' data-placement='right' title='原始值：1.3257'>1.33</span>", "*", "*", "正常"], ["安徽省", "淮河流域", "<span data-toggle='tooltip' data-placement='right' title='所在地市:阜阳市&#10;所属河流:颍河'>界首七渡口(七渡口)</span>", "08-16 08:00", "Ⅴ", "<span data-toggle='tooltip' data-placement='right' title='原始值：30.34744'>30.3</span>", "<span data-toggle='tooltip' data-placement='right' title='原始值：7.75856'>7.76</span>", "<span data-toggle='tooltip' data-placement='right' title='原始值：2.8686'>2.87</span>", "<span data-toggle='tooltip' data-placement='right' title='原始值：854.8348'>854.8</span>", "<span data-toggle='tooltip' data-placement='right' title='原始值：21.76281'>21.8</span>", "<span data-toggle='tooltip' data-placement='right' title='原始值：5.34'>5.34</span>", "<span data-toggle='tooltip' data-placement='right' title='原始值：0.05'>0.050</span>", "<span data-toggle='tooltip' data-placement='right' title='原始值：0.12538'>0.125</span>", "<span data-toggle='tooltip' data-placement='right' title='极值过滤'>--</span>", "*", "*", "维护"], ["安徽省", "淮河流域", "<span data-toggle='tooltip' data-placement='right' title='所在地市:阜阳市&#10;所属河流:泉河'>许庄(徐庄)</span>", "08-16 08:00", "Ⅱ", "<span data-toggle='tooltip' data-placement='right' title='原始值：29.6'>29.6</span>", "<span data-toggle='tooltip' data-placement='right' title='原始值：7.68'>7.68</span>", "<span data-toggle='tooltip' data-placement='right' title='原始值：7.16'>7.16</span>", "<span data-toggle='tooltip' data-placement='right' title='原始值：944.7'>944.7</span>", "<span data-toggle='tooltip' data-placement='right' title='原始值：66.12'>66.1</span>", "<span data-toggle='tooltip' data-placement='right' title='原始值：2.64'>2.64</span>", "<span data-toggle='tooltip' data-placement='right' title='原始值：0.04'>0.040</span>", "<span data-toggle='tooltip' data-placement='right' title='原始值：0.071'>0.071</span>", "<span data-toggle='tooltip' data-placement='right' title='原始值：2.467'>2.47</span>", "*", "*", "正常"], ["安徽省", "淮河流域", "<span data-toggle='tooltip' data-placement='right' title='所在地市:宿州市&#10;所属河流:奎河'>杨庄</span>", "08-16 08:00", "Ⅳ", "<span data-toggle='tooltip' data-placement='right' title='原始值：30.45'>30.4</span>", "<span data-toggle='tooltip' data-placement='right' title='原始值：7.56'>7.56</span>", "<span data-toggle='tooltip' data-placement='right' title='原始值：3.52'>3.52</span>", "<span data-toggle='tooltip' data-placement='right' title='原始值：785.8'>785.8</span>", "<span data-toggle='tooltip' data-placement='right' title='原始值：137.92'>137.9</span>", "<span data-toggle='tooltip' data-placement='right' title='原始值：4.89'>4.89</span>", "<span data-toggle='tooltip' data-placement='right' title='原始值：1.34'>1.340</span>", "*", "*", "*", "*", "正常"], ["安徽省", "淮河流域", "<span data-toggle='tooltip' data-placement='right' title='所在地市:宿州市&#10;所属河流:新汴河'>泗县公路桥</span>", "08-16 08:00", "Ⅳ", "<span data-toggle='tooltip' data-placement='right' title='原始值：31.2'>31.2</span>", "<span data-toggle='tooltip' data-placement='right' title='原始值：7.4'>7.40</span>", "<span data-toggle='tooltip' data-placement='right' title='原始值：6.02'>6.02</span>", "<span data-toggle='tooltip' data-placement='right' title='原始值：776.8'>776.8</span>", "<span data-toggle='tooltip' data-placement='right' title='原始值：62.36'>62.4</span>", "<span data-toggle='tooltip' data-placement='right' title='原始值：7.89'>7.89</span>", "<span data-toggle='tooltip' data-placement='right' title='原始值：0.12'>0.120</span>", "*", "*", "*", "*", "正常"], ["安徽省", "淮河流域", "<span data-toggle='tooltip' data-placement='right' title='所在地市:亳州市&#10;所属河流:包河'>颜集</span>", "08-16 08:00", "Ⅴ", "<span data-toggle='tooltip' data-placement='right' title='原始值：28.9'>28.9</span>", "<span data-toggle='tooltip' data-placement='right' title='原始值：7.49'>7.49</span>", "<span data-toggle='tooltip' data-placement='right' title='原始值：5.22'>5.22</span>", "<span data-toggle='tooltip' data-placement='right' title='原始值：1142.2'>1142.2</span>", "<span data-toggle='tooltip' data-placement='right' title='原始值：111.38'>111.4</span>", "<span data-toggle='tooltip' data-placement='right' title='原始值：7.63'>7.63</span>", "<span data-toggle='tooltip' data-placement='right' title='原始值：0.1'>0.100</span>", "<span data-toggle='tooltip' data-placement='right' title='原始值：0.333'>0.333</span>", "<span data-toggle='tooltip' data-placement='right' title='原始值：2.778'>2.78</span>", "*", "*", "正常"], ["福建省", "浙闽片河流", "<span data-toggle='tooltip' data-placement='right' title='所在地市:福州市&#10;所属河流:闽江'>白岩潭</span>", "08-16 08:00", "Ⅲ", "<span data-toggle='tooltip' data-placement='right' title='原始值：30.54'>30.5</span>", "<span data-toggle='tooltip' data-placement='right' title='原始值：6.84'>6.84</span>", "<span data-toggle='tooltip' data-placement='right' title='原始值：5.48'>5.48</span>", "<span data-toggle='tooltip' data-placement='right' title='原始值：5233.4'>5233.4</span>", "<span data-toggle='tooltip' data-placement='right' title='原始值：127.25'>127.2</span>", "<span data-toggle='tooltip' data-placement='right' title='原始值：3.63'>3.63</span>", "<span data-toggle='tooltip' data-placement='right' title='原始值：0.08'>0.080</span>", "*", "*", "*", "*", "正常"], ["江西省", "长江流域", "<span data-toggle='tooltip' data-placement='right' title='所在地市:南昌市&#10;所属河流:赣江南支'>滁槎</span>", "08-16 08:00", "Ⅱ", "<span data-toggle='tooltip' data-placement='right' title='原始值：31.76368'>31.8</span>", "<span data-toggle='tooltip' data-placement='right' title='原始值：7.09469'>7.09</span>", "<span data-toggle='tooltip' data-placement='right' title='原始值：7.99541'>8.00</span>", "<span data-toggle='tooltip' data-placement='right' title='原始值：145.5655'>145.6</span>", "<span data-toggle='tooltip' data-placement='right' title='原始值：46.97717'>47.0</span>", "<span data-toggle='tooltip' data-placement='right' title='原始值：3.74'>3.74</span>", "<span data-toggle='tooltip' data-placement='right' title='原始值：0.14'>0.140</span>", "<span data-toggle='tooltip' data-placement='right' title='原始值：0.0685'>0.068</span>", "<span data-toggle='tooltip' data-placement='right' title='原始值：1.2275'>1.23</span>", "*", "*", "正常"], ["江西省", "长江流域", "<span data-toggle='tooltip' data-placement='right' title='所在地市:九江市&#10;所属河流:长江'>姚港(河西水厂)</span>", "08-16 08:00", "Ⅲ", "<span data-toggle='tooltip' data-placement='right' title='原始值：28.41'>28.4</span>", "<span data-toggle='tooltip' data-placement='right' title='原始值：7.58'>7.58</span>", "<span data-toggle='tooltip' data-placement='right' title='原始值：5.81'>5.81</span>", "<span data-toggle='tooltip' data-placement='right' title='原始值：286.32'>286.3</span>", "<span data-toggle='tooltip' data-placement='right' title='原始值：59.15'>59.2</span>", "<span data-toggle='tooltip' data-placement='right' title='原始值：1.767'>1.77</span>", "<span data-toggle='tooltip' data-placement='right' title='原始值：0.015'>0.015</span>", "<span data-toggle='tooltip' data-placement='right' title='原始值：0.099'>0.099</span>", "<span data-toggle='tooltip' data-placement='right' title='原始值：1.28'>1.28</span>", "*", "*", "正常"], ["江西省", "长江流域", "<span data-toggle='tooltip' data-placement='right' title='所在地市:九江市&#10;所属河流:鄱阳湖'>蛤蟆石</span>", "08-16 08:00", "Ⅱ", "<span data-toggle='tooltip' data-placement='right' title='原始值：31.3'>31.3</span>", "<span data-toggle='tooltip' data-placement='right' title='原始值：6.89'>6.89</span>", "<span data-toggle='tooltip' data-placement='right' title='原始值：6.41'>6.41</span>", "<span data-toggle='tooltip' data-placement='right' title='原始值：97.92'>97.9</span>", "<span data-toggle='tooltip' data-placement='right' title='原始值：15.84'>15.8</span>", "<span data-toggle='tooltip' data-placement='right' title='原始值：2.236'>2.24</span>", "<span data-toggle='tooltip' data-placement='right' title='原始值：0.004'>0.004</span>", "<span data-toggle='tooltip' data-placement='right' title='原始值：0.025'>0.025</span>", "<span data-toggle='tooltip' data-placement='right' title='原始值：0.635'>0.64</span>", "<span data-toggle='tooltip' data-placement='right' title='原始值：0.00928'>0.009</span>", "<span data-toggle='tooltip' data-placement='right' title='原始值：1596000'>1596000</span>", "正常"], ["山东省", "黄河流域", "<span data-toggle='tooltip' data-placement='right' title='所在地市:济南市&#10;所属河流:黄河'>泺口</span>", "08-16 08:00", "Ⅳ", "<span data-toggle='tooltip' data-placement='right' title='原始值：28.4964'>28.5</span>", "<span data-toggle='tooltip' data-placement='right' title='原始值：7.87058'>7.87</span>", "<span data-toggle='tooltip' data-placement='right' title='原始值：4.99843'>5.00</span>", "<span data-toggle='tooltip' data-placement='right' title='原始值：780.49'>780.5</span>", "<span data-toggle='tooltip' data-placement='right' title='极值过滤'>--</span>", "<span data-toggle='tooltip' data-placement='right' title='原始值：2.08'>2.08</span>", "<span data-toggle='tooltip' data-placement='right' title='原始值：0.12222'>0.122</span>", "<span data-toggle='tooltip' data-placement='right' title='原始值：0.02128'>0.021</span>", "<span data-toggle='tooltip' data-placement='right' title='原始值：4.053'>4.05</span>", "*", "*", "维护"], ["山东省", "淮河流域", "<span data-toggle='tooltip' data-placement='right' title='所在地市:枣庄市&#10;所属河流:京杭大运河（韩庄运河）'>台儿庄大桥</span>", null, "", "--", "--", "--", "--", "--", "--", "--", "--", "--", "*", "*", "停站"], ["山东省", "淮河流域", "<span data-toggle='tooltip' data-placement='right' title='所在地市:临沂市&#10;所属河流:沭河'>清泉寺</span>", null, "", "--", "--", "--", "--", "--", "--", "--", "--", "--", "*", "*", "停站"], ["山东省", "淮河流域", "<span data-toggle='tooltip' data-placement='right' title='所在地市:临沂市&#10;所属河流:沂河'>重坊桥</span>", null, "", "--", "--", "--", "--", "--", "--", "--", "--", "--", "*", "*", "停站"], ["山东省", "淮河流域", "<span data-toggle='tooltip' data-placement='right' title='所在地市:临沂市&#10;所属河流:白马河'>捷庄(涝沟桥)</span>", "08-16 08:00", "劣Ⅴ", "<span data-toggle='tooltip' data-placement='right' title='原始值：29'>29.0</span>", "<span data-toggle='tooltip' data-placement='right' title='原始值：7.13'>7.13</span>", "<span data-toggle='tooltip' data-placement='right' title='原始值：3.01492'>3.01</span>", "<span data-toggle='tooltip' data-placement='right' title='原始值：574'>574.0</span>", "<span data-toggle='tooltip' data-placement='right' title='原始值：26.70086'>26.7</span>", "<span data-toggle='tooltip' data-placement='right' title='原始值：6.58'>6.58</span>", "<span data-toggle='tooltip' data-placement='right' title='原始值：0.09204'>0.092</span>", "<span data-toggle='tooltip' data-placement='right' title='原始值：0.51066'>0.511</span>", "<span data-toggle='tooltip' data-placement='right' title='原始值：4.62322'>4.62</span>", "*", "*", "正常"], ["山东省", "海河流域", "<span data-toggle='tooltip' data-placement='right' title='所在地市:聊城市&#10;所属河流:卫运河'>秤勾湾(秤钩湾)</span>", null, "", "--", "--", "--", "--", "--", "--", "--", "--", "--", "*", "*", "停站"], ["河南省", "长江流域", "<span data-toggle='tooltip' data-placement='right' title='所在地市:南阳市&#10;所属河流:丹江口水库'>陶岔</span>", "08-16 04:00", "Ⅱ", "<span data-toggle='tooltip' data-placement='right' title='原始值：29.87'>29.9</span>", "<span data-toggle='tooltip' data-placement='right' title='原始值：8.11543'>8.12</span>", "<span data-toggle='tooltip' data-placement='right' title='原始值：8.17486'>8.17</span>", "<span data-toggle='tooltip' data-placement='right' title='原始值：287.5955'>287.6</span>", "<span data-toggle='tooltip' data-placement='right' title='原始值：1.8459'>1.8</span>", "<span data-toggle='tooltip' data-placement='right' title='原始值：2.62'>2.62</span>", "<span data-toggle='tooltip' data-placement='right' title='原始值：0.0359'>0.036</span>", "<span data-toggle='tooltip' data-placement='right' title='原始值：0.01518'>0.015</span>", "<span data-toggle='tooltip' data-placement='right' title='原始值：0.71553'>0.72</span>", "<span data-toggle='tooltip' data-placement='right' title='原始值：0.0013'>0.001</span>", "<span data-toggle='tooltip' data-placement='right' title='原始值：407325.1'>407325</span>", "正常"], ["河南省", "淮河流域", "<span data-toggle='tooltip' data-placement='right' title='所在地市:商丘市&#10;所属河流:浍河'>黄口</span>", "08-16 08:00", "Ⅲ", "<span data-toggle='tooltip' data-placement='right' title='原始值：31.0998'>31.1</span>", "<span data-toggle='tooltip' data-placement='right' title='原始值：7.63125'>7.63</span>", "<span data-toggle='tooltip' data-placement='right' title='原始值：6.27004'>6.27</span>", "<span data-toggle='tooltip' data-placement='right' title='原始值：1287'>1287.0</span>", "<span data-toggle='tooltip' data-placement='right' title='原始值：29.65137'>29.7</span>", "<span data-toggle='tooltip' data-placement='right' title='原始值：5.97'>5.97</span>", "<span data-toggle='tooltip' data-placement='right' title='原始值：0.22971'>0.230</span>", "<span data-toggle='tooltip' data-placement='right' title='原始值：0.1795'>0.180</span>", "<span data-toggle='tooltip' data-placement='right' title='原始值：0.67105'>0.67</span>", "*", "*", "正常"], ["河南省", "淮河流域", "<span data-toggle='tooltip' data-placement='right' title='所在地市:信阳市&#10;所属河流:史灌河'>蒋集</span>", null, "", "--", "--", "--", "--", "--", "--", "--", "--", "--", "*", "*", "停站"], ["河南省", "淮河流域", "<span data-toggle='tooltip' data-placement='right' title='所在地市:信阳市&#10;所属河流:淮河'>淮滨水文站(淮滨)</span>", "08-16 08:00", "Ⅲ", "<span data-toggle='tooltip' data-placement='right' title='原始值：29.4'>29.4</span>", "<span data-toggle='tooltip' data-placement='right' title='原始值：7.06'>7.06</span>", "<span data-toggle='tooltip' data-placement='right' title='原始值：5.93031'>5.93</span>", "<span data-toggle='tooltip' data-placement='right' title='原始值：213.9688'>214.0</span>", "<span data-toggle='tooltip' data-placement='right' title='原始值：105.2873'>105.3</span>", "<span data-toggle='tooltip' data-placement='right' title='原始值：3.41273'>3.41</span>", "<span data-toggle='tooltip' data-placement='right' title='原始值：0.20386'>0.204</span>", "<span data-toggle='tooltip' data-placement='right' title='原始值：0.16597'>0.166</span>", "<span data-toggle='tooltip' data-placement='right' title='原始值：0.58638'>0.59</span>", "*", "*", "正常"], ["河南省", "淮河流域", "<span data-toggle='tooltip' data-placement='right' title='所在地市:周口市&#10;所属河流:沙河'>沈丘闸</span>", "08-16 08:00", "Ⅳ", "<span data-toggle='tooltip' data-placement='right' title='原始值：28.82178'>28.8</span>", "<span data-toggle='tooltip' data-placement='right' title='原始值：7.40233'>7.40</span>", "<span data-toggle='tooltip' data-placement='right' title='原始值：4.18587'>4.19</span>", "<span data-toggle='tooltip' data-placement='right' title='原始值：790.8'>790.8</span>", "<span data-toggle='tooltip' data-placement='right' title='原始值：24.91617'>24.9</span>", "<span data-toggle='tooltip' data-placement='right' title='原始值：3.855'>3.86</span>", "<span data-toggle='tooltip' data-placement='right' title='原始值：0.04'>0.040</span>", "*", "*", "*", "*", "正常"], ["河南省", "淮河流域", "<span data-toggle='tooltip' data-placement='right' title='所在地市:周口市&#10;所属河流:涡河'>鹿邑付桥(鹿邑付桥闸)</span>", "08-16 08:00", "", "<span data-toggle='tooltip' data-placement='right' title='原始值：28.29216'>28.3</span>", "<span data-toggle='tooltip' data-placement='right' title='原始值：8.47311'>8.47</span>", "<span data-toggle='tooltip' data-placement='right' title='原始值：8.61076'>8.61</span>", "<span data-toggle='tooltip' data-placement='right' title='原始值：1218.209'>1218.2</span>", "<span data-toggle='tooltip' data-placement='right' title='原始值：6.57492'>6.6</span>", "<span data-toggle='tooltip' data-placement='right' title='原始值：7.905'>7.90</span>", "<span data-toggle='tooltip' data-placement='right' title='极值过滤'>--</span>", "<span data-toggle='tooltip' data-placement='right' title='原始值：0.3145'>0.314</span>", "<span data-toggle='tooltip' data-placement='right' title='原始值：1.32633'>1.33</span>", "*", "*", "维护"], ["河南省", "淮河流域", "<span data-toggle='tooltip' data-placement='right' title='所在地市:驻马店市&#10;所属河流:洪河'>新蔡班台(班台)</span>", "08-16 08:00", "Ⅴ", "<span data-toggle='tooltip' data-placement='right' title='原始值：27.69185'>27.7</span>", "<span data-toggle='tooltip' data-placement='right' title='原始值：7.03894'>7.04</span>", "<span data-toggle='tooltip' data-placement='right' title='原始值：5.36956'>5.37</span>", "<span data-toggle='tooltip' data-placement='right' title='原始值：814.7805'>814.8</span>", "<span data-toggle='tooltip' data-placement='right' title='原始值：50.30657'>50.3</span>", "<span data-toggle='tooltip' data-placement='right' title='原始值：4.005'>4.00</span>", "<span data-toggle='tooltip' data-placement='right' title='原始值：0.1'>0.100</span>", "<span data-toggle='tooltip' data-placement='right' title='原始值：0.34595'>0.346</span>", "<span data-toggle='tooltip' data-placement='right' title='原始值：3.97995'>3.98</span>", "*", "*", "正常"], ["河南省", "黄河流域", "<span data-toggle='tooltip' data-placement='right' title='所在地市:济源市&#10;所属河流:黄河'>小浪底水库(小浪底)</span>", null, "", "--", "--", "--", "--", "--", "--", "--", "--", "--", "*", "*", "停站"], ["湖北省", "长江流域", "<span data-toggle='tooltip' data-placement='right' title='所在地市:武汉市&#10;所属河流:汉江'>宗关</span>", "08-16 08:00", "Ⅲ", "<span data-toggle='tooltip' data-placement='right' title='原始值：28.34'>28.3</span>", "<span data-toggle='tooltip' data-placement='right' title='原始值：7.625514'>7.63</span>", "<span data-toggle='tooltip' data-placement='right' title='原始值：5.851519'>5.85</span>", "<span data-toggle='tooltip' data-placement='right' title='原始值：341.9037'>341.9</span>", "<span data-toggle='tooltip' data-placement='right' title='原始值：33.27454'>33.3</span>", "<span data-toggle='tooltip' data-placement='right' title='原始值：1.18'>1.18</span>", "<span data-toggle='tooltip' data-placement='right' title='原始值：0.064'>0.064</span>", "<span data-toggle='tooltip' data-placement='right' title='原始值：0.137'>0.137</span>", "<span data-toggle='tooltip' data-placement='right' title='原始值：5.991418'>5.99</span>", "*", "*", "正常"], ["湖北省", "长江流域", "<span data-toggle='tooltip' data-placement='right' title='所在地市:十堰市&#10;所属河流:丹江口水库'>坝上中(胡家岭)</span>", null, "", "--", "--", "--", "--", "--", "--", "--", "--", "--", "--", "--", "停站"], ["湖北省", "长江流域", "<span data-toggle='tooltip' data-placement='right' title='所在地市:宜昌市&#10;所属河流:长江'>南津关</span>", null, "", "--", "--", "--", "--", "--", "--", "--", "--", "--", "*", "*", "维护"], ["湖南省", "长江流域", "<span data-toggle='tooltip' data-placement='right' title='所在地市:长沙市&#10;所属河流:湘江'>新港</span>", "08-16 08:00", "Ⅳ", "<span data-toggle='tooltip' data-placement='right' title='原始值：28.39'>28.4</span>", "<span data-toggle='tooltip' data-placement='right' title='原始值：7.18'>7.18</span>", "<span data-toggle='tooltip' data-placement='right' title='原始值：4.8'>4.80</span>", "<span data-toggle='tooltip' data-placement='right' title='原始值：224.08'>224.1</span>", "<span data-toggle='tooltip' data-placement='right' title='原始值：29.06'>29.1</span>", "<span data-toggle='tooltip' data-placement='right' title='原始值：2.46'>2.46</span>", "<span data-toggle='tooltip' data-placement='right' title='原始值：0.01'>0.010</span>", "<span data-toggle='tooltip' data-placement='right' title='原始值：0.048'>0.048</span>", "<span data-toggle='tooltip' data-placement='right' title='原始值：1.49'>1.49</span>", "*", "*", "正常"], ["湖南省", "长江流域", "<span data-toggle='tooltip' data-placement='right' title='所在地市:岳阳市&#10;所属河流:洞庭湖'>岳阳楼</span>", "08-16 08:00", "Ⅳ", "<span data-toggle='tooltip' data-placement='right' title='原始值：28.88'>28.9</span>", "<span data-toggle='tooltip' data-placement='right' title='原始值：7.744571'>7.74</span>", "<span data-toggle='tooltip' data-placement='right' title='原始值：5.395977'>5.40</span>", "<span data-toggle='tooltip' data-placement='right' title='原始值：261.3538'>261.4</span>", "<span data-toggle='tooltip' data-placement='right' title='原始值：19.47796'>19.5</span>", "<span data-toggle='tooltip' data-placement='right' title='原始值：2.01'>2.01</span>", "<span data-toggle='tooltip' data-placement='right' title='原始值：0.004'>0.004</span>", "<span data-toggle='tooltip' data-placement='right' title='原始值：0.076'>0.076</span>", "<span data-toggle='tooltip' data-placement='right' title='原始值：2.032'>2.03</span>", "--", "--", "维护"], ["湖南省", "长江流域", "<span data-toggle='tooltip' data-placement='right' title='所在地市:岳阳市&#10;所属河流:长江'>城陵矶</span>", "08-16 08:00", "Ⅲ", "<span data-toggle='tooltip' data-placement='right' title='原始值：28.96'>29.0</span>", "<span data-toggle='tooltip' data-placement='right' title='原始值：7.711868'>7.71</span>", "<span data-toggle='tooltip' data-placement='right' title='原始值：7.705818'>7.71</span>", "<span data-toggle='tooltip' data-placement='right' title='原始值：325.014'>325.0</span>", "<span data-toggle='tooltip' data-placement='right' title='原始值：92.52393'>92.5</span>", "<span data-toggle='tooltip' data-placement='right' title='原始值：2.77'>2.77</span>", "<span data-toggle='tooltip' data-placement='right' title='原始值：0.019'>0.019</span>", "<span data-toggle='tooltip' data-placement='right' title='原始值：0.178'>0.178</span>", "<span data-toggle='tooltip' data-placement='right' title='原始值：1.3917'>1.39</span>", "*", "--", "维护"], ["广东省", "珠江流域", "<span data-toggle='tooltip' data-placement='right' title='所在地市:清远市&#10;所属河流:北江'>七星岗</span>", "08-16 08:00", "Ⅳ", "<span data-toggle='tooltip' data-placement='right' title='原始值：28.83227'>28.8</span>", "<span data-toggle='tooltip' data-placement='right' title='原始值：7.3853'>7.39</span>", "<span data-toggle='tooltip' data-placement='right' title='原始值：4.9699'>4.97</span>", "<span data-toggle='tooltip' data-placement='right' title='原始值：194.4079'>194.4</span>", "<span data-toggle='tooltip' data-placement='right' title='原始值：9.55811'>9.6</span>", "<span data-toggle='tooltip' data-placement='right' title='原始值：1.25'>1.25</span>", "<span data-toggle='tooltip' data-placement='right' title='原始值：0.16617'>0.166</span>", "<span data-toggle='tooltip' data-placement='right' title='原始值：0.00535'>0.005</span>", "<span data-toggle='tooltip' data-placement='right' title='原始值：1.7478'>1.75</span>", "*", "*", "正常"], ["广东省", "珠江流域", "<span data-toggle='tooltip' data-placement='right' title='所在地市:中山市&#10;所属河流:西江'>横栏</span>", "08-16 08:00", "Ⅱ", "<span data-toggle='tooltip' data-placement='right' title='原始值：27.5'>27.5</span>", "<span data-toggle='tooltip' data-placement='right' title='原始值：7.78'>7.78</span>", "<span data-toggle='tooltip' data-placement='right' title='原始值：6.6'>6.60</span>", "<span data-toggle='tooltip' data-placement='right' title='原始值：275'>275.0</span>", "<span data-toggle='tooltip' data-placement='right' title='原始值：14.4'>14.4</span>", "<span data-toggle='tooltip' data-placement='right' title='原始值：3.99'>3.99</span>", "<span data-toggle='tooltip' data-placement='right' title='原始值：0.13124'>0.131</span>", "*", "*", "*", "*", "正常"], ["广西壮族自治区", "珠江流域", "<span data-toggle='tooltip' data-placement='right' title='所在地市:南宁市&#10;所属河流:邕江'>老口</span>", "08-16 08:00", "Ⅱ", "<span data-toggle='tooltip' data-placement='right' title='原始值：29.5267'>29.5</span>", "<span data-toggle='tooltip' data-placement='right' title='原始值：7.62528'>7.63</span>", "<span data-toggle='tooltip' data-placement='right' title='原始值：6.63872'>6.64</span>", "<span data-toggle='tooltip' data-placement='right' title='原始值：276.9232'>276.9</span>", "<span data-toggle='tooltip' data-placement='right' title='原始值：6.28003'>6.3</span>", "<span data-toggle='tooltip' data-placement='right' title='原始值：0.91113'>0.91</span>", "<span data-toggle='tooltip' data-placement='right' title='原始值：0.06706'>0.067</span>", "<span data-toggle='tooltip' data-placement='right' title='原始值：0.02679'>0.027</span>", "<span data-toggle='tooltip' data-placement='right' title='原始值：1.46109'>1.46</span>", "*", "*", "正常"], ["广西壮族自治区", "珠江流域", "<span data-toggle='tooltip' data-placement='right' title='所在地市:桂林市&#10;所属河流:漓江'>阳朔</span>", "08-16 08:00", "Ⅱ", "<span data-toggle='tooltip' data-placement='right' title='原始值：29.2'>29.2</span>", "<span data-toggle='tooltip' data-placement='right' title='原始值：7.75'>7.75</span>", "<span data-toggle='tooltip' data-placement='right' title='原始值：6.89065'>6.89</span>", "<span data-toggle='tooltip' data-placement='right' title='原始值：208'>208.0</span>", "<span data-toggle='tooltip' data-placement='right' title='原始值：13.68123'>13.7</span>", "<span data-toggle='tooltip' data-placement='right' title='原始值：2.42625'>2.43</span>", "<span data-toggle='tooltip' data-placement='right' title='原始值：0.03004'>0.030</span>", "<span data-toggle='tooltip' data-placement='right' title='原始值：0.00602'>0.006</span>", "<span data-toggle='tooltip' data-placement='right' title='原始值：1.01758'>1.02</span>", "*", "*", "正常"], ["广西壮族自治区", "珠江流域", "<span data-toggle='tooltip' data-placement='right' title='所在地市:梧州市&#10;所属河流:浔江'>界首</span>", null, "", "--", "--", "--", "--", "--", "--", "--", "--", "--", "*", "*", "停站"], ["广西壮族自治区", "珠江流域", "<span data-toggle='tooltip' data-placement='right' title='所在地市:贵港市&#10;所属河流:浔江'>石嘴</span>", "08-16 08:00", "Ⅱ", "<span data-toggle='tooltip' data-placement='right' title='原始值：28.9897'>29.0</span>", "<span data-toggle='tooltip' data-placement='right' title='原始值：7.27979'>7.28</span>", "<span data-toggle='tooltip' data-placement='right' title='原始值：6.76398'>6.76</span>", "<span data-toggle='tooltip' data-placement='right' title='原始值：334.9527'>335.0</span>", "<span data-toggle='tooltip' data-placement='right' title='原始值：32.7502'>32.8</span>", "<span data-toggle='tooltip' data-placement='right' title='原始值：1.62'>1.62</span>", "<span data-toggle='tooltip' data-placement='right' title='原始值：0.23'>0.230</span>", "<span data-toggle='tooltip' data-placement='right' title='原始值：0.01664'>0.017</span>", "<span data-toggle='tooltip' data-placement='right' title='原始值：1.1022'>1.10</span>", "*", "*", "正常"], ["广西壮族自治区", "珠江流域", "<span data-toggle='tooltip' data-placement='right' title='所在地市:崇左市&#10;所属河流:平而河'>平而关</span>", "08-16 08:00", "Ⅱ", "<span data-toggle='tooltip' data-placement='right' title='原始值：29.04609'>29.0</span>", "<span data-toggle='tooltip' data-placement='right' title='原始值：7.72617'>7.73</span>", "<span data-toggle='tooltip' data-placement='right' title='原始值：6.25095'>6.25</span>", "<span data-toggle='tooltip' data-placement='right' title='原始值：230.5819'>230.6</span>", "<span data-toggle='tooltip' data-placement='right' title='原始值：44.97708'>45.0</span>", "<span data-toggle='tooltip' data-placement='right' title='原始值：1.64'>1.64</span>", "<span data-toggle='tooltip' data-placement='right' title='原始值：0.06'>0.060</span>", "*", "*", "*", "*", "正常"], ["重庆市", "长江流域", "<span data-toggle='tooltip' data-placement='right' title='所在地市:永川区&#10;所属河流:长江'>朱沱</span>", null, "", "--", "--", "--", "--", "--", "--", "--", "--", "--", "*", "*", "停站"], ["四川省", "长江流域", "<span data-toggle='tooltip' data-placement='right' title='所在地市:攀枝花市&#10;所属河流:金沙江'>龙洞</span>", null, "", "--", "--", "--", "--", "--", "--", "--", "--", "--", "*", "*", "停站"], ["四川省", "长江流域", "<span data-toggle='tooltip' data-placement='right' title='所在地市:泸州市&#10;所属河流:沱江'>沱江大桥(沱江二桥)</span>", null, "", "--", "--", "--", "--", "--", "--", "--", "--", "--", "*", "*", "停站"], ["四川省", "长江流域", "<span data-toggle='tooltip' data-placement='right' title='所在地市:广元市&#10;所属河流:嘉陵江'>清风峡</span>", null, "", "--", "--", "--", "--", "--", "--", "--", "--", "--", "*", "*", "停站"], ["四川省", "长江流域", "<span data-toggle='tooltip' data-placement='right' title='所在地市:乐山市&#10;所属河流:岷江'>岷江大桥</span>", "08-16 08:00", "Ⅲ", "<span data-toggle='tooltip' data-placement='right' title='原始值：27.51944'>27.5</span>", "<span data-toggle='tooltip' data-placement='right' title='原始值：7.11829'>7.12</span>", "<span data-toggle='tooltip' data-placement='right' title='原始值：5.62384'>5.62</span>", "<span data-toggle='tooltip' data-placement='right' title='原始值：378.862'>378.9</span>", "<span data-toggle='tooltip' data-placement='right' title='原始值：721.2949'>721.3</span>", "<span data-toggle='tooltip' data-placement='right' title='原始值：3.47'>3.47</span>", "<span data-toggle='tooltip' data-placement='right' title='原始值：0.39'>0.390</span>", "*", "*", "*", "*", "正常"], ["四川省", "长江流域", "<span data-toggle='tooltip' data-placement='right' title='所在地市:宜宾市&#10;所属河流:岷江'>凉姜沟</span>", "08-16 08:00", "", "<span data-toggle='tooltip' data-placement='right' title='原始值：22.99'>23.0</span>", "<span data-toggle='tooltip' data-placement='right' title='原始值：8.028172'>8.03</span>", "<span data-toggle='tooltip' data-placement='right' title='原始值：8.701988'>8.70</span>", "<span data-toggle='tooltip' data-placement='right' title='原始值：264.3042'>264.3</span>", "<span data-toggle='tooltip' data-placement='right' title='原始值：286.1721'>286.2</span>", "--", "<span data-toggle='tooltip' data-placement='right' title='原始值：0.018'>0.018</span>", "<span data-toggle='tooltip' data-placement='right' title='原始值：0.13'>0.130</span>", "<span data-toggle='tooltip' data-placement='right' title='原始值：8.8005'>8.80</span>", "*", "*", "维护"], ["云南省", "滇池流域", "<span data-toggle='tooltip' data-placement='right' title='所在地市:昆明市&#10;所属河流:滇池'>西苑隧道</span>", "08-16 08:00", "Ⅴ", "<span data-toggle='tooltip' data-placement='right' title='原始值：21.66'>21.7</span>", "<span data-toggle='tooltip' data-placement='right' title='原始值：7.81765'>7.82</span>", "<span data-toggle='tooltip' data-placement='right' title='原始值：4.67953'>4.68</span>", "<span data-toggle='tooltip' data-placement='right' title='原始值：637.5676'>637.6</span>", "<span data-toggle='tooltip' data-placement='right' title='原始值：40.10658'>40.1</span>", "<span data-toggle='tooltip' data-placement='right' title='原始值：9.37001'>9.37</span>", "<span data-toggle='tooltip' data-placement='right' title='原始值：1.19129'>1.191</span>", "<span data-toggle='tooltip' data-placement='right' title='原始值：0.16833'>0.168</span>", "<span data-toggle='tooltip' data-placement='right' title='原始值：4.67063'>4.67</span>", "<span data-toggle='tooltip' data-placement='right' title='原始值：0.00304'>0.003</span>", "<span data-toggle='tooltip' data-placement='right' title='原始值：1.886829E+07'>18868290</span>", "正常"], ["云南省", "滇池流域", "<span data-toggle='tooltip' data-placement='right' title='所在地市:昆明市&#10;所属河流:滇池'>观音山</span>", "08-16 08:00", "Ⅴ", "<span data-toggle='tooltip' data-placement='right' title='原始值：23.92745'>23.9</span>", "<span data-toggle='tooltip' data-placement='right' title='原始值：6.87089'>6.87</span>", "<span data-toggle='tooltip' data-placement='right' title='原始值：4.50982'>4.51</span>", "<span data-toggle='tooltip' data-placement='right' title='原始值：446.0594'>446.1</span>", "<span data-toggle='tooltip' data-placement='right' title='原始值：34.0397'>34.0</span>", "<span data-toggle='tooltip' data-placement='right' title='原始值：9.16987'>9.17</span>", "<span data-toggle='tooltip' data-placement='right' title='原始值：0.28'>0.280</span>", "<span data-toggle='tooltip' data-placement='right' title='原始值：0.1735'>0.174</span>", "<span data-toggle='tooltip' data-placement='right' title='原始值：1.656'>1.66</span>", "<span data-toggle='tooltip' data-placement='right' title='原始值：0.04896'>0.049</span>", "<span data-toggle='tooltip' data-placement='right' title='原始值：7699886'>7699886</span>", "正常"], ["云南省", "西南诸河", "<span data-toggle='tooltip' data-placement='right' title='所在地市:红河哈尼族彝族自治州&#10;所属河流:红河'>河口县医院(河口)</span>", "08-16 08:00", "", "<span data-toggle='tooltip' data-placement='right' title='极值过滤'>--</span>", "<span data-toggle='tooltip' data-placement='right' title='极值过滤'>--</span>", "<span data-toggle='tooltip' data-placement='right' title='极值过滤'>--</span>", "<span data-toggle='tooltip' data-placement='right' title='极值过滤'>--</span>", "<span data-toggle='tooltip' data-placement='right' title='极值过滤'>--</span>", "<span data-toggle='tooltip' data-placement='right' title='原始值：2.41538'>2.42</span>", "<span data-toggle='tooltip' data-placement='right' title='原始值：0.34129'>0.341</span>", "<span data-toggle='tooltip' data-placement='right' title='原始值：0.08529'>0.085</span>", "<span data-toggle='tooltip' data-placement='right' title='原始值：1.70694'>1.71</span>", "*", "*", "维护"], ["云南省", "西南诸河", "<span data-toggle='tooltip' data-placement='right' title='所在地市:西双版纳傣族自治州&#10;所属河流:澜沧江'>橄榄坝</span>", "08-16 08:00", "Ⅲ", "<span data-toggle='tooltip' data-placement='right' title='原始值：19.33629'>19.3</span>", "<span data-toggle='tooltip' data-placement='right' title='原始值：7.51796'>7.52</span>", "<span data-toggle='tooltip' data-placement='right' title='原始值：6.4746'>6.47</span>", "<span data-toggle='tooltip' data-placement='right' title='原始值：545.0755'>545.1</span>", "<span data-toggle='tooltip' data-placement='right' title='原始值：42.98111'>43.0</span>", "<span data-toggle='tooltip' data-placement='right' title='原始值：4.38'>4.38</span>", "<span data-toggle='tooltip' data-placement='right' title='原始值：0.12603'>0.126</span>", "*", "*", "*", "*", "正常"], ["陕西省", "黄河流域", "<span data-toggle='tooltip' data-placement='right' title='所在地市:渭南市&#10;所属河流:渭河'>潼关吊桥</span>", null, "", "--", "--", "--", "--", "--", "--", "--", "--", "--", "*", "*", "停站"], ["甘肃省", "黄河流域", "<span data-toggle='tooltip' data-placement='right' title='所在地市:兰州市&#10;所属河流:黄河'>新城桥</span>", "08-16 08:00", "Ⅱ", "<span data-toggle='tooltip' data-placement='right' title='原始值：16.20997'>16.2</span>", "<span data-toggle='tooltip' data-placement='right' title='原始值：6.96724'>6.97</span>", "<span data-toggle='tooltip' data-placement='right' title='原始值：8.31095'>8.31</span>", "<span data-toggle='tooltip' data-placement='right' title='原始值：421.115'>421.1</span>", "<span data-toggle='tooltip' data-placement='right' title='原始值：198.0606'>198.1</span>", "<span data-toggle='tooltip' data-placement='right' title='原始值：2.65'>2.65</span>", "<span data-toggle='tooltip' data-placement='right' title='原始值：0.23'>0.230</span>", "<span data-toggle='tooltip' data-placement='right' title='原始值：0.03655'>0.037</span>", "<span data-toggle='tooltip' data-placement='right' title='原始值：3.39401'>3.39</span>", "*", "*", "正常"], ["宁夏回族自治区", "黄河流域", "<span data-toggle='tooltip' data-placement='right' title='所在地市:中卫市&#10;所属河流:黄河'>中卫下河沿(新墩)</span>", "08-16 08:00", "Ⅳ", "<span data-toggle='tooltip' data-placement='right' title='原始值：23.16558'>23.2</span>", "<span data-toggle='tooltip' data-placement='right' title='原始值：7.18176'>7.18</span>", "<span data-toggle='tooltip' data-placement='right' title='原始值：7.50676'>7.51</span>", "<span data-toggle='tooltip' data-placement='right' title='原始值：501.2314'>501.2</span>", "<span data-toggle='tooltip' data-placement='right' title='原始值：821.892'>821.9</span>", "<span data-toggle='tooltip' data-placement='right' title='原始值：5.4'>5.40</span>", "<span data-toggle='tooltip' data-placement='right' title='原始值：0.08'>0.080</span>", "<span data-toggle='tooltip' data-placement='right' title='原始值：0.2915'>0.292</span>", "<span data-toggle='tooltip' data-placement='right' title='原始值：1.8935'>1.89</span>", "*", "*", "正常"]]}