{"result": 1, "total": 2, "records": 100, "thead": ["省份", "流域", "断面名称", "监测时间", "水质类别", "水温<br/><span class='unit'>(℃)</span>", "pH<br/><span class='unit'>(无量纲)</span>", "溶解氧<br/><span class='unit'>(mg/L)</span>", "电导率<br/><span class='unit'>(μS/cm)</span>", "浊度<br/><span class='unit'>(NTU)</span>", "高锰酸盐指数<br/><span class='unit'>(mg/L)</span>", "氨氮<br/><span class='unit'>(mg/L)</span>", "总磷<br/><span class='unit'>(mg/L)</span>", "总氮<br/><span class='unit'>(mg/L)</span>", "叶绿素α<br/><span class='unit'>(mg/L)</span>", "藻密度<br/><span class='unit'>(cells/L)</span>", "站点情况"], "tbody": [["北京市", "海河流域", "<span data-toggle='tooltip' data-placement='right' title='所在地市:门头沟区&#10;所属河流:永定河'>沿河城</span>", null, "", "--", "--", "--", "--", "--", "--", "--", "--", "--", "*", "*", "停站"], ["北京市", "淮河流域", "<span data-toggle='tooltip' data-placement='right' title='所在地市:房山区&#10;所属河流:小清河'>八间房漫水桥</span>", "03-11 08:00", "", "<span data-toggle='tooltip' data-placement='right' title='原始值：8.9'>8.9</span>", "<span data-toggle='tooltip' data-placement='right' title='原始值：8.02'>8.02</span>", "<span data-toggle='tooltip' data-placement='right' title='原始值：9.85'>9.85</span>", "<span data-toggle='tooltip' data-placement='right' title='原始值：1106.1'>1106.1</span>", "<span data-toggle='tooltip' data-placement='right' title='原始值：3.43'>3.4</span>", "<span data-toggle='tooltip' data-placement='right' title='极值过滤'>--</span>", "<span data-toggle='tooltip' data-placement='right' title='极值过滤'>--</span>", "<span data-toggle='tooltip' data-placement='right' title='极值过滤'>--</span>", "<span data-toggle='tooltip' data-placement='right' title='极值过滤'>--</span>", "*", "*", "维护"], ["北京市", "海河流域", "<span data-toggle='tooltip' data-placement='right' title='所在地市:密云区&#10;所属河流:潮河'>古北口</span>", null, "", "--", "--", "--", "--", "--", "--", "--", "--", "--", "*", "*", "停站"], ["天津市", "海河流域", "<span data-toggle='tooltip' data-placement='right' title='所在地市:河北区&#10;所属河流:海河'>三岔口</span>", "03-11 08:00", "Ⅱ", "<span data-toggle='tooltip' data-placement='right' title='原始值：8.83'>8.8</span>", "<span data-toggle='tooltip' data-placement='right' title='原始值：7.9479'>7.95</span>", "<span data-toggle='tooltip' data-placement='right' title='原始值：9.549'>9.55</span>", "<span data-toggle='tooltip' data-placement='right' title='原始值：631.187'>631.2</span>", "<span data-toggle='tooltip' data-placement='right' title='原始值：16.473'>16.5</span>", "<span data-toggle='tooltip' data-placement='right' title='原始值：2.06'>2.06</span>", "<span data-toggle='tooltip' data-placement='right' title='原始值：0.33'>0.330</span>", "<span data-toggle='tooltip' data-placement='right' title='原始值：0.0008'>0.001</span>", "<span data-toggle='tooltip' data-placement='right' title='原始值：1.3954'>1.40</span>", "*", "*", "正常"], ["天津市", "海河流域", "<span data-toggle='tooltip' data-placement='right' title='所在地市:蓟州区&#10;所属河流:果河'>果河桥</span>", "03-11 08:00", "Ⅱ", "<span data-toggle='tooltip' data-placement='right' title='原始值：7.6'>7.6</span>", "<span data-toggle='tooltip' data-placement='right' title='原始值：8.21'>8.21</span>", "<span data-toggle='tooltip' data-placement='right' title='原始值：12.421'>12.42</span>", "<span data-toggle='tooltip' data-placement='right' title='原始值：772.17'>772.2</span>", "<span data-toggle='tooltip' data-placement='right' title='原始值：6'>6.0</span>", "<span data-toggle='tooltip' data-placement='right' title='原始值：1.5516'>1.55</span>", "<span data-toggle='tooltip' data-placement='right' title='原始值：0.21'>0.210</span>", "<span data-toggle='tooltip' data-placement='right' title='原始值：0.0499'>0.050</span>", "<span data-toggle='tooltip' data-placement='right' title='原始值：9.8758'>9.88</span>", "*", "*", "正常"], ["河北省", "海河流域", "<span data-toggle='tooltip' data-placement='right' title='所在地市:石家庄市&#10;所属河流:滹沱河'>岗南水库</span>", "03-11 08:00", "Ⅱ", "<span data-toggle='tooltip' data-placement='right' title='原始值：10.98034'>11.0</span>", "<span data-toggle='tooltip' data-placement='right' title='原始值：8.75641'>8.76</span>", "<span data-toggle='tooltip' data-placement='right' title='原始值：14.05104'>14.05</span>", "<span data-toggle='tooltip' data-placement='right' title='原始值：544.8694'>544.9</span>", "<span data-toggle='tooltip' data-placement='right' title='原始值：3.32781'>3.3</span>", "<span data-toggle='tooltip' data-placement='right' title='原始值：2.25105'>2.25</span>", "<span data-toggle='tooltip' data-placement='right' title='原始值：0.06'>0.060</span>", "<span data-toggle='tooltip' data-placement='right' title='原始值：0.00737'>0.007</span>", "<span data-toggle='tooltip' data-placement='right' title='原始值：2.34699'>2.35</span>", "*", "*", "正常"], ["河北省", "海河流域", "<span data-toggle='tooltip' data-placement='right' title='所在地市:张家口市&#10;所属河流:永定河'>八号桥</span>", "03-11 08:00", "Ⅲ", "<span data-toggle='tooltip' data-placement='right' title='原始值：6.59772'>6.6</span>", "<span data-toggle='tooltip' data-placement='right' title='原始值：8.34253'>8.34</span>", "<span data-toggle='tooltip' data-placement='right' title='原始值：10.33345'>10.33</span>", "<span data-toggle='tooltip' data-placement='right' title='原始值：1233.86'>1233.9</span>", "<span data-toggle='tooltip' data-placement='right' title='原始值：36.82913'>36.8</span>", "<span data-toggle='tooltip' data-placement='right' title='原始值：5.25'>5.25</span>", "<span data-toggle='tooltip' data-placement='right' title='原始值：0.72'>0.720</span>", "<span data-toggle='tooltip' data-placement='right' title='原始值：0.183'>0.183</span>", "<span data-toggle='tooltip' data-placement='right' title='原始值：9.325'>9.32</span>", "*", "*", "正常"], ["山西省", "黄河流域", "<span data-toggle='tooltip' data-placement='right' title='所在地市:运城市&#10;所属河流:汾河'>河津大桥</span>", "03-11 08:00", "Ⅳ", "<span data-toggle='tooltip' data-placement='right' title='原始值：13.39154'>13.4</span>", "<span data-toggle='tooltip' data-placement='right' title='原始值：7.83161'>7.83</span>", "<span data-toggle='tooltip' data-placement='right' title='原始值：11.4023'>11.40</span>", "<span data-toggle='tooltip' data-placement='right' title='原始值：1451.749'>1451.7</span>", "<span data-toggle='tooltip' data-placement='right' title='原始值：56.5761'>56.6</span>", "<span data-toggle='tooltip' data-placement='right' title='原始值：6.575'>6.58</span>", "<span data-toggle='tooltip' data-placement='right' title='原始值：0.43'>0.430</span>", "*", "*", "*", "*", "正常"], ["山西省", "黄河流域", "<span data-toggle='tooltip' data-placement='right' title='所在地市:忻州市&#10;所属河流:黄河'>万家寨水库</span>", null, "", "--", "--", "--", "--", "--", "--", "--", "--", "--", "*", "*", "停站"], ["内蒙古自治区", "黄河流域", "<span data-toggle='tooltip' data-placement='right' title='所在地市:包头市&#10;所属河流:黄河'>画匠营子</span>", "03-11 08:00", "Ⅱ", "<span data-toggle='tooltip' data-placement='right' title='原始值：20.19133'>20.2</span>", "<span data-toggle='tooltip' data-placement='right' title='原始值：7.23096'>7.23</span>", "<span data-toggle='tooltip' data-placement='right' title='原始值：9.85505'>9.86</span>", "<span data-toggle='tooltip' data-placement='right' title='极值过滤'>--</span>", "<span data-toggle='tooltip' data-placement='right' title='原始值：216.5718'>216.6</span>", "<span data-toggle='tooltip' data-placement='right' title='原始值：2.12863'>2.13</span>", "<span data-toggle='tooltip' data-placement='right' title='原始值：0.06363'>0.064</span>", "*", "*", "*", "*", "维护"], ["内蒙古自治区", "黄河流域", "<span data-toggle='tooltip' data-placement='right' title='所在地市:乌海市&#10;所属河流:黄河'>海勃湾</span>", "03-11 08:00", "Ⅱ", "<span data-toggle='tooltip' data-placement='right' title='原始值：11.21244'>11.2</span>", "<span data-toggle='tooltip' data-placement='right' title='原始值：8.33279'>8.33</span>", "<span data-toggle='tooltip' data-placement='right' title='原始值：9.07131'>9.07</span>", "<span data-toggle='tooltip' data-placement='right' title='原始值：1166.661'>1166.7</span>", "<span data-toggle='tooltip' data-placement='right' title='原始值：19.8282'>19.8</span>", "<span data-toggle='tooltip' data-placement='right' title='原始值：2.02'>2.02</span>", "<span data-toggle='tooltip' data-placement='right' title='原始值：0.31'>0.310</span>", "*", "*", "*", "*", "正常"], ["内蒙古自治区", "松花江流域", "<span data-toggle='tooltip' data-placement='right' title='所在地市:呼伦贝尔市&#10;所属河流:额尔古纳河'>黑山头</span>", null, "", "--", "--", "--", "--", "--", "--", "--", "--", "--", "*", "*", "停站"], ["辽宁省", "辽河流域", "<span data-toggle='tooltip' data-placement='right' title='所在地市:抚顺市&#10;所属河流:浑河'>大伙房水库</span>", "03-11 04:00", "Ⅱ", "<span data-toggle='tooltip' data-placement='right' title='原始值：5.9236'>5.9</span>", "<span data-toggle='tooltip' data-placement='right' title='原始值：7.92796'>7.93</span>", "<span data-toggle='tooltip' data-placement='right' title='原始值：10.79669'>10.80</span>", "<span data-toggle='tooltip' data-placement='right' title='原始值：322.5093'>322.5</span>", "<span data-toggle='tooltip' data-placement='right' title='原始值：8.2244'>8.2</span>", "<span data-toggle='tooltip' data-placement='right' title='原始值：2.88783'>2.89</span>", "<span data-toggle='tooltip' data-placement='right' title='原始值：0.14'>0.140</span>", "<span data-toggle='tooltip' data-placement='right' title='原始值：0.01451'>0.015</span>", "<span data-toggle='tooltip' data-placement='right' title='原始值：2.8445'>2.84</span>", "<span data-toggle='tooltip' data-placement='right' title='原始值：0.0161'>0.016</span>", "*", "正常"], ["辽宁省", "辽河流域", "<span data-toggle='tooltip' data-placement='right' title='所在地市:丹东市&#10;所属河流:鸭绿江'>江桥</span>", "03-11 08:00", "Ⅱ", "<span data-toggle='tooltip' data-placement='right' title='原始值：6'>6.0</span>", "<span data-toggle='tooltip' data-placement='right' title='原始值：6.26875'>6.27</span>", "<span data-toggle='tooltip' data-placement='right' title='原始值：11.8'>11.80</span>", "<span data-toggle='tooltip' data-placement='right' title='原始值：146'>146.0</span>", "<span data-toggle='tooltip' data-placement='right' title='原始值：5.99805'>6.0</span>", "<span data-toggle='tooltip' data-placement='right' title='原始值：3.05'>3.05</span>", "<span data-toggle='tooltip' data-placement='right' title='原始值：0.0723'>0.072</span>", "<span data-toggle='tooltip' data-placement='right' title='原始值：0.01832'>0.018</span>", "<span data-toggle='tooltip' data-placement='right' title='原始值：1.71099'>1.71</span>", "*", "*", "正常"], ["辽宁省", "辽河流域", "<span data-toggle='tooltip' data-placement='right' title='所在地市:营口市&#10;所属河流:大辽河'>辽河公园</span>", "03-11 08:00", "Ⅴ", "<span data-toggle='tooltip' data-placement='right' title='原始值：6.56796'>6.6</span>", "<span data-toggle='tooltip' data-placement='right' title='原始值：7.65694'>7.66</span>", "<span data-toggle='tooltip' data-placement='right' title='原始值：10.9675'>10.97</span>", "<span data-toggle='tooltip' data-placement='right' title='原始值：13254.83'>13254.8</span>", "<span data-toggle='tooltip' data-placement='right' title='原始值：165.8281'>165.8</span>", "<span data-toggle='tooltip' data-placement='right' title='原始值：7.6796'>7.68</span>", "<span data-toggle='tooltip' data-placement='right' title='原始值：1.6171'>1.617</span>", "<span data-toggle='tooltip' data-placement='right' title='原始值：0.14923'>0.149</span>", "<span data-toggle='tooltip' data-placement='right' title='原始值：6.97545'>6.98</span>", "*", "*", "正常"], ["辽宁省", "辽河流域", "<span data-toggle='tooltip' data-placement='right' title='所在地市:辽阳市&#10;所属河流:太子河'>汤河水库</span>", null, "", "--", "--", "--", "--", "--", "--", "--", "--", "--", "*", "*", "停站"], ["辽宁省", "辽河流域", "<span data-toggle='tooltip' data-placement='right' title='所在地市:盘锦市&#10;所属河流:辽河'>盘锦兴安(兴安)</span>", null, "", "--", "--", "--", "--", "--", "--", "--", "--", "--", "*", "*", "停站"], ["辽宁省", "辽河流域", "<span data-toggle='tooltip' data-placement='right' title='所在地市:铁岭市&#10;所属河流:辽河'>珠尔山</span>", "03-11 08:00", "Ⅲ", "<span data-toggle='tooltip' data-placement='right' title='原始值：2.65875'>2.7</span>", "<span data-toggle='tooltip' data-placement='right' title='原始值：7.7668'>7.77</span>", "<span data-toggle='tooltip' data-placement='right' title='原始值：11.01975'>11.02</span>", "<span data-toggle='tooltip' data-placement='right' title='原始值：501.1124'>501.1</span>", "<span data-toggle='tooltip' data-placement='right' title='原始值：5.44842'>5.4</span>", "<span data-toggle='tooltip' data-placement='right' title='原始值：2.3852'>2.39</span>", "<span data-toggle='tooltip' data-placement='right' title='原始值：0.86'>0.860</span>", "<span data-toggle='tooltip' data-placement='right' title='原始值：0.08478'>0.085</span>", "<span data-toggle='tooltip' data-placement='right' title='极值过滤'>--</span>", "*", "*", "维护"], ["吉林省", "松花江流域", "<span data-toggle='tooltip' data-placement='right' title='所在地市:长春市&#10;所属河流:松花江'>松花江村</span>", null, "", "--", "--", "--", "--", "--", "--", "--", "--", "--", "*", "*", "停站"], ["吉林省", "松花江流域", "<span data-toggle='tooltip' data-placement='right' title='所在地市:白城市&#10;所属河流:嫩江'>白沙滩</span>", "03-11 08:00", "Ⅲ", "<span data-toggle='tooltip' data-placement='right' title='原始值：4.09666'>4.1</span>", "<span data-toggle='tooltip' data-placement='right' title='原始值：6.72796'>6.73</span>", "<span data-toggle='tooltip' data-placement='right' title='原始值：12.48432'>12.48</span>", "<span data-toggle='tooltip' data-placement='right' title='原始值：309.634'>309.6</span>", "<span data-toggle='tooltip' data-placement='right' title='原始值：25.95662'>26.0</span>", "<span data-toggle='tooltip' data-placement='right' title='原始值：5.19363'>5.19</span>", "<span data-toggle='tooltip' data-placement='right' title='原始值：0.09187'>0.092</span>", "<span data-toggle='tooltip' data-placement='right' title='原始值：0.04372'>0.044</span>", "<span data-toggle='tooltip' data-placement='right' title='原始值：1.50623'>1.51</span>", "*", "*", "正常"], ["吉林省", "松花江流域", "<span data-toggle='tooltip' data-placement='right' title='所在地市:延边朝鲜族自治州&#10;所属河流:图们江'>圈河</span>", "03-11 08:00", "Ⅲ", "<span data-toggle='tooltip' data-placement='right' title='原始值：7.3875'>7.4</span>", "<span data-toggle='tooltip' data-placement='right' title='原始值：7.07'>7.07</span>", "<span data-toggle='tooltip' data-placement='right' title='原始值：11.33125'>11.33</span>", "<span data-toggle='tooltip' data-placement='right' title='原始值：288'>288.0</span>", "<span data-toggle='tooltip' data-placement='right' title='原始值：25'>25.0</span>", "<span data-toggle='tooltip' data-placement='right' title='原始值：2.59'>2.59</span>", "<span data-toggle='tooltip' data-placement='right' title='原始值：0.58234'>0.582</span>", "<span data-toggle='tooltip' data-placement='right' title='原始值：0.05016'>0.050</span>", "<span data-toggle='tooltip' data-placement='right' title='原始值：3.13208'>3.13</span>", "*", "*", "正常"], ["黑龙江省", "松花江流域", "<span data-toggle='tooltip' data-placement='right' title='所在地市:大庆市&#10;所属河流:松花江'>肇源</span>", null, "", "--", "--", "--", "--", "--", "--", "--", "--", "--", "*", "*", "停站"], ["黑龙江省", "松花江流域", "<span data-toggle='tooltip' data-placement='right' title='所在地市:佳木斯市&#10;所属河流:乌苏里江'>乌苏镇</span>", null, "", "--", "--", "--", "--", "--", "--", "--", "--", "--", "*", "*", "停站"], ["黑龙江省", "松花江流域", "<span data-toggle='tooltip' data-placement='right' title='所在地市:佳木斯市&#10;所属河流:松花江'>同江</span>", "03-11 08:00", "Ⅲ", "<span data-toggle='tooltip' data-placement='right' title='原始值：1.93927'>1.9</span>", "<span data-toggle='tooltip' data-placement='right' title='原始值：7.42007'>7.42</span>", "<span data-toggle='tooltip' data-placement='right' title='原始值：9.90552'>9.91</span>", "<span data-toggle='tooltip' data-placement='right' title='原始值：340.152'>340.2</span>", "<span data-toggle='tooltip' data-placement='right' title='原始值：11.9644'>12.0</span>", "<span data-toggle='tooltip' data-placement='right' title='原始值：4.8036'>4.80</span>", "<span data-toggle='tooltip' data-placement='right' title='原始值：0.31838'>0.318</span>", "<span data-toggle='tooltip' data-placement='right' title='原始值：0.04517'>0.045</span>", "<span data-toggle='tooltip' data-placement='right' title='原始值：4.51241'>4.51</span>", "*", "*", "正常"], ["黑龙江省", "松花江流域", "<span data-toggle='tooltip' data-placement='right' title='所在地市:黑河市&#10;所属河流:黑龙江'>黑河下(黑河)</span>", null, "", "--", "--", "--", "--", "--", "--", "--", "--", "--", "*", "*", "停站"], ["上海市", "长江流域", "<span data-toggle='tooltip' data-placement='right' title='所在地市:青浦区&#10;所属河流:淀山湖'>急水港桥</span>", "03-11 08:00", "Ⅳ", "<span data-toggle='tooltip' data-placement='right' title='原始值：12.5'>12.5</span>", "<span data-toggle='tooltip' data-placement='right' title='原始值：7.53'>7.53</span>", "<span data-toggle='tooltip' data-placement='right' title='原始值：8.57'>8.57</span>", "<span data-toggle='tooltip' data-placement='right' title='原始值：695'>695.0</span>", "<span data-toggle='tooltip' data-placement='right' title='原始值：72'>72.0</span>", "<span data-toggle='tooltip' data-placement='right' title='原始值：4.875'>4.88</span>", "<span data-toggle='tooltip' data-placement='right' title='原始值：0.42639'>0.426</span>", "<span data-toggle='tooltip' data-placement='right' title='原始值：0.07356'>0.074</span>", "<span data-toggle='tooltip' data-placement='right' title='原始值：3.64153'>3.64</span>", "<span data-toggle='tooltip' data-placement='right' title='原始值：0.00788'>0.008</span>", "<span data-toggle='tooltip' data-placement='right' title='原始值：1477627'>1477627</span>", "正常"], ["江苏省", "长江流域", "<span data-toggle='tooltip' data-placement='right' title='所在地市:南京市&#10;所属河流:长江'>林山</span>", "03-11 08:00", "Ⅲ", "<span data-toggle='tooltip' data-placement='right' title='原始值：12.7684'>12.8</span>", "<span data-toggle='tooltip' data-placement='right' title='原始值：7.9832'>7.98</span>", "<span data-toggle='tooltip' data-placement='right' title='原始值：9.59864'>9.60</span>", "<span data-toggle='tooltip' data-placement='right' title='原始值：368.692'>368.7</span>", "<span data-toggle='tooltip' data-placement='right' title='原始值：26.3626'>26.4</span>", "<span data-toggle='tooltip' data-placement='right' title='原始值：1.39'>1.39</span>", "<span data-toggle='tooltip' data-placement='right' title='原始值：0.503'>0.503</span>", "*", "*", "*", "*", "正常"], ["江苏省", "太湖流域", "<span data-toggle='tooltip' data-placement='right' title='所在地市:无锡市&#10;所属河流:太湖'>沙渚</span>", "03-11 08:00", "Ⅱ", "<span data-toggle='tooltip' data-placement='right' title='原始值：16.36307'>16.4</span>", "<span data-toggle='tooltip' data-placement='right' title='原始值：7.248503'>7.25</span>", "<span data-toggle='tooltip' data-placement='right' title='原始值：9.610512'>9.61</span>", "<span data-toggle='tooltip' data-placement='right' title='原始值：558.4766'>558.5</span>", "<span data-toggle='tooltip' data-placement='right' title='原始值：83.87204'>83.9</span>", "<span data-toggle='tooltip' data-placement='right' title='原始值：3.504052'>3.50</span>", "<span data-toggle='tooltip' data-placement='right' title='原始值：0.22'>0.220</span>", "<span data-toggle='tooltip' data-placement='right' title='原始值：0.0637'>0.064</span>", "<span data-toggle='tooltip' data-placement='right' title='原始值：1.963'>1.96</span>", "<span data-toggle='tooltip' data-placement='right' title='原始值：0.033589'>0.034</span>", "*", "正常"], ["江苏省", "淮河流域", "<span data-toggle='tooltip' data-placement='right' title='所在地市:徐州市&#10;所属河流:武河'>小红圈</span>", "03-11 08:00", "Ⅲ", "<span data-toggle='tooltip' data-placement='right' title='原始值：12.51'>12.5</span>", "<span data-toggle='tooltip' data-placement='right' title='原始值：8.87'>8.87</span>", "<span data-toggle='tooltip' data-placement='right' title='原始值：13.78'>13.78</span>", "<span data-toggle='tooltip' data-placement='right' title='原始值：397'>397.0</span>", "<span data-toggle='tooltip' data-placement='right' title='原始值：64.72'>64.7</span>", "<span data-toggle='tooltip' data-placement='right' title='原始值：4.87'>4.87</span>", "<span data-toggle='tooltip' data-placement='right' title='原始值：0.062'>0.062</span>", "*", "*", "*", "*", "正常"], ["江苏省", "淮河流域", "<span data-toggle='tooltip' data-placement='right' title='所在地市:徐州市&#10;所属河流:沿河'>李集桥</span>", "03-11 08:00", "Ⅲ", "<span data-toggle='tooltip' data-placement='right' title='原始值：11.33'>11.3</span>", "<span data-toggle='tooltip' data-placement='right' title='原始值：7.94'>7.94</span>", "<span data-toggle='tooltip' data-placement='right' title='原始值：11.31'>11.31</span>", "<span data-toggle='tooltip' data-placement='right' title='原始值：1233.7'>1233.7</span>", "<span data-toggle='tooltip' data-placement='right' title='原始值：86.48'>86.5</span>", "<span data-toggle='tooltip' data-placement='right' title='原始值：5.55'>5.55</span>", "<span data-toggle='tooltip' data-placement='right' title='原始值：0.006'>0.006</span>", "<span data-toggle='tooltip' data-placement='right' title='原始值：0.042'>0.042</span>", "<span data-toggle='tooltip' data-placement='right' title='原始值：2.046'>2.05</span>", "*", "*", "正常"], ["江苏省", "淮河流域", "<span data-toggle='tooltip' data-placement='right' title='所在地市:徐州市&#10;所属河流:邳苍分洪道'>艾山西大桥</span>", "03-11 08:00", "Ⅲ", "<span data-toggle='tooltip' data-placement='right' title='原始值：12.011'>12.0</span>", "<span data-toggle='tooltip' data-placement='right' title='原始值：8.43282'>8.43</span>", "<span data-toggle='tooltip' data-placement='right' title='原始值：14.8025'>14.80</span>", "<span data-toggle='tooltip' data-placement='right' title='原始值：761.94'>761.9</span>", "<span data-toggle='tooltip' data-placement='right' title='原始值：10.1745'>10.2</span>", "<span data-toggle='tooltip' data-placement='right' title='原始值：5.07'>5.07</span>", "<span data-toggle='tooltip' data-placement='right' title='原始值：0.08'>0.080</span>", "<span data-toggle='tooltip' data-placement='right' title='原始值：0.04641'>0.046</span>", "<span data-toggle='tooltip' data-placement='right' title='原始值：10.89177'>10.89</span>", "*", "*", "正常"], ["江苏省", "太湖流域", "<span data-toggle='tooltip' data-placement='right' title='所在地市:苏州市&#10;所属河流:太湖'>兰山嘴(老)</span>", "03-11 08:00", "Ⅳ", "<span data-toggle='tooltip' data-placement='right' title='原始值：12.10978'>12.1</span>", "<span data-toggle='tooltip' data-placement='right' title='原始值：7.69974'>7.70</span>", "<span data-toggle='tooltip' data-placement='right' title='原始值：10.21078'>10.21</span>", "<span data-toggle='tooltip' data-placement='right' title='原始值：380.7321'>380.7</span>", "<span data-toggle='tooltip' data-placement='right' title='原始值：181.3843'>181.4</span>", "<span data-toggle='tooltip' data-placement='right' title='原始值：5'>5.00</span>", "<span data-toggle='tooltip' data-placement='right' title='原始值：0.17901'>0.179</span>", "<span data-toggle='tooltip' data-placement='right' title='原始值：0.29463'>0.295</span>", "<span data-toggle='tooltip' data-placement='right' title='原始值：8.48052'>8.48</span>", "<span data-toggle='tooltip' data-placement='right' title='原始值：0.0304'>0.030</span>", "*", "正常"], ["江苏省", "太湖流域", "<span data-toggle='tooltip' data-placement='right' title='所在地市:苏州市&#10;所属河流:太湖'>西山</span>", "03-11 08:00", "Ⅲ", "<span data-toggle='tooltip' data-placement='right' title='原始值：11.85116'>11.9</span>", "<span data-toggle='tooltip' data-placement='right' title='原始值：8.05011'>8.05</span>", "<span data-toggle='tooltip' data-placement='right' title='原始值：10.94691'>10.95</span>", "<span data-toggle='tooltip' data-placement='right' title='原始值：536.7209'>536.7</span>", "<span data-toggle='tooltip' data-placement='right' title='原始值：72.71601'>72.7</span>", "<span data-toggle='tooltip' data-placement='right' title='原始值：1.8'>1.80</span>", "<span data-toggle='tooltip' data-placement='right' title='原始值：0.34'>0.340</span>", "<span data-toggle='tooltip' data-placement='right' title='原始值：0.0329'>0.033</span>", "<span data-toggle='tooltip' data-placement='right' title='原始值：1.477'>1.48</span>", "<span data-toggle='tooltip' data-placement='right' title='原始值：0.00977'>0.010</span>", "*", "正常"], ["江苏省", "淮河流域", "<span data-toggle='tooltip' data-placement='right' title='所在地市:连云港市&#10;所属河流:新沭河'>大兴桥</span>", "03-11 08:00", "Ⅲ", "<span data-toggle='tooltip' data-placement='right' title='原始值：11.6'>11.6</span>", "<span data-toggle='tooltip' data-placement='right' title='原始值：8.67'>8.67</span>", "<span data-toggle='tooltip' data-placement='right' title='原始值：11.57'>11.57</span>", "<span data-toggle='tooltip' data-placement='right' title='原始值：890.8'>890.8</span>", "<span data-toggle='tooltip' data-placement='right' title='原始值：56.44'>56.4</span>", "<span data-toggle='tooltip' data-placement='right' title='原始值：4.65'>4.65</span>", "<span data-toggle='tooltip' data-placement='right' title='原始值：0.346'>0.346</span>", "*", "*", "*", "*", "正常"], ["江苏省", "淮河流域", "<span data-toggle='tooltip' data-placement='right' title='所在地市:淮安市&#10;所属河流:淮河'>淮河大桥</span>", "03-11 08:00", "Ⅱ", "<span data-toggle='tooltip' data-placement='right' title='原始值：11.60593'>11.6</span>", "<span data-toggle='tooltip' data-placement='right' title='原始值：8.39455'>8.39</span>", "<span data-toggle='tooltip' data-placement='right' title='原始值：10.70349'>10.70</span>", "<span data-toggle='tooltip' data-placement='right' title='原始值：694.2505'>694.3</span>", "<span data-toggle='tooltip' data-placement='right' title='原始值：19.26283'>19.3</span>", "<span data-toggle='tooltip' data-placement='right' title='原始值：3.32'>3.32</span>", "<span data-toggle='tooltip' data-placement='right' title='原始值：0.19'>0.190</span>", "<span data-toggle='tooltip' data-placement='right' title='原始值：0.03175'>0.032</span>", "<span data-toggle='tooltip' data-placement='right' title='原始值：2.785'>2.78</span>", "*", "*", "正常"], ["江苏省", "长江流域", "<span data-toggle='tooltip' data-placement='right' title='所在地市:扬州市&#10;所属河流:夹江'>三江营</span>", "03-11 08:00", "Ⅱ", "<span data-toggle='tooltip' data-placement='right' title='原始值：12.93'>12.9</span>", "<span data-toggle='tooltip' data-placement='right' title='原始值：7.97'>7.97</span>", "<span data-toggle='tooltip' data-placement='right' title='原始值：10.02'>10.02</span>", "<span data-toggle='tooltip' data-placement='right' title='原始值：359.41'>359.4</span>", "<span data-toggle='tooltip' data-placement='right' title='原始值：25.34'>25.3</span>", "<span data-toggle='tooltip' data-placement='right' title='原始值：1.83'>1.83</span>", "<span data-toggle='tooltip' data-placement='right' title='原始值：0.069'>0.069</span>", "<span data-toggle='tooltip' data-placement='right' title='原始值：0.079'>0.079</span>", "<span data-toggle='tooltip' data-placement='right' title='原始值：2.009'>2.01</span>", "*", "*", "正常"], ["江苏省", "淮河流域", "<span data-toggle='tooltip' data-placement='right' title='所在地市:宿迁市&#10;所属河流:新濉河'>大屈</span>", "03-11 08:00", "Ⅲ", "<span data-toggle='tooltip' data-placement='right' title='原始值：12.1'>12.1</span>", "<span data-toggle='tooltip' data-placement='right' title='原始值：8.43'>8.43</span>", "<span data-toggle='tooltip' data-placement='right' title='原始值：12.15'>12.15</span>", "<span data-toggle='tooltip' data-placement='right' title='原始值：1005'>1005.0</span>", "<span data-toggle='tooltip' data-placement='right' title='原始值：12.68'>12.7</span>", "<span data-toggle='tooltip' data-placement='right' title='原始值：4.7'>4.70</span>", "<span data-toggle='tooltip' data-placement='right' title='原始值：0.09'>0.090</span>", "<span data-toggle='tooltip' data-placement='right' title='原始值：0.042'>0.042</span>", "<span data-toggle='tooltip' data-placement='right' title='原始值：3.813'>3.81</span>", "*", "*", "正常"], ["浙江省", "浙闽片河流", "<span data-toggle='tooltip' data-placement='right' title='所在地市:杭州市&#10;所属河流:新安江'>街口(鸠坑口)</span>", "03-11 08:00", "Ⅱ", "<span data-toggle='tooltip' data-placement='right' title='原始值：14.43'>14.4</span>", "<span data-toggle='tooltip' data-placement='right' title='原始值：7.29'>7.29</span>", "<span data-toggle='tooltip' data-placement='right' title='原始值：8.81'>8.81</span>", "<span data-toggle='tooltip' data-placement='right' title='原始值：221.24'>221.2</span>", "<span data-toggle='tooltip' data-placement='right' title='原始值：5.4'>5.4</span>", "<span data-toggle='tooltip' data-placement='right' title='原始值：1.868'>1.87</span>", "<span data-toggle='tooltip' data-placement='right' title='原始值：0.14'>0.140</span>", "<span data-toggle='tooltip' data-placement='right' title='原始值：0.034'>0.034</span>", "<span data-toggle='tooltip' data-placement='right' title='原始值：1.377'>1.38</span>", "*", "*", "正常"], ["浙江省", "太湖流域", "<span data-toggle='tooltip' data-placement='right' title='所在地市:嘉兴市&#10;所属河流:斜路港河'>斜路港</span>", "03-11 08:00", "劣Ⅴ", "<span data-toggle='tooltip' data-placement='right' title='原始值：13'>13.0</span>", "<span data-toggle='tooltip' data-placement='right' title='原始值：7.72'>7.72</span>", "<span data-toggle='tooltip' data-placement='right' title='原始值：9.71'>9.71</span>", "<span data-toggle='tooltip' data-placement='right' title='原始值：651'>651.0</span>", "<span data-toggle='tooltip' data-placement='right' title='原始值：92.6'>92.6</span>", "<span data-toggle='tooltip' data-placement='right' title='原始值：11.48'>11.48</span>", "<span data-toggle='tooltip' data-placement='right' title='原始值：1.183'>1.183</span>", "<span data-toggle='tooltip' data-placement='right' title='原始值：0.47723'>0.477</span>", "<span data-toggle='tooltip' data-placement='right' title='原始值：5.037'>5.04</span>", "*", "*", "正常"], ["浙江省", "太湖流域", "<span data-toggle='tooltip' data-placement='right' title='所在地市:嘉兴市&#10;所属河流:京杭运河'>王江泾</span>", "03-11 08:00", "Ⅳ", "<span data-toggle='tooltip' data-placement='right' title='原始值：13.02'>13.0</span>", "<span data-toggle='tooltip' data-placement='right' title='原始值：6.99'>6.99</span>", "<span data-toggle='tooltip' data-placement='right' title='原始值：4.69'>4.69</span>", "<span data-toggle='tooltip' data-placement='right' title='原始值：731.65'>731.6</span>", "<span data-toggle='tooltip' data-placement='right' title='原始值：94.65'>94.6</span>", "<span data-toggle='tooltip' data-placement='right' title='原始值：6.919'>6.92</span>", "<span data-toggle='tooltip' data-placement='right' title='原始值：0.509'>0.509</span>", "<span data-toggle='tooltip' data-placement='right' title='原始值：0.1'>0.100</span>", "<span data-toggle='tooltip' data-placement='right' title='原始值：2.893'>2.89</span>", "*", "*", "正常"], ["浙江省", "太湖流域", "<span data-toggle='tooltip' data-placement='right' title='所在地市:湖州市&#10;所属河流:西苕溪'>新港口(新塘港)</span>", "03-11 08:00", "Ⅲ", "<span data-toggle='tooltip' data-placement='right' title='原始值：12.0732'>12.1</span>", "<span data-toggle='tooltip' data-placement='right' title='原始值：7.77114'>7.77</span>", "<span data-toggle='tooltip' data-placement='right' title='原始值：8.42905'>8.43</span>", "<span data-toggle='tooltip' data-placement='right' title='原始值：399.749'>399.7</span>", "<span data-toggle='tooltip' data-placement='right' title='原始值：81.6404'>81.6</span>", "<span data-toggle='tooltip' data-placement='right' title='原始值：2.29174'>2.29</span>", "<span data-toggle='tooltip' data-placement='right' title='原始值：0.66651'>0.667</span>", "<span data-toggle='tooltip' data-placement='right' title='原始值：0.07001'>0.070</span>", "<span data-toggle='tooltip' data-placement='right' title='原始值：8.96162'>8.96</span>", "<span data-toggle='tooltip' data-placement='right' title='原始值：0.02352'>0.024</span>", "*", "正常"], ["安徽省", "巢湖流域", "<span data-toggle='tooltip' data-placement='right' title='所在地市:合肥市&#10;所属河流:巢湖'>湖滨(老)</span>", "03-11 08:00", "Ⅳ", "<span data-toggle='tooltip' data-placement='right' title='原始值：11.40215'>11.4</span>", "<span data-toggle='tooltip' data-placement='right' title='原始值：6.73453'>6.73</span>", "<span data-toggle='tooltip' data-placement='right' title='原始值：10.61777'>10.62</span>", "<span data-toggle='tooltip' data-placement='right' title='原始值：305.9125'>305.9</span>", "<span data-toggle='tooltip' data-placement='right' title='原始值：81.87257'>81.9</span>", "<span data-toggle='tooltip' data-placement='right' title='原始值：2.94'>2.94</span>", "<span data-toggle='tooltip' data-placement='right' title='原始值：0.3'>0.300</span>", "<span data-toggle='tooltip' data-placement='right' title='原始值：0.0799'>0.080</span>", "<span data-toggle='tooltip' data-placement='right' title='原始值：1.796'>1.80</span>", "<span data-toggle='tooltip' data-placement='right' title='原始值：0.00575'>0.006</span>", "*", "正常"], ["安徽省", "巢湖流域", "<span data-toggle='tooltip' data-placement='right' title='所在地市:芜湖市&#10;所属河流:巢湖'>裕溪口(老)</span>", "03-11 08:00", "Ⅳ", "<span data-toggle='tooltip' data-placement='right' title='原始值：12.48673'>12.5</span>", "<span data-toggle='tooltip' data-placement='right' title='原始值：7.47971'>7.48</span>", "<span data-toggle='tooltip' data-placement='right' title='原始值：8.21561'>8.22</span>", "<span data-toggle='tooltip' data-placement='right' title='原始值：300.7791'>300.8</span>", "<span data-toggle='tooltip' data-placement='right' title='原始值：129.3722'>129.4</span>", "<span data-toggle='tooltip' data-placement='right' title='原始值：3.81'>3.81</span>", "<span data-toggle='tooltip' data-placement='right' title='原始值：0.07'>0.070</span>", "<span data-toggle='tooltip' data-placement='right' title='原始值：0.0957'>0.096</span>", "<span data-toggle='tooltip' data-placement='right' title='原始值：3.401'>3.40</span>", "<span data-toggle='tooltip' data-placement='right' title='原始值：0.03241'>0.032</span>", "*", "正常"], ["安徽省", "淮河流域", "<span data-toggle='tooltip' data-placement='right' title='所在地市:蚌埠市&#10;所属河流:淮河'>蚌埠闸上(蚌埠闸)</span>", "03-11 08:00", "Ⅱ", "<span data-toggle='tooltip' data-placement='right' title='原始值：13.09'>13.1</span>", "<span data-toggle='tooltip' data-placement='right' title='原始值：7.69'>7.69</span>", "<span data-toggle='tooltip' data-placement='right' title='原始值：10.35'>10.35</span>", "<span data-toggle='tooltip' data-placement='right' title='原始值：778.26'>778.3</span>", "<span data-toggle='tooltip' data-placement='right' title='原始值：87.07'>87.1</span>", "<span data-toggle='tooltip' data-placement='right' title='原始值：3.415'>3.42</span>", "<span data-toggle='tooltip' data-placement='right' title='原始值：0.138'>0.138</span>", "<span data-toggle='tooltip' data-placement='right' title='原始值：0.084'>0.084</span>", "<span data-toggle='tooltip' data-placement='right' title='原始值：2.482'>2.48</span>", "*", "*", "正常"], ["安徽省", "淮河流域", "<span data-toggle='tooltip' data-placement='right' title='所在地市:淮南市&#10;所属河流:淮河'>石头埠(老)</span>", "03-11 08:00", "Ⅳ", "<span data-toggle='tooltip' data-placement='right' title='原始值：13.05936'>13.1</span>", "<span data-toggle='tooltip' data-placement='right' title='原始值：6.86173'>6.86</span>", "<span data-toggle='tooltip' data-placement='right' title='原始值：4.52843'>4.53</span>", "<span data-toggle='tooltip' data-placement='right' title='原始值：569.8857'>569.9</span>", "<span data-toggle='tooltip' data-placement='right' title='原始值：28.42419'>28.4</span>", "<span data-toggle='tooltip' data-placement='right' title='原始值：3.92'>3.92</span>", "<span data-toggle='tooltip' data-placement='right' title='原始值：0.23'>0.230</span>", "*", "*", "*", "*", "正常"], ["安徽省", "淮河流域", "<span data-toggle='tooltip' data-placement='right' title='所在地市:淮北市&#10;所属河流:沱河'>小王桥</span>", "03-11 08:00", "Ⅲ", "<span data-toggle='tooltip' data-placement='right' title='原始值：11.01'>11.0</span>", "<span data-toggle='tooltip' data-placement='right' title='原始值：7.99'>7.99</span>", "<span data-toggle='tooltip' data-placement='right' title='原始值：7.41'>7.41</span>", "<span data-toggle='tooltip' data-placement='right' title='原始值：1691.32'>1691.3</span>", "<span data-toggle='tooltip' data-placement='right' title='原始值：17.87'>17.9</span>", "<span data-toggle='tooltip' data-placement='right' title='原始值：5.261'>5.26</span>", "<span data-toggle='tooltip' data-placement='right' title='原始值：0.041'>0.041</span>", "<span data-toggle='tooltip' data-placement='right' title='原始值：0.062'>0.062</span>", "<span data-toggle='tooltip' data-placement='right' title='原始值：1.273'>1.27</span>", "*", "*", "正常"], ["安徽省", "长江流域", "<span data-toggle='tooltip' data-placement='right' title='所在地市:安庆市&#10;所属河流:长江'>皖河口</span>", "03-11 08:00", "Ⅱ", "<span data-toggle='tooltip' data-placement='right' title='原始值：13.14'>13.1</span>", "<span data-toggle='tooltip' data-placement='right' title='原始值：7.671'>7.67</span>", "<span data-toggle='tooltip' data-placement='right' title='原始值：9.23'>9.23</span>", "<span data-toggle='tooltip' data-placement='right' title='原始值：321.08'>321.1</span>", "<span data-toggle='tooltip' data-placement='right' title='原始值：38.59'>38.6</span>", "<span data-toggle='tooltip' data-placement='right' title='原始值：1.756'>1.76</span>", "<span data-toggle='tooltip' data-placement='right' title='原始值：0.053'>0.053</span>", "<span data-toggle='tooltip' data-placement='right' title='原始值：0.0634'>0.063</span>", "<span data-toggle='tooltip' data-placement='right' title='原始值：2.246'>2.25</span>", "*", "*", "正常"], ["安徽省", "淮河流域", "<span data-toggle='tooltip' data-placement='right' title='所在地市:滁州市&#10;所属河流:淮河'>小柳巷</span>", null, "", "--", "--", "--", "--", "--", "--", "--", "--", "--", "*", "*", "维护"], ["安徽省", "淮河流域", "<span data-toggle='tooltip' data-placement='right' title='所在地市:阜阳市&#10;所属河流:黑茨河'>张大桥</span>", "03-11 08:00", "Ⅲ", "<span data-toggle='tooltip' data-placement='right' title='原始值：11.4'>11.4</span>", "<span data-toggle='tooltip' data-placement='right' title='原始值：8.51'>8.51</span>", "<span data-toggle='tooltip' data-placement='right' title='原始值：13.37'>13.37</span>", "<span data-toggle='tooltip' data-placement='right' title='原始值：2274.8'>2274.8</span>", "<span data-toggle='tooltip' data-placement='right' title='原始值：5.12'>5.1</span>", "<span data-toggle='tooltip' data-placement='right' title='原始值：5.07'>5.07</span>", "<span data-toggle='tooltip' data-placement='right' title='原始值：0.02'>0.020</span>", "<span data-toggle='tooltip' data-placement='right' title='原始值：0.119'>0.119</span>", "<span data-toggle='tooltip' data-placement='right' title='原始值：9.676'>9.68</span>", "*", "*", "正常"], ["安徽省", "淮河流域", "<span data-toggle='tooltip' data-placement='right' title='所在地市:阜阳市&#10;所属河流:淮河'>王家坝</span>", "03-11 08:00", "Ⅲ", "<span data-toggle='tooltip' data-placement='right' title='原始值：8.62657'>8.6</span>", "<span data-toggle='tooltip' data-placement='right' title='原始值：7.32345'>7.32</span>", "<span data-toggle='tooltip' data-placement='right' title='原始值：9.74415'>9.74</span>", "<span data-toggle='tooltip' data-placement='right' title='原始值：457.4424'>457.4</span>", "<span data-toggle='tooltip' data-placement='right' title='原始值：14.70226'>14.7</span>", "<span data-toggle='tooltip' data-placement='right' title='原始值：4.08'>4.08</span>", "<span data-toggle='tooltip' data-placement='right' title='原始值：0.552'>0.552</span>", "<span data-toggle='tooltip' data-placement='right' title='原始值：0.08852'>0.089</span>", "<span data-toggle='tooltip' data-placement='right' title='原始值：2.53453'>2.53</span>", "*", "*", "正常"], ["安徽省", "淮河流域", "<span data-toggle='tooltip' data-placement='right' title='所在地市:阜阳市&#10;所属河流:颍河'>界首七渡口(七渡口)</span>", "03-11 08:00", "Ⅲ", "<span data-toggle='tooltip' data-placement='right' title='原始值：11.1146'>11.1</span>", "<span data-toggle='tooltip' data-placement='right' title='原始值：8.06879'>8.07</span>", "<span data-toggle='tooltip' data-placement='right' title='原始值：6.67007'>6.67</span>", "<span data-toggle='tooltip' data-placement='right' title='原始值：797.2137'>797.2</span>", "<span data-toggle='tooltip' data-placement='right' title='原始值：17.46718'>17.5</span>", "<span data-toggle='tooltip' data-placement='right' title='原始值：4.09'>4.09</span>", "<span data-toggle='tooltip' data-placement='right' title='原始值：0.14'>0.140</span>", "<span data-toggle='tooltip' data-placement='right' title='原始值：0.10709'>0.107</span>", "<span data-toggle='tooltip' data-placement='right' title='原始值：4.98061'>4.98</span>", "*", "*", "正常"], ["安徽省", "淮河流域", "<span data-toggle='tooltip' data-placement='right' title='所在地市:阜阳市&#10;所属河流:泉河'>许庄(徐庄)</span>", "03-11 08:00", "Ⅲ", "<span data-toggle='tooltip' data-placement='right' title='原始值：12.3'>12.3</span>", "<span data-toggle='tooltip' data-placement='right' title='原始值：7.74'>7.74</span>", "<span data-toggle='tooltip' data-placement='right' title='原始值：10.14'>10.14</span>", "<span data-toggle='tooltip' data-placement='right' title='原始值：1007.1'>1007.1</span>", "<span data-toggle='tooltip' data-placement='right' title='原始值：21.11'>21.1</span>", "<span data-toggle='tooltip' data-placement='right' title='原始值：4.33'>4.33</span>", "<span data-toggle='tooltip' data-placement='right' title='原始值：0.02'>0.020</span>", "<span data-toggle='tooltip' data-placement='right' title='原始值：0.028'>0.028</span>", "<span data-toggle='tooltip' data-placement='right' title='原始值：2.592'>2.59</span>", "*", "*", "正常"], ["安徽省", "淮河流域", "<span data-toggle='tooltip' data-placement='right' title='所在地市:宿州市&#10;所属河流:奎河'>杨庄</span>", "03-11 08:00", "Ⅲ", "<span data-toggle='tooltip' data-placement='right' title='原始值：13.03'>13.0</span>", "<span data-toggle='tooltip' data-placement='right' title='原始值：7.39'>7.39</span>", "<span data-toggle='tooltip' data-placement='right' title='原始值：9.47'>9.47</span>", "<span data-toggle='tooltip' data-placement='right' title='原始值：1034.9'>1034.9</span>", "<span data-toggle='tooltip' data-placement='right' title='原始值：61.17'>61.2</span>", "<span data-toggle='tooltip' data-placement='right' title='原始值：4.66'>4.66</span>", "<span data-toggle='tooltip' data-placement='right' title='原始值：0.592'>0.592</span>", "*", "*", "*", "*", "正常"], ["安徽省", "淮河流域", "<span data-toggle='tooltip' data-placement='right' title='所在地市:宿州市&#10;所属河流:新汴河'>泗县公路桥</span>", "03-11 04:00", "", "<span data-toggle='tooltip' data-placement='right' title='原始值：12.2'>12.2</span>", "<span data-toggle='tooltip' data-placement='right' title='原始值：8.26'>8.26</span>", "<span data-toggle='tooltip' data-placement='right' title='原始值：9.92'>9.92</span>", "<span data-toggle='tooltip' data-placement='right' title='原始值：954.4'>954.4</span>", "<span data-toggle='tooltip' data-placement='right' title='原始值：47.73'>47.7</span>", "<span data-toggle='tooltip' data-placement='right' title='原始值：2.84'>2.84</span>", "<span data-toggle='tooltip' data-placement='right' title='极值过滤'>--</span>", "*", "*", "*", "*", "维护"], ["安徽省", "淮河流域", "<span data-toggle='tooltip' data-placement='right' title='所在地市:亳州市&#10;所属河流:包河'>颜集</span>", "03-11 08:00", "Ⅲ", "<span data-toggle='tooltip' data-placement='right' title='原始值：11.3'>11.3</span>", "<span data-toggle='tooltip' data-placement='right' title='原始值：8.18'>8.18</span>", "<span data-toggle='tooltip' data-placement='right' title='原始值：10.39'>10.39</span>", "<span data-toggle='tooltip' data-placement='right' title='原始值：1592.2'>1592.2</span>", "<span data-toggle='tooltip' data-placement='right' title='原始值：84.62'>84.6</span>", "<span data-toggle='tooltip' data-placement='right' title='原始值：4.33'>4.33</span>", "<span data-toggle='tooltip' data-placement='right' title='原始值：0.39'>0.390</span>", "<span data-toggle='tooltip' data-placement='right' title='原始值：0.17'>0.170</span>", "<span data-toggle='tooltip' data-placement='right' title='原始值：5.237'>5.24</span>", "*", "*", "正常"], ["福建省", "浙闽片河流", "<span data-toggle='tooltip' data-placement='right' title='所在地市:福州市&#10;所属河流:闽江'>白岩潭</span>", "03-11 08:00", "Ⅱ", "<span data-toggle='tooltip' data-placement='right' title='原始值：16.3'>16.3</span>", "<span data-toggle='tooltip' data-placement='right' title='原始值：7.24'>7.24</span>", "<span data-toggle='tooltip' data-placement='right' title='原始值：8.39'>8.39</span>", "<span data-toggle='tooltip' data-placement='right' title='原始值：262.4'>262.4</span>", "<span data-toggle='tooltip' data-placement='right' title='原始值：96.13'>96.1</span>", "<span data-toggle='tooltip' data-placement='right' title='原始值：1.22'>1.22</span>", "<span data-toggle='tooltip' data-placement='right' title='原始值：0.292'>0.292</span>", "*", "*", "*", "*", "正常"], ["江西省", "长江流域", "<span data-toggle='tooltip' data-placement='right' title='所在地市:南昌市&#10;所属河流:赣江南支'>滁槎</span>", "03-11 08:00", "Ⅱ", "<span data-toggle='tooltip' data-placement='right' title='原始值：13.41404'>13.4</span>", "<span data-toggle='tooltip' data-placement='right' title='原始值：6.79682'>6.80</span>", "<span data-toggle='tooltip' data-placement='right' title='原始值：8.42422'>8.42</span>", "<span data-toggle='tooltip' data-placement='right' title='原始值：73.97601'>74.0</span>", "<span data-toggle='tooltip' data-placement='right' title='原始值：41.48531'>41.5</span>", "<span data-toggle='tooltip' data-placement='right' title='原始值：2.64'>2.64</span>", "<span data-toggle='tooltip' data-placement='right' title='原始值：0.45'>0.450</span>", "<span data-toggle='tooltip' data-placement='right' title='原始值：0.07525'>0.075</span>", "<span data-toggle='tooltip' data-placement='right' title='原始值：2.1145'>2.11</span>", "*", "*", "正常"], ["江西省", "长江流域", "<span data-toggle='tooltip' data-placement='right' title='所在地市:九江市&#10;所属河流:长江'>姚港(河西水厂)</span>", "03-11 08:00", "Ⅱ", "<span data-toggle='tooltip' data-placement='right' title='原始值：12.98'>13.0</span>", "<span data-toggle='tooltip' data-placement='right' title='原始值：7.57'>7.57</span>", "<span data-toggle='tooltip' data-placement='right' title='原始值：9.87'>9.87</span>", "<span data-toggle='tooltip' data-placement='right' title='原始值：365.41'>365.4</span>", "<span data-toggle='tooltip' data-placement='right' title='原始值：36.75'>36.8</span>", "<span data-toggle='tooltip' data-placement='right' title='原始值：0.997'>1.00</span>", "<span data-toggle='tooltip' data-placement='right' title='原始值：0.086'>0.086</span>", "<span data-toggle='tooltip' data-placement='right' title='原始值：0.084'>0.084</span>", "<span data-toggle='tooltip' data-placement='right' title='原始值：2.107'>2.11</span>", "*", "*", "正常"], ["江西省", "长江流域", "<span data-toggle='tooltip' data-placement='right' title='所在地市:九江市&#10;所属河流:鄱阳湖'>蛤蟆石</span>", "03-11 08:00", "Ⅳ", "<span data-toggle='tooltip' data-placement='right' title='原始值：13.03'>13.0</span>", "<span data-toggle='tooltip' data-placement='right' title='原始值：7.41'>7.41</span>", "<span data-toggle='tooltip' data-placement='right' title='原始值：9.71'>9.71</span>", "<span data-toggle='tooltip' data-placement='right' title='原始值：212.59'>212.6</span>", "<span data-toggle='tooltip' data-placement='right' title='原始值：32.75'>32.8</span>", "<span data-toggle='tooltip' data-placement='right' title='原始值：1.97'>1.97</span>", "<span data-toggle='tooltip' data-placement='right' title='原始值：0.181'>0.181</span>", "<span data-toggle='tooltip' data-placement='right' title='原始值：0.0597'>0.060</span>", "<span data-toggle='tooltip' data-placement='right' title='原始值：1.991'>1.99</span>", "<span data-toggle='tooltip' data-placement='right' title='原始值：0.00102'>0.001</span>", "<span data-toggle='tooltip' data-placement='right' title='原始值：1781057'>1781057</span>", "正常"], ["山东省", "黄河流域", "<span data-toggle='tooltip' data-placement='right' title='所在地市:济南市&#10;所属河流:黄河'>泺口</span>", "03-11 08:00", "Ⅱ", "<span data-toggle='tooltip' data-placement='right' title='原始值：9.47659'>9.5</span>", "<span data-toggle='tooltip' data-placement='right' title='原始值：8.42347'>8.42</span>", "<span data-toggle='tooltip' data-placement='right' title='原始值：11.5505'>11.55</span>", "<span data-toggle='tooltip' data-placement='right' title='原始值：1085.21'>1085.2</span>", "<span data-toggle='tooltip' data-placement='right' title='原始值：644.793'>644.8</span>", "<span data-toggle='tooltip' data-placement='right' title='原始值：2.98'>2.98</span>", "<span data-toggle='tooltip' data-placement='right' title='原始值：0.13459'>0.135</span>", "<span data-toggle='tooltip' data-placement='right' title='原始值：0.00538'>0.005</span>", "<span data-toggle='tooltip' data-placement='right' title='原始值：4.352'>4.35</span>", "*", "*", "正常"], ["山东省", "淮河流域", "<span data-toggle='tooltip' data-placement='right' title='所在地市:枣庄市&#10;所属河流:京杭大运河（韩庄运河）'>台儿庄大桥</span>", "03-11 08:00", "Ⅲ", "<span data-toggle='tooltip' data-placement='right' title='原始值：10.34016'>10.3</span>", "<span data-toggle='tooltip' data-placement='right' title='原始值：8.03721'>8.04</span>", "<span data-toggle='tooltip' data-placement='right' title='原始值：11.34093'>11.34</span>", "<span data-toggle='tooltip' data-placement='right' title='原始值：792.3862'>792.4</span>", "<span data-toggle='tooltip' data-placement='right' title='原始值：13.6228'>13.6</span>", "<span data-toggle='tooltip' data-placement='right' title='原始值：4.03878'>4.04</span>", "<span data-toggle='tooltip' data-placement='right' title='原始值：0.28609'>0.286</span>", "<span data-toggle='tooltip' data-placement='right' title='原始值：0.0512'>0.051</span>", "<span data-toggle='tooltip' data-placement='right' title='原始值：4.23537'>4.24</span>", "*", "*", "正常"], ["山东省", "淮河流域", "<span data-toggle='tooltip' data-placement='right' title='所在地市:临沂市&#10;所属河流:沭河'>清泉寺</span>", "03-11 08:00", "Ⅳ", "<span data-toggle='tooltip' data-placement='right' title='原始值：16.62489'>16.6</span>", "<span data-toggle='tooltip' data-placement='right' title='原始值：7.68801'>7.69</span>", "<span data-toggle='tooltip' data-placement='right' title='原始值：8.10702'>8.11</span>", "<span data-toggle='tooltip' data-placement='right' title='原始值：1220.811'>1220.8</span>", "<span data-toggle='tooltip' data-placement='right' title='原始值：57.50435'>57.5</span>", "<span data-toggle='tooltip' data-placement='right' title='原始值：6.27'>6.27</span>", "<span data-toggle='tooltip' data-placement='right' title='原始值：0.25'>0.250</span>", "*", "*", "*", "*", "正常"], ["山东省", "淮河流域", "<span data-toggle='tooltip' data-placement='right' title='所在地市:临沂市&#10;所属河流:沂河'>重坊桥</span>", "03-11 08:00", "Ⅲ", "<span data-toggle='tooltip' data-placement='right' title='原始值：12.95794'>13.0</span>", "<span data-toggle='tooltip' data-placement='right' title='原始值：7.31439'>7.31</span>", "<span data-toggle='tooltip' data-placement='right' title='原始值：10.86767'>10.87</span>", "<span data-toggle='tooltip' data-placement='right' title='原始值：774.4486'>774.4</span>", "<span data-toggle='tooltip' data-placement='right' title='原始值：5.8243'>5.8</span>", "<span data-toggle='tooltip' data-placement='right' title='原始值：4.14'>4.14</span>", "<span data-toggle='tooltip' data-placement='right' title='原始值：0.06736'>0.067</span>", "*", "*", "*", "*", "正常"], ["山东省", "淮河流域", "<span data-toggle='tooltip' data-placement='right' title='所在地市:临沂市&#10;所属河流:白马河'>捷庄(涝沟桥)</span>", "03-11 08:00", "Ⅲ", "<span data-toggle='tooltip' data-placement='right' title='原始值：10.10001'>10.1</span>", "<span data-toggle='tooltip' data-placement='right' title='原始值：7.29'>7.29</span>", "<span data-toggle='tooltip' data-placement='right' title='原始值：7.70968'>7.71</span>", "<span data-toggle='tooltip' data-placement='right' title='原始值：1022'>1022.0</span>", "<span data-toggle='tooltip' data-placement='right' title='原始值：8.75396'>8.8</span>", "<span data-toggle='tooltip' data-placement='right' title='原始值：5.62'>5.62</span>", "<span data-toggle='tooltip' data-placement='right' title='原始值：0.41778'>0.418</span>", "<span data-toggle='tooltip' data-placement='right' title='原始值：0.13128'>0.131</span>", "<span data-toggle='tooltip' data-placement='right' title='原始值：12.26531'>12.27</span>", "*", "*", "正常"], ["山东省", "海河流域", "<span data-toggle='tooltip' data-placement='right' title='所在地市:聊城市&#10;所属河流:卫运河'>秤勾湾(秤钩湾)</span>", null, "", "--", "--", "--", "--", "--", "--", "--", "--", "--", "*", "*", "停站"], ["河南省", "长江流域", "<span data-toggle='tooltip' data-placement='right' title='所在地市:南阳市&#10;所属河流:丹江口水库'>陶岔</span>", "03-11 08:00", "Ⅱ", "<span data-toggle='tooltip' data-placement='right' title='原始值：16.32'>16.3</span>", "<span data-toggle='tooltip' data-placement='right' title='原始值：7.91977'>7.92</span>", "<span data-toggle='tooltip' data-placement='right' title='原始值：8.65061'>8.65</span>", "<span data-toggle='tooltip' data-placement='right' title='原始值：274.9343'>274.9</span>", "<span data-toggle='tooltip' data-placement='right' title='原始值：3.36406'>3.4</span>", "<span data-toggle='tooltip' data-placement='right' title='原始值：2.07'>2.07</span>", "<span data-toggle='tooltip' data-placement='right' title='原始值：0.02106'>0.021</span>", "<span data-toggle='tooltip' data-placement='right' title='原始值：0.00734'>0.007</span>", "<span data-toggle='tooltip' data-placement='right' title='原始值：1.03919'>1.04</span>", "<span data-toggle='tooltip' data-placement='right' title='原始值：0.00474'>0.005</span>", "<span data-toggle='tooltip' data-placement='right' title='原始值：169463.8'>169464</span>", "正常"], ["河南省", "淮河流域", "<span data-toggle='tooltip' data-placement='right' title='所在地市:商丘市&#10;所属河流:浍河'>黄口</span>", "03-11 08:00", "Ⅱ", "<span data-toggle='tooltip' data-placement='right' title='原始值：12'>12.0</span>", "<span data-toggle='tooltip' data-placement='right' title='原始值：7.82'>7.82</span>", "<span data-toggle='tooltip' data-placement='right' title='原始值：11.25983'>11.26</span>", "<span data-toggle='tooltip' data-placement='right' title='原始值：2492.5'>2492.5</span>", "<span data-toggle='tooltip' data-placement='right' title='原始值：41.54523'>41.5</span>", "<span data-toggle='tooltip' data-placement='right' title='原始值：3.57'>3.57</span>", "<span data-toggle='tooltip' data-placement='right' title='原始值：0.48069'>0.481</span>", "<span data-toggle='tooltip' data-placement='right' title='原始值：0.0999'>0.100</span>", "<span data-toggle='tooltip' data-placement='right' title='原始值：1.94496'>1.94</span>", "*", "*", "正常"], ["河南省", "淮河流域", "<span data-toggle='tooltip' data-placement='right' title='所在地市:信阳市&#10;所属河流:史灌河'>蒋集</span>", null, "", "--", "--", "--", "--", "--", "--", "--", "--", "--", "*", "*", "停站"], ["河南省", "淮河流域", "<span data-toggle='tooltip' data-placement='right' title='所在地市:信阳市&#10;所属河流:淮河'>息县大埠口</span>", null, "", "*", "--", "*", "*", "*", "*", "*", "*", "*", "*", "*", "维护"], ["河南省", "淮河流域", "<span data-toggle='tooltip' data-placement='right' title='所在地市:信阳市&#10;所属河流:淮河'>淮滨水文站(淮滨)</span>", "03-11 08:00", "Ⅲ", "<span data-toggle='tooltip' data-placement='right' title='原始值：11.79999'>11.8</span>", "<span data-toggle='tooltip' data-placement='right' title='原始值：7.25'>7.25</span>", "<span data-toggle='tooltip' data-placement='right' title='原始值：10.01'>10.01</span>", "<span data-toggle='tooltip' data-placement='right' title='原始值：331.25'>331.2</span>", "<span data-toggle='tooltip' data-placement='right' title='原始值：58.09008'>58.1</span>", "<span data-toggle='tooltip' data-placement='right' title='原始值：2.9741'>2.97</span>", "<span data-toggle='tooltip' data-placement='right' title='原始值：0.96752'>0.968</span>", "<span data-toggle='tooltip' data-placement='right' title='原始值：0.10018'>0.100</span>", "<span data-toggle='tooltip' data-placement='right' title='原始值：1.7902'>1.79</span>", "*", "*", "正常"], ["河南省", "淮河流域", "<span data-toggle='tooltip' data-placement='right' title='所在地市:周口市&#10;所属河流:沙河'>沈丘闸</span>", "03-11 08:00", "", "<span data-toggle='tooltip' data-placement='right' title='原始值：10.49944'>10.5</span>", "<span data-toggle='tooltip' data-placement='right' title='原始值：7.56667'>7.57</span>", "<span data-toggle='tooltip' data-placement='right' title='原始值：7.02017'>7.02</span>", "<span data-toggle='tooltip' data-placement='right' title='原始值：904.4'>904.4</span>", "<span data-toggle='tooltip' data-placement='right' title='原始值：12.22514'>12.2</span>", "<span data-toggle='tooltip' data-placement='right' title='原始值：4.445'>4.44</span>", "<span data-toggle='tooltip' data-placement='right' title='极值过滤'>--</span>", "*", "*", "*", "*", "维护"], ["河南省", "淮河流域", "<span data-toggle='tooltip' data-placement='right' title='所在地市:周口市&#10;所属河流:涡河'>鹿邑付桥(鹿邑付桥闸)</span>", "03-11 08:00", "Ⅲ", "<span data-toggle='tooltip' data-placement='right' title='原始值：13.14263'>13.1</span>", "<span data-toggle='tooltip' data-placement='right' title='原始值：8.6464'>8.65</span>", "<span data-toggle='tooltip' data-placement='right' title='原始值：12.98058'>12.98</span>", "<span data-toggle='tooltip' data-placement='right' title='原始值：1550.534'>1550.5</span>", "<span data-toggle='tooltip' data-placement='right' title='原始值：2.64365'>2.6</span>", "<span data-toggle='tooltip' data-placement='right' title='原始值：5.135'>5.14</span>", "<span data-toggle='tooltip' data-placement='right' title='原始值：0.06'>0.060</span>", "<span data-toggle='tooltip' data-placement='right' title='原始值：0.0464'>0.046</span>", "<span data-toggle='tooltip' data-placement='right' title='原始值：0.68667'>0.69</span>", "*", "*", "正常"], ["河南省", "淮河流域", "<span data-toggle='tooltip' data-placement='right' title='所在地市:驻马店市&#10;所属河流:洪河'>新蔡班台(班台)</span>", "03-11 08:00", "Ⅲ", "<span data-toggle='tooltip' data-placement='right' title='原始值：15.58707'>15.6</span>", "<span data-toggle='tooltip' data-placement='right' title='原始值：7.73933'>7.74</span>", "<span data-toggle='tooltip' data-placement='right' title='原始值：9.05133'>9.05</span>", "<span data-toggle='tooltip' data-placement='right' title='原始值：546.105'>546.1</span>", "<span data-toggle='tooltip' data-placement='right' title='原始值：6.40258'>6.4</span>", "<span data-toggle='tooltip' data-placement='right' title='原始值：4.18'>4.18</span>", "<span data-toggle='tooltip' data-placement='right' title='原始值：0.71'>0.710</span>", "<span data-toggle='tooltip' data-placement='right' title='原始值：0.14202'>0.142</span>", "<span data-toggle='tooltip' data-placement='right' title='原始值：4.29841'>4.30</span>", "*", "*", "正常"], ["河南省", "黄河流域", "<span data-toggle='tooltip' data-placement='right' title='所在地市:济源市&#10;所属河流:黄河'>小浪底水库(小浪底)</span>", "03-11 04:00", "Ⅱ", "<span data-toggle='tooltip' data-placement='right' title='原始值：6.7872'>6.8</span>", "<span data-toggle='tooltip' data-placement='right' title='原始值：8.29948'>8.30</span>", "<span data-toggle='tooltip' data-placement='right' title='原始值：16.37346'>16.37</span>", "<span data-toggle='tooltip' data-placement='right' title='原始值：851.8936'>851.9</span>", "<span data-toggle='tooltip' data-placement='right' title='原始值：5.74519'>5.7</span>", "<span data-toggle='tooltip' data-placement='right' title='原始值：1.39'>1.39</span>", "<span data-toggle='tooltip' data-placement='right' title='原始值：0.15'>0.150</span>", "<span data-toggle='tooltip' data-placement='right' title='原始值：0.0355'>0.036</span>", "<span data-toggle='tooltip' data-placement='right' title='原始值：3.8525'>3.85</span>", "*", "*", "正常"], ["湖北省", "长江流域", "<span data-toggle='tooltip' data-placement='right' title='所在地市:武汉市&#10;所属河流:汉江'>宗关</span>", "03-11 08:00", "Ⅱ", "<span data-toggle='tooltip' data-placement='right' title='原始值：12.42'>12.4</span>", "<span data-toggle='tooltip' data-placement='right' title='原始值：7.83412'>7.83</span>", "<span data-toggle='tooltip' data-placement='right' title='原始值：10.32517'>10.33</span>", "<span data-toggle='tooltip' data-placement='right' title='原始值：324.7919'>324.8</span>", "<span data-toggle='tooltip' data-placement='right' title='原始值：14.8769'>14.9</span>", "<span data-toggle='tooltip' data-placement='right' title='原始值：1.93'>1.93</span>", "<span data-toggle='tooltip' data-placement='right' title='原始值：0.117'>0.117</span>", "<span data-toggle='tooltip' data-placement='right' title='原始值：0.043'>0.043</span>", "<span data-toggle='tooltip' data-placement='right' title='原始值：2.424277'>2.42</span>", "<span data-toggle='tooltip' data-placement='right' title='原始值：0.0014922'>0.001</span>", "*", "正常"], ["湖北省", "长江流域", "<span data-toggle='tooltip' data-placement='right' title='所在地市:十堰市&#10;所属河流:丹江口水库'>坝上中(胡家岭)</span>", "03-11 08:00", "Ⅱ", "<span data-toggle='tooltip' data-placement='right' title='原始值：11.01'>11.0</span>", "<span data-toggle='tooltip' data-placement='right' title='原始值：8.17001'>8.17</span>", "<span data-toggle='tooltip' data-placement='right' title='原始值：11.08299'>11.08</span>", "<span data-toggle='tooltip' data-placement='right' title='原始值：258.088'>258.1</span>", "<span data-toggle='tooltip' data-placement='right' title='原始值：5.943296'>5.9</span>", "<span data-toggle='tooltip' data-placement='right' title='原始值：2.17'>2.17</span>", "<span data-toggle='tooltip' data-placement='right' title='原始值：0.076'>0.076</span>", "<span data-toggle='tooltip' data-placement='right' title='原始值：0.016'>0.016</span>", "<span data-toggle='tooltip' data-placement='right' title='原始值：1.2649'>1.26</span>", "<span data-toggle='tooltip' data-placement='right' title='原始值：0.0112573'>0.011</span>", "<span data-toggle='tooltip' data-placement='right' title='原始值：6717000'>6717000</span>", "正常"], ["湖北省", "长江流域", "<span data-toggle='tooltip' data-placement='right' title='所在地市:宜昌市&#10;所属河流:长江'>南津关</span>", "03-11 08:00", "劣Ⅴ", "<span data-toggle='tooltip' data-placement='right' title='原始值：12.83'>12.8</span>", "<span data-toggle='tooltip' data-placement='right' title='原始值：7.920861'>7.92</span>", "<span data-toggle='tooltip' data-placement='right' title='原始值：9.396454'>9.40</span>", "<span data-toggle='tooltip' data-placement='right' title='原始值：427.958'>428.0</span>", "<span data-toggle='tooltip' data-placement='right' title='原始值：4.418148'>4.4</span>", "<span data-toggle='tooltip' data-placement='right' title='原始值：1.07'>1.07</span>", "<span data-toggle='tooltip' data-placement='right' title='原始值：0.074'>0.074</span>", "<span data-toggle='tooltip' data-placement='right' title='原始值：2.536'>2.536</span>", "<span data-toggle='tooltip' data-placement='right' title='原始值：1.836'>1.84</span>", "<span data-toggle='tooltip' data-placement='right' title='原始值：0.0066972'>0.007</span>", "*", "正常"], ["湖南省", "长江流域", "<span data-toggle='tooltip' data-placement='right' title='所在地市:长沙市&#10;所属河流:湘江'>新港</span>", "03-11 08:00", "Ⅱ", "<span data-toggle='tooltip' data-placement='right' title='原始值：13.32'>13.3</span>", "<span data-toggle='tooltip' data-placement='right' title='原始值：7.08'>7.08</span>", "<span data-toggle='tooltip' data-placement='right' title='原始值：8.5'>8.50</span>", "<span data-toggle='tooltip' data-placement='right' title='原始值：268.53'>268.5</span>", "<span data-toggle='tooltip' data-placement='right' title='原始值：56.45'>56.4</span>", "<span data-toggle='tooltip' data-placement='right' title='原始值：2.63'>2.63</span>", "<span data-toggle='tooltip' data-placement='right' title='原始值：0.28'>0.280</span>", "<span data-toggle='tooltip' data-placement='right' title='原始值：0.041'>0.041</span>", "<span data-toggle='tooltip' data-placement='right' title='原始值：2.88'>2.88</span>", "*", "*", "正常"], ["湖南省", "长江流域", "<span data-toggle='tooltip' data-placement='right' title='所在地市:岳阳市&#10;所属河流:洞庭湖'>岳阳楼</span>", "03-11 08:00", "Ⅴ", "<span data-toggle='tooltip' data-placement='right' title='原始值：11.66'>11.7</span>", "<span data-toggle='tooltip' data-placement='right' title='原始值：7.877716'>7.88</span>", "<span data-toggle='tooltip' data-placement='right' title='原始值：8.403578'>8.40</span>", "<span data-toggle='tooltip' data-placement='right' title='原始值：263.8718'>263.9</span>", "<span data-toggle='tooltip' data-placement='right' title='原始值：54.36124'>54.4</span>", "<span data-toggle='tooltip' data-placement='right' title='原始值：2.04'>2.04</span>", "<span data-toggle='tooltip' data-placement='right' title='原始值：0.005'>0.005</span>", "<span data-toggle='tooltip' data-placement='right' title='原始值：0.119'>0.119</span>", "<span data-toggle='tooltip' data-placement='right' title='原始值：3.086'>3.09</span>", "<span data-toggle='tooltip' data-placement='right' title='原始值：0.0030156'>0.003</span>", "<span data-toggle='tooltip' data-placement='right' title='原始值：291.204'>291</span>", "正常"], ["湖南省", "长江流域", "<span data-toggle='tooltip' data-placement='right' title='所在地市:岳阳市&#10;所属河流:长江'>城陵矶</span>", "03-11 08:00", "Ⅲ", "<span data-toggle='tooltip' data-placement='right' title='原始值：12.12'>12.1</span>", "<span data-toggle='tooltip' data-placement='right' title='原始值：7.590351'>7.59</span>", "<span data-toggle='tooltip' data-placement='right' title='原始值：10.25266'>10.25</span>", "<span data-toggle='tooltip' data-placement='right' title='原始值：269.749'>269.7</span>", "<span data-toggle='tooltip' data-placement='right' title='原始值：66.90652'>66.9</span>", "<span data-toggle='tooltip' data-placement='right' title='原始值：3'>3.00</span>", "<span data-toggle='tooltip' data-placement='right' title='原始值：0.122'>0.122</span>", "<span data-toggle='tooltip' data-placement='right' title='原始值：0.106'>0.106</span>", "<span data-toggle='tooltip' data-placement='right' title='原始值：2.1191'>2.12</span>", "*", "*", "正常"], ["广东省", "珠江流域", "<span data-toggle='tooltip' data-placement='right' title='所在地市:清远市&#10;所属河流:北江'>七星岗</span>", "03-11 08:00", "Ⅱ", "<span data-toggle='tooltip' data-placement='right' title='原始值：20.60144'>20.6</span>", "<span data-toggle='tooltip' data-placement='right' title='原始值：7.1532'>7.15</span>", "<span data-toggle='tooltip' data-placement='right' title='原始值：7.02601'>7.03</span>", "<span data-toggle='tooltip' data-placement='right' title='原始值：288.454'>288.5</span>", "<span data-toggle='tooltip' data-placement='right' title='原始值：9.38727'>9.4</span>", "<span data-toggle='tooltip' data-placement='right' title='原始值：1.82'>1.82</span>", "<span data-toggle='tooltip' data-placement='right' title='原始值：0.12085'>0.121</span>", "<span data-toggle='tooltip' data-placement='right' title='原始值：0.03883'>0.039</span>", "<span data-toggle='tooltip' data-placement='right' title='原始值：1.8793'>1.88</span>", "*", "*", "正常"], ["广东省", "珠江流域", "<span data-toggle='tooltip' data-placement='right' title='所在地市:中山市&#10;所属河流:西江'>横栏</span>", "03-11 08:00", "Ⅱ", "<span data-toggle='tooltip' data-placement='right' title='原始值：21.3'>21.3</span>", "<span data-toggle='tooltip' data-placement='right' title='原始值：7.62'>7.62</span>", "<span data-toggle='tooltip' data-placement='right' title='原始值：7.16'>7.16</span>", "<span data-toggle='tooltip' data-placement='right' title='原始值：323'>323.0</span>", "<span data-toggle='tooltip' data-placement='right' title='原始值：4.2'>4.2</span>", "<span data-toggle='tooltip' data-placement='right' title='原始值：1.62'>1.62</span>", "<span data-toggle='tooltip' data-placement='right' title='原始值：0.11767'>0.118</span>", "*", "*", "*", "*", "正常"], ["广西壮族自治区", "珠江流域", "<span data-toggle='tooltip' data-placement='right' title='所在地市:南宁市&#10;所属河流:邕江'>老口</span>", "03-11 08:00", "Ⅱ", "<span data-toggle='tooltip' data-placement='right' title='原始值：20.27595'>20.3</span>", "<span data-toggle='tooltip' data-placement='right' title='原始值：7.60887'>7.61</span>", "<span data-toggle='tooltip' data-placement='right' title='原始值：7.81978'>7.82</span>", "<span data-toggle='tooltip' data-placement='right' title='原始值：284.3153'>284.3</span>", "<span data-toggle='tooltip' data-placement='right' title='原始值：6.24896'>6.2</span>", "<span data-toggle='tooltip' data-placement='right' title='原始值：1.61383'>1.61</span>", "<span data-toggle='tooltip' data-placement='right' title='原始值：0.12016'>0.120</span>", "<span data-toggle='tooltip' data-placement='right' title='原始值：0.04105'>0.041</span>", "<span data-toggle='tooltip' data-placement='right' title='原始值：1.44611'>1.45</span>", "*", "*", "正常"], ["广西壮族自治区", "珠江流域", "<span data-toggle='tooltip' data-placement='right' title='所在地市:桂林市&#10;所属河流:漓江'>阳朔</span>", "03-11 08:00", "Ⅱ", "<span data-toggle='tooltip' data-placement='right' title='原始值：16.1'>16.1</span>", "<span data-toggle='tooltip' data-placement='right' title='原始值：7.9'>7.90</span>", "<span data-toggle='tooltip' data-placement='right' title='原始值：9.711'>9.71</span>", "<span data-toggle='tooltip' data-placement='right' title='原始值：220.546'>220.5</span>", "<span data-toggle='tooltip' data-placement='right' title='原始值：1.86'>1.9</span>", "<span data-toggle='tooltip' data-placement='right' title='原始值：1.072'>1.07</span>", "<span data-toggle='tooltip' data-placement='right' title='原始值：0.021'>0.021</span>", "<span data-toggle='tooltip' data-placement='right' title='原始值：0.039'>0.039</span>", "<span data-toggle='tooltip' data-placement='right' title='原始值：2.884'>2.88</span>", "*", "*", "正常"], ["广西壮族自治区", "珠江流域", "<span data-toggle='tooltip' data-placement='right' title='所在地市:梧州市&#10;所属河流:浔江'>界首</span>", null, "", "--", "--", "--", "--", "--", "--", "--", "--", "--", "*", "*", "停站"], ["广西壮族自治区", "珠江流域", "<span data-toggle='tooltip' data-placement='right' title='所在地市:贵港市&#10;所属河流:浔江'>石嘴</span>", "03-11 08:00", "Ⅱ", "<span data-toggle='tooltip' data-placement='right' title='原始值：20.30127'>20.3</span>", "<span data-toggle='tooltip' data-placement='right' title='原始值：7.93535'>7.94</span>", "<span data-toggle='tooltip' data-placement='right' title='原始值：8.8178'>8.82</span>", "<span data-toggle='tooltip' data-placement='right' title='原始值：307.4758'>307.5</span>", "<span data-toggle='tooltip' data-placement='right' title='原始值：7.06959'>7.1</span>", "<span data-toggle='tooltip' data-placement='right' title='原始值：0.92'>0.92</span>", "<span data-toggle='tooltip' data-placement='right' title='原始值：0.16'>0.160</span>", "<span data-toggle='tooltip' data-placement='right' title='原始值：0.00539'>0.005</span>", "<span data-toggle='tooltip' data-placement='right' title='原始值：1.0015'>1.00</span>", "*", "*", "正常"], ["广西壮族自治区", "珠江流域", "<span data-toggle='tooltip' data-placement='right' title='所在地市:崇左市&#10;所属河流:平而河'>平而关</span>", "03-11 08:00", "Ⅰ", "<span data-toggle='tooltip' data-placement='right' title='原始值：22.44719'>22.4</span>", "<span data-toggle='tooltip' data-placement='right' title='原始值：7.91504'>7.92</span>", "<span data-toggle='tooltip' data-placement='right' title='原始值：7.91941'>7.92</span>", "<span data-toggle='tooltip' data-placement='right' title='原始值：248.67'>248.7</span>", "<span data-toggle='tooltip' data-placement='right' title='原始值：22.41268'>22.4</span>", "<span data-toggle='tooltip' data-placement='right' title='原始值：1.615'>1.62</span>", "<span data-toggle='tooltip' data-placement='right' title='原始值：0.08'>0.080</span>", "*", "*", "*", "*", "正常"], ["重庆市", "长江流域", "<span data-toggle='tooltip' data-placement='right' title='所在地市:永川区&#10;所属河流:长江'>朱沱</span>", "03-11 08:00", "Ⅱ", "<span data-toggle='tooltip' data-placement='right' title='原始值：14.13'>14.1</span>", "<span data-toggle='tooltip' data-placement='right' title='原始值：7.81'>7.81</span>", "<span data-toggle='tooltip' data-placement='right' title='原始值：10.19'>10.19</span>", "<span data-toggle='tooltip' data-placement='right' title='原始值：452.56'>452.6</span>", "<span data-toggle='tooltip' data-placement='right' title='原始值：102.31'>102.3</span>", "<span data-toggle='tooltip' data-placement='right' title='原始值：0.997'>1.00</span>", "<span data-toggle='tooltip' data-placement='right' title='原始值：0.016'>0.016</span>", "<span data-toggle='tooltip' data-placement='right' title='原始值：0.051'>0.051</span>", "<span data-toggle='tooltip' data-placement='right' title='原始值：1.601'>1.60</span>", "*", "*", "正常"], ["四川省", "长江流域", "<span data-toggle='tooltip' data-placement='right' title='所在地市:攀枝花市&#10;所属河流:金沙江'>龙洞</span>", "03-11 08:00", "Ⅰ", "<span data-toggle='tooltip' data-placement='right' title='原始值：13.3'>13.3</span>", "<span data-toggle='tooltip' data-placement='right' title='原始值：8.277315'>8.28</span>", "<span data-toggle='tooltip' data-placement='right' title='原始值：9.321842'>9.32</span>", "<span data-toggle='tooltip' data-placement='right' title='原始值：757.876'>757.9</span>", "<span data-toggle='tooltip' data-placement='right' title='原始值：2.576021'>2.6</span>", "<span data-toggle='tooltip' data-placement='right' title='原始值：1.12'>1.12</span>", "<span data-toggle='tooltip' data-placement='right' title='原始值：0.009'>0.009</span>", "<span data-toggle='tooltip' data-placement='right' title='原始值：0.0002023'>0.0002</span>", "<span data-toggle='tooltip' data-placement='right' title='原始值：0.69737'>0.70</span>", "*", "*", "正常"], ["四川省", "长江流域", "<span data-toggle='tooltip' data-placement='right' title='所在地市:泸州市&#10;所属河流:沱江'>沱江大桥(沱江二桥)</span>", "03-11 08:00", "Ⅱ", "<span data-toggle='tooltip' data-placement='right' title='原始值：16.24'>16.2</span>", "<span data-toggle='tooltip' data-placement='right' title='原始值：8.017378'>8.02</span>", "<span data-toggle='tooltip' data-placement='right' title='原始值：8.884987'>8.88</span>", "<span data-toggle='tooltip' data-placement='right' title='原始值：604.917'>604.9</span>", "<span data-toggle='tooltip' data-placement='right' title='原始值：13.51137'>13.5</span>", "<span data-toggle='tooltip' data-placement='right' title='原始值：2.35'>2.35</span>", "<span data-toggle='tooltip' data-placement='right' title='原始值：0.005'>0.005</span>", "<span data-toggle='tooltip' data-placement='right' title='原始值：0.068809'>0.069</span>", "<span data-toggle='tooltip' data-placement='right' title='原始值：2.990698'>2.99</span>", "*", "*", "正常"], ["四川省", "长江流域", "<span data-toggle='tooltip' data-placement='right' title='所在地市:广元市&#10;所属河流:嘉陵江'>清风峡</span>", "03-11 08:00", "Ⅰ", "<span data-toggle='tooltip' data-placement='right' title='原始值：11.32963'>11.3</span>", "<span data-toggle='tooltip' data-placement='right' title='原始值：8.20001'>8.20</span>", "<span data-toggle='tooltip' data-placement='right' title='原始值：10.31509'>10.32</span>", "<span data-toggle='tooltip' data-placement='right' title='原始值：444.8982'>444.9</span>", "<span data-toggle='tooltip' data-placement='right' title='原始值：50.57964'>50.6</span>", "<span data-toggle='tooltip' data-placement='right' title='原始值：1.27'>1.27</span>", "<span data-toggle='tooltip' data-placement='right' title='原始值：0.09974'>0.100</span>", "*", "*", "*", "*", "正常"], ["四川省", "长江流域", "<span data-toggle='tooltip' data-placement='right' title='所在地市:乐山市&#10;所属河流:岷江'>岷江大桥</span>", null, "", "--", "--", "--", "--", "--", "--", "--", "--", "--", "*", "*", "停站"], ["四川省", "长江流域", "<span data-toggle='tooltip' data-placement='right' title='所在地市:宜宾市&#10;所属河流:岷江'>凉姜沟</span>", "03-11 08:00", "Ⅲ", "<span data-toggle='tooltip' data-placement='right' title='原始值：15.26'>15.3</span>", "<span data-toggle='tooltip' data-placement='right' title='原始值：7.865481'>7.87</span>", "<span data-toggle='tooltip' data-placement='right' title='原始值：8.706161'>8.71</span>", "<span data-toggle='tooltip' data-placement='right' title='原始值：372.7887'>372.8</span>", "<span data-toggle='tooltip' data-placement='right' title='原始值：16.73671'>16.7</span>", "<span data-toggle='tooltip' data-placement='right' title='原始值：1.68'>1.68</span>", "<span data-toggle='tooltip' data-placement='right' title='原始值：0.204'>0.204</span>", "<span data-toggle='tooltip' data-placement='right' title='原始值：0.123498'>0.123</span>", "<span data-toggle='tooltip' data-placement='right' title='原始值：2.292765'>2.29</span>", "*", "*", "正常"], ["云南省", "滇池流域", "<span data-toggle='tooltip' data-placement='right' title='所在地市:昆明市&#10;所属河流:滇池'>西苑隧道</span>", "03-11 08:00", "Ⅳ", "<span data-toggle='tooltip' data-placement='right' title='原始值：14.88'>14.9</span>", "<span data-toggle='tooltip' data-placement='right' title='原始值：8.40441'>8.40</span>", "<span data-toggle='tooltip' data-placement='right' title='原始值：9.355'>9.36</span>", "<span data-toggle='tooltip' data-placement='right' title='原始值：693.788'>693.8</span>", "<span data-toggle='tooltip' data-placement='right' title='原始值：20.288'>20.3</span>", "<span data-toggle='tooltip' data-placement='right' title='原始值：7.07137'>7.07</span>", "<span data-toggle='tooltip' data-placement='right' title='原始值：0.02169'>0.022</span>", "<span data-toggle='tooltip' data-placement='right' title='原始值：0.09581'>0.096</span>", "<span data-toggle='tooltip' data-placement='right' title='原始值：4.24805'>4.25</span>", "<span data-toggle='tooltip' data-placement='right' title='原始值：0.04222'>0.042</span>", "<span data-toggle='tooltip' data-placement='right' title='原始值：2.553605E+07'>25536050</span>", "正常"], ["云南省", "滇池流域", "<span data-toggle='tooltip' data-placement='right' title='所在地市:昆明市&#10;所属河流:滇池'>观音山</span>", "03-11 08:00", "Ⅳ", "<span data-toggle='tooltip' data-placement='right' title='原始值：14.13637'>14.1</span>", "<span data-toggle='tooltip' data-placement='right' title='原始值：8.742'>8.74</span>", "<span data-toggle='tooltip' data-placement='right' title='原始值：8.456'>8.46</span>", "<span data-toggle='tooltip' data-placement='right' title='原始值：450.314'>450.3</span>", "<span data-toggle='tooltip' data-placement='right' title='原始值：22.313'>22.3</span>", "<span data-toggle='tooltip' data-placement='right' title='原始值：6.10244'>6.10</span>", "<span data-toggle='tooltip' data-placement='right' title='原始值：0.58'>0.580</span>", "<span data-toggle='tooltip' data-placement='right' title='原始值：0.0638'>0.064</span>", "<span data-toggle='tooltip' data-placement='right' title='原始值：1.617'>1.62</span>", "<span data-toggle='tooltip' data-placement='right' title='原始值：0.02765'>0.028</span>", "<span data-toggle='tooltip' data-placement='right' title='原始值：2.303451E+07'>23034510</span>", "正常"], ["云南省", "西南诸河", "<span data-toggle='tooltip' data-placement='right' title='所在地市:红河哈尼族彝族自治州&#10;所属河流:红河'>河口县医院(河口)</span>", "03-11 08:00", "", "<span data-toggle='tooltip' data-placement='right' title='原始值：22.75298'>22.8</span>", "<span data-toggle='tooltip' data-placement='right' title='原始值：7.86823'>7.87</span>", "<span data-toggle='tooltip' data-placement='right' title='原始值：6.58381'>6.58</span>", "<span data-toggle='tooltip' data-placement='right' title='原始值：208.5647'>208.6</span>", "<span data-toggle='tooltip' data-placement='right' title='原始值：49.9241'>49.9</span>", "<span data-toggle='tooltip' data-placement='right' title='原始值：0.46029'>0.46</span>", "<span data-toggle='tooltip' data-placement='right' title='原始值：0.06832'>0.068</span>", "<span data-toggle='tooltip' data-placement='right' title='极值过滤'>--</span>", "<span data-toggle='tooltip' data-placement='right' title='极值过滤'>--</span>", "*", "*", "维护"], ["云南省", "西南诸河", "<span data-toggle='tooltip' data-placement='right' title='所在地市:西双版纳傣族自治州&#10;所属河流:澜沧江'>橄榄坝</span>", "03-11 08:00", "Ⅱ", "<span data-toggle='tooltip' data-placement='right' title='原始值：16.525'>16.5</span>", "<span data-toggle='tooltip' data-placement='right' title='原始值：7.604'>7.60</span>", "<span data-toggle='tooltip' data-placement='right' title='原始值：6.955'>6.96</span>", "<span data-toggle='tooltip' data-placement='right' title='原始值：562.446'>562.4</span>", "<span data-toggle='tooltip' data-placement='right' title='原始值：4.33'>4.3</span>", "<span data-toggle='tooltip' data-placement='right' title='原始值：0.706'>0.71</span>", "<span data-toggle='tooltip' data-placement='right' title='原始值：0.2'>0.200</span>", "*", "*", "*", "*", "正常"], ["陕西省", "黄河流域", "<span data-toggle='tooltip' data-placement='right' title='所在地市:渭南市&#10;所属河流:渭河'>潼关吊桥</span>", "03-11 08:00", "Ⅲ", "<span data-toggle='tooltip' data-placement='right' title='原始值：11.4'>11.4</span>", "<span data-toggle='tooltip' data-placement='right' title='原始值：8.30984'>8.31</span>", "<span data-toggle='tooltip' data-placement='right' title='原始值：9.02484'>9.02</span>", "<span data-toggle='tooltip' data-placement='right' title='原始值：1409.016'>1409.0</span>", "<span data-toggle='tooltip' data-placement='right' title='原始值：216.9907'>217.0</span>", "<span data-toggle='tooltip' data-placement='right' title='原始值：4.78'>4.78</span>", "<span data-toggle='tooltip' data-placement='right' title='原始值：0.09'>0.090</span>", "<span data-toggle='tooltip' data-placement='right' title='原始值：0.13741'>0.137</span>", "<span data-toggle='tooltip' data-placement='right' title='原始值：7.62732'>7.63</span>", "*", "*", "正常"]]}