{"result": 1, "total": 2, "records": 100, "thead": ["省份", "流域", "断面名称", "监测时间", "水质类别", "水温<br/><span class='unit'>(℃)</span>", "pH<br/><span class='unit'>(无量纲)</span>", "溶解氧<br/><span class='unit'>(mg/L)</span>", "电导率<br/><span class='unit'>(μS/cm)</span>", "浊度<br/><span class='unit'>(NTU)</span>", "高锰酸盐指数<br/><span class='unit'>(mg/L)</span>", "氨氮<br/><span class='unit'>(mg/L)</span>", "总磷<br/><span class='unit'>(mg/L)</span>", "总氮<br/><span class='unit'>(mg/L)</span>", "叶绿素α<br/><span class='unit'>(mg/L)</span>", "藻密度<br/><span class='unit'>(cells/L)</span>", "站点情况"], "tbody": [["北京市", "海河流域", "<span data-toggle='tooltip' data-placement='right' title='所在地市:门头沟区&#10;所属河流:永定河'>沿河城</span>", null, "", "--", "--", "--", "--", "--", "--", "--", "--", "--", "*", "*", "停站"], ["北京市", "淮河流域", "<span data-toggle='tooltip' data-placement='right' title='所在地市:房山区&#10;所属河流:小清河'>八间房漫水桥</span>", "03-13 08:00", "Ⅲ", "<span data-toggle='tooltip' data-placement='right' title='原始值：10.7'>10.7</span>", "<span data-toggle='tooltip' data-placement='right' title='原始值：7.99'>7.99</span>", "<span data-toggle='tooltip' data-placement='right' title='原始值：8.65'>8.65</span>", "<span data-toggle='tooltip' data-placement='right' title='原始值：1093.8'>1093.8</span>", "<span data-toggle='tooltip' data-placement='right' title='原始值：5.37'>5.4</span>", "<span data-toggle='tooltip' data-placement='right' title='原始值：4.095'>4.10</span>", "<span data-toggle='tooltip' data-placement='right' title='原始值：0.05'>0.050</span>", "<span data-toggle='tooltip' data-placement='right' title='原始值：0.044'>0.044</span>", "<span data-toggle='tooltip' data-placement='right' title='原始值：4.11'>4.11</span>", "*", "*", "正常"], ["北京市", "海河流域", "<span data-toggle='tooltip' data-placement='right' title='所在地市:密云区&#10;所属河流:潮河'>古北口</span>", null, "", "--", "--", "--", "--", "--", "--", "--", "--", "--", "*", "*", "停站"], ["天津市", "海河流域", "<span data-toggle='tooltip' data-placement='right' title='所在地市:河北区&#10;所属河流:海河'>三岔口</span>", "03-13 08:00", "Ⅱ", "<span data-toggle='tooltip' data-placement='right' title='原始值：9.16'>9.2</span>", "<span data-toggle='tooltip' data-placement='right' title='原始值：7.8967'>7.90</span>", "<span data-toggle='tooltip' data-placement='right' title='原始值：9.21'>9.21</span>", "<span data-toggle='tooltip' data-placement='right' title='原始值：606.0403'>606.0</span>", "<span data-toggle='tooltip' data-placement='right' title='原始值：13.136'>13.1</span>", "<span data-toggle='tooltip' data-placement='right' title='原始值：2.56'>2.56</span>", "<span data-toggle='tooltip' data-placement='right' title='原始值：0.23'>0.230</span>", "<span data-toggle='tooltip' data-placement='right' title='原始值：0.0079'>0.008</span>", "<span data-toggle='tooltip' data-placement='right' title='原始值：1.2333'>1.23</span>", "*", "*", "正常"], ["天津市", "海河流域", "<span data-toggle='tooltip' data-placement='right' title='所在地市:蓟州区&#10;所属河流:果河'>果河桥</span>", "03-13 08:00", "Ⅱ", "<span data-toggle='tooltip' data-placement='right' title='原始值：7.7'>7.7</span>", "<span data-toggle='tooltip' data-placement='right' title='原始值：8.2'>8.20</span>", "<span data-toggle='tooltip' data-placement='right' title='原始值：12.399'>12.40</span>", "<span data-toggle='tooltip' data-placement='right' title='原始值：775.883'>775.9</span>", "<span data-toggle='tooltip' data-placement='right' title='原始值：6.6'>6.6</span>", "<span data-toggle='tooltip' data-placement='right' title='原始值：1.5101'>1.51</span>", "<span data-toggle='tooltip' data-placement='right' title='原始值：0.26'>0.260</span>", "<span data-toggle='tooltip' data-placement='right' title='原始值：0.0521'>0.052</span>", "<span data-toggle='tooltip' data-placement='right' title='原始值：10.1476'>10.15</span>", "*", "*", "正常"], ["河北省", "海河流域", "<span data-toggle='tooltip' data-placement='right' title='所在地市:石家庄市&#10;所属河流:滹沱河'>岗南水库</span>", "03-13 08:00", "Ⅱ", "<span data-toggle='tooltip' data-placement='right' title='原始值：10.74652'>10.7</span>", "<span data-toggle='tooltip' data-placement='right' title='原始值：8.75837'>8.76</span>", "<span data-toggle='tooltip' data-placement='right' title='原始值：14.33527'>14.34</span>", "<span data-toggle='tooltip' data-placement='right' title='原始值：517.25'>517.2</span>", "<span data-toggle='tooltip' data-placement='right' title='原始值：6.56968'>6.6</span>", "<span data-toggle='tooltip' data-placement='right' title='原始值：2.2459'>2.25</span>", "<span data-toggle='tooltip' data-placement='right' title='原始值：0.07'>0.070</span>", "<span data-toggle='tooltip' data-placement='right' title='原始值：0.00844'>0.008</span>", "<span data-toggle='tooltip' data-placement='right' title='原始值：2.7854'>2.79</span>", "*", "*", "正常"], ["河北省", "海河流域", "<span data-toggle='tooltip' data-placement='right' title='所在地市:张家口市&#10;所属河流:永定河'>八号桥</span>", "03-13 08:00", "Ⅲ", "<span data-toggle='tooltip' data-placement='right' title='原始值：6.73071'>6.7</span>", "<span data-toggle='tooltip' data-placement='right' title='原始值：8.24201'>8.24</span>", "<span data-toggle='tooltip' data-placement='right' title='原始值：9.61313'>9.61</span>", "<span data-toggle='tooltip' data-placement='right' title='原始值：1029.738'>1029.7</span>", "<span data-toggle='tooltip' data-placement='right' title='原始值：77.21814'>77.2</span>", "<span data-toggle='tooltip' data-placement='right' title='原始值：5.76'>5.76</span>", "<span data-toggle='tooltip' data-placement='right' title='原始值：0.76'>0.760</span>", "<span data-toggle='tooltip' data-placement='right' title='原始值：0.1785'>0.178</span>", "<span data-toggle='tooltip' data-placement='right' title='原始值：8.28'>8.28</span>", "*", "*", "正常"], ["山西省", "黄河流域", "<span data-toggle='tooltip' data-placement='right' title='所在地市:运城市&#10;所属河流:汾河'>河津大桥</span>", "03-13 08:00", "Ⅴ", "<span data-toggle='tooltip' data-placement='right' title='原始值：13.80477'>13.8</span>", "<span data-toggle='tooltip' data-placement='right' title='原始值：7.71079'>7.71</span>", "<span data-toggle='tooltip' data-placement='right' title='原始值：8.75312'>8.75</span>", "<span data-toggle='tooltip' data-placement='right' title='原始值：1489.354'>1489.4</span>", "<span data-toggle='tooltip' data-placement='right' title='原始值：224.1585'>224.2</span>", "<span data-toggle='tooltip' data-placement='right' title='原始值：10.7'>10.70</span>", "<span data-toggle='tooltip' data-placement='right' title='原始值：0.13'>0.130</span>", "*", "*", "*", "*", "正常"], ["山西省", "黄河流域", "<span data-toggle='tooltip' data-placement='right' title='所在地市:忻州市&#10;所属河流:黄河'>万家寨水库</span>", null, "", "--", "--", "--", "--", "--", "--", "--", "--", "--", "*", "*", "停站"], ["内蒙古自治区", "黄河流域", "<span data-toggle='tooltip' data-placement='right' title='所在地市:包头市&#10;所属河流:黄河'>画匠营子</span>", "03-13 08:00", "Ⅱ", "<span data-toggle='tooltip' data-placement='right' title='原始值：10.8009'>10.8</span>", "<span data-toggle='tooltip' data-placement='right' title='原始值：8.08984'>8.09</span>", "<span data-toggle='tooltip' data-placement='right' title='原始值：10.06323'>10.06</span>", "<span data-toggle='tooltip' data-placement='right' title='原始值：1387.8'>1387.8</span>", "<span data-toggle='tooltip' data-placement='right' title='原始值：430.6981'>430.7</span>", "<span data-toggle='tooltip' data-placement='right' title='原始值：3.25475'>3.25</span>", "<span data-toggle='tooltip' data-placement='right' title='原始值：0.06947'>0.069</span>", "*", "*", "*", "*", "正常"], ["内蒙古自治区", "黄河流域", "<span data-toggle='tooltip' data-placement='right' title='所在地市:乌海市&#10;所属河流:黄河'>海勃湾</span>", "03-13 08:00", "Ⅱ", "<span data-toggle='tooltip' data-placement='right' title='原始值：11.39901'>11.4</span>", "<span data-toggle='tooltip' data-placement='right' title='原始值：8.30812'>8.31</span>", "<span data-toggle='tooltip' data-placement='right' title='原始值：8.78353'>8.78</span>", "<span data-toggle='tooltip' data-placement='right' title='原始值：1192.231'>1192.2</span>", "<span data-toggle='tooltip' data-placement='right' title='原始值：19.40696'>19.4</span>", "<span data-toggle='tooltip' data-placement='right' title='原始值：2.07'>2.07</span>", "<span data-toggle='tooltip' data-placement='right' title='原始值：0.29'>0.290</span>", "*", "*", "*", "*", "正常"], ["内蒙古自治区", "松花江流域", "<span data-toggle='tooltip' data-placement='right' title='所在地市:呼伦贝尔市&#10;所属河流:额尔古纳河'>黑山头</span>", null, "", "--", "--", "--", "--", "--", "--", "--", "--", "--", "*", "*", "停站"], ["辽宁省", "辽河流域", "<span data-toggle='tooltip' data-placement='right' title='所在地市:抚顺市&#10;所属河流:浑河'>大伙房水库</span>", "03-13 08:00", "Ⅱ", "<span data-toggle='tooltip' data-placement='right' title='原始值：6.04567'>6.0</span>", "<span data-toggle='tooltip' data-placement='right' title='原始值：7.95197'>7.95</span>", "<span data-toggle='tooltip' data-placement='right' title='原始值：10.93514'>10.94</span>", "<span data-toggle='tooltip' data-placement='right' title='原始值：320.1547'>320.2</span>", "<span data-toggle='tooltip' data-placement='right' title='原始值：9.11499'>9.1</span>", "<span data-toggle='tooltip' data-placement='right' title='原始值：2.86496'>2.86</span>", "<span data-toggle='tooltip' data-placement='right' title='原始值：0.15'>0.150</span>", "<span data-toggle='tooltip' data-placement='right' title='原始值：0.0138'>0.014</span>", "<span data-toggle='tooltip' data-placement='right' title='原始值：2.82903'>2.83</span>", "<span data-toggle='tooltip' data-placement='right' title='原始值：0.02153'>0.022</span>", "*", "正常"], ["辽宁省", "辽河流域", "<span data-toggle='tooltip' data-placement='right' title='所在地市:丹东市&#10;所属河流:鸭绿江'>江桥</span>", "03-13 08:00", "Ⅰ", "<span data-toggle='tooltip' data-placement='right' title='原始值：6.60001'>6.6</span>", "<span data-toggle='tooltip' data-placement='right' title='原始值：6.34998'>6.35</span>", "<span data-toggle='tooltip' data-placement='right' title='原始值：11.88'>11.88</span>", "<span data-toggle='tooltip' data-placement='right' title='原始值：146'>146.0</span>", "<span data-toggle='tooltip' data-placement='right' title='原始值：5.12488'>5.1</span>", "<span data-toggle='tooltip' data-placement='right' title='原始值：0.02'>0.02</span>", "<span data-toggle='tooltip' data-placement='right' title='原始值：0.04603'>0.046</span>", "<span data-toggle='tooltip' data-placement='right' title='原始值：0.01699'>0.017</span>", "<span data-toggle='tooltip' data-placement='right' title='原始值：1.73504'>1.74</span>", "*", "*", "正常"], ["辽宁省", "辽河流域", "<span data-toggle='tooltip' data-placement='right' title='所在地市:营口市&#10;所属河流:大辽河'>辽河公园</span>", "03-13 08:00", "Ⅴ", "<span data-toggle='tooltip' data-placement='right' title='原始值：6.32659'>6.3</span>", "<span data-toggle='tooltip' data-placement='right' title='原始值：7.63258'>7.63</span>", "<span data-toggle='tooltip' data-placement='right' title='原始值：11.49724'>11.50</span>", "<span data-toggle='tooltip' data-placement='right' title='原始值：13536.9'>13536.9</span>", "<span data-toggle='tooltip' data-placement='right' title='原始值：194.528'>194.5</span>", "<span data-toggle='tooltip' data-placement='right' title='原始值：8.09022'>8.09</span>", "<span data-toggle='tooltip' data-placement='right' title='原始值：1.60595'>1.606</span>", "<span data-toggle='tooltip' data-placement='right' title='原始值：0.15766'>0.158</span>", "<span data-toggle='tooltip' data-placement='right' title='原始值：7.10859'>7.11</span>", "*", "*", "正常"], ["辽宁省", "辽河流域", "<span data-toggle='tooltip' data-placement='right' title='所在地市:辽阳市&#10;所属河流:太子河'>汤河水库</span>", null, "", "--", "--", "--", "--", "--", "--", "--", "--", "--", "*", "*", "停站"], ["辽宁省", "辽河流域", "<span data-toggle='tooltip' data-placement='right' title='所在地市:盘锦市&#10;所属河流:辽河'>盘锦兴安(兴安)</span>", null, "", "--", "--", "--", "--", "--", "--", "--", "--", "--", "*", "*", "停站"], ["辽宁省", "辽河流域", "<span data-toggle='tooltip' data-placement='right' title='所在地市:铁岭市&#10;所属河流:辽河'>珠尔山</span>", "03-13 08:00", "", "<span data-toggle='tooltip' data-placement='right' title='原始值：5.44086'>5.4</span>", "<span data-toggle='tooltip' data-placement='right' title='原始值：7.73434'>7.73</span>", "<span data-toggle='tooltip' data-placement='right' title='原始值：10.82452'>10.82</span>", "<span data-toggle='tooltip' data-placement='right' title='原始值：383.4521'>383.5</span>", "<span data-toggle='tooltip' data-placement='right' title='原始值：6.14205'>6.1</span>", "<span data-toggle='tooltip' data-placement='right' title='极值过滤'>--</span>", "<span data-toggle='tooltip' data-placement='right' title='原始值：0.69'>0.690</span>", "<span data-toggle='tooltip' data-placement='right' title='原始值：0.0763'>0.076</span>", "<span data-toggle='tooltip' data-placement='right' title='原始值：7.77854'>7.78</span>", "*", "*", "维护"], ["吉林省", "松花江流域", "<span data-toggle='tooltip' data-placement='right' title='所在地市:长春市&#10;所属河流:松花江'>松花江村</span>", null, "", "--", "--", "--", "--", "--", "--", "--", "--", "--", "*", "*", "停站"], ["吉林省", "松花江流域", "<span data-toggle='tooltip' data-placement='right' title='所在地市:白城市&#10;所属河流:嫩江'>白沙滩</span>", "03-13 08:00", "Ⅲ", "<span data-toggle='tooltip' data-placement='right' title='原始值：4.28196'>4.3</span>", "<span data-toggle='tooltip' data-placement='right' title='原始值：6.80297'>6.80</span>", "<span data-toggle='tooltip' data-placement='right' title='原始值：12.61204'>12.61</span>", "<span data-toggle='tooltip' data-placement='right' title='原始值：282.8282'>282.8</span>", "<span data-toggle='tooltip' data-placement='right' title='原始值：24.99427'>25.0</span>", "<span data-toggle='tooltip' data-placement='right' title='原始值：5.02811'>5.03</span>", "<span data-toggle='tooltip' data-placement='right' title='原始值：0.11211'>0.112</span>", "<span data-toggle='tooltip' data-placement='right' title='原始值：0.04009'>0.040</span>", "<span data-toggle='tooltip' data-placement='right' title='原始值：1.45562'>1.46</span>", "*", "*", "正常"], ["吉林省", "松花江流域", "<span data-toggle='tooltip' data-placement='right' title='所在地市:延边朝鲜族自治州&#10;所属河流:图们江'>圈河</span>", "03-13 08:00", "Ⅲ", "<span data-toggle='tooltip' data-placement='right' title='原始值：8.1'>8.1</span>", "<span data-toggle='tooltip' data-placement='right' title='原始值：7.09'>7.09</span>", "<span data-toggle='tooltip' data-placement='right' title='原始值：12.07'>12.07</span>", "<span data-toggle='tooltip' data-placement='right' title='原始值：274'>274.0</span>", "<span data-toggle='tooltip' data-placement='right' title='原始值：36'>36.0</span>", "<span data-toggle='tooltip' data-placement='right' title='原始值：2.61'>2.61</span>", "<span data-toggle='tooltip' data-placement='right' title='原始值：0.55304'>0.553</span>", "<span data-toggle='tooltip' data-placement='right' title='原始值：0.05319'>0.053</span>", "<span data-toggle='tooltip' data-placement='right' title='原始值：3.07323'>3.07</span>", "*", "*", "正常"], ["黑龙江省", "松花江流域", "<span data-toggle='tooltip' data-placement='right' title='所在地市:大庆市&#10;所属河流:松花江'>肇源</span>", null, "", "--", "--", "--", "--", "--", "--", "--", "--", "--", "*", "*", "停站"], ["黑龙江省", "松花江流域", "<span data-toggle='tooltip' data-placement='right' title='所在地市:佳木斯市&#10;所属河流:乌苏里江'>乌苏镇</span>", null, "", "--", "--", "--", "--", "--", "--", "--", "--", "--", "*", "*", "停站"], ["黑龙江省", "松花江流域", "<span data-toggle='tooltip' data-placement='right' title='所在地市:佳木斯市&#10;所属河流:松花江'>同江</span>", "03-13 08:00", "Ⅲ", "<span data-toggle='tooltip' data-placement='right' title='原始值：1.9946'>2.0</span>", "<span data-toggle='tooltip' data-placement='right' title='原始值：7.4082'>7.41</span>", "<span data-toggle='tooltip' data-placement='right' title='原始值：10.0243'>10.02</span>", "<span data-toggle='tooltip' data-placement='right' title='原始值：336.572'>336.6</span>", "<span data-toggle='tooltip' data-placement='right' title='原始值：14.3361'>14.3</span>", "<span data-toggle='tooltip' data-placement='right' title='原始值：4.99904'>5.00</span>", "<span data-toggle='tooltip' data-placement='right' title='原始值：0.32136'>0.321</span>", "<span data-toggle='tooltip' data-placement='right' title='原始值：0.04956'>0.050</span>", "<span data-toggle='tooltip' data-placement='right' title='原始值：3.78833'>3.79</span>", "*", "*", "正常"], ["黑龙江省", "松花江流域", "<span data-toggle='tooltip' data-placement='right' title='所在地市:黑河市&#10;所属河流:黑龙江'>黑河下(黑河)</span>", null, "", "--", "--", "--", "--", "--", "--", "--", "--", "--", "*", "*", "停站"], ["上海市", "长江流域", "<span data-toggle='tooltip' data-placement='right' title='所在地市:青浦区&#10;所属河流:淀山湖'>急水港桥</span>", "03-13 08:00", "Ⅳ", "<span data-toggle='tooltip' data-placement='right' title='原始值：12.3'>12.3</span>", "<span data-toggle='tooltip' data-placement='right' title='原始值：7.45'>7.45</span>", "<span data-toggle='tooltip' data-placement='right' title='原始值：8.02'>8.02</span>", "<span data-toggle='tooltip' data-placement='right' title='原始值：706'>706.0</span>", "<span data-toggle='tooltip' data-placement='right' title='原始值：62.2'>62.2</span>", "<span data-toggle='tooltip' data-placement='right' title='原始值：3.70312'>3.70</span>", "<span data-toggle='tooltip' data-placement='right' title='原始值：0.6522'>0.652</span>", "<span data-toggle='tooltip' data-placement='right' title='原始值：0.07342'>0.073</span>", "<span data-toggle='tooltip' data-placement='right' title='原始值：4.10856'>4.11</span>", "<span data-toggle='tooltip' data-placement='right' title='原始值：0.00762'>0.008</span>", "<span data-toggle='tooltip' data-placement='right' title='原始值：2079966'>2079966</span>", "正常"], ["江苏省", "长江流域", "<span data-toggle='tooltip' data-placement='right' title='所在地市:南京市&#10;所属河流:长江'>林山</span>", "03-13 08:00", "Ⅱ", "<span data-toggle='tooltip' data-placement='right' title='原始值：12.6181'>12.6</span>", "<span data-toggle='tooltip' data-placement='right' title='原始值：7.86128'>7.86</span>", "<span data-toggle='tooltip' data-placement='right' title='原始值：9.87666'>9.88</span>", "<span data-toggle='tooltip' data-placement='right' title='原始值：363.167'>363.2</span>", "<span data-toggle='tooltip' data-placement='right' title='原始值：34.6826'>34.7</span>", "<span data-toggle='tooltip' data-placement='right' title='原始值：1.69'>1.69</span>", "<span data-toggle='tooltip' data-placement='right' title='原始值：0.477'>0.477</span>", "*", "*", "*", "*", "正常"], ["江苏省", "太湖流域", "<span data-toggle='tooltip' data-placement='right' title='所在地市:无锡市&#10;所属河流:太湖'>沙渚</span>", "03-13 08:00", "Ⅱ", "<span data-toggle='tooltip' data-placement='right' title='原始值：16.33801'>16.3</span>", "<span data-toggle='tooltip' data-placement='right' title='原始值：7.22732'>7.23</span>", "<span data-toggle='tooltip' data-placement='right' title='原始值：9.648051'>9.65</span>", "<span data-toggle='tooltip' data-placement='right' title='原始值：561.6902'>561.7</span>", "<span data-toggle='tooltip' data-placement='right' title='原始值：42.57993'>42.6</span>", "<span data-toggle='tooltip' data-placement='right' title='原始值：3.281811'>3.28</span>", "<span data-toggle='tooltip' data-placement='right' title='原始值：0.16'>0.160</span>", "<span data-toggle='tooltip' data-placement='right' title='原始值：0.0506'>0.051</span>", "<span data-toggle='tooltip' data-placement='right' title='原始值：2.172'>2.17</span>", "<span data-toggle='tooltip' data-placement='right' title='原始值：0.036268'>0.036</span>", "*", "正常"], ["江苏省", "淮河流域", "<span data-toggle='tooltip' data-placement='right' title='所在地市:徐州市&#10;所属河流:武河'>小红圈</span>", "03-13 08:00", "Ⅲ", "<span data-toggle='tooltip' data-placement='right' title='原始值：12.38'>12.4</span>", "<span data-toggle='tooltip' data-placement='right' title='原始值：8.89'>8.89</span>", "<span data-toggle='tooltip' data-placement='right' title='原始值：12.55'>12.55</span>", "<span data-toggle='tooltip' data-placement='right' title='原始值：377.3'>377.3</span>", "<span data-toggle='tooltip' data-placement='right' title='原始值：47.2'>47.2</span>", "<span data-toggle='tooltip' data-placement='right' title='原始值：4.63'>4.63</span>", "<span data-toggle='tooltip' data-placement='right' title='原始值：0.039'>0.039</span>", "*", "*", "*", "*", "正常"], ["江苏省", "淮河流域", "<span data-toggle='tooltip' data-placement='right' title='所在地市:徐州市&#10;所属河流:沿河'>李集桥</span>", "03-13 08:00", "Ⅲ", "<span data-toggle='tooltip' data-placement='right' title='原始值：12.15'>12.2</span>", "<span data-toggle='tooltip' data-placement='right' title='原始值：7.98'>7.98</span>", "<span data-toggle='tooltip' data-placement='right' title='原始值：11.19'>11.19</span>", "<span data-toggle='tooltip' data-placement='right' title='原始值：1254.3'>1254.3</span>", "<span data-toggle='tooltip' data-placement='right' title='原始值：29.55'>29.6</span>", "<span data-toggle='tooltip' data-placement='right' title='原始值：5.6'>5.60</span>", "<span data-toggle='tooltip' data-placement='right' title='原始值：0.029'>0.029</span>", "<span data-toggle='tooltip' data-placement='right' title='原始值：0.04'>0.040</span>", "<span data-toggle='tooltip' data-placement='right' title='原始值：1.678'>1.68</span>", "*", "*", "正常"], ["江苏省", "淮河流域", "<span data-toggle='tooltip' data-placement='right' title='所在地市:徐州市&#10;所属河流:邳苍分洪道'>艾山西大桥</span>", "03-13 08:00", "Ⅲ", "<span data-toggle='tooltip' data-placement='right' title='原始值：12.6761'>12.7</span>", "<span data-toggle='tooltip' data-placement='right' title='原始值：8.48463'>8.48</span>", "<span data-toggle='tooltip' data-placement='right' title='原始值：14.9603'>14.96</span>", "<span data-toggle='tooltip' data-placement='right' title='原始值：687.494'>687.5</span>", "<span data-toggle='tooltip' data-placement='right' title='原始值：10.0806'>10.1</span>", "<span data-toggle='tooltip' data-placement='right' title='原始值：5.78'>5.78</span>", "<span data-toggle='tooltip' data-placement='right' title='原始值：0.09'>0.090</span>", "<span data-toggle='tooltip' data-placement='right' title='原始值：0.0493'>0.049</span>", "<span data-toggle='tooltip' data-placement='right' title='原始值：8.82017'>8.82</span>", "*", "*", "正常"], ["江苏省", "太湖流域", "<span data-toggle='tooltip' data-placement='right' title='所在地市:苏州市&#10;所属河流:太湖'>兰山嘴(老)</span>", "03-13 08:00", "Ⅲ", "<span data-toggle='tooltip' data-placement='right' title='原始值：11.74257'>11.7</span>", "<span data-toggle='tooltip' data-placement='right' title='原始值：7.82675'>7.83</span>", "<span data-toggle='tooltip' data-placement='right' title='原始值：10.58141'>10.58</span>", "<span data-toggle='tooltip' data-placement='right' title='原始值：383.2427'>383.2</span>", "<span data-toggle='tooltip' data-placement='right' title='原始值：45.585'>45.6</span>", "<span data-toggle='tooltip' data-placement='right' title='原始值：3.4'>3.40</span>", "<span data-toggle='tooltip' data-placement='right' title='原始值：0.18365'>0.184</span>", "<span data-toggle='tooltip' data-placement='right' title='原始值：0.11506'>0.115</span>", "<span data-toggle='tooltip' data-placement='right' title='原始值：4.23798'>4.24</span>", "<span data-toggle='tooltip' data-placement='right' title='原始值：0.06348'>0.063</span>", "*", "正常"], ["江苏省", "太湖流域", "<span data-toggle='tooltip' data-placement='right' title='所在地市:苏州市&#10;所属河流:太湖'>西山</span>", "03-13 08:00", "Ⅲ", "<span data-toggle='tooltip' data-placement='right' title='原始值：11.89999'>11.9</span>", "<span data-toggle='tooltip' data-placement='right' title='原始值：7.7314'>7.73</span>", "<span data-toggle='tooltip' data-placement='right' title='原始值：11.11478'>11.11</span>", "<span data-toggle='tooltip' data-placement='right' title='原始值：553.2365'>553.2</span>", "<span data-toggle='tooltip' data-placement='right' title='原始值：100.4152'>100.4</span>", "<span data-toggle='tooltip' data-placement='right' title='原始值：2.18'>2.18</span>", "<span data-toggle='tooltip' data-placement='right' title='原始值：0.11'>0.110</span>", "<span data-toggle='tooltip' data-placement='right' title='原始值：0.0464'>0.046</span>", "<span data-toggle='tooltip' data-placement='right' title='原始值：1.477'>1.48</span>", "<span data-toggle='tooltip' data-placement='right' title='原始值：0.02322'>0.023</span>", "*", "正常"], ["江苏省", "淮河流域", "<span data-toggle='tooltip' data-placement='right' title='所在地市:连云港市&#10;所属河流:新沭河'>大兴桥</span>", "03-13 08:00", "", "<span data-toggle='tooltip' data-placement='right' title='原始值：12'>12.0</span>", "<span data-toggle='tooltip' data-placement='right' title='原始值：8.83'>8.83</span>", "<span data-toggle='tooltip' data-placement='right' title='原始值：11.37'>11.37</span>", "<span data-toggle='tooltip' data-placement='right' title='原始值：936.3'>936.3</span>", "<span data-toggle='tooltip' data-placement='right' title='原始值：267.86'>267.9</span>", "<span data-toggle='tooltip' data-placement='right' title='原始值：4.94'>4.94</span>", "<span data-toggle='tooltip' data-placement='right' title='极值过滤'>--</span>", "*", "*", "*", "*", "维护"], ["江苏省", "淮河流域", "<span data-toggle='tooltip' data-placement='right' title='所在地市:淮安市&#10;所属河流:淮河'>淮河大桥</span>", "03-13 08:00", "Ⅱ", "<span data-toggle='tooltip' data-placement='right' title='原始值：11.98913'>12.0</span>", "<span data-toggle='tooltip' data-placement='right' title='原始值：8.28509'>8.29</span>", "<span data-toggle='tooltip' data-placement='right' title='原始值：9.87737'>9.88</span>", "<span data-toggle='tooltip' data-placement='right' title='原始值：674.2228'>674.2</span>", "<span data-toggle='tooltip' data-placement='right' title='原始值：19.18651'>19.2</span>", "<span data-toggle='tooltip' data-placement='right' title='原始值：3.26'>3.26</span>", "<span data-toggle='tooltip' data-placement='right' title='原始值：0.31'>0.310</span>", "<span data-toggle='tooltip' data-placement='right' title='原始值：0.03775'>0.038</span>", "<span data-toggle='tooltip' data-placement='right' title='原始值：2.9275'>2.93</span>", "*", "*", "正常"], ["江苏省", "长江流域", "<span data-toggle='tooltip' data-placement='right' title='所在地市:扬州市&#10;所属河流:夹江'>三江营</span>", "03-13 08:00", "Ⅱ", "<span data-toggle='tooltip' data-placement='right' title='原始值：12.66'>12.7</span>", "<span data-toggle='tooltip' data-placement='right' title='原始值：7.94'>7.94</span>", "<span data-toggle='tooltip' data-placement='right' title='原始值：10.11'>10.11</span>", "<span data-toggle='tooltip' data-placement='right' title='原始值：350.14'>350.1</span>", "<span data-toggle='tooltip' data-placement='right' title='原始值：31.54'>31.5</span>", "<span data-toggle='tooltip' data-placement='right' title='原始值：1.85'>1.85</span>", "<span data-toggle='tooltip' data-placement='right' title='原始值：0.073'>0.073</span>", "<span data-toggle='tooltip' data-placement='right' title='原始值：0.085'>0.085</span>", "<span data-toggle='tooltip' data-placement='right' title='原始值：1.999'>2.00</span>", "*", "*", "正常"], ["江苏省", "淮河流域", "<span data-toggle='tooltip' data-placement='right' title='所在地市:宿迁市&#10;所属河流:新濉河'>大屈</span>", "03-13 08:00", "", "<span data-toggle='tooltip' data-placement='right' title='原始值：11.6'>11.6</span>", "<span data-toggle='tooltip' data-placement='right' title='原始值：8.41'>8.41</span>", "<span data-toggle='tooltip' data-placement='right' title='原始值：12.52'>12.52</span>", "<span data-toggle='tooltip' data-placement='right' title='原始值：966.6'>966.6</span>", "<span data-toggle='tooltip' data-placement='right' title='原始值：13.68'>13.7</span>", "<span data-toggle='tooltip' data-placement='right' title='原始值：4.86'>4.86</span>", "<span data-toggle='tooltip' data-placement='right' title='极值过滤'>--</span>", "<span data-toggle='tooltip' data-placement='right' title='原始值：0.037'>0.037</span>", "<span data-toggle='tooltip' data-placement='right' title='原始值：3.498'>3.50</span>", "*", "*", "维护"], ["浙江省", "浙闽片河流", "<span data-toggle='tooltip' data-placement='right' title='所在地市:杭州市&#10;所属河流:新安江'>街口(鸠坑口)</span>", "03-13 08:00", "Ⅱ", "<span data-toggle='tooltip' data-placement='right' title='原始值：14.76'>14.8</span>", "<span data-toggle='tooltip' data-placement='right' title='原始值：7.53'>7.53</span>", "<span data-toggle='tooltip' data-placement='right' title='原始值：9.26'>9.26</span>", "<span data-toggle='tooltip' data-placement='right' title='原始值：219.53'>219.5</span>", "<span data-toggle='tooltip' data-placement='right' title='原始值：7.19'>7.2</span>", "<span data-toggle='tooltip' data-placement='right' title='原始值：2.174'>2.17</span>", "<span data-toggle='tooltip' data-placement='right' title='原始值：0.055'>0.055</span>", "<span data-toggle='tooltip' data-placement='right' title='原始值：0.052'>0.052</span>", "<span data-toggle='tooltip' data-placement='right' title='原始值：1.838'>1.84</span>", "*", "*", "正常"], ["浙江省", "太湖流域", "<span data-toggle='tooltip' data-placement='right' title='所在地市:嘉兴市&#10;所属河流:斜路港河'>斜路港</span>", "03-13 08:00", "Ⅳ", "<span data-toggle='tooltip' data-placement='right' title='原始值：12.7'>12.7</span>", "<span data-toggle='tooltip' data-placement='right' title='原始值：7.64'>7.64</span>", "<span data-toggle='tooltip' data-placement='right' title='原始值：9.35'>9.35</span>", "<span data-toggle='tooltip' data-placement='right' title='原始值：658'>658.0</span>", "<span data-toggle='tooltip' data-placement='right' title='原始值：542.5'>542.5</span>", "<span data-toggle='tooltip' data-placement='right' title='原始值：6.5'>6.50</span>", "<span data-toggle='tooltip' data-placement='right' title='原始值：0.61011'>0.610</span>", "<span data-toggle='tooltip' data-placement='right' title='原始值：0.1104'>0.110</span>", "<span data-toggle='tooltip' data-placement='right' title='原始值：2.19272'>2.19</span>", "*", "*", "正常"], ["浙江省", "太湖流域", "<span data-toggle='tooltip' data-placement='right' title='所在地市:嘉兴市&#10;所属河流:京杭运河'>王江泾</span>", "03-13 08:00", "Ⅳ", "<span data-toggle='tooltip' data-placement='right' title='原始值：13.05'>13.0</span>", "<span data-toggle='tooltip' data-placement='right' title='原始值：6.98'>6.98</span>", "<span data-toggle='tooltip' data-placement='right' title='原始值：6.22'>6.22</span>", "<span data-toggle='tooltip' data-placement='right' title='原始值：682.62'>682.6</span>", "<span data-toggle='tooltip' data-placement='right' title='原始值：42.67'>42.7</span>", "<span data-toggle='tooltip' data-placement='right' title='原始值：6.014'>6.01</span>", "<span data-toggle='tooltip' data-placement='right' title='原始值：0.292'>0.292</span>", "<span data-toggle='tooltip' data-placement='right' title='原始值：0.072'>0.072</span>", "<span data-toggle='tooltip' data-placement='right' title='原始值：2.734'>2.73</span>", "*", "*", "正常"], ["浙江省", "太湖流域", "<span data-toggle='tooltip' data-placement='right' title='所在地市:湖州市&#10;所属河流:西苕溪'>新港口(新塘港)</span>", "03-13 08:00", "Ⅲ", "<span data-toggle='tooltip' data-placement='right' title='原始值：12.2466'>12.2</span>", "<span data-toggle='tooltip' data-placement='right' title='原始值：7.71072'>7.71</span>", "<span data-toggle='tooltip' data-placement='right' title='原始值：8.26261'>8.26</span>", "<span data-toggle='tooltip' data-placement='right' title='原始值：447.788'>447.8</span>", "<span data-toggle='tooltip' data-placement='right' title='原始值：90.0189'>90.0</span>", "<span data-toggle='tooltip' data-placement='right' title='原始值：2.65086'>2.65</span>", "<span data-toggle='tooltip' data-placement='right' title='原始值：0.64225'>0.642</span>", "<span data-toggle='tooltip' data-placement='right' title='原始值：0.07266'>0.073</span>", "<span data-toggle='tooltip' data-placement='right' title='原始值：9.82834'>9.83</span>", "<span data-toggle='tooltip' data-placement='right' title='原始值：0.01683'>0.017</span>", "*", "正常"], ["安徽省", "巢湖流域", "<span data-toggle='tooltip' data-placement='right' title='所在地市:合肥市&#10;所属河流:巢湖'>湖滨(老)</span>", "03-13 08:00", "Ⅳ", "<span data-toggle='tooltip' data-placement='right' title='原始值：11.43653'>11.4</span>", "<span data-toggle='tooltip' data-placement='right' title='原始值：6.77809'>6.78</span>", "<span data-toggle='tooltip' data-placement='right' title='原始值：10.13862'>10.14</span>", "<span data-toggle='tooltip' data-placement='right' title='原始值：331.7792'>331.8</span>", "<span data-toggle='tooltip' data-placement='right' title='原始值：93.95677'>94.0</span>", "<span data-toggle='tooltip' data-placement='right' title='原始值：3.24'>3.24</span>", "<span data-toggle='tooltip' data-placement='right' title='原始值：0.38'>0.380</span>", "<span data-toggle='tooltip' data-placement='right' title='原始值：0.084'>0.084</span>", "<span data-toggle='tooltip' data-placement='right' title='原始值：1.945'>1.94</span>", "<span data-toggle='tooltip' data-placement='right' title='原始值：0.00578'>0.006</span>", "*", "正常"], ["安徽省", "巢湖流域", "<span data-toggle='tooltip' data-placement='right' title='所在地市:芜湖市&#10;所属河流:巢湖'>裕溪口(老)</span>", "03-13 08:00", "Ⅳ", "<span data-toggle='tooltip' data-placement='right' title='原始值：12.4373'>12.4</span>", "<span data-toggle='tooltip' data-placement='right' title='原始值：7.54217'>7.54</span>", "<span data-toggle='tooltip' data-placement='right' title='原始值：8.65067'>8.65</span>", "<span data-toggle='tooltip' data-placement='right' title='原始值：283.4333'>283.4</span>", "<span data-toggle='tooltip' data-placement='right' title='原始值：73.31306'>73.3</span>", "<span data-toggle='tooltip' data-placement='right' title='原始值：3.25'>3.25</span>", "<span data-toggle='tooltip' data-placement='right' title='原始值：0.07'>0.070</span>", "<span data-toggle='tooltip' data-placement='right' title='原始值：0.0788'>0.079</span>", "<span data-toggle='tooltip' data-placement='right' title='原始值：4.143'>4.14</span>", "<span data-toggle='tooltip' data-placement='right' title='原始值：0.0451'>0.045</span>", "*", "正常"], ["安徽省", "淮河流域", "<span data-toggle='tooltip' data-placement='right' title='所在地市:蚌埠市&#10;所属河流:淮河'>蚌埠闸上(蚌埠闸)</span>", "03-13 08:00", "Ⅱ", "<span data-toggle='tooltip' data-placement='right' title='原始值：12.74'>12.7</span>", "<span data-toggle='tooltip' data-placement='right' title='原始值：7.68'>7.68</span>", "<span data-toggle='tooltip' data-placement='right' title='原始值：10.2'>10.20</span>", "<span data-toggle='tooltip' data-placement='right' title='原始值：699.41'>699.4</span>", "<span data-toggle='tooltip' data-placement='right' title='原始值：87.35'>87.4</span>", "<span data-toggle='tooltip' data-placement='right' title='原始值：2.896'>2.90</span>", "<span data-toggle='tooltip' data-placement='right' title='原始值：0.105'>0.105</span>", "<span data-toggle='tooltip' data-placement='right' title='原始值：0.063'>0.063</span>", "<span data-toggle='tooltip' data-placement='right' title='原始值：2.524'>2.52</span>", "*", "*", "正常"], ["安徽省", "淮河流域", "<span data-toggle='tooltip' data-placement='right' title='所在地市:淮南市&#10;所属河流:淮河'>石头埠(老)</span>", "03-13 08:00", "Ⅳ", "<span data-toggle='tooltip' data-placement='right' title='原始值：12.71875'>12.7</span>", "<span data-toggle='tooltip' data-placement='right' title='原始值：6.82165'>6.82</span>", "<span data-toggle='tooltip' data-placement='right' title='原始值：4.35137'>4.35</span>", "<span data-toggle='tooltip' data-placement='right' title='原始值：546.3206'>546.3</span>", "<span data-toggle='tooltip' data-placement='right' title='原始值：29.11396'>29.1</span>", "<span data-toggle='tooltip' data-placement='right' title='原始值：2.37'>2.37</span>", "<span data-toggle='tooltip' data-placement='right' title='原始值：0.23'>0.230</span>", "*", "*", "*", "*", "正常"], ["安徽省", "淮河流域", "<span data-toggle='tooltip' data-placement='right' title='所在地市:淮北市&#10;所属河流:沱河'>小王桥</span>", "03-13 08:00", "Ⅲ", "<span data-toggle='tooltip' data-placement='right' title='原始值：10.86'>10.9</span>", "<span data-toggle='tooltip' data-placement='right' title='原始值：8.03'>8.03</span>", "<span data-toggle='tooltip' data-placement='right' title='原始值：7.56'>7.56</span>", "<span data-toggle='tooltip' data-placement='right' title='原始值：1691.63'>1691.6</span>", "<span data-toggle='tooltip' data-placement='right' title='原始值：16.68'>16.7</span>", "<span data-toggle='tooltip' data-placement='right' title='原始值：5.002'>5.00</span>", "<span data-toggle='tooltip' data-placement='right' title='原始值：0.044'>0.044</span>", "<span data-toggle='tooltip' data-placement='right' title='原始值：0.057'>0.057</span>", "<span data-toggle='tooltip' data-placement='right' title='原始值：1.38'>1.38</span>", "*", "*", "正常"], ["安徽省", "长江流域", "<span data-toggle='tooltip' data-placement='right' title='所在地市:安庆市&#10;所属河流:长江'>皖河口</span>", "03-13 08:00", "Ⅱ", "<span data-toggle='tooltip' data-placement='right' title='原始值：13.26'>13.3</span>", "<span data-toggle='tooltip' data-placement='right' title='原始值：7.656'>7.66</span>", "<span data-toggle='tooltip' data-placement='right' title='原始值：9.11'>9.11</span>", "<span data-toggle='tooltip' data-placement='right' title='原始值：316.24'>316.2</span>", "<span data-toggle='tooltip' data-placement='right' title='原始值：35.25'>35.2</span>", "<span data-toggle='tooltip' data-placement='right' title='原始值：1.385'>1.38</span>", "<span data-toggle='tooltip' data-placement='right' title='原始值：0.05'>0.050</span>", "<span data-toggle='tooltip' data-placement='right' title='原始值：0.0601'>0.060</span>", "<span data-toggle='tooltip' data-placement='right' title='原始值：2.178'>2.18</span>", "*", "*", "正常"], ["安徽省", "淮河流域", "<span data-toggle='tooltip' data-placement='right' title='所在地市:滁州市&#10;所属河流:淮河'>小柳巷</span>", "03-13 08:00", "Ⅲ", "<span data-toggle='tooltip' data-placement='right' title='原始值：11.3'>11.3</span>", "<span data-toggle='tooltip' data-placement='right' title='原始值：8.01'>8.01</span>", "<span data-toggle='tooltip' data-placement='right' title='原始值：10.72'>10.72</span>", "<span data-toggle='tooltip' data-placement='right' title='原始值：583.7'>583.7</span>", "<span data-toggle='tooltip' data-placement='right' title='原始值：145.57'>145.6</span>", "<span data-toggle='tooltip' data-placement='right' title='原始值：4.403'>4.40</span>", "<span data-toggle='tooltip' data-placement='right' title='原始值：0.222'>0.222</span>", "<span data-toggle='tooltip' data-placement='right' title='原始值：0.098'>0.098</span>", "<span data-toggle='tooltip' data-placement='right' title='原始值：2.456'>2.46</span>", "*", "*", "正常"], ["安徽省", "淮河流域", "<span data-toggle='tooltip' data-placement='right' title='所在地市:阜阳市&#10;所属河流:黑茨河'>张大桥</span>", "03-13 08:00", "Ⅲ", "<span data-toggle='tooltip' data-placement='right' title='原始值：12.9'>12.9</span>", "<span data-toggle='tooltip' data-placement='right' title='原始值：8.26'>8.26</span>", "<span data-toggle='tooltip' data-placement='right' title='原始值：12.51'>12.51</span>", "<span data-toggle='tooltip' data-placement='right' title='原始值：2209.5'>2209.5</span>", "<span data-toggle='tooltip' data-placement='right' title='原始值：5.13'>5.1</span>", "<span data-toggle='tooltip' data-placement='right' title='原始值：4.95'>4.95</span>", "<span data-toggle='tooltip' data-placement='right' title='原始值：0.01'>0.010</span>", "<span data-toggle='tooltip' data-placement='right' title='原始值：0.087'>0.087</span>", "<span data-toggle='tooltip' data-placement='right' title='原始值：9.875'>9.88</span>", "*", "*", "正常"], ["安徽省", "淮河流域", "<span data-toggle='tooltip' data-placement='right' title='所在地市:阜阳市&#10;所属河流:淮河'>王家坝</span>", "03-13 08:00", "Ⅲ", "<span data-toggle='tooltip' data-placement='right' title='原始值：15.70754'>15.7</span>", "<span data-toggle='tooltip' data-placement='right' title='原始值：7.27083'>7.27</span>", "<span data-toggle='tooltip' data-placement='right' title='原始值：9.70434'>9.70</span>", "<span data-toggle='tooltip' data-placement='right' title='原始值：445.2965'>445.3</span>", "<span data-toggle='tooltip' data-placement='right' title='原始值：18.31953'>18.3</span>", "<span data-toggle='tooltip' data-placement='right' title='原始值：3.96'>3.96</span>", "<span data-toggle='tooltip' data-placement='right' title='原始值：0.603'>0.603</span>", "<span data-toggle='tooltip' data-placement='right' title='原始值：0.09597'>0.096</span>", "<span data-toggle='tooltip' data-placement='right' title='原始值：2.33616'>2.34</span>", "*", "*", "正常"], ["安徽省", "淮河流域", "<span data-toggle='tooltip' data-placement='right' title='所在地市:阜阳市&#10;所属河流:颍河'>界首七渡口(七渡口)</span>", "03-13 08:00", "Ⅲ", "<span data-toggle='tooltip' data-placement='right' title='原始值：11.28443'>11.3</span>", "<span data-toggle='tooltip' data-placement='right' title='原始值：8.0574'>8.06</span>", "<span data-toggle='tooltip' data-placement='right' title='原始值：6.60478'>6.60</span>", "<span data-toggle='tooltip' data-placement='right' title='原始值：812.7053'>812.7</span>", "<span data-toggle='tooltip' data-placement='right' title='原始值：17.09114'>17.1</span>", "<span data-toggle='tooltip' data-placement='right' title='原始值：4.19'>4.19</span>", "<span data-toggle='tooltip' data-placement='right' title='原始值：0.26'>0.260</span>", "<span data-toggle='tooltip' data-placement='right' title='原始值：0.09828'>0.098</span>", "<span data-toggle='tooltip' data-placement='right' title='原始值：5.38705'>5.39</span>", "*", "*", "正常"], ["安徽省", "淮河流域", "<span data-toggle='tooltip' data-placement='right' title='所在地市:阜阳市&#10;所属河流:泉河'>许庄(徐庄)</span>", "03-13 08:00", "Ⅲ", "<span data-toggle='tooltip' data-placement='right' title='原始值：12.8'>12.8</span>", "<span data-toggle='tooltip' data-placement='right' title='原始值：7.78'>7.78</span>", "<span data-toggle='tooltip' data-placement='right' title='原始值：10.31'>10.31</span>", "<span data-toggle='tooltip' data-placement='right' title='原始值：1027'>1027.0</span>", "<span data-toggle='tooltip' data-placement='right' title='原始值：33.26'>33.3</span>", "<span data-toggle='tooltip' data-placement='right' title='原始值：4.57'>4.57</span>", "<span data-toggle='tooltip' data-placement='right' title='原始值：0.02'>0.020</span>", "<span data-toggle='tooltip' data-placement='right' title='原始值：0.028'>0.028</span>", "<span data-toggle='tooltip' data-placement='right' title='原始值：2.811'>2.81</span>", "*", "*", "正常"], ["安徽省", "淮河流域", "<span data-toggle='tooltip' data-placement='right' title='所在地市:宿州市&#10;所属河流:奎河'>杨庄</span>", "03-13 08:00", "Ⅴ", "<span data-toggle='tooltip' data-placement='right' title='原始值：13.08'>13.1</span>", "<span data-toggle='tooltip' data-placement='right' title='原始值：7.29'>7.29</span>", "<span data-toggle='tooltip' data-placement='right' title='原始值：9.01'>9.01</span>", "<span data-toggle='tooltip' data-placement='right' title='原始值：1054'>1054.0</span>", "<span data-toggle='tooltip' data-placement='right' title='原始值：124.54'>124.5</span>", "<span data-toggle='tooltip' data-placement='right' title='原始值：4.73'>4.73</span>", "<span data-toggle='tooltip' data-placement='right' title='原始值：1.696'>1.696</span>", "*", "*", "*", "*", "正常"], ["安徽省", "淮河流域", "<span data-toggle='tooltip' data-placement='right' title='所在地市:宿州市&#10;所属河流:新汴河'>泗县公路桥</span>", "03-13 08:00", "Ⅲ", "<span data-toggle='tooltip' data-placement='right' title='原始值：11.7'>11.7</span>", "<span data-toggle='tooltip' data-placement='right' title='原始值：8.26'>8.26</span>", "<span data-toggle='tooltip' data-placement='right' title='原始值：10.14'>10.14</span>", "<span data-toggle='tooltip' data-placement='right' title='原始值：954.1'>954.1</span>", "<span data-toggle='tooltip' data-placement='right' title='原始值：25.72'>25.7</span>", "<span data-toggle='tooltip' data-placement='right' title='原始值：4.3'>4.30</span>", "<span data-toggle='tooltip' data-placement='right' title='原始值：0.04'>0.040</span>", "*", "*", "*", "*", "正常"], ["安徽省", "淮河流域", "<span data-toggle='tooltip' data-placement='right' title='所在地市:亳州市&#10;所属河流:包河'>颜集</span>", "03-13 08:00", "Ⅲ", "<span data-toggle='tooltip' data-placement='right' title='原始值：10.9'>10.9</span>", "<span data-toggle='tooltip' data-placement='right' title='原始值：8.34'>8.34</span>", "<span data-toggle='tooltip' data-placement='right' title='原始值：10.72'>10.72</span>", "<span data-toggle='tooltip' data-placement='right' title='原始值：1682.7'>1682.7</span>", "<span data-toggle='tooltip' data-placement='right' title='原始值：87.22'>87.2</span>", "<span data-toggle='tooltip' data-placement='right' title='原始值：4.84'>4.84</span>", "<span data-toggle='tooltip' data-placement='right' title='原始值：0.36'>0.360</span>", "<span data-toggle='tooltip' data-placement='right' title='原始值：0.15'>0.150</span>", "<span data-toggle='tooltip' data-placement='right' title='原始值：6.922'>6.92</span>", "*", "*", "正常"], ["福建省", "浙闽片河流", "<span data-toggle='tooltip' data-placement='right' title='所在地市:福州市&#10;所属河流:闽江'>白岩潭</span>", "03-13 08:00", "Ⅱ", "<span data-toggle='tooltip' data-placement='right' title='原始值：16.55'>16.6</span>", "<span data-toggle='tooltip' data-placement='right' title='原始值：7.2'>7.20</span>", "<span data-toggle='tooltip' data-placement='right' title='原始值：8.52'>8.52</span>", "<span data-toggle='tooltip' data-placement='right' title='原始值：208.6'>208.6</span>", "<span data-toggle='tooltip' data-placement='right' title='原始值：110.52'>110.5</span>", "<span data-toggle='tooltip' data-placement='right' title='原始值：1.93'>1.93</span>", "<span data-toggle='tooltip' data-placement='right' title='原始值：0.313'>0.313</span>", "*", "*", "*", "*", "正常"], ["江西省", "长江流域", "<span data-toggle='tooltip' data-placement='right' title='所在地市:南昌市&#10;所属河流:赣江南支'>滁槎</span>", null, "", "--", "--", "--", "--", "--", "--", "--", "--", "--", "*", "*", "停站"], ["江西省", "长江流域", "<span data-toggle='tooltip' data-placement='right' title='所在地市:九江市&#10;所属河流:长江'>姚港(河西水厂)</span>", "03-13 08:00", "", "<span data-toggle='tooltip' data-placement='right' title='原始值：13.03'>13.0</span>", "<span data-toggle='tooltip' data-placement='right' title='原始值：7.58'>7.58</span>", "<span data-toggle='tooltip' data-placement='right' title='原始值：9.83'>9.83</span>", "<span data-toggle='tooltip' data-placement='right' title='原始值：352.9'>352.9</span>", "<span data-toggle='tooltip' data-placement='right' title='原始值：38.26'>38.3</span>", "<span data-toggle='tooltip' data-placement='right' title='原始值：1.225'>1.22</span>", "<span data-toggle='tooltip' data-placement='right' title='原始值：0.038'>0.038</span>", "<span data-toggle='tooltip' data-placement='right' title='原始值：0.014'>0.014</span>", "<span data-toggle='tooltip' data-placement='right' title='原始值：1.89'>1.89</span>", "*", "*", "维护"], ["江西省", "长江流域", "<span data-toggle='tooltip' data-placement='right' title='所在地市:九江市&#10;所属河流:鄱阳湖'>蛤蟆石</span>", "03-13 08:00", "Ⅳ", "<span data-toggle='tooltip' data-placement='right' title='原始值：13.69'>13.7</span>", "<span data-toggle='tooltip' data-placement='right' title='原始值：7.36'>7.36</span>", "<span data-toggle='tooltip' data-placement='right' title='原始值：9.21'>9.21</span>", "<span data-toggle='tooltip' data-placement='right' title='原始值：193.61'>193.6</span>", "<span data-toggle='tooltip' data-placement='right' title='原始值：22.33'>22.3</span>", "<span data-toggle='tooltip' data-placement='right' title='原始值：1.813'>1.81</span>", "<span data-toggle='tooltip' data-placement='right' title='原始值：0.209'>0.209</span>", "<span data-toggle='tooltip' data-placement='right' title='原始值：0.0632'>0.063</span>", "<span data-toggle='tooltip' data-placement='right' title='原始值：1.985'>1.98</span>", "<span data-toggle='tooltip' data-placement='right' title='原始值：0.00087'>0.001</span>", "<span data-toggle='tooltip' data-placement='right' title='原始值：1752423'>1752423</span>", "正常"], ["山东省", "黄河流域", "<span data-toggle='tooltip' data-placement='right' title='所在地市:济南市&#10;所属河流:黄河'>泺口</span>", "03-13 08:00", "Ⅱ", "<span data-toggle='tooltip' data-placement='right' title='原始值：10.2461'>10.2</span>", "<span data-toggle='tooltip' data-placement='right' title='原始值：8.46143'>8.46</span>", "<span data-toggle='tooltip' data-placement='right' title='原始值：11.0453'>11.05</span>", "<span data-toggle='tooltip' data-placement='right' title='原始值：1088.58'>1088.6</span>", "<span data-toggle='tooltip' data-placement='right' title='原始值：767.922'>767.9</span>", "<span data-toggle='tooltip' data-placement='right' title='原始值：3.04'>3.04</span>", "<span data-toggle='tooltip' data-placement='right' title='原始值：0.13252'>0.133</span>", "<span data-toggle='tooltip' data-placement='right' title='原始值：0.00098'>0.001</span>", "<span data-toggle='tooltip' data-placement='right' title='原始值：4.502'>4.50</span>", "*", "*", "正常"], ["山东省", "淮河流域", "<span data-toggle='tooltip' data-placement='right' title='所在地市:枣庄市&#10;所属河流:京杭大运河（韩庄运河）'>台儿庄大桥</span>", "03-13 08:00", "Ⅲ", "<span data-toggle='tooltip' data-placement='right' title='原始值：10.82125'>10.8</span>", "<span data-toggle='tooltip' data-placement='right' title='原始值：8.01727'>8.02</span>", "<span data-toggle='tooltip' data-placement='right' title='原始值：10.52177'>10.52</span>", "<span data-toggle='tooltip' data-placement='right' title='原始值：827.8076'>827.8</span>", "<span data-toggle='tooltip' data-placement='right' title='原始值：18.49607'>18.5</span>", "<span data-toggle='tooltip' data-placement='right' title='原始值：4.24428'>4.24</span>", "<span data-toggle='tooltip' data-placement='right' title='原始值：0.32949'>0.329</span>", "<span data-toggle='tooltip' data-placement='right' title='原始值：0.064'>0.064</span>", "<span data-toggle='tooltip' data-placement='right' title='原始值：3.83293'>3.83</span>", "*", "*", "正常"], ["山东省", "淮河流域", "<span data-toggle='tooltip' data-placement='right' title='所在地市:临沂市&#10;所属河流:沭河'>清泉寺</span>", "03-13 08:00", "", "<span data-toggle='tooltip' data-placement='right' title='原始值：15.63312'>15.6</span>", "<span data-toggle='tooltip' data-placement='right' title='原始值：7.89951'>7.90</span>", "<span data-toggle='tooltip' data-placement='right' title='原始值：9.48805'>9.49</span>", "<span data-toggle='tooltip' data-placement='right' title='原始值：1283.027'>1283.0</span>", "<span data-toggle='tooltip' data-placement='right' title='原始值：28.29394'>28.3</span>", "<span data-toggle='tooltip' data-placement='right' title='极值过滤'>--</span>", "<span data-toggle='tooltip' data-placement='right' title='原始值：0.16'>0.160</span>", "*", "*", "*", "*", "维护"], ["山东省", "淮河流域", "<span data-toggle='tooltip' data-placement='right' title='所在地市:临沂市&#10;所属河流:沂河'>重坊桥</span>", "03-13 08:00", "Ⅱ", "<span data-toggle='tooltip' data-placement='right' title='原始值：12.16168'>12.2</span>", "<span data-toggle='tooltip' data-placement='right' title='原始值：7.5144'>7.51</span>", "<span data-toggle='tooltip' data-placement='right' title='原始值：9.58317'>9.58</span>", "<span data-toggle='tooltip' data-placement='right' title='原始值：875.4766'>875.5</span>", "<span data-toggle='tooltip' data-placement='right' title='原始值：10.19905'>10.2</span>", "<span data-toggle='tooltip' data-placement='right' title='原始值：3.74'>3.74</span>", "<span data-toggle='tooltip' data-placement='right' title='原始值：0.0636'>0.064</span>", "*", "*", "*", "*", "正常"], ["山东省", "淮河流域", "<span data-toggle='tooltip' data-placement='right' title='所在地市:临沂市&#10;所属河流:白马河'>捷庄(涝沟桥)</span>", "03-13 08:00", "Ⅲ", "<span data-toggle='tooltip' data-placement='right' title='原始值：11.20005'>11.2</span>", "<span data-toggle='tooltip' data-placement='right' title='原始值：7.21969'>7.22</span>", "<span data-toggle='tooltip' data-placement='right' title='原始值：7.76715'>7.77</span>", "<span data-toggle='tooltip' data-placement='right' title='原始值：1013'>1013.0</span>", "<span data-toggle='tooltip' data-placement='right' title='原始值：7.79995'>7.8</span>", "<span data-toggle='tooltip' data-placement='right' title='原始值：5.29'>5.29</span>", "<span data-toggle='tooltip' data-placement='right' title='原始值：0.20361'>0.204</span>", "<span data-toggle='tooltip' data-placement='right' title='原始值：0.08232'>0.082</span>", "<span data-toggle='tooltip' data-placement='right' title='原始值：10.77488'>10.77</span>", "*", "*", "正常"], ["山东省", "海河流域", "<span data-toggle='tooltip' data-placement='right' title='所在地市:聊城市&#10;所属河流:卫运河'>秤勾湾(秤钩湾)</span>", null, "", "--", "--", "--", "--", "--", "--", "--", "--", "--", "*", "*", "停站"], ["河南省", "长江流域", "<span data-toggle='tooltip' data-placement='right' title='所在地市:南阳市&#10;所属河流:丹江口水库'>陶岔</span>", "03-13 08:00", "Ⅱ", "<span data-toggle='tooltip' data-placement='right' title='原始值：17.17'>17.2</span>", "<span data-toggle='tooltip' data-placement='right' title='原始值：7.96301'>7.96</span>", "<span data-toggle='tooltip' data-placement='right' title='原始值：8.774'>8.77</span>", "<span data-toggle='tooltip' data-placement='right' title='原始值：270.8841'>270.9</span>", "<span data-toggle='tooltip' data-placement='right' title='原始值：3.42763'>3.4</span>", "<span data-toggle='tooltip' data-placement='right' title='原始值：2.27'>2.27</span>", "<span data-toggle='tooltip' data-placement='right' title='原始值：0.0256'>0.026</span>", "<span data-toggle='tooltip' data-placement='right' title='原始值：0.00718'>0.007</span>", "<span data-toggle='tooltip' data-placement='right' title='原始值：1.05192'>1.05</span>", "<span data-toggle='tooltip' data-placement='right' title='原始值：0.00399'>0.004</span>", "<span data-toggle='tooltip' data-placement='right' title='原始值：233080.2'>233080</span>", "正常"], ["河南省", "淮河流域", "<span data-toggle='tooltip' data-placement='right' title='所在地市:商丘市&#10;所属河流:浍河'>黄口</span>", "03-13 08:00", "Ⅱ", "<span data-toggle='tooltip' data-placement='right' title='原始值：12.7'>12.7</span>", "<span data-toggle='tooltip' data-placement='right' title='原始值：7.55'>7.55</span>", "<span data-toggle='tooltip' data-placement='right' title='原始值：12.35421'>12.35</span>", "<span data-toggle='tooltip' data-placement='right' title='原始值：2409.5'>2409.5</span>", "<span data-toggle='tooltip' data-placement='right' title='原始值：45.14679'>45.1</span>", "<span data-toggle='tooltip' data-placement='right' title='原始值：3.67'>3.67</span>", "<span data-toggle='tooltip' data-placement='right' title='原始值：0.07442'>0.074</span>", "<span data-toggle='tooltip' data-placement='right' title='原始值：0.0937'>0.094</span>", "<span data-toggle='tooltip' data-placement='right' title='原始值：6.80839'>6.81</span>", "*", "*", "正常"], ["河南省", "淮河流域", "<span data-toggle='tooltip' data-placement='right' title='所在地市:信阳市&#10;所属河流:史灌河'>蒋集</span>", null, "", "--", "--", "--", "--", "--", "--", "--", "--", "--", "*", "*", "停站"], ["河南省", "淮河流域", "<span data-toggle='tooltip' data-placement='right' title='所在地市:信阳市&#10;所属河流:淮河'>息县大埠口</span>", null, "", "*", "--", "*", "*", "*", "*", "*", "*", "*", "*", "*", "维护"], ["河南省", "淮河流域", "<span data-toggle='tooltip' data-placement='right' title='所在地市:信阳市&#10;所属河流:淮河'>淮滨水文站(淮滨)</span>", "03-13 08:00", "Ⅲ", "<span data-toggle='tooltip' data-placement='right' title='原始值：12.6'>12.6</span>", "<span data-toggle='tooltip' data-placement='right' title='原始值：7.21'>7.21</span>", "<span data-toggle='tooltip' data-placement='right' title='原始值：9.85'>9.85</span>", "<span data-toggle='tooltip' data-placement='right' title='原始值：319.001'>319.0</span>", "<span data-toggle='tooltip' data-placement='right' title='原始值：61.53592'>61.5</span>", "<span data-toggle='tooltip' data-placement='right' title='原始值：2.83794'>2.84</span>", "<span data-toggle='tooltip' data-placement='right' title='原始值：0.62239'>0.622</span>", "<span data-toggle='tooltip' data-placement='right' title='原始值：0.11456'>0.115</span>", "<span data-toggle='tooltip' data-placement='right' title='原始值：1.99708'>2.00</span>", "*", "*", "正常"], ["河南省", "淮河流域", "<span data-toggle='tooltip' data-placement='right' title='所在地市:周口市&#10;所属河流:沙河'>沈丘闸</span>", "03-13 08:00", "Ⅲ", "<span data-toggle='tooltip' data-placement='right' title='原始值：10.73439'>10.7</span>", "<span data-toggle='tooltip' data-placement='right' title='原始值：7.55872'>7.56</span>", "<span data-toggle='tooltip' data-placement='right' title='原始值：6.99867'>7.00</span>", "<span data-toggle='tooltip' data-placement='right' title='原始值：941.9099'>941.9</span>", "<span data-toggle='tooltip' data-placement='right' title='原始值：13.77134'>13.8</span>", "<span data-toggle='tooltip' data-placement='right' title='原始值：4.42993'>4.43</span>", "<span data-toggle='tooltip' data-placement='right' title='原始值：0.61'>0.610</span>", "*", "*", "*", "*", "正常"], ["河南省", "淮河流域", "<span data-toggle='tooltip' data-placement='right' title='所在地市:周口市&#10;所属河流:涡河'>鹿邑付桥(鹿邑付桥闸)</span>", "03-13 08:00", "", "<span data-toggle='tooltip' data-placement='right' title='原始值：13.18809'>13.2</span>", "<span data-toggle='tooltip' data-placement='right' title='原始值：8.65899'>8.66</span>", "<span data-toggle='tooltip' data-placement='right' title='原始值：13.62852'>13.63</span>", "<span data-toggle='tooltip' data-placement='right' title='原始值：1552.695'>1552.7</span>", "<span data-toggle='tooltip' data-placement='right' title='原始值：8.43205'>8.4</span>", "<span data-toggle='tooltip' data-placement='right' title='原始值：5.285'>5.28</span>", "<span data-toggle='tooltip' data-placement='right' title='极值过滤'>--</span>", "<span data-toggle='tooltip' data-placement='right' title='原始值：0.0474'>0.047</span>", "<span data-toggle='tooltip' data-placement='right' title='原始值：0.64346'>0.64</span>", "*", "*", "维护"], ["河南省", "淮河流域", "<span data-toggle='tooltip' data-placement='right' title='所在地市:驻马店市&#10;所属河流:洪河'>新蔡班台(班台)</span>", "03-13 04:00", "Ⅲ", "<span data-toggle='tooltip' data-placement='right' title='原始值：14.01132'>14.0</span>", "<span data-toggle='tooltip' data-placement='right' title='原始值：7.65193'>7.65</span>", "<span data-toggle='tooltip' data-placement='right' title='原始值：10.06425'>10.06</span>", "<span data-toggle='tooltip' data-placement='right' title='原始值：549.1697'>549.2</span>", "<span data-toggle='tooltip' data-placement='right' title='原始值：7.08434'>7.1</span>", "<span data-toggle='tooltip' data-placement='right' title='原始值：4.60875'>4.61</span>", "<span data-toggle='tooltip' data-placement='right' title='原始值：0.46'>0.460</span>", "<span data-toggle='tooltip' data-placement='right' title='原始值：0.1607'>0.161</span>", "<span data-toggle='tooltip' data-placement='right' title='原始值：4.24717'>4.25</span>", "*", "*", "正常"], ["河南省", "黄河流域", "<span data-toggle='tooltip' data-placement='right' title='所在地市:济源市&#10;所属河流:黄河'>小浪底水库(小浪底)</span>", "03-13 08:00", "Ⅱ", "<span data-toggle='tooltip' data-placement='right' title='原始值：7.00335'>7.0</span>", "<span data-toggle='tooltip' data-placement='right' title='原始值：8.30369'>8.30</span>", "<span data-toggle='tooltip' data-placement='right' title='原始值：16.95778'>16.96</span>", "<span data-toggle='tooltip' data-placement='right' title='原始值：872.521'>872.5</span>", "<span data-toggle='tooltip' data-placement='right' title='原始值：6.08221'>6.1</span>", "<span data-toggle='tooltip' data-placement='right' title='原始值：1.4825'>1.48</span>", "<span data-toggle='tooltip' data-placement='right' title='原始值：0.17'>0.170</span>", "<span data-toggle='tooltip' data-placement='right' title='原始值：0.036'>0.036</span>", "<span data-toggle='tooltip' data-placement='right' title='原始值：3.85'>3.85</span>", "*", "*", "正常"], ["湖北省", "长江流域", "<span data-toggle='tooltip' data-placement='right' title='所在地市:武汉市&#10;所属河流:汉江'>宗关</span>", "03-13 08:00", "", "<span data-toggle='tooltip' data-placement='right' title='原始值：12.62'>12.6</span>", "<span data-toggle='tooltip' data-placement='right' title='原始值：7.840566'>7.84</span>", "<span data-toggle='tooltip' data-placement='right' title='原始值：10.25279'>10.25</span>", "<span data-toggle='tooltip' data-placement='right' title='原始值：325.0427'>325.0</span>", "<span data-toggle='tooltip' data-placement='right' title='原始值：15.81546'>15.8</span>", "<span data-toggle='tooltip' data-placement='right' title='原始值：1.98'>1.98</span>", "<span data-toggle='tooltip' data-placement='right' title='原始值：0.089'>0.089</span>", "<span data-toggle='tooltip' data-placement='right' title='极值过滤'>--</span>", "<span data-toggle='tooltip' data-placement='right' title='极值过滤'>--</span>", "<span data-toggle='tooltip' data-placement='right' title='原始值：0.0018594'>0.002</span>", "*", "维护"], ["湖北省", "长江流域", "<span data-toggle='tooltip' data-placement='right' title='所在地市:十堰市&#10;所属河流:丹江口水库'>坝上中(胡家岭)</span>", "03-13 08:00", "Ⅱ", "<span data-toggle='tooltip' data-placement='right' title='原始值：11.78'>11.8</span>", "<span data-toggle='tooltip' data-placement='right' title='原始值：8.225075'>8.23</span>", "<span data-toggle='tooltip' data-placement='right' title='原始值：11.32587'>11.33</span>", "<span data-toggle='tooltip' data-placement='right' title='原始值：255.76'>255.8</span>", "<span data-toggle='tooltip' data-placement='right' title='原始值：5.797022'>5.8</span>", "<span data-toggle='tooltip' data-placement='right' title='原始值：2.69'>2.69</span>", "<span data-toggle='tooltip' data-placement='right' title='原始值：0.117'>0.117</span>", "<span data-toggle='tooltip' data-placement='right' title='原始值：0.009'>0.009</span>", "<span data-toggle='tooltip' data-placement='right' title='原始值：1.278'>1.28</span>", "<span data-toggle='tooltip' data-placement='right' title='原始值：0.0129922'>0.013</span>", "<span data-toggle='tooltip' data-placement='right' title='原始值：7404000'>7404000</span>", "正常"], ["湖北省", "长江流域", "<span data-toggle='tooltip' data-placement='right' title='所在地市:宜昌市&#10;所属河流:长江'>南津关</span>", "03-13 08:00", "Ⅱ", "<span data-toggle='tooltip' data-placement='right' title='原始值：13.09'>13.1</span>", "<span data-toggle='tooltip' data-placement='right' title='原始值：7.910631'>7.91</span>", "<span data-toggle='tooltip' data-placement='right' title='原始值：9.371273'>9.37</span>", "<span data-toggle='tooltip' data-placement='right' title='原始值：428.612'>428.6</span>", "<span data-toggle='tooltip' data-placement='right' title='原始值：2.35165'>2.4</span>", "<span data-toggle='tooltip' data-placement='right' title='原始值：0.97'>0.97</span>", "<span data-toggle='tooltip' data-placement='right' title='原始值：0.089'>0.089</span>", "<span data-toggle='tooltip' data-placement='right' title='原始值：0.055'>0.055</span>", "<span data-toggle='tooltip' data-placement='right' title='原始值：1.686'>1.69</span>", "<span data-toggle='tooltip' data-placement='right' title='原始值：0.0064811'>0.006</span>", "*", "正常"], ["湖南省", "长江流域", "<span data-toggle='tooltip' data-placement='right' title='所在地市:长沙市&#10;所属河流:湘江'>新港</span>", "03-13 08:00", "Ⅱ", "<span data-toggle='tooltip' data-placement='right' title='原始值：13.94'>13.9</span>", "<span data-toggle='tooltip' data-placement='right' title='原始值：7.1'>7.10</span>", "<span data-toggle='tooltip' data-placement='right' title='原始值：8.81'>8.81</span>", "<span data-toggle='tooltip' data-placement='right' title='原始值：243.81'>243.8</span>", "<span data-toggle='tooltip' data-placement='right' title='原始值：219.22'>219.2</span>", "<span data-toggle='tooltip' data-placement='right' title='原始值：3.46'>3.46</span>", "<span data-toggle='tooltip' data-placement='right' title='原始值：0.16'>0.160</span>", "<span data-toggle='tooltip' data-placement='right' title='原始值：0.076'>0.076</span>", "<span data-toggle='tooltip' data-placement='right' title='原始值：2.46'>2.46</span>", "*", "*", "正常"], ["湖南省", "长江流域", "<span data-toggle='tooltip' data-placement='right' title='所在地市:岳阳市&#10;所属河流:洞庭湖'>岳阳楼</span>", "03-13 08:00", "", "<span data-toggle='tooltip' data-placement='right' title='原始值：12.53'>12.5</span>", "<span data-toggle='tooltip' data-placement='right' title='原始值：7.826853'>7.83</span>", "<span data-toggle='tooltip' data-placement='right' title='原始值：8.011443'>8.01</span>", "<span data-toggle='tooltip' data-placement='right' title='原始值：260.3874'>260.4</span>", "<span data-toggle='tooltip' data-placement='right' title='原始值：100.3747'>100.4</span>", "<span data-toggle='tooltip' data-placement='right' title='原始值：2.5'>2.50</span>", "<span data-toggle='tooltip' data-placement='right' title='极值过滤'>--</span>", "<span data-toggle='tooltip' data-placement='right' title='原始值：0.14'>0.140</span>", "<span data-toggle='tooltip' data-placement='right' title='原始值：2.821'>2.82</span>", "<span data-toggle='tooltip' data-placement='right' title='原始值：0.0033906'>0.003</span>", "<span data-toggle='tooltip' data-placement='right' title='原始值：376.011'>376</span>", "维护"], ["湖南省", "长江流域", "<span data-toggle='tooltip' data-placement='right' title='所在地市:岳阳市&#10;所属河流:长江'>城陵矶</span>", "03-13 08:00", "Ⅲ", "<span data-toggle='tooltip' data-placement='right' title='原始值：13.35'>13.4</span>", "<span data-toggle='tooltip' data-placement='right' title='原始值：7.561785'>7.56</span>", "<span data-toggle='tooltip' data-placement='right' title='原始值：10.08454'>10.08</span>", "<span data-toggle='tooltip' data-placement='right' title='原始值：259.967'>260.0</span>", "<span data-toggle='tooltip' data-placement='right' title='原始值：108.2194'>108.2</span>", "<span data-toggle='tooltip' data-placement='right' title='原始值：2.81'>2.81</span>", "<span data-toggle='tooltip' data-placement='right' title='原始值：0.012'>0.012</span>", "<span data-toggle='tooltip' data-placement='right' title='原始值：0.153'>0.153</span>", "<span data-toggle='tooltip' data-placement='right' title='原始值：2.0198'>2.02</span>", "*", "*", "正常"], ["广东省", "珠江流域", "<span data-toggle='tooltip' data-placement='right' title='所在地市:清远市&#10;所属河流:北江'>七星岗</span>", "03-13 08:00", "Ⅱ", "<span data-toggle='tooltip' data-placement='right' title='原始值：21.44288'>21.4</span>", "<span data-toggle='tooltip' data-placement='right' title='原始值：7.17093'>7.17</span>", "<span data-toggle='tooltip' data-placement='right' title='原始值：7.40693'>7.41</span>", "<span data-toggle='tooltip' data-placement='right' title='原始值：294.3059'>294.3</span>", "<span data-toggle='tooltip' data-placement='right' title='原始值：8.0961'>8.1</span>", "<span data-toggle='tooltip' data-placement='right' title='原始值：2.02'>2.02</span>", "<span data-toggle='tooltip' data-placement='right' title='原始值：0.12314'>0.123</span>", "<span data-toggle='tooltip' data-placement='right' title='原始值：0.03471'>0.035</span>", "<span data-toggle='tooltip' data-placement='right' title='原始值：2.0499'>2.05</span>", "*", "*", "正常"], ["广东省", "珠江流域", "<span data-toggle='tooltip' data-placement='right' title='所在地市:中山市&#10;所属河流:西江'>横栏</span>", "03-13 08:00", "Ⅱ", "<span data-toggle='tooltip' data-placement='right' title='原始值：21.7'>21.7</span>", "<span data-toggle='tooltip' data-placement='right' title='原始值：7.62'>7.62</span>", "<span data-toggle='tooltip' data-placement='right' title='原始值：7.24'>7.24</span>", "<span data-toggle='tooltip' data-placement='right' title='原始值：326'>326.0</span>", "<span data-toggle='tooltip' data-placement='right' title='原始值：5.9'>5.9</span>", "<span data-toggle='tooltip' data-placement='right' title='原始值：1.66'>1.66</span>", "<span data-toggle='tooltip' data-placement='right' title='原始值：0.11001'>0.110</span>", "*", "*", "*", "*", "正常"], ["广西壮族自治区", "珠江流域", "<span data-toggle='tooltip' data-placement='right' title='所在地市:南宁市&#10;所属河流:邕江'>老口</span>", "03-13 08:00", "Ⅱ", "<span data-toggle='tooltip' data-placement='right' title='原始值：20.4591'>20.5</span>", "<span data-toggle='tooltip' data-placement='right' title='原始值：7.60205'>7.60</span>", "<span data-toggle='tooltip' data-placement='right' title='原始值：7.99848'>8.00</span>", "<span data-toggle='tooltip' data-placement='right' title='原始值：277.0506'>277.1</span>", "<span data-toggle='tooltip' data-placement='right' title='原始值：5.03627'>5.0</span>", "<span data-toggle='tooltip' data-placement='right' title='原始值：1.67904'>1.68</span>", "<span data-toggle='tooltip' data-placement='right' title='原始值：0.103'>0.103</span>", "<span data-toggle='tooltip' data-placement='right' title='原始值：0.03868'>0.039</span>", "<span data-toggle='tooltip' data-placement='right' title='原始值：1.42945'>1.43</span>", "*", "*", "正常"], ["广西壮族自治区", "珠江流域", "<span data-toggle='tooltip' data-placement='right' title='所在地市:桂林市&#10;所属河流:漓江'>阳朔</span>", "03-13 08:00", "Ⅲ", "<span data-toggle='tooltip' data-placement='right' title='原始值：15.2'>15.2</span>", "<span data-toggle='tooltip' data-placement='right' title='原始值：7.38'>7.38</span>", "<span data-toggle='tooltip' data-placement='right' title='原始值：9.637'>9.64</span>", "<span data-toggle='tooltip' data-placement='right' title='原始值：173.531'>173.5</span>", "<span data-toggle='tooltip' data-placement='right' title='原始值：92.992'>93.0</span>", "<span data-toggle='tooltip' data-placement='right' title='原始值：1.766'>1.77</span>", "<span data-toggle='tooltip' data-placement='right' title='原始值：0.16'>0.160</span>", "<span data-toggle='tooltip' data-placement='right' title='原始值：0.162'>0.162</span>", "<span data-toggle='tooltip' data-placement='right' title='原始值：3.145'>3.14</span>", "*", "*", "正常"], ["广西壮族自治区", "珠江流域", "<span data-toggle='tooltip' data-placement='right' title='所在地市:梧州市&#10;所属河流:浔江'>界首</span>", null, "", "--", "--", "--", "--", "--", "--", "--", "--", "--", "*", "*", "停站"], ["广西壮族自治区", "珠江流域", "<span data-toggle='tooltip' data-placement='right' title='所在地市:贵港市&#10;所属河流:浔江'>石嘴</span>", "03-13 08:00", "Ⅱ", "<span data-toggle='tooltip' data-placement='right' title='原始值：20.38887'>20.4</span>", "<span data-toggle='tooltip' data-placement='right' title='原始值：7.92296'>7.92</span>", "<span data-toggle='tooltip' data-placement='right' title='原始值：9.91028'>9.91</span>", "<span data-toggle='tooltip' data-placement='right' title='原始值：296.5718'>296.6</span>", "<span data-toggle='tooltip' data-placement='right' title='原始值：9.75611'>9.8</span>", "<span data-toggle='tooltip' data-placement='right' title='原始值：1'>1.00</span>", "<span data-toggle='tooltip' data-placement='right' title='原始值：0.18'>0.180</span>", "<span data-toggle='tooltip' data-placement='right' title='原始值：0.01076'>0.011</span>", "<span data-toggle='tooltip' data-placement='right' title='原始值：0.8112'>0.81</span>", "*", "*", "正常"], ["广西壮族自治区", "珠江流域", "<span data-toggle='tooltip' data-placement='right' title='所在地市:崇左市&#10;所属河流:平而河'>平而关</span>", "03-13 08:00", "Ⅰ", "<span data-toggle='tooltip' data-placement='right' title='原始值：22.68122'>22.7</span>", "<span data-toggle='tooltip' data-placement='right' title='原始值：7.96314'>7.96</span>", "<span data-toggle='tooltip' data-placement='right' title='原始值：8.01681'>8.02</span>", "<span data-toggle='tooltip' data-placement='right' title='原始值：259.9252'>259.9</span>", "<span data-toggle='tooltip' data-placement='right' title='原始值：18.26796'>18.3</span>", "<span data-toggle='tooltip' data-placement='right' title='原始值：1.73513'>1.74</span>", "<span data-toggle='tooltip' data-placement='right' title='原始值：0.07'>0.070</span>", "*", "*", "*", "*", "正常"], ["重庆市", "长江流域", "<span data-toggle='tooltip' data-placement='right' title='所在地市:永川区&#10;所属河流:长江'>朱沱</span>", "03-13 08:00", "Ⅱ", "<span data-toggle='tooltip' data-placement='right' title='原始值：15.36'>15.4</span>", "<span data-toggle='tooltip' data-placement='right' title='原始值：7.86'>7.86</span>", "<span data-toggle='tooltip' data-placement='right' title='原始值：9.86'>9.86</span>", "<span data-toggle='tooltip' data-placement='right' title='原始值：446.55'>446.6</span>", "<span data-toggle='tooltip' data-placement='right' title='原始值：94.07'>94.1</span>", "<span data-toggle='tooltip' data-placement='right' title='原始值：1.47'>1.47</span>", "<span data-toggle='tooltip' data-placement='right' title='原始值：0.022'>0.022</span>", "<span data-toggle='tooltip' data-placement='right' title='原始值：0.052'>0.052</span>", "<span data-toggle='tooltip' data-placement='right' title='原始值：1.666'>1.67</span>", "*", "*", "正常"], ["四川省", "长江流域", "<span data-toggle='tooltip' data-placement='right' title='所在地市:攀枝花市&#10;所属河流:金沙江'>龙洞</span>", "03-13 08:00", "Ⅰ", "<span data-toggle='tooltip' data-placement='right' title='原始值：13.41'>13.4</span>", "<span data-toggle='tooltip' data-placement='right' title='原始值：8.282383'>8.28</span>", "<span data-toggle='tooltip' data-placement='right' title='原始值：9.346726'>9.35</span>", "<span data-toggle='tooltip' data-placement='right' title='原始值：754.457'>754.5</span>", "<span data-toggle='tooltip' data-placement='right' title='原始值：2.957355'>3.0</span>", "<span data-toggle='tooltip' data-placement='right' title='原始值：0.87'>0.87</span>", "<span data-toggle='tooltip' data-placement='right' title='原始值：0.014'>0.014</span>", "<span data-toggle='tooltip' data-placement='right' title='原始值：0.0020272'>0.002</span>", "<span data-toggle='tooltip' data-placement='right' title='原始值：0.618338'>0.62</span>", "*", "*", "正常"], ["四川省", "长江流域", "<span data-toggle='tooltip' data-placement='right' title='所在地市:泸州市&#10;所属河流:沱江'>沱江大桥(沱江二桥)</span>", "03-13 08:00", "Ⅱ", "<span data-toggle='tooltip' data-placement='right' title='原始值：16.98'>17.0</span>", "<span data-toggle='tooltip' data-placement='right' title='原始值：8.109091'>8.11</span>", "<span data-toggle='tooltip' data-placement='right' title='原始值：9.163181'>9.16</span>", "<span data-toggle='tooltip' data-placement='right' title='原始值：617.5804'>617.6</span>", "<span data-toggle='tooltip' data-placement='right' title='原始值：12.74987'>12.7</span>", "<span data-toggle='tooltip' data-placement='right' title='原始值：2.24'>2.24</span>", "<span data-toggle='tooltip' data-placement='right' title='原始值：0.019'>0.019</span>", "<span data-toggle='tooltip' data-placement='right' title='原始值：0.0756735'>0.076</span>", "<span data-toggle='tooltip' data-placement='right' title='原始值：3.651489'>3.65</span>", "*", "*", "正常"], ["四川省", "长江流域", "<span data-toggle='tooltip' data-placement='right' title='所在地市:广元市&#10;所属河流:嘉陵江'>清风峡</span>", "03-13 08:00", "Ⅰ", "<span data-toggle='tooltip' data-placement='right' title='原始值：12.14952'>12.1</span>", "<span data-toggle='tooltip' data-placement='right' title='原始值：8.23102'>8.23</span>", "<span data-toggle='tooltip' data-placement='right' title='原始值：10.06569'>10.07</span>", "<span data-toggle='tooltip' data-placement='right' title='原始值：446.3365'>446.3</span>", "<span data-toggle='tooltip' data-placement='right' title='原始值：76.54582'>76.5</span>", "<span data-toggle='tooltip' data-placement='right' title='原始值：0.45'>0.45</span>", "<span data-toggle='tooltip' data-placement='right' title='原始值：0.06953'>0.070</span>", "*", "*", "*", "*", "正常"], ["四川省", "长江流域", "<span data-toggle='tooltip' data-placement='right' title='所在地市:乐山市&#10;所属河流:岷江'>岷江大桥</span>", null, "", "--", "--", "--", "--", "--", "--", "--", "--", "--", "*", "*", "停站"], ["四川省", "长江流域", "<span data-toggle='tooltip' data-placement='right' title='所在地市:宜宾市&#10;所属河流:岷江'>凉姜沟</span>", "03-13 08:00", "Ⅲ", "<span data-toggle='tooltip' data-placement='right' title='原始值：15.63'>15.6</span>", "<span data-toggle='tooltip' data-placement='right' title='原始值：7.915348'>7.92</span>", "<span data-toggle='tooltip' data-placement='right' title='原始值：8.872678'>8.87</span>", "<span data-toggle='tooltip' data-placement='right' title='原始值：355.1316'>355.1</span>", "<span data-toggle='tooltip' data-placement='right' title='原始值：20.72253'>20.7</span>", "<span data-toggle='tooltip' data-placement='right' title='原始值：1.71'>1.71</span>", "<span data-toggle='tooltip' data-placement='right' title='原始值：0.239'>0.239</span>", "<span data-toggle='tooltip' data-placement='right' title='原始值：0.122846'>0.123</span>", "<span data-toggle='tooltip' data-placement='right' title='原始值：2.231969'>2.23</span>", "*", "*", "正常"], ["云南省", "滇池流域", "<span data-toggle='tooltip' data-placement='right' title='所在地市:昆明市&#10;所属河流:滇池'>西苑隧道</span>", "03-13 08:00", "Ⅳ", "<span data-toggle='tooltip' data-placement='right' title='原始值：16.34'>16.3</span>", "<span data-toggle='tooltip' data-placement='right' title='原始值：8.33134'>8.33</span>", "<span data-toggle='tooltip' data-placement='right' title='原始值：11.073'>11.07</span>", "<span data-toggle='tooltip' data-placement='right' title='原始值：703.042'>703.0</span>", "<span data-toggle='tooltip' data-placement='right' title='原始值：28.543'>28.5</span>", "<span data-toggle='tooltip' data-placement='right' title='原始值：6.35942'>6.36</span>", "<span data-toggle='tooltip' data-placement='right' title='原始值：0.01768'>0.018</span>", "<span data-toggle='tooltip' data-placement='right' title='原始值：0.08034'>0.080</span>", "<span data-toggle='tooltip' data-placement='right' title='原始值：4.26238'>4.26</span>", "<span data-toggle='tooltip' data-placement='right' title='原始值：0.04271'>0.043</span>", "<span data-toggle='tooltip' data-placement='right' title='原始值：2.220288E+07'>22202880</span>", "正常"], ["云南省", "滇池流域", "<span data-toggle='tooltip' data-placement='right' title='所在地市:昆明市&#10;所属河流:滇池'>观音山</span>", "03-13 08:00", "Ⅳ", "<span data-toggle='tooltip' data-placement='right' title='原始值：14.03854'>14.0</span>", "<span data-toggle='tooltip' data-placement='right' title='原始值：8.73988'>8.74</span>", "<span data-toggle='tooltip' data-placement='right' title='原始值：8.524'>8.52</span>", "<span data-toggle='tooltip' data-placement='right' title='原始值：450.353'>450.4</span>", "<span data-toggle='tooltip' data-placement='right' title='原始值：20.893'>20.9</span>", "<span data-toggle='tooltip' data-placement='right' title='原始值：6.06341'>6.06</span>", "<span data-toggle='tooltip' data-placement='right' title='原始值：0.57'>0.570</span>", "<span data-toggle='tooltip' data-placement='right' title='原始值：0.0608'>0.061</span>", "<span data-toggle='tooltip' data-placement='right' title='原始值：1.483'>1.48</span>", "<span data-toggle='tooltip' data-placement='right' title='原始值：0.03384'>0.034</span>", "<span data-toggle='tooltip' data-placement='right' title='原始值：2.130335E+07'>21303350</span>", "正常"], ["云南省", "西南诸河", "<span data-toggle='tooltip' data-placement='right' title='所在地市:红河哈尼族彝族自治州&#10;所属河流:红河'>河口县医院(河口)</span>", "03-13 08:00", "Ⅱ", "<span data-toggle='tooltip' data-placement='right' title='原始值：22.50672'>22.5</span>", "<span data-toggle='tooltip' data-placement='right' title='原始值：7.97642'>7.98</span>", "<span data-toggle='tooltip' data-placement='right' title='原始值：7.35994'>7.36</span>", "<span data-toggle='tooltip' data-placement='right' title='原始值：248.4622'>248.5</span>", "<span data-toggle='tooltip' data-placement='right' title='原始值：101.136'>101.1</span>", "<span data-toggle='tooltip' data-placement='right' title='原始值：1.03382'>1.03</span>", "<span data-toggle='tooltip' data-placement='right' title='原始值：0.08151'>0.082</span>", "<span data-toggle='tooltip' data-placement='right' title='原始值：0.04982'>0.050</span>", "<span data-toggle='tooltip' data-placement='right' title='原始值：1.34865'>1.35</span>", "*", "*", "正常"], ["云南省", "西南诸河", "<span data-toggle='tooltip' data-placement='right' title='所在地市:西双版纳傣族自治州&#10;所属河流:澜沧江'>橄榄坝</span>", "03-13 08:00", "Ⅱ", "<span data-toggle='tooltip' data-placement='right' title='原始值：19.34'>19.3</span>", "<span data-toggle='tooltip' data-placement='right' title='原始值：7.703'>7.70</span>", "<span data-toggle='tooltip' data-placement='right' title='原始值：6.92'>6.92</span>", "<span data-toggle='tooltip' data-placement='right' title='原始值：525.565'>525.6</span>", "<span data-toggle='tooltip' data-placement='right' title='原始值：4.79'>4.8</span>", "<span data-toggle='tooltip' data-placement='right' title='原始值：0.727'>0.73</span>", "<span data-toggle='tooltip' data-placement='right' title='原始值：0.035'>0.035</span>", "*", "*", "*", "*", "正常"], ["陕西省", "黄河流域", "<span data-toggle='tooltip' data-placement='right' title='所在地市:渭南市&#10;所属河流:渭河'>潼关吊桥</span>", "03-13 08:00", "Ⅲ", "<span data-toggle='tooltip' data-placement='right' title='原始值：12.9'>12.9</span>", "<span data-toggle='tooltip' data-placement='right' title='原始值：8.25992'>8.26</span>", "<span data-toggle='tooltip' data-placement='right' title='原始值：8.105'>8.10</span>", "<span data-toggle='tooltip' data-placement='right' title='原始值：1446'>1446.0</span>", "<span data-toggle='tooltip' data-placement='right' title='原始值：103.9989'>104.0</span>", "<span data-toggle='tooltip' data-placement='right' title='原始值：4.31'>4.31</span>", "<span data-toggle='tooltip' data-placement='right' title='原始值：0.14'>0.140</span>", "<span data-toggle='tooltip' data-placement='right' title='原始值：0.11699'>0.117</span>", "<span data-toggle='tooltip' data-placement='right' title='原始值：8.04499'>8.04</span>", "*", "*", "正常"]]}