{"result": 1, "total": 2, "records": 100, "thead": ["省份", "流域", "断面名称", "监测时间", "水质类别", "水温<br/><span class='unit'>(℃)</span>", "pH<br/><span class='unit'>(无量纲)</span>", "溶解氧<br/><span class='unit'>(mg/L)</span>", "电导率<br/><span class='unit'>(μS/cm)</span>", "浊度<br/><span class='unit'>(NTU)</span>", "高锰酸盐指数<br/><span class='unit'>(mg/L)</span>", "氨氮<br/><span class='unit'>(mg/L)</span>", "总磷<br/><span class='unit'>(mg/L)</span>", "总氮<br/><span class='unit'>(mg/L)</span>", "叶绿素α<br/><span class='unit'>(mg/L)</span>", "藻密度<br/><span class='unit'>(cells/L)</span>", "站点情况"], "tbody": [["北京市", "海河流域", "<span data-toggle='tooltip' data-placement='right' title='所在地市:门头沟区&#10;所属河流:永定河'>沿河城</span>", null, "", "--", "--", "--", "--", "--", "--", "--", "--", "--", "*", "*", "停站"], ["北京市", "淮河流域", "<span data-toggle='tooltip' data-placement='right' title='所在地市:房山区&#10;所属河流:小清河'>八间房漫水桥</span>", "03-29 04:00", "", "<span data-toggle='tooltip' data-placement='right' title='原始值：13.9'>13.9</span>", "<span data-toggle='tooltip' data-placement='right' title='原始值：7.88'>7.88</span>", "<span data-toggle='tooltip' data-placement='right' title='原始值：9.19'>9.19</span>", "<span data-toggle='tooltip' data-placement='right' title='原始值：1100.5'>1100.5</span>", "<span data-toggle='tooltip' data-placement='right' title='原始值：23.23'>23.2</span>", "<span data-toggle='tooltip' data-placement='right' title='原始值：5.037'>5.04</span>", "<span data-toggle='tooltip' data-placement='right' title='极值过滤'>--</span>", "<span data-toggle='tooltip' data-placement='right' title='原始值：0.065'>0.065</span>", "<span data-toggle='tooltip' data-placement='right' title='原始值：3.68'>3.68</span>", "*", "*", "维护"], ["北京市", "海河流域", "<span data-toggle='tooltip' data-placement='right' title='所在地市:密云区&#10;所属河流:潮河'>古北口</span>", "03-29 08:00", "Ⅰ", "<span data-toggle='tooltip' data-placement='right' title='原始值：10.67728'>10.7</span>", "<span data-toggle='tooltip' data-placement='right' title='原始值：7.92691'>7.93</span>", "<span data-toggle='tooltip' data-placement='right' title='原始值：10.95086'>10.95</span>", "<span data-toggle='tooltip' data-placement='right' title='原始值：661.1435'>661.1</span>", "<span data-toggle='tooltip' data-placement='right' title='原始值：5.98245'>6.0</span>", "<span data-toggle='tooltip' data-placement='right' title='原始值：0.7325'>0.73</span>", "<span data-toggle='tooltip' data-placement='right' title='原始值：0.19'>0.190</span>", "<span data-toggle='tooltip' data-placement='right' title='原始值：0.0011'>0.001</span>", "<span data-toggle='tooltip' data-placement='right' title='原始值：8.303'>8.30</span>", "*", "*", "正常"], ["天津市", "海河流域", "<span data-toggle='tooltip' data-placement='right' title='所在地市:河北区&#10;所属河流:海河'>三岔口</span>", "03-29 08:00", "Ⅱ", "<span data-toggle='tooltip' data-placement='right' title='原始值：12.16'>12.2</span>", "<span data-toggle='tooltip' data-placement='right' title='原始值：7.876'>7.88</span>", "<span data-toggle='tooltip' data-placement='right' title='原始值：10.352'>10.35</span>", "<span data-toggle='tooltip' data-placement='right' title='原始值：624.4348'>624.4</span>", "<span data-toggle='tooltip' data-placement='right' title='原始值：14.031'>14.0</span>", "<span data-toggle='tooltip' data-placement='right' title='原始值：2.79'>2.79</span>", "<span data-toggle='tooltip' data-placement='right' title='原始值：0.08'>0.080</span>", "<span data-toggle='tooltip' data-placement='right' title='原始值：0.0375'>0.038</span>", "<span data-toggle='tooltip' data-placement='right' title='原始值：1.0829'>1.08</span>", "*", "*", "正常"], ["天津市", "海河流域", "<span data-toggle='tooltip' data-placement='right' title='所在地市:蓟州区&#10;所属河流:果河'>果河桥</span>", "03-29 04:00", "Ⅱ", "<span data-toggle='tooltip' data-placement='right' title='原始值：12.6'>12.6</span>", "<span data-toggle='tooltip' data-placement='right' title='原始值：8.52'>8.52</span>", "<span data-toggle='tooltip' data-placement='right' title='原始值：11.11'>11.11</span>", "<span data-toggle='tooltip' data-placement='right' title='原始值：724.935'>724.9</span>", "<span data-toggle='tooltip' data-placement='right' title='原始值：11'>11.0</span>", "<span data-toggle='tooltip' data-placement='right' title='原始值：1.52'>1.52</span>", "<span data-toggle='tooltip' data-placement='right' title='原始值：0.16'>0.160</span>", "<span data-toggle='tooltip' data-placement='right' title='原始值：0.055'>0.055</span>", "<span data-toggle='tooltip' data-placement='right' title='原始值：9.85'>9.85</span>", "*", "*", "正常"], ["河北省", "海河流域", "<span data-toggle='tooltip' data-placement='right' title='所在地市:石家庄市&#10;所属河流:滹沱河'>岗南水库</span>", "03-29 04:00", "Ⅰ", "<span data-toggle='tooltip' data-placement='right' title='原始值：14.71244'>14.7</span>", "<span data-toggle='tooltip' data-placement='right' title='原始值：8.74915'>8.75</span>", "<span data-toggle='tooltip' data-placement='right' title='原始值：13.96706'>13.97</span>", "<span data-toggle='tooltip' data-placement='right' title='原始值：513.8943'>513.9</span>", "<span data-toggle='tooltip' data-placement='right' title='原始值：2.35984'>2.4</span>", "<span data-toggle='tooltip' data-placement='right' title='原始值：1.8069'>1.81</span>", "<span data-toggle='tooltip' data-placement='right' title='原始值：0.09'>0.090</span>", "<span data-toggle='tooltip' data-placement='right' title='原始值：0.00608'>0.006</span>", "<span data-toggle='tooltip' data-placement='right' title='原始值：2.64733'>2.65</span>", "*", "*", "正常"], ["河北省", "海河流域", "<span data-toggle='tooltip' data-placement='right' title='所在地市:张家口市&#10;所属河流:永定河'>八号桥</span>", "03-29 04:00", "Ⅲ", "<span data-toggle='tooltip' data-placement='right' title='原始值：9.67588'>9.7</span>", "<span data-toggle='tooltip' data-placement='right' title='原始值：8.40749'>8.41</span>", "<span data-toggle='tooltip' data-placement='right' title='原始值：10.49076'>10.49</span>", "<span data-toggle='tooltip' data-placement='right' title='原始值：1363.642'>1363.6</span>", "<span data-toggle='tooltip' data-placement='right' title='原始值：30.66311'>30.7</span>", "<span data-toggle='tooltip' data-placement='right' title='原始值：5.63'>5.63</span>", "<span data-toggle='tooltip' data-placement='right' title='原始值：0.24'>0.240</span>", "<span data-toggle='tooltip' data-placement='right' title='原始值：0.152'>0.152</span>", "<span data-toggle='tooltip' data-placement='right' title='原始值：7.14'>7.14</span>", "*", "*", "正常"], ["山西省", "黄河流域", "<span data-toggle='tooltip' data-placement='right' title='所在地市:运城市&#10;所属河流:汾河'>河津大桥</span>", null, "", "--", "--", "--", "--", "--", "--", "--", "--", "--", "*", "*", "停站"], ["山西省", "黄河流域", "<span data-toggle='tooltip' data-placement='right' title='所在地市:忻州市&#10;所属河流:黄河'>万家寨水库</span>", null, "", "--", "--", "--", "--", "--", "--", "--", "--", "--", "*", "*", "停站"], ["内蒙古自治区", "黄河流域", "<span data-toggle='tooltip' data-placement='right' title='所在地市:包头市&#10;所属河流:黄河'>画匠营子</span>", "03-29 04:00", "Ⅲ", "<span data-toggle='tooltip' data-placement='right' title='原始值：12.34213'>12.3</span>", "<span data-toggle='tooltip' data-placement='right' title='原始值：8.06958'>8.07</span>", "<span data-toggle='tooltip' data-placement='right' title='原始值：9.18042'>9.18</span>", "<span data-toggle='tooltip' data-placement='right' title='原始值：1478.822'>1478.8</span>", "<span data-toggle='tooltip' data-placement='right' title='原始值：833.409'>833.4</span>", "<span data-toggle='tooltip' data-placement='right' title='原始值：4.15808'>4.16</span>", "<span data-toggle='tooltip' data-placement='right' title='原始值：0.05834'>0.058</span>", "*", "*", "*", "*", "正常"], ["内蒙古自治区", "黄河流域", "<span data-toggle='tooltip' data-placement='right' title='所在地市:乌海市&#10;所属河流:黄河'>海勃湾</span>", "03-29 04:00", "Ⅱ", "<span data-toggle='tooltip' data-placement='right' title='原始值：11.29215'>11.3</span>", "<span data-toggle='tooltip' data-placement='right' title='原始值：7.95313'>7.95</span>", "<span data-toggle='tooltip' data-placement='right' title='原始值：9.51929'>9.52</span>", "<span data-toggle='tooltip' data-placement='right' title='原始值：1009.195'>1009.2</span>", "<span data-toggle='tooltip' data-placement='right' title='原始值：23.7332'>23.7</span>", "<span data-toggle='tooltip' data-placement='right' title='原始值：2.53'>2.53</span>", "<span data-toggle='tooltip' data-placement='right' title='原始值：0.06'>0.060</span>", "*", "*", "*", "*", "正常"], ["内蒙古自治区", "松花江流域", "<span data-toggle='tooltip' data-placement='right' title='所在地市:呼伦贝尔市&#10;所属河流:额尔古纳河'>黑山头</span>", null, "", "--", "--", "--", "--", "--", "--", "--", "--", "--", "*", "*", "停站"], ["辽宁省", "辽河流域", "<span data-toggle='tooltip' data-placement='right' title='所在地市:抚顺市&#10;所属河流:浑河'>大伙房水库</span>", null, "", "--", "--", "--", "--", "--", "--", "--", "--", "--", "--", "*", "维护"], ["辽宁省", "辽河流域", "<span data-toggle='tooltip' data-placement='right' title='所在地市:丹东市&#10;所属河流:鸭绿江'>江桥</span>", "03-29 04:00", "Ⅰ", "<span data-toggle='tooltip' data-placement='right' title='原始值：7.4'>7.4</span>", "<span data-toggle='tooltip' data-placement='right' title='原始值：6.41992'>6.42</span>", "<span data-toggle='tooltip' data-placement='right' title='原始值：11.67508'>11.68</span>", "<span data-toggle='tooltip' data-placement='right' title='原始值：145.9924'>146.0</span>", "<span data-toggle='tooltip' data-placement='right' title='原始值：13.00048'>13.0</span>", "<span data-toggle='tooltip' data-placement='right' title='原始值：1.05'>1.05</span>", "<span data-toggle='tooltip' data-placement='right' title='原始值：0.04401'>0.044</span>", "<span data-toggle='tooltip' data-placement='right' title='原始值：0.01653'>0.017</span>", "<span data-toggle='tooltip' data-placement='right' title='原始值：1.77311'>1.77</span>", "*", "*", "正常"], ["辽宁省", "辽河流域", "<span data-toggle='tooltip' data-placement='right' title='所在地市:营口市&#10;所属河流:大辽河'>辽河公园</span>", "03-29 04:00", "Ⅴ", "<span data-toggle='tooltip' data-placement='right' title='原始值：12.30432'>12.3</span>", "<span data-toggle='tooltip' data-placement='right' title='原始值：7.77396'>7.77</span>", "<span data-toggle='tooltip' data-placement='right' title='原始值：8.92512'>8.93</span>", "<span data-toggle='tooltip' data-placement='right' title='原始值：12432.13'>12432.1</span>", "<span data-toggle='tooltip' data-placement='right' title='原始值：266.9259'>266.9</span>", "<span data-toggle='tooltip' data-placement='right' title='原始值：7.67729'>7.68</span>", "<span data-toggle='tooltip' data-placement='right' title='原始值：1.7047'>1.705</span>", "<span data-toggle='tooltip' data-placement='right' title='原始值：0.20711'>0.207</span>", "<span data-toggle='tooltip' data-placement='right' title='原始值：7.02773'>7.03</span>", "*", "*", "正常"], ["辽宁省", "辽河流域", "<span data-toggle='tooltip' data-placement='right' title='所在地市:辽阳市&#10;所属河流:太子河'>汤河水库</span>", null, "", "--", "--", "--", "--", "--", "--", "--", "--", "--", "*", "*", "停站"], ["辽宁省", "辽河流域", "<span data-toggle='tooltip' data-placement='right' title='所在地市:盘锦市&#10;所属河流:辽河'>盘锦兴安(兴安)</span>", null, "", "--", "--", "--", "--", "--", "--", "--", "--", "--", "*", "*", "停站"], ["辽宁省", "辽河流域", "<span data-toggle='tooltip' data-placement='right' title='所在地市:铁岭市&#10;所属河流:辽河'>珠尔山</span>", "03-29 04:00", "Ⅲ", "<span data-toggle='tooltip' data-placement='right' title='原始值：8.5765'>8.6</span>", "<span data-toggle='tooltip' data-placement='right' title='原始值：7.76128'>7.76</span>", "<span data-toggle='tooltip' data-placement='right' title='原始值：10.05473'>10.05</span>", "<span data-toggle='tooltip' data-placement='right' title='原始值：543.8677'>543.9</span>", "<span data-toggle='tooltip' data-placement='right' title='原始值：11.07007'>11.1</span>", "<span data-toggle='tooltip' data-placement='right' title='原始值：2.68099'>2.68</span>", "<span data-toggle='tooltip' data-placement='right' title='原始值：0.96'>0.960</span>", "<span data-toggle='tooltip' data-placement='right' title='原始值：0.08228'>0.082</span>", "<span data-toggle='tooltip' data-placement='right' title='原始值：6.05895'>6.06</span>", "*", "*", "正常"], ["吉林省", "松花江流域", "<span data-toggle='tooltip' data-placement='right' title='所在地市:长春市&#10;所属河流:松花江'>松花江村</span>", null, "", "--", "--", "--", "--", "--", "--", "--", "--", "--", "*", "*", "停站"], ["吉林省", "松花江流域", "<span data-toggle='tooltip' data-placement='right' title='所在地市:白城市&#10;所属河流:嫩江'>白沙滩</span>", "03-29 04:00", "Ⅱ", "<span data-toggle='tooltip' data-placement='right' title='原始值：4.61791'>4.6</span>", "<span data-toggle='tooltip' data-placement='right' title='原始值：6.90052'>6.90</span>", "<span data-toggle='tooltip' data-placement='right' title='原始值：12.7606'>12.76</span>", "<span data-toggle='tooltip' data-placement='right' title='原始值：248.1555'>248.2</span>", "<span data-toggle='tooltip' data-placement='right' title='原始值：27.20903'>27.2</span>", "<span data-toggle='tooltip' data-placement='right' title='原始值：3.30641'>3.31</span>", "<span data-toggle='tooltip' data-placement='right' title='原始值：0.17176'>0.172</span>", "<span data-toggle='tooltip' data-placement='right' title='原始值：0.0529'>0.053</span>", "<span data-toggle='tooltip' data-placement='right' title='原始值：1.63269'>1.63</span>", "*", "*", "正常"], ["吉林省", "松花江流域", "<span data-toggle='tooltip' data-placement='right' title='所在地市:延边朝鲜族自治州&#10;所属河流:图们江'>圈河</span>", "03-29 04:00", "Ⅳ", "<span data-toggle='tooltip' data-placement='right' title='原始值：9.7875'>9.8</span>", "<span data-toggle='tooltip' data-placement='right' title='原始值：6.95'>6.95</span>", "<span data-toggle='tooltip' data-placement='right' title='原始值：10.33125'>10.33</span>", "<span data-toggle='tooltip' data-placement='right' title='原始值：173.9981'>174.0</span>", "<span data-toggle='tooltip' data-placement='right' title='原始值：262.9999'>263.0</span>", "<span data-toggle='tooltip' data-placement='right' title='原始值：6.91'>6.91</span>", "<span data-toggle='tooltip' data-placement='right' title='原始值：0.55064'>0.551</span>", "<span data-toggle='tooltip' data-placement='right' title='原始值：0.28806'>0.288</span>", "<span data-toggle='tooltip' data-placement='right' title='原始值：3.62771'>3.63</span>", "*", "*", "正常"], ["黑龙江省", "松花江流域", "<span data-toggle='tooltip' data-placement='right' title='所在地市:大庆市&#10;所属河流:松花江'>肇源</span>", null, "", "--", "--", "--", "--", "--", "--", "--", "--", "--", "*", "*", "停站"], ["黑龙江省", "松花江流域", "<span data-toggle='tooltip' data-placement='right' title='所在地市:佳木斯市&#10;所属河流:乌苏里江'>乌苏镇</span>", null, "", "--", "--", "--", "--", "--", "--", "--", "--", "--", "*", "*", "停站"], ["黑龙江省", "松花江流域", "<span data-toggle='tooltip' data-placement='right' title='所在地市:佳木斯市&#10;所属河流:松花江'>同江</span>", "03-29 04:00", "Ⅳ", "<span data-toggle='tooltip' data-placement='right' title='原始值：1.75394'>1.8</span>", "<span data-toggle='tooltip' data-placement='right' title='原始值：7.04516'>7.05</span>", "<span data-toggle='tooltip' data-placement='right' title='原始值：9.49819'>9.50</span>", "<span data-toggle='tooltip' data-placement='right' title='原始值：273.258'>273.3</span>", "<span data-toggle='tooltip' data-placement='right' title='原始值：37.1132'>37.1</span>", "<span data-toggle='tooltip' data-placement='right' title='原始值：7.85583'>7.86</span>", "<span data-toggle='tooltip' data-placement='right' title='原始值：0.46693'>0.467</span>", "<span data-toggle='tooltip' data-placement='right' title='原始值：0.10107'>0.101</span>", "<span data-toggle='tooltip' data-placement='right' title='原始值：4.14096'>4.14</span>", "*", "*", "正常"], ["黑龙江省", "松花江流域", "<span data-toggle='tooltip' data-placement='right' title='所在地市:黑河市&#10;所属河流:黑龙江'>黑河下(黑河)</span>", null, "", "--", "--", "--", "--", "--", "--", "--", "--", "--", "*", "*", "停站"], ["上海市", "长江流域", "<span data-toggle='tooltip' data-placement='right' title='所在地市:青浦区&#10;所属河流:淀山湖'>急水港桥</span>", "03-29 04:00", "Ⅳ", "<span data-toggle='tooltip' data-placement='right' title='原始值：18.1'>18.1</span>", "<span data-toggle='tooltip' data-placement='right' title='原始值：7.26'>7.26</span>", "<span data-toggle='tooltip' data-placement='right' title='原始值：7.87'>7.87</span>", "<span data-toggle='tooltip' data-placement='right' title='原始值：685'>685.0</span>", "<span data-toggle='tooltip' data-placement='right' title='原始值：73.6'>73.6</span>", "<span data-toggle='tooltip' data-placement='right' title='原始值：3.59375'>3.59</span>", "<span data-toggle='tooltip' data-placement='right' title='原始值：0.2439'>0.244</span>", "<span data-toggle='tooltip' data-placement='right' title='原始值：0.05953'>0.060</span>", "<span data-toggle='tooltip' data-placement='right' title='原始值：3.51077'>3.51</span>", "<span data-toggle='tooltip' data-placement='right' title='原始值：0.01611'>0.016</span>", "<span data-toggle='tooltip' data-placement='right' title='原始值：6604676'>6604676</span>", "正常"], ["江苏省", "长江流域", "<span data-toggle='tooltip' data-placement='right' title='所在地市:南京市&#10;所属河流:长江'>林山</span>", null, "", "--", "--", "--", "--", "--", "--", "--", "*", "*", "*", "*", "维护"], ["江苏省", "太湖流域", "<span data-toggle='tooltip' data-placement='right' title='所在地市:无锡市&#10;所属河流:太湖'>沙渚</span>", "03-29 04:00", "Ⅱ", "<span data-toggle='tooltip' data-placement='right' title='原始值：23.46464'>23.5</span>", "<span data-toggle='tooltip' data-placement='right' title='原始值：7.772269'>7.77</span>", "<span data-toggle='tooltip' data-placement='right' title='原始值：7.419405'>7.42</span>", "<span data-toggle='tooltip' data-placement='right' title='原始值：563.571'>563.6</span>", "<span data-toggle='tooltip' data-placement='right' title='原始值：36.03531'>36.0</span>", "<span data-toggle='tooltip' data-placement='right' title='原始值：3.394603'>3.39</span>", "<span data-toggle='tooltip' data-placement='right' title='原始值：0.2'>0.200</span>", "<span data-toggle='tooltip' data-placement='right' title='原始值：0.0484'>0.048</span>", "<span data-toggle='tooltip' data-placement='right' title='原始值：1.793'>1.79</span>", "<span data-toggle='tooltip' data-placement='right' title='原始值：0.029474'>0.029</span>", "*", "正常"], ["江苏省", "淮河流域", "<span data-toggle='tooltip' data-placement='right' title='所在地市:徐州市&#10;所属河流:武河'>小红圈</span>", "03-29 04:00", "Ⅳ", "<span data-toggle='tooltip' data-placement='right' title='原始值：19.33'>19.3</span>", "<span data-toggle='tooltip' data-placement='right' title='原始值：7.09'>7.09</span>", "<span data-toggle='tooltip' data-placement='right' title='原始值：9.06'>9.06</span>", "<span data-toggle='tooltip' data-placement='right' title='原始值：613.1'>613.1</span>", "<span data-toggle='tooltip' data-placement='right' title='原始值：7.32'>7.3</span>", "<span data-toggle='tooltip' data-placement='right' title='原始值：4.03'>4.03</span>", "<span data-toggle='tooltip' data-placement='right' title='原始值：1.254'>1.254</span>", "*", "*", "*", "*", "正常"], ["江苏省", "淮河流域", "<span data-toggle='tooltip' data-placement='right' title='所在地市:徐州市&#10;所属河流:沿河'>李集桥</span>", "03-29 04:00", "Ⅲ", "<span data-toggle='tooltip' data-placement='right' title='原始值：14.73'>14.7</span>", "<span data-toggle='tooltip' data-placement='right' title='原始值：8.02'>8.02</span>", "<span data-toggle='tooltip' data-placement='right' title='原始值：9.63'>9.63</span>", "<span data-toggle='tooltip' data-placement='right' title='原始值：1212.5'>1212.5</span>", "<span data-toggle='tooltip' data-placement='right' title='原始值：20.35'>20.4</span>", "<span data-toggle='tooltip' data-placement='right' title='原始值：4.59'>4.59</span>", "<span data-toggle='tooltip' data-placement='right' title='原始值：0.03'>0.030</span>", "<span data-toggle='tooltip' data-placement='right' title='原始值：0.04'>0.040</span>", "<span data-toggle='tooltip' data-placement='right' title='原始值：2.079'>2.08</span>", "*", "*", "正常"], ["江苏省", "淮河流域", "<span data-toggle='tooltip' data-placement='right' title='所在地市:徐州市&#10;所属河流:邳苍分洪道'>艾山西大桥</span>", "03-29 04:00", "", "<span data-toggle='tooltip' data-placement='right' title='原始值：17.3955'>17.4</span>", "<span data-toggle='tooltip' data-placement='right' title='原始值：8.08964'>8.09</span>", "<span data-toggle='tooltip' data-placement='right' title='原始值：9.63148'>9.63</span>", "<span data-toggle='tooltip' data-placement='right' title='原始值：658.238'>658.2</span>", "<span data-toggle='tooltip' data-placement='right' title='原始值：10.3209'>10.3</span>", "<span data-toggle='tooltip' data-placement='right' title='原始值：3.68'>3.68</span>", "<span data-toggle='tooltip' data-placement='right' title='极值过滤'>--</span>", "<span data-toggle='tooltip' data-placement='right' title='原始值：0.03562'>0.036</span>", "<span data-toggle='tooltip' data-placement='right' title='原始值：8.55576'>8.56</span>", "*", "*", "维护"], ["江苏省", "太湖流域", "<span data-toggle='tooltip' data-placement='right' title='所在地市:苏州市&#10;所属河流:太湖'>兰山嘴(老)</span>", "03-29 04:00", "Ⅲ", "<span data-toggle='tooltip' data-placement='right' title='原始值：19.02048'>19.0</span>", "<span data-toggle='tooltip' data-placement='right' title='原始值：7.77398'>7.77</span>", "<span data-toggle='tooltip' data-placement='right' title='原始值：8.64938'>8.65</span>", "<span data-toggle='tooltip' data-placement='right' title='原始值：392.8952'>392.9</span>", "<span data-toggle='tooltip' data-placement='right' title='原始值：17.69909'>17.7</span>", "<span data-toggle='tooltip' data-placement='right' title='原始值：2.58'>2.58</span>", "<span data-toggle='tooltip' data-placement='right' title='原始值：0.1228'>0.123</span>", "<span data-toggle='tooltip' data-placement='right' title='原始值：0.10777'>0.108</span>", "<span data-toggle='tooltip' data-placement='right' title='原始值：3.2291'>3.23</span>", "<span data-toggle='tooltip' data-placement='right' title='极值过滤'>--</span>", "*", "维护"], ["江苏省", "太湖流域", "<span data-toggle='tooltip' data-placement='right' title='所在地市:苏州市&#10;所属河流:太湖'>西山</span>", "03-29 04:00", "Ⅲ", "<span data-toggle='tooltip' data-placement='right' title='原始值：18.69679'>18.7</span>", "<span data-toggle='tooltip' data-placement='right' title='原始值：7.82745'>7.83</span>", "<span data-toggle='tooltip' data-placement='right' title='原始值：10.95545'>10.96</span>", "<span data-toggle='tooltip' data-placement='right' title='原始值：446.0616'>446.1</span>", "<span data-toggle='tooltip' data-placement='right' title='原始值：24.07894'>24.1</span>", "<span data-toggle='tooltip' data-placement='right' title='原始值：3.12'>3.12</span>", "<span data-toggle='tooltip' data-placement='right' title='原始值：0.25'>0.250</span>", "<span data-toggle='tooltip' data-placement='right' title='原始值：0.0337'>0.034</span>", "<span data-toggle='tooltip' data-placement='right' title='原始值：1.525'>1.52</span>", "<span data-toggle='tooltip' data-placement='right' title='原始值：0.00379'>0.004</span>", "*", "正常"], ["江苏省", "淮河流域", "<span data-toggle='tooltip' data-placement='right' title='所在地市:连云港市&#10;所属河流:新沭河'>大兴桥</span>", "03-29 04:00", "Ⅲ", "<span data-toggle='tooltip' data-placement='right' title='原始值：16.5'>16.5</span>", "<span data-toggle='tooltip' data-placement='right' title='原始值：8.53'>8.53</span>", "<span data-toggle='tooltip' data-placement='right' title='原始值：10.01'>10.01</span>", "<span data-toggle='tooltip' data-placement='right' title='原始值：1066.4'>1066.4</span>", "<span data-toggle='tooltip' data-placement='right' title='原始值：523.1'>523.1</span>", "<span data-toggle='tooltip' data-placement='right' title='原始值：4.46'>4.46</span>", "<span data-toggle='tooltip' data-placement='right' title='原始值：0.062'>0.062</span>", "*", "*", "*", "*", "正常"], ["江苏省", "淮河流域", "<span data-toggle='tooltip' data-placement='right' title='所在地市:淮安市&#10;所属河流:淮河'>淮河大桥</span>", "03-29 04:00", "Ⅲ", "<span data-toggle='tooltip' data-placement='right' title='原始值：15.5674'>15.6</span>", "<span data-toggle='tooltip' data-placement='right' title='原始值：7.96306'>7.96</span>", "<span data-toggle='tooltip' data-placement='right' title='原始值：8.5415'>8.54</span>", "<span data-toggle='tooltip' data-placement='right' title='原始值：659.8015'>659.8</span>", "<span data-toggle='tooltip' data-placement='right' title='原始值：24.53039'>24.5</span>", "<span data-toggle='tooltip' data-placement='right' title='原始值：3.56'>3.56</span>", "<span data-toggle='tooltip' data-placement='right' title='原始值：0.57'>0.570</span>", "<span data-toggle='tooltip' data-placement='right' title='原始值：0.07254'>0.073</span>", "<span data-toggle='tooltip' data-placement='right' title='原始值：3.1'>3.10</span>", "*", "*", "正常"], ["江苏省", "长江流域", "<span data-toggle='tooltip' data-placement='right' title='所在地市:扬州市&#10;所属河流:夹江'>三江营</span>", null, "", "--", "--", "--", "--", "--", "--", "--", "--", "--", "*", "*", "维护"], ["江苏省", "淮河流域", "<span data-toggle='tooltip' data-placement='right' title='所在地市:宿迁市&#10;所属河流:新濉河'>大屈</span>", "03-29 04:00", "Ⅲ", "<span data-toggle='tooltip' data-placement='right' title='原始值：18'>18.0</span>", "<span data-toggle='tooltip' data-placement='right' title='原始值：8.91'>8.91</span>", "<span data-toggle='tooltip' data-placement='right' title='原始值：10.39'>10.39</span>", "<span data-toggle='tooltip' data-placement='right' title='原始值：841.1'>841.1</span>", "<span data-toggle='tooltip' data-placement='right' title='原始值：121.35'>121.4</span>", "<span data-toggle='tooltip' data-placement='right' title='原始值：5.22'>5.22</span>", "<span data-toggle='tooltip' data-placement='right' title='原始值：0.06'>0.060</span>", "<span data-toggle='tooltip' data-placement='right' title='原始值：0.041'>0.041</span>", "<span data-toggle='tooltip' data-placement='right' title='原始值：2.073'>2.07</span>", "*", "*", "正常"], ["浙江省", "浙闽片河流", "<span data-toggle='tooltip' data-placement='right' title='所在地市:杭州市&#10;所属河流:新安江'>街口(鸠坑口)</span>", "03-29 04:00", "", "<span data-toggle='tooltip' data-placement='right' title='原始值：17.7'>17.7</span>", "<span data-toggle='tooltip' data-placement='right' title='原始值：7.56'>7.56</span>", "<span data-toggle='tooltip' data-placement='right' title='原始值：10.06'>10.06</span>", "<span data-toggle='tooltip' data-placement='right' title='原始值：118.27'>118.3</span>", "<span data-toggle='tooltip' data-placement='right' title='原始值：4.28'>4.3</span>", "<span data-toggle='tooltip' data-placement='right' title='原始值：2.185'>2.18</span>", "<span data-toggle='tooltip' data-placement='right' title='极值过滤'>--</span>", "<span data-toggle='tooltip' data-placement='right' title='原始值：0.057'>0.057</span>", "<span data-toggle='tooltip' data-placement='right' title='原始值：2.056'>2.06</span>", "*", "*", "维护"], ["浙江省", "太湖流域", "<span data-toggle='tooltip' data-placement='right' title='所在地市:嘉兴市&#10;所属河流:斜路港河'>斜路港</span>", "03-29 04:00", "Ⅲ", "<span data-toggle='tooltip' data-placement='right' title='原始值：18.4'>18.4</span>", "<span data-toggle='tooltip' data-placement='right' title='原始值：7.49'>7.49</span>", "<span data-toggle='tooltip' data-placement='right' title='原始值：7.3'>7.30</span>", "<span data-toggle='tooltip' data-placement='right' title='原始值：728'>728.0</span>", "<span data-toggle='tooltip' data-placement='right' title='原始值：163.1'>163.1</span>", "<span data-toggle='tooltip' data-placement='right' title='原始值：5.5'>5.50</span>", "<span data-toggle='tooltip' data-placement='right' title='原始值：0.54789'>0.548</span>", "<span data-toggle='tooltip' data-placement='right' title='原始值：0.07736'>0.077</span>", "<span data-toggle='tooltip' data-placement='right' title='原始值：2.70542'>2.71</span>", "*", "*", "正常"], ["浙江省", "太湖流域", "<span data-toggle='tooltip' data-placement='right' title='所在地市:嘉兴市&#10;所属河流:京杭运河'>王江泾</span>", "03-29 04:00", "Ⅳ", "<span data-toggle='tooltip' data-placement='right' title='原始值：18.64'>18.6</span>", "<span data-toggle='tooltip' data-placement='right' title='原始值：7.27'>7.27</span>", "<span data-toggle='tooltip' data-placement='right' title='原始值：7.13'>7.13</span>", "<span data-toggle='tooltip' data-placement='right' title='原始值：730.43'>730.4</span>", "<span data-toggle='tooltip' data-placement='right' title='原始值：44.51'>44.5</span>", "<span data-toggle='tooltip' data-placement='right' title='原始值：6.152'>6.15</span>", "<span data-toggle='tooltip' data-placement='right' title='原始值：0.199'>0.199</span>", "<span data-toggle='tooltip' data-placement='right' title='原始值：0.089'>0.089</span>", "<span data-toggle='tooltip' data-placement='right' title='原始值：3.819'>3.82</span>", "*", "*", "正常"], ["浙江省", "太湖流域", "<span data-toggle='tooltip' data-placement='right' title='所在地市:湖州市&#10;所属河流:西苕溪'>新港口(新塘港)</span>", "03-29 04:00", "Ⅱ", "<span data-toggle='tooltip' data-placement='right' title='原始值：17.9798'>18.0</span>", "<span data-toggle='tooltip' data-placement='right' title='原始值：7.56062'>7.56</span>", "<span data-toggle='tooltip' data-placement='right' title='原始值：8.22768'>8.23</span>", "<span data-toggle='tooltip' data-placement='right' title='原始值：318.129'>318.1</span>", "<span data-toggle='tooltip' data-placement='right' title='原始值：163.389'>163.4</span>", "<span data-toggle='tooltip' data-placement='right' title='原始值：3.19114'>3.19</span>", "<span data-toggle='tooltip' data-placement='right' title='原始值：0.27764'>0.278</span>", "<span data-toggle='tooltip' data-placement='right' title='原始值：0.07261'>0.073</span>", "<span data-toggle='tooltip' data-placement='right' title='原始值：19.20195'>19.20</span>", "<span data-toggle='tooltip' data-placement='right' title='原始值：0.04095'>0.041</span>", "*", "正常"], ["安徽省", "巢湖流域", "<span data-toggle='tooltip' data-placement='right' title='所在地市:合肥市&#10;所属河流:巢湖'>湖滨(老)</span>", null, "", "--", "--", "--", "--", "--", "--", "--", "--", "--", "--", "*", "维护"], ["安徽省", "巢湖流域", "<span data-toggle='tooltip' data-placement='right' title='所在地市:芜湖市&#10;所属河流:巢湖'>裕溪口(老)</span>", "03-29 04:00", "Ⅲ", "<span data-toggle='tooltip' data-placement='right' title='原始值：16.63776'>16.6</span>", "<span data-toggle='tooltip' data-placement='right' title='原始值：7.49533'>7.50</span>", "<span data-toggle='tooltip' data-placement='right' title='原始值：7.19877'>7.20</span>", "<span data-toggle='tooltip' data-placement='right' title='原始值：286.675'>286.7</span>", "<span data-toggle='tooltip' data-placement='right' title='原始值：77.50751'>77.5</span>", "<span data-toggle='tooltip' data-placement='right' title='原始值：3.24'>3.24</span>", "<span data-toggle='tooltip' data-placement='right' title='原始值：0.1'>0.100</span>", "<span data-toggle='tooltip' data-placement='right' title='原始值：0.0385'>0.038</span>", "<span data-toggle='tooltip' data-placement='right' title='原始值：3.283'>3.28</span>", "<span data-toggle='tooltip' data-placement='right' title='原始值：0.02581'>0.026</span>", "*", "正常"], ["安徽省", "淮河流域", "<span data-toggle='tooltip' data-placement='right' title='所在地市:蚌埠市&#10;所属河流:淮河'>蚌埠闸上(蚌埠闸)</span>", "03-29 04:00", "Ⅱ", "<span data-toggle='tooltip' data-placement='right' title='原始值：18.97'>19.0</span>", "<span data-toggle='tooltip' data-placement='right' title='原始值：7.21'>7.21</span>", "<span data-toggle='tooltip' data-placement='right' title='原始值：9.21'>9.21</span>", "<span data-toggle='tooltip' data-placement='right' title='原始值：482.99'>483.0</span>", "<span data-toggle='tooltip' data-placement='right' title='原始值：94.86'>94.9</span>", "<span data-toggle='tooltip' data-placement='right' title='原始值：2.342'>2.34</span>", "<span data-toggle='tooltip' data-placement='right' title='原始值：0.055'>0.055</span>", "<span data-toggle='tooltip' data-placement='right' title='原始值：0.073'>0.073</span>", "<span data-toggle='tooltip' data-placement='right' title='原始值：2.533'>2.53</span>", "*", "*", "正常"], ["安徽省", "淮河流域", "<span data-toggle='tooltip' data-placement='right' title='所在地市:淮南市&#10;所属河流:淮河'>石头埠(老)</span>", "03-29 04:00", "Ⅳ", "<span data-toggle='tooltip' data-placement='right' title='原始值：18.67254'>18.7</span>", "<span data-toggle='tooltip' data-placement='right' title='原始值：6.11596'>6.12</span>", "<span data-toggle='tooltip' data-placement='right' title='原始值：3.36025'>3.36</span>", "<span data-toggle='tooltip' data-placement='right' title='原始值：411.2689'>411.3</span>", "<span data-toggle='tooltip' data-placement='right' title='原始值：27.87405'>27.9</span>", "<span data-toggle='tooltip' data-placement='right' title='原始值：2.12'>2.12</span>", "<span data-toggle='tooltip' data-placement='right' title='原始值：0.19'>0.190</span>", "*", "*", "*", "*", "正常"], ["安徽省", "淮河流域", "<span data-toggle='tooltip' data-placement='right' title='所在地市:淮北市&#10;所属河流:沱河'>小王桥</span>", "03-29 04:00", "Ⅲ", "<span data-toggle='tooltip' data-placement='right' title='原始值：17.12'>17.1</span>", "<span data-toggle='tooltip' data-placement='right' title='原始值：8.09'>8.09</span>", "<span data-toggle='tooltip' data-placement='right' title='原始值：12.66'>12.66</span>", "<span data-toggle='tooltip' data-placement='right' title='原始值：1702.71'>1702.7</span>", "<span data-toggle='tooltip' data-placement='right' title='原始值：12.83'>12.8</span>", "<span data-toggle='tooltip' data-placement='right' title='原始值：5.449'>5.45</span>", "<span data-toggle='tooltip' data-placement='right' title='原始值：0.036'>0.036</span>", "<span data-toggle='tooltip' data-placement='right' title='原始值：0.052'>0.052</span>", "<span data-toggle='tooltip' data-placement='right' title='原始值：1.253'>1.25</span>", "*", "*", "正常"], ["安徽省", "长江流域", "<span data-toggle='tooltip' data-placement='right' title='所在地市:安庆市&#10;所属河流:长江'>皖河口</span>", "03-29 04:00", "Ⅱ", "<span data-toggle='tooltip' data-placement='right' title='原始值：16.2'>16.2</span>", "<span data-toggle='tooltip' data-placement='right' title='原始值：7.521'>7.52</span>", "<span data-toggle='tooltip' data-placement='right' title='原始值：8.61'>8.61</span>", "<span data-toggle='tooltip' data-placement='right' title='原始值：283.56'>283.6</span>", "<span data-toggle='tooltip' data-placement='right' title='原始值：38.99'>39.0</span>", "<span data-toggle='tooltip' data-placement='right' title='原始值：1.385'>1.38</span>", "<span data-toggle='tooltip' data-placement='right' title='原始值：0.015'>0.015</span>", "<span data-toggle='tooltip' data-placement='right' title='原始值：0.0548'>0.055</span>", "<span data-toggle='tooltip' data-placement='right' title='原始值：2.065'>2.06</span>", "*", "*", "正常"], ["安徽省", "淮河流域", "<span data-toggle='tooltip' data-placement='right' title='所在地市:滁州市&#10;所属河流:淮河'>小柳巷</span>", "03-29 04:00", "Ⅱ", "<span data-toggle='tooltip' data-placement='right' title='原始值：14.4'>14.4</span>", "<span data-toggle='tooltip' data-placement='right' title='原始值：7.77'>7.77</span>", "<span data-toggle='tooltip' data-placement='right' title='原始值：9.66'>9.66</span>", "<span data-toggle='tooltip' data-placement='right' title='原始值：516'>516.0</span>", "<span data-toggle='tooltip' data-placement='right' title='原始值：322.64'>322.6</span>", "<span data-toggle='tooltip' data-placement='right' title='原始值：3.252'>3.25</span>", "<span data-toggle='tooltip' data-placement='right' title='原始值：0.331'>0.331</span>", "<span data-toggle='tooltip' data-placement='right' title='原始值：0.068'>0.068</span>", "<span data-toggle='tooltip' data-placement='right' title='原始值：2.506'>2.51</span>", "*", "*", "正常"], ["安徽省", "淮河流域", "<span data-toggle='tooltip' data-placement='right' title='所在地市:阜阳市&#10;所属河流:黑茨河'>张大桥</span>", null, "", "--", "--", "--", "--", "--", "--", "--", "--", "--", "*", "*", "停站"], ["安徽省", "淮河流域", "<span data-toggle='tooltip' data-placement='right' title='所在地市:阜阳市&#10;所属河流:淮河'>王家坝</span>", "03-29 04:00", "Ⅲ", "<span data-toggle='tooltip' data-placement='right' title='原始值：15.46875'>15.5</span>", "<span data-toggle='tooltip' data-placement='right' title='原始值：7.55123'>7.55</span>", "<span data-toggle='tooltip' data-placement='right' title='原始值：8.50798'>8.51</span>", "<span data-toggle='tooltip' data-placement='right' title='原始值：373.3651'>373.4</span>", "<span data-toggle='tooltip' data-placement='right' title='原始值：27.3058'>27.3</span>", "<span data-toggle='tooltip' data-placement='right' title='原始值：3.41'>3.41</span>", "<span data-toggle='tooltip' data-placement='right' title='原始值：0.133'>0.133</span>", "<span data-toggle='tooltip' data-placement='right' title='原始值：0.14517'>0.145</span>", "<span data-toggle='tooltip' data-placement='right' title='原始值：2.1225'>2.12</span>", "*", "*", "正常"], ["安徽省", "淮河流域", "<span data-toggle='tooltip' data-placement='right' title='所在地市:阜阳市&#10;所属河流:颍河'>界首七渡口(七渡口)</span>", "03-29 04:00", "Ⅲ", "<span data-toggle='tooltip' data-placement='right' title='原始值：15.25054'>15.3</span>", "<span data-toggle='tooltip' data-placement='right' title='原始值：7.62793'>7.63</span>", "<span data-toggle='tooltip' data-placement='right' title='原始值：6.38522'>6.39</span>", "<span data-toggle='tooltip' data-placement='right' title='原始值：824.8091'>824.8</span>", "<span data-toggle='tooltip' data-placement='right' title='原始值：13.69433'>13.7</span>", "<span data-toggle='tooltip' data-placement='right' title='原始值：4.09'>4.09</span>", "<span data-toggle='tooltip' data-placement='right' title='原始值：0.58'>0.580</span>", "<span data-toggle='tooltip' data-placement='right' title='原始值：0.08924'>0.089</span>", "<span data-toggle='tooltip' data-placement='right' title='原始值：5.29207'>5.29</span>", "*", "*", "正常"], ["安徽省", "淮河流域", "<span data-toggle='tooltip' data-placement='right' title='所在地市:阜阳市&#10;所属河流:泉河'>许庄(徐庄)</span>", "03-29 04:00", "Ⅲ", "<span data-toggle='tooltip' data-placement='right' title='原始值：16.5'>16.5</span>", "<span data-toggle='tooltip' data-placement='right' title='原始值：7.6'>7.60</span>", "<span data-toggle='tooltip' data-placement='right' title='原始值：7.93'>7.93</span>", "<span data-toggle='tooltip' data-placement='right' title='原始值：1072.4'>1072.4</span>", "<span data-toggle='tooltip' data-placement='right' title='原始值：42.05'>42.0</span>", "<span data-toggle='tooltip' data-placement='right' title='原始值：4.03'>4.03</span>", "<span data-toggle='tooltip' data-placement='right' title='原始值：0.03'>0.030</span>", "<span data-toggle='tooltip' data-placement='right' title='原始值：0.033'>0.033</span>", "<span data-toggle='tooltip' data-placement='right' title='原始值：3.373'>3.37</span>", "*", "*", "正常"], ["安徽省", "淮河流域", "<span data-toggle='tooltip' data-placement='right' title='所在地市:宿州市&#10;所属河流:奎河'>杨庄</span>", "03-29 04:00", "Ⅲ", "<span data-toggle='tooltip' data-placement='right' title='原始值：17.38'>17.4</span>", "<span data-toggle='tooltip' data-placement='right' title='原始值：7.41'>7.41</span>", "<span data-toggle='tooltip' data-placement='right' title='原始值：9.05'>9.05</span>", "<span data-toggle='tooltip' data-placement='right' title='原始值：1087.9'>1087.9</span>", "<span data-toggle='tooltip' data-placement='right' title='原始值：93.87'>93.9</span>", "<span data-toggle='tooltip' data-placement='right' title='原始值：5.61'>5.61</span>", "<span data-toggle='tooltip' data-placement='right' title='原始值：0.376'>0.376</span>", "*", "*", "*", "*", "正常"], ["安徽省", "淮河流域", "<span data-toggle='tooltip' data-placement='right' title='所在地市:宿州市&#10;所属河流:新汴河'>泗县公路桥</span>", "03-29 04:00", "Ⅲ", "<span data-toggle='tooltip' data-placement='right' title='原始值：17.3'>17.3</span>", "<span data-toggle='tooltip' data-placement='right' title='原始值：8.37'>8.37</span>", "<span data-toggle='tooltip' data-placement='right' title='原始值：9.27'>9.27</span>", "<span data-toggle='tooltip' data-placement='right' title='原始值：953.8'>953.8</span>", "<span data-toggle='tooltip' data-placement='right' title='原始值：86.02'>86.0</span>", "<span data-toggle='tooltip' data-placement='right' title='原始值：5.24'>5.24</span>", "<span data-toggle='tooltip' data-placement='right' title='原始值：0.13'>0.130</span>", "*", "*", "*", "*", "正常"], ["安徽省", "淮河流域", "<span data-toggle='tooltip' data-placement='right' title='所在地市:亳州市&#10;所属河流:包河'>颜集</span>", "03-29 04:00", "Ⅳ", "<span data-toggle='tooltip' data-placement='right' title='原始值：15'>15.0</span>", "<span data-toggle='tooltip' data-placement='right' title='原始值：8.12'>8.12</span>", "<span data-toggle='tooltip' data-placement='right' title='原始值：8.54'>8.54</span>", "<span data-toggle='tooltip' data-placement='right' title='原始值：1936.5'>1936.5</span>", "<span data-toggle='tooltip' data-placement='right' title='原始值：126.18'>126.2</span>", "<span data-toggle='tooltip' data-placement='right' title='原始值：4.96'>4.96</span>", "<span data-toggle='tooltip' data-placement='right' title='原始值：0.3'>0.300</span>", "<span data-toggle='tooltip' data-placement='right' title='原始值：0.274'>0.274</span>", "<span data-toggle='tooltip' data-placement='right' title='原始值：4.386'>4.39</span>", "*", "*", "正常"], ["福建省", "浙闽片河流", "<span data-toggle='tooltip' data-placement='right' title='所在地市:福州市&#10;所属河流:闽江'>白岩潭</span>", "03-29 04:00", "Ⅲ", "<span data-toggle='tooltip' data-placement='right' title='原始值：19.04'>19.0</span>", "<span data-toggle='tooltip' data-placement='right' title='原始值：7.41'>7.41</span>", "<span data-toggle='tooltip' data-placement='right' title='原始值：7.4'>7.40</span>", "<span data-toggle='tooltip' data-placement='right' title='原始值：3777.2'>3777.2</span>", "<span data-toggle='tooltip' data-placement='right' title='原始值：209.45'>209.4</span>", "<span data-toggle='tooltip' data-placement='right' title='原始值：5.03'>5.03</span>", "<span data-toggle='tooltip' data-placement='right' title='原始值：0.254'>0.254</span>", "*", "*", "*", "*", "正常"], ["江西省", "长江流域", "<span data-toggle='tooltip' data-placement='right' title='所在地市:南昌市&#10;所属河流:赣江南支'>滁槎</span>", "03-29 04:00", "Ⅱ", "<span data-toggle='tooltip' data-placement='right' title='原始值：19.6342'>19.6</span>", "<span data-toggle='tooltip' data-placement='right' title='原始值：7.24631'>7.25</span>", "<span data-toggle='tooltip' data-placement='right' title='原始值：8.28137'>8.28</span>", "<span data-toggle='tooltip' data-placement='right' title='原始值：81.24631'>81.2</span>", "<span data-toggle='tooltip' data-placement='right' title='原始值：26.92136'>26.9</span>", "<span data-toggle='tooltip' data-placement='right' title='原始值：3.16'>3.16</span>", "<span data-toggle='tooltip' data-placement='right' title='原始值：0.23'>0.230</span>", "<span data-toggle='tooltip' data-placement='right' title='原始值：0.0395'>0.040</span>", "<span data-toggle='tooltip' data-placement='right' title='原始值：1.9525'>1.95</span>", "*", "*", "正常"], ["江西省", "长江流域", "<span data-toggle='tooltip' data-placement='right' title='所在地市:九江市&#10;所属河流:长江'>姚港(河西水厂)</span>", "03-29 04:00", "Ⅱ", "<span data-toggle='tooltip' data-placement='right' title='原始值：15.41'>15.4</span>", "<span data-toggle='tooltip' data-placement='right' title='原始值：7.67'>7.67</span>", "<span data-toggle='tooltip' data-placement='right' title='原始值：9.24'>9.24</span>", "<span data-toggle='tooltip' data-placement='right' title='原始值：343.27'>343.3</span>", "<span data-toggle='tooltip' data-placement='right' title='原始值：31.2'>31.2</span>", "<span data-toggle='tooltip' data-placement='right' title='原始值：1.159'>1.16</span>", "<span data-toggle='tooltip' data-placement='right' title='原始值：0.045'>0.045</span>", "<span data-toggle='tooltip' data-placement='right' title='原始值：0.071'>0.071</span>", "<span data-toggle='tooltip' data-placement='right' title='原始值：3.236'>3.24</span>", "*", "*", "正常"], ["江西省", "长江流域", "<span data-toggle='tooltip' data-placement='right' title='所在地市:九江市&#10;所属河流:鄱阳湖'>蛤蟆石</span>", "03-29 04:00", "Ⅲ", "<span data-toggle='tooltip' data-placement='right' title='原始值：17.86'>17.9</span>", "<span data-toggle='tooltip' data-placement='right' title='原始值：7.2'>7.20</span>", "<span data-toggle='tooltip' data-placement='right' title='原始值：8.95'>8.95</span>", "<span data-toggle='tooltip' data-placement='right' title='原始值：156.15'>156.2</span>", "<span data-toggle='tooltip' data-placement='right' title='原始值：20.85'>20.8</span>", "<span data-toggle='tooltip' data-placement='right' title='原始值：1.65'>1.65</span>", "<span data-toggle='tooltip' data-placement='right' title='原始值：0.056'>0.056</span>", "<span data-toggle='tooltip' data-placement='right' title='原始值：0.0472'>0.047</span>", "<span data-toggle='tooltip' data-placement='right' title='原始值：1.443'>1.44</span>", "<span data-toggle='tooltip' data-placement='right' title='原始值：0.00253'>0.003</span>", "<span data-toggle='tooltip' data-placement='right' title='原始值：1850925'>1850925</span>", "正常"], ["山东省", "黄河流域", "<span data-toggle='tooltip' data-placement='right' title='所在地市:济南市&#10;所属河流:黄河'>泺口</span>", "03-29 04:00", "", "<span data-toggle='tooltip' data-placement='right' title='原始值：13.7572'>13.8</span>", "<span data-toggle='tooltip' data-placement='right' title='原始值：8.53232'>8.53</span>", "<span data-toggle='tooltip' data-placement='right' title='原始值：9.52194'>9.52</span>", "<span data-toggle='tooltip' data-placement='right' title='原始值：1071.21'>1071.2</span>", "<span data-toggle='tooltip' data-placement='right' title='原始值：415.303'>415.3</span>", "<span data-toggle='tooltip' data-placement='right' title='原始值：2.94'>2.94</span>", "<span data-toggle='tooltip' data-placement='right' title='原始值：0.16365'>0.164</span>", "<span data-toggle='tooltip' data-placement='right' title='极值过滤'>--</span>", "<span data-toggle='tooltip' data-placement='right' title='原始值：4.329'>4.33</span>", "*", "*", "维护"], ["山东省", "淮河流域", "<span data-toggle='tooltip' data-placement='right' title='所在地市:枣庄市&#10;所属河流:京杭大运河（韩庄运河）'>台儿庄大桥</span>", "03-29 04:00", "Ⅱ", "<span data-toggle='tooltip' data-placement='right' title='原始值：14.48095'>14.5</span>", "<span data-toggle='tooltip' data-placement='right' title='原始值：7.99629'>8.00</span>", "<span data-toggle='tooltip' data-placement='right' title='原始值：10.17549'>10.18</span>", "<span data-toggle='tooltip' data-placement='right' title='原始值：755.3264'>755.3</span>", "<span data-toggle='tooltip' data-placement='right' title='原始值：10.97432'>11.0</span>", "<span data-toggle='tooltip' data-placement='right' title='原始值：3.81637'>3.82</span>", "<span data-toggle='tooltip' data-placement='right' title='原始值：0.12247'>0.122</span>", "<span data-toggle='tooltip' data-placement='right' title='原始值：0.05809'>0.058</span>", "<span data-toggle='tooltip' data-placement='right' title='原始值：3.04872'>3.05</span>", "*", "*", "正常"], ["山东省", "淮河流域", "<span data-toggle='tooltip' data-placement='right' title='所在地市:临沂市&#10;所属河流:沭河'>清泉寺</span>", "03-29 04:00", "Ⅲ", "<span data-toggle='tooltip' data-placement='right' title='原始值：16.58511'>16.6</span>", "<span data-toggle='tooltip' data-placement='right' title='原始值：7.86415'>7.86</span>", "<span data-toggle='tooltip' data-placement='right' title='原始值：9.55084'>9.55</span>", "<span data-toggle='tooltip' data-placement='right' title='原始值：1154.4'>1154.4</span>", "<span data-toggle='tooltip' data-placement='right' title='原始值：7.02895'>7.0</span>", "<span data-toggle='tooltip' data-placement='right' title='原始值：5.08'>5.08</span>", "<span data-toggle='tooltip' data-placement='right' title='原始值：0.26'>0.260</span>", "*", "*", "*", "*", "正常"], ["山东省", "淮河流域", "<span data-toggle='tooltip' data-placement='right' title='所在地市:临沂市&#10;所属河流:沂河'>重坊桥</span>", null, "", "--", "--", "--", "--", "--", "--", "--", "--", "--", "*", "*", "停站"], ["山东省", "淮河流域", "<span data-toggle='tooltip' data-placement='right' title='所在地市:临沂市&#10;所属河流:白马河'>捷庄(涝沟桥)</span>", "03-29 04:00", "Ⅲ", "<span data-toggle='tooltip' data-placement='right' title='原始值：18.69375'>18.7</span>", "<span data-toggle='tooltip' data-placement='right' title='原始值：8.02'>8.02</span>", "<span data-toggle='tooltip' data-placement='right' title='原始值：11.52615'>11.53</span>", "<span data-toggle='tooltip' data-placement='right' title='原始值：855'>855.0</span>", "<span data-toggle='tooltip' data-placement='right' title='原始值：5.90635'>5.9</span>", "<span data-toggle='tooltip' data-placement='right' title='原始值：5.12'>5.12</span>", "<span data-toggle='tooltip' data-placement='right' title='原始值：0.06916'>0.069</span>", "<span data-toggle='tooltip' data-placement='right' title='原始值：0.06348'>0.063</span>", "<span data-toggle='tooltip' data-placement='right' title='原始值：4.91279'>4.91</span>", "*", "*", "正常"], ["山东省", "海河流域", "<span data-toggle='tooltip' data-placement='right' title='所在地市:聊城市&#10;所属河流:卫运河'>秤勾湾(秤钩湾)</span>", null, "", "--", "--", "--", "--", "--", "--", "--", "--", "--", "*", "*", "停站"], ["河南省", "长江流域", "<span data-toggle='tooltip' data-placement='right' title='所在地市:南阳市&#10;所属河流:丹江口水库'>陶岔</span>", "03-29 04:00", "Ⅱ", "<span data-toggle='tooltip' data-placement='right' title='原始值：18.13'>18.1</span>", "<span data-toggle='tooltip' data-placement='right' title='原始值：7.94052'>7.94</span>", "<span data-toggle='tooltip' data-placement='right' title='原始值：8.51828'>8.52</span>", "<span data-toggle='tooltip' data-placement='right' title='原始值：278.0157'>278.0</span>", "<span data-toggle='tooltip' data-placement='right' title='原始值：1.71849'>1.7</span>", "<span data-toggle='tooltip' data-placement='right' title='原始值：2.66'>2.66</span>", "<span data-toggle='tooltip' data-placement='right' title='原始值：0.02548'>0.025</span>", "<span data-toggle='tooltip' data-placement='right' title='原始值：0.00699'>0.007</span>", "<span data-toggle='tooltip' data-placement='right' title='原始值：1.08366'>1.08</span>", "<span data-toggle='tooltip' data-placement='right' title='原始值：0.00376'>0.004</span>", "<span data-toggle='tooltip' data-placement='right' title='原始值：421114.2'>421114</span>", "正常"], ["河南省", "淮河流域", "<span data-toggle='tooltip' data-placement='right' title='所在地市:商丘市&#10;所属河流:浍河'>黄口</span>", "03-29 04:00", "Ⅱ", "<span data-toggle='tooltip' data-placement='right' title='原始值：16.5'>16.5</span>", "<span data-toggle='tooltip' data-placement='right' title='原始值：7.58'>7.58</span>", "<span data-toggle='tooltip' data-placement='right' title='原始值：10.60468'>10.60</span>", "<span data-toggle='tooltip' data-placement='right' title='原始值：2637.492'>2637.5</span>", "<span data-toggle='tooltip' data-placement='right' title='原始值：25.49936'>25.5</span>", "<span data-toggle='tooltip' data-placement='right' title='原始值：3.8'>3.80</span>", "<span data-toggle='tooltip' data-placement='right' title='原始值：0.09134'>0.091</span>", "<span data-toggle='tooltip' data-placement='right' title='原始值：0.0863'>0.086</span>", "<span data-toggle='tooltip' data-placement='right' title='原始值：5.02351'>5.02</span>", "*", "*", "正常"], ["河南省", "淮河流域", "<span data-toggle='tooltip' data-placement='right' title='所在地市:信阳市&#10;所属河流:史灌河'>蒋集</span>", null, "", "--", "--", "--", "--", "--", "--", "--", "--", "--", "*", "*", "停站"], ["河南省", "淮河流域", "<span data-toggle='tooltip' data-placement='right' title='所在地市:信阳市&#10;所属河流:淮河'>息县大埠口</span>", null, "", "*", "--", "*", "*", "*", "*", "*", "*", "*", "*", "*", "维护"], ["河南省", "淮河流域", "<span data-toggle='tooltip' data-placement='right' title='所在地市:信阳市&#10;所属河流:淮河'>淮滨水文站(淮滨)</span>", "03-29 04:00", "Ⅲ", "<span data-toggle='tooltip' data-placement='right' title='原始值：16.5'>16.5</span>", "<span data-toggle='tooltip' data-placement='right' title='原始值：7.12'>7.12</span>", "<span data-toggle='tooltip' data-placement='right' title='原始值：9.12'>9.12</span>", "<span data-toggle='tooltip' data-placement='right' title='原始值：253'>253.0</span>", "<span data-toggle='tooltip' data-placement='right' title='原始值：73.05956'>73.1</span>", "<span data-toggle='tooltip' data-placement='right' title='原始值：3.54008'>3.54</span>", "<span data-toggle='tooltip' data-placement='right' title='原始值：0.18276'>0.183</span>", "<span data-toggle='tooltip' data-placement='right' title='原始值：0.10978'>0.110</span>", "<span data-toggle='tooltip' data-placement='right' title='原始值：1.90605'>1.91</span>", "*", "*", "正常"], ["河南省", "淮河流域", "<span data-toggle='tooltip' data-placement='right' title='所在地市:周口市&#10;所属河流:沙河'>沈丘闸</span>", "03-29 04:00", "Ⅲ", "<span data-toggle='tooltip' data-placement='right' title='原始值：15.6533'>15.7</span>", "<span data-toggle='tooltip' data-placement='right' title='原始值：7.80993'>7.81</span>", "<span data-toggle='tooltip' data-placement='right' title='原始值：9.12954'>9.13</span>", "<span data-toggle='tooltip' data-placement='right' title='原始值：950.1818'>950.2</span>", "<span data-toggle='tooltip' data-placement='right' title='原始值：5.96913'>6.0</span>", "<span data-toggle='tooltip' data-placement='right' title='原始值：4.84'>4.84</span>", "<span data-toggle='tooltip' data-placement='right' title='原始值：0.67'>0.670</span>", "*", "*", "*", "*", "正常"], ["河南省", "淮河流域", "<span data-toggle='tooltip' data-placement='right' title='所在地市:周口市&#10;所属河流:涡河'>鹿邑付桥(鹿邑付桥闸)</span>", "03-29 04:00", "Ⅲ", "<span data-toggle='tooltip' data-placement='right' title='原始值：18.52662'>18.5</span>", "<span data-toggle='tooltip' data-placement='right' title='原始值：8.7637'>8.76</span>", "<span data-toggle='tooltip' data-placement='right' title='原始值：13.16557'>13.17</span>", "<span data-toggle='tooltip' data-placement='right' title='原始值：1504.872'>1504.9</span>", "<span data-toggle='tooltip' data-placement='right' title='原始值：3.15765'>3.2</span>", "<span data-toggle='tooltip' data-placement='right' title='原始值：5.11'>5.11</span>", "<span data-toggle='tooltip' data-placement='right' title='原始值：0.22'>0.220</span>", "<span data-toggle='tooltip' data-placement='right' title='原始值：0.0462'>0.046</span>", "<span data-toggle='tooltip' data-placement='right' title='原始值：1.49691'>1.50</span>", "*", "*", "正常"], ["河南省", "淮河流域", "<span data-toggle='tooltip' data-placement='right' title='所在地市:驻马店市&#10;所属河流:洪河'>新蔡班台(班台)</span>", "03-29 04:00", "Ⅲ", "<span data-toggle='tooltip' data-placement='right' title='原始值：18.91416'>18.9</span>", "<span data-toggle='tooltip' data-placement='right' title='原始值：7.15379'>7.15</span>", "<span data-toggle='tooltip' data-placement='right' title='原始值：7.01655'>7.02</span>", "<span data-toggle='tooltip' data-placement='right' title='原始值：647.563'>647.6</span>", "<span data-toggle='tooltip' data-placement='right' title='原始值：6.39537'>6.4</span>", "<span data-toggle='tooltip' data-placement='right' title='原始值：3.7'>3.70</span>", "<span data-toggle='tooltip' data-placement='right' title='原始值：0.44'>0.440</span>", "<span data-toggle='tooltip' data-placement='right' title='原始值：0.17227'>0.172</span>", "<span data-toggle='tooltip' data-placement='right' title='原始值：3.30789'>3.31</span>", "*", "*", "正常"], ["河南省", "黄河流域", "<span data-toggle='tooltip' data-placement='right' title='所在地市:济源市&#10;所属河流:黄河'>小浪底水库(小浪底)</span>", "03-29 04:00", "Ⅰ", "<span data-toggle='tooltip' data-placement='right' title='原始值：8.10554'>8.1</span>", "<span data-toggle='tooltip' data-placement='right' title='原始值：8.31093'>8.31</span>", "<span data-toggle='tooltip' data-placement='right' title='原始值：14.88013'>14.88</span>", "<span data-toggle='tooltip' data-placement='right' title='原始值：837.2573'>837.3</span>", "<span data-toggle='tooltip' data-placement='right' title='原始值：3.89644'>3.9</span>", "<span data-toggle='tooltip' data-placement='right' title='原始值：0.995'>1.00</span>", "<span data-toggle='tooltip' data-placement='right' title='原始值：0.1'>0.100</span>", "<span data-toggle='tooltip' data-placement='right' title='原始值：0.0175'>0.018</span>", "<span data-toggle='tooltip' data-placement='right' title='原始值：4.145'>4.14</span>", "*", "*", "正常"], ["湖北省", "长江流域", "<span data-toggle='tooltip' data-placement='right' title='所在地市:武汉市&#10;所属河流:汉江'>宗关</span>", "03-29 04:00", "Ⅱ", "<span data-toggle='tooltip' data-placement='right' title='原始值：16.58'>16.6</span>", "<span data-toggle='tooltip' data-placement='right' title='原始值：7.79614'>7.80</span>", "<span data-toggle='tooltip' data-placement='right' title='原始值：9.02874'>9.03</span>", "<span data-toggle='tooltip' data-placement='right' title='原始值：340.2826'>340.3</span>", "<span data-toggle='tooltip' data-placement='right' title='原始值：12.89711'>12.9</span>", "<span data-toggle='tooltip' data-placement='right' title='原始值：1.76'>1.76</span>", "<span data-toggle='tooltip' data-placement='right' title='原始值：0.099'>0.099</span>", "<span data-toggle='tooltip' data-placement='right' title='原始值：0.054'>0.054</span>", "<span data-toggle='tooltip' data-placement='right' title='原始值：2.176318'>2.18</span>", "<span data-toggle='tooltip' data-placement='right' title='原始值：0.0019063'>0.002</span>", "*", "正常"], ["湖北省", "长江流域", "<span data-toggle='tooltip' data-placement='right' title='所在地市:十堰市&#10;所属河流:丹江口水库'>坝上中(胡家岭)</span>", "03-29 04:00", "Ⅱ", "<span data-toggle='tooltip' data-placement='right' title='原始值：13.89'>13.9</span>", "<span data-toggle='tooltip' data-placement='right' title='原始值：8.149513'>8.15</span>", "<span data-toggle='tooltip' data-placement='right' title='原始值：10.57429'>10.57</span>", "<span data-toggle='tooltip' data-placement='right' title='原始值：243.265'>243.3</span>", "<span data-toggle='tooltip' data-placement='right' title='原始值：2.405151'>2.4</span>", "<span data-toggle='tooltip' data-placement='right' title='原始值：2.08'>2.08</span>", "<span data-toggle='tooltip' data-placement='right' title='原始值：0.065'>0.065</span>", "<span data-toggle='tooltip' data-placement='right' title='原始值：0.01'>0.010</span>", "<span data-toggle='tooltip' data-placement='right' title='原始值：1.268'>1.27</span>", "<span data-toggle='tooltip' data-placement='right' title='原始值：0.00601'>0.006</span>", "<span data-toggle='tooltip' data-placement='right' title='原始值：8281000'>8281000</span>", "正常"], ["湖北省", "长江流域", "<span data-toggle='tooltip' data-placement='right' title='所在地市:宜昌市&#10;所属河流:长江'>南津关</span>", "03-29 04:00", "Ⅱ", "<span data-toggle='tooltip' data-placement='right' title='原始值：14.6'>14.6</span>", "<span data-toggle='tooltip' data-placement='right' title='原始值：7.906221'>7.91</span>", "<span data-toggle='tooltip' data-placement='right' title='原始值：8.867747'>8.87</span>", "<span data-toggle='tooltip' data-placement='right' title='原始值：449.769'>449.8</span>", "<span data-toggle='tooltip' data-placement='right' title='原始值：2.25555'>2.3</span>", "<span data-toggle='tooltip' data-placement='right' title='原始值：0.78'>0.78</span>", "<span data-toggle='tooltip' data-placement='right' title='原始值：0.101'>0.101</span>", "<span data-toggle='tooltip' data-placement='right' title='原始值：0.05'>0.050</span>", "<span data-toggle='tooltip' data-placement='right' title='原始值：1.602'>1.60</span>", "<span data-toggle='tooltip' data-placement='right' title='原始值：0.0230293'>0.023</span>", "*", "正常"], ["湖南省", "长江流域", "<span data-toggle='tooltip' data-placement='right' title='所在地市:长沙市&#10;所属河流:湘江'>新港</span>", "03-29 04:00", "", "<span data-toggle='tooltip' data-placement='right' title='原始值：16.54'>16.5</span>", "<span data-toggle='tooltip' data-placement='right' title='原始值：7.16'>7.16</span>", "<span data-toggle='tooltip' data-placement='right' title='原始值：8.38'>8.38</span>", "<span data-toggle='tooltip' data-placement='right' title='原始值：251.97'>252.0</span>", "<span data-toggle='tooltip' data-placement='right' title='原始值：21.84'>21.8</span>", "<span data-toggle='tooltip' data-placement='right' title='极值过滤'>--</span>", "<span data-toggle='tooltip' data-placement='right' title='原始值：0.13'>0.130</span>", "<span data-toggle='tooltip' data-placement='right' title='原始值：0.055'>0.055</span>", "<span data-toggle='tooltip' data-placement='right' title='原始值：1.77'>1.77</span>", "*", "*", "维护"], ["湖南省", "长江流域", "<span data-toggle='tooltip' data-placement='right' title='所在地市:岳阳市&#10;所属河流:洞庭湖'>岳阳楼</span>", "03-29 04:00", "", "<span data-toggle='tooltip' data-placement='right' title='原始值：16.43'>16.4</span>", "<span data-toggle='tooltip' data-placement='right' title='原始值：7.498096'>7.50</span>", "<span data-toggle='tooltip' data-placement='right' title='原始值：7.544015'>7.54</span>", "<span data-toggle='tooltip' data-placement='right' title='原始值：233.5098'>233.5</span>", "<span data-toggle='tooltip' data-placement='right' title='原始值：42.90773'>42.9</span>", "<span data-toggle='tooltip' data-placement='right' title='原始值：1.11'>1.11</span>", "<span data-toggle='tooltip' data-placement='right' title='极值过滤'>--</span>", "<span data-toggle='tooltip' data-placement='right' title='原始值：0.073'>0.073</span>", "<span data-toggle='tooltip' data-placement='right' title='原始值：1.996'>2.00</span>", "<span data-toggle='tooltip' data-placement='right' title='原始值：0.0029687'>0.003</span>", "<span data-toggle='tooltip' data-placement='right' title='原始值：177.465'>177</span>", "维护"], ["湖南省", "长江流域", "<span data-toggle='tooltip' data-placement='right' title='所在地市:岳阳市&#10;所属河流:长江'>城陵矶</span>", "03-29 04:00", "Ⅲ", "<span data-toggle='tooltip' data-placement='right' title='原始值：17.43'>17.4</span>", "<span data-toggle='tooltip' data-placement='right' title='原始值：7.561794'>7.56</span>", "<span data-toggle='tooltip' data-placement='right' title='原始值：9.424706'>9.42</span>", "<span data-toggle='tooltip' data-placement='right' title='原始值：247.82'>247.8</span>", "<span data-toggle='tooltip' data-placement='right' title='原始值：55.94031'>55.9</span>", "<span data-toggle='tooltip' data-placement='right' title='原始值：2.17'>2.17</span>", "<span data-toggle='tooltip' data-placement='right' title='原始值：0.009'>0.009</span>", "<span data-toggle='tooltip' data-placement='right' title='原始值：0.103'>0.103</span>", "<span data-toggle='tooltip' data-placement='right' title='原始值：1.9354'>1.94</span>", "*", "*", "正常"], ["广东省", "珠江流域", "<span data-toggle='tooltip' data-placement='right' title='所在地市:清远市&#10;所属河流:北江'>七星岗</span>", "03-29 04:00", "Ⅱ", "<span data-toggle='tooltip' data-placement='right' title='原始值：23.61484'>23.6</span>", "<span data-toggle='tooltip' data-placement='right' title='原始值：7.4265'>7.43</span>", "<span data-toggle='tooltip' data-placement='right' title='原始值：8.19135'>8.19</span>", "<span data-toggle='tooltip' data-placement='right' title='原始值：285.6325'>285.6</span>", "<span data-toggle='tooltip' data-placement='right' title='原始值：8.55561'>8.6</span>", "<span data-toggle='tooltip' data-placement='right' title='原始值：1.75'>1.75</span>", "<span data-toggle='tooltip' data-placement='right' title='原始值：0.08583'>0.086</span>", "<span data-toggle='tooltip' data-placement='right' title='原始值：0.03353'>0.034</span>", "<span data-toggle='tooltip' data-placement='right' title='原始值：1.9596'>1.96</span>", "*", "*", "正常"], ["广东省", "珠江流域", "<span data-toggle='tooltip' data-placement='right' title='所在地市:中山市&#10;所属河流:西江'>横栏</span>", "03-29 04:00", "Ⅰ", "<span data-toggle='tooltip' data-placement='right' title='原始值：22.6'>22.6</span>", "<span data-toggle='tooltip' data-placement='right' title='原始值：7.73'>7.73</span>", "<span data-toggle='tooltip' data-placement='right' title='原始值：7.66'>7.66</span>", "<span data-toggle='tooltip' data-placement='right' title='原始值：316'>316.0</span>", "<span data-toggle='tooltip' data-placement='right' title='原始值：6.1'>6.1</span>", "<span data-toggle='tooltip' data-placement='right' title='原始值：1.67'>1.67</span>", "<span data-toggle='tooltip' data-placement='right' title='原始值：0.11006'>0.110</span>", "*", "*", "*", "*", "正常"], ["广西壮族自治区", "珠江流域", "<span data-toggle='tooltip' data-placement='right' title='所在地市:南宁市&#10;所属河流:邕江'>老口</span>", "03-29 04:00", "Ⅱ", "<span data-toggle='tooltip' data-placement='right' title='原始值：22.78753'>22.8</span>", "<span data-toggle='tooltip' data-placement='right' title='原始值：7.46861'>7.47</span>", "<span data-toggle='tooltip' data-placement='right' title='原始值：7.6906'>7.69</span>", "<span data-toggle='tooltip' data-placement='right' title='原始值：279.4753'>279.5</span>", "<span data-toggle='tooltip' data-placement='right' title='原始值：5.87766'>5.9</span>", "<span data-toggle='tooltip' data-placement='right' title='原始值：1.64435'>1.64</span>", "<span data-toggle='tooltip' data-placement='right' title='原始值：0.11536'>0.115</span>", "<span data-toggle='tooltip' data-placement='right' title='原始值：0.03326'>0.033</span>", "<span data-toggle='tooltip' data-placement='right' title='原始值：0.94849'>0.95</span>", "*", "*", "正常"], ["广西壮族自治区", "珠江流域", "<span data-toggle='tooltip' data-placement='right' title='所在地市:桂林市&#10;所属河流:漓江'>阳朔</span>", "03-29 04:00", "Ⅱ", "<span data-toggle='tooltip' data-placement='right' title='原始值：19'>19.0</span>", "<span data-toggle='tooltip' data-placement='right' title='原始值：7.52'>7.52</span>", "<span data-toggle='tooltip' data-placement='right' title='原始值：9.317'>9.32</span>", "<span data-toggle='tooltip' data-placement='right' title='原始值：157.33'>157.3</span>", "<span data-toggle='tooltip' data-placement='right' title='原始值：3.577'>3.6</span>", "<span data-toggle='tooltip' data-placement='right' title='原始值：1.017'>1.02</span>", "<span data-toggle='tooltip' data-placement='right' title='原始值：0.01'>0.010</span>", "<span data-toggle='tooltip' data-placement='right' title='原始值：0.042'>0.042</span>", "<span data-toggle='tooltip' data-placement='right' title='原始值：1.839'>1.84</span>", "*", "*", "正常"], ["广西壮族自治区", "珠江流域", "<span data-toggle='tooltip' data-placement='right' title='所在地市:梧州市&#10;所属河流:浔江'>界首</span>", null, "", "--", "--", "--", "--", "--", "--", "--", "--", "--", "*", "*", "停站"], ["广西壮族自治区", "珠江流域", "<span data-toggle='tooltip' data-placement='right' title='所在地市:贵港市&#10;所属河流:浔江'>石嘴</span>", "03-29 04:00", "Ⅰ", "<span data-toggle='tooltip' data-placement='right' title='原始值：21.5853'>21.6</span>", "<span data-toggle='tooltip' data-placement='right' title='原始值：7.80954'>7.81</span>", "<span data-toggle='tooltip' data-placement='right' title='原始值：8.71179'>8.71</span>", "<span data-toggle='tooltip' data-placement='right' title='原始值：263.7292'>263.7</span>", "<span data-toggle='tooltip' data-placement='right' title='原始值：7.80254'>7.8</span>", "<span data-toggle='tooltip' data-placement='right' title='原始值：0.81'>0.81</span>", "<span data-toggle='tooltip' data-placement='right' title='原始值：0.12'>0.120</span>", "<span data-toggle='tooltip' data-placement='right' title='原始值：0.01463'>0.015</span>", "<span data-toggle='tooltip' data-placement='right' title='原始值：2.1458'>2.15</span>", "*", "*", "正常"], ["广西壮族自治区", "珠江流域", "<span data-toggle='tooltip' data-placement='right' title='所在地市:崇左市&#10;所属河流:平而河'>平而关</span>", "03-29 04:00", "Ⅰ", "<span data-toggle='tooltip' data-placement='right' title='原始值：22.89174'>22.9</span>", "<span data-toggle='tooltip' data-placement='right' title='原始值：7.26236'>7.26</span>", "<span data-toggle='tooltip' data-placement='right' title='原始值：7.7777'>7.78</span>", "<span data-toggle='tooltip' data-placement='right' title='原始值：266.1649'>266.2</span>", "<span data-toggle='tooltip' data-placement='right' title='原始值：23.92307'>23.9</span>", "<span data-toggle='tooltip' data-placement='right' title='原始值：1.815'>1.82</span>", "<span data-toggle='tooltip' data-placement='right' title='原始值：0.12'>0.120</span>", "*", "*", "*", "*", "正常"], ["重庆市", "长江流域", "<span data-toggle='tooltip' data-placement='right' title='所在地市:永川区&#10;所属河流:长江'>朱沱</span>", "03-29 04:00", "Ⅱ", "<span data-toggle='tooltip' data-placement='right' title='原始值：16.77'>16.8</span>", "<span data-toggle='tooltip' data-placement='right' title='原始值：7.88'>7.88</span>", "<span data-toggle='tooltip' data-placement='right' title='原始值：8.95'>8.95</span>", "<span data-toggle='tooltip' data-placement='right' title='原始值：433.71'>433.7</span>", "<span data-toggle='tooltip' data-placement='right' title='原始值：41.54'>41.5</span>", "<span data-toggle='tooltip' data-placement='right' title='原始值：0.886'>0.89</span>", "<span data-toggle='tooltip' data-placement='right' title='原始值：0.04'>0.040</span>", "<span data-toggle='tooltip' data-placement='right' title='原始值：0.061'>0.061</span>", "<span data-toggle='tooltip' data-placement='right' title='原始值：1.649'>1.65</span>", "*", "*", "正常"], ["四川省", "长江流域", "<span data-toggle='tooltip' data-placement='right' title='所在地市:攀枝花市&#10;所属河流:金沙江'>龙洞</span>", "03-29 04:00", "Ⅰ", "<span data-toggle='tooltip' data-placement='right' title='原始值：14.56'>14.6</span>", "<span data-toggle='tooltip' data-placement='right' title='原始值：8.31355'>8.31</span>", "<span data-toggle='tooltip' data-placement='right' title='原始值：9.23569'>9.24</span>", "<span data-toggle='tooltip' data-placement='right' title='原始值：716.767'>716.8</span>", "<span data-toggle='tooltip' data-placement='right' title='原始值：2.918573'>2.9</span>", "<span data-toggle='tooltip' data-placement='right' title='原始值：1'>1.00</span>", "<span data-toggle='tooltip' data-placement='right' title='原始值：0.015'>0.015</span>", "<span data-toggle='tooltip' data-placement='right' title='原始值：0.0019061'>0.002</span>", "<span data-toggle='tooltip' data-placement='right' title='原始值：0.615891'>0.62</span>", "*", "*", "正常"], ["四川省", "长江流域", "<span data-toggle='tooltip' data-placement='right' title='所在地市:泸州市&#10;所属河流:沱江'>沱江大桥(沱江二桥)</span>", "03-29 04:00", "Ⅱ", "<span data-toggle='tooltip' data-placement='right' title='原始值：19.81'>19.8</span>", "<span data-toggle='tooltip' data-placement='right' title='原始值：8.1091'>8.11</span>", "<span data-toggle='tooltip' data-placement='right' title='原始值：8.194883'>8.19</span>", "<span data-toggle='tooltip' data-placement='right' title='原始值：638.4683'>638.5</span>", "<span data-toggle='tooltip' data-placement='right' title='原始值：25.00792'>25.0</span>", "<span data-toggle='tooltip' data-placement='right' title='原始值：2.6'>2.60</span>", "<span data-toggle='tooltip' data-placement='right' title='原始值：0.001'>0.001</span>", "<span data-toggle='tooltip' data-placement='right' title='原始值：0.0608486'>0.061</span>", "<span data-toggle='tooltip' data-placement='right' title='原始值：3.405572'>3.41</span>", "*", "*", "正常"], ["四川省", "长江流域", "<span data-toggle='tooltip' data-placement='right' title='所在地市:广元市&#10;所属河流:嘉陵江'>清风峡</span>", "03-29 04:00", "Ⅰ", "<span data-toggle='tooltip' data-placement='right' title='原始值：14.69999'>14.7</span>", "<span data-toggle='tooltip' data-placement='right' title='原始值：8.13'>8.13</span>", "<span data-toggle='tooltip' data-placement='right' title='原始值：10.32768'>10.33</span>", "<span data-toggle='tooltip' data-placement='right' title='原始值：415.6482'>415.6</span>", "<span data-toggle='tooltip' data-placement='right' title='原始值：59.15833'>59.2</span>", "<span data-toggle='tooltip' data-placement='right' title='原始值：0.89'>0.89</span>", "<span data-toggle='tooltip' data-placement='right' title='原始值：0.11143'>0.111</span>", "*", "*", "*", "*", "正常"], ["四川省", "长江流域", "<span data-toggle='tooltip' data-placement='right' title='所在地市:乐山市&#10;所属河流:岷江'>岷江大桥</span>", null, "", "--", "--", "--", "--", "--", "--", "--", "--", "--", "*", "*", "停站"], ["四川省", "长江流域", "<span data-toggle='tooltip' data-placement='right' title='所在地市:宜宾市&#10;所属河流:岷江'>凉姜沟</span>", "03-29 04:00", "Ⅱ", "<span data-toggle='tooltip' data-placement='right' title='原始值：17.26'>17.3</span>", "<span data-toggle='tooltip' data-placement='right' title='原始值：7.771122'>7.77</span>", "<span data-toggle='tooltip' data-placement='right' title='原始值：8.420332'>8.42</span>", "<span data-toggle='tooltip' data-placement='right' title='原始值：331.2953'>331.3</span>", "<span data-toggle='tooltip' data-placement='right' title='原始值：38.78233'>38.8</span>", "<span data-toggle='tooltip' data-placement='right' title='原始值：1.32'>1.32</span>", "<span data-toggle='tooltip' data-placement='right' title='原始值：0.179'>0.179</span>", "<span data-toggle='tooltip' data-placement='right' title='原始值：0.0981869'>0.098</span>", "<span data-toggle='tooltip' data-placement='right' title='原始值：2.202009'>2.20</span>", "*", "*", "正常"], ["云南省", "滇池流域", "<span data-toggle='tooltip' data-placement='right' title='所在地市:昆明市&#10;所属河流:滇池'>西苑隧道</span>", "03-29 04:00", "Ⅳ", "<span data-toggle='tooltip' data-placement='right' title='原始值：18.1'>18.1</span>", "<span data-toggle='tooltip' data-placement='right' title='原始值：8.4219'>8.42</span>", "<span data-toggle='tooltip' data-placement='right' title='原始值：9.252'>9.25</span>", "<span data-toggle='tooltip' data-placement='right' title='原始值：742.039'>742.0</span>", "<span data-toggle='tooltip' data-placement='right' title='原始值：30.088'>30.1</span>", "<span data-toggle='tooltip' data-placement='right' title='原始值：7.89682'>7.90</span>", "<span data-toggle='tooltip' data-placement='right' title='原始值：0.02055'>0.021</span>", "<span data-toggle='tooltip' data-placement='right' title='原始值：0.09711'>0.097</span>", "<span data-toggle='tooltip' data-placement='right' title='原始值：4.1055'>4.11</span>", "<span data-toggle='tooltip' data-placement='right' title='原始值：0.02931'>0.029</span>", "<span data-toggle='tooltip' data-placement='right' title='原始值：3.859001E+07'>38590010</span>", "正常"], ["云南省", "滇池流域", "<span data-toggle='tooltip' data-placement='right' title='所在地市:昆明市&#10;所属河流:滇池'>观音山</span>", "03-29 04:00", "劣Ⅴ", "<span data-toggle='tooltip' data-placement='right' title='原始值：16.23423'>16.2</span>", "<span data-toggle='tooltip' data-placement='right' title='原始值：9.09434'>9.09</span>", "<span data-toggle='tooltip' data-placement='right' title='原始值：9.366'>9.37</span>", "<span data-toggle='tooltip' data-placement='right' title='原始值：431.645'>431.6</span>", "<span data-toggle='tooltip' data-placement='right' title='原始值：25.087'>25.1</span>", "<span data-toggle='tooltip' data-placement='right' title='原始值：8.02927'>8.03</span>", "<span data-toggle='tooltip' data-placement='right' title='原始值：0.45'>0.450</span>", "<span data-toggle='tooltip' data-placement='right' title='原始值：0.0883'>0.088</span>", "<span data-toggle='tooltip' data-placement='right' title='原始值：1.476'>1.48</span>", "<span data-toggle='tooltip' data-placement='right' title='原始值：0.01655'>0.017</span>", "<span data-toggle='tooltip' data-placement='right' title='原始值：5.431015E+07'>54310150</span>", "正常"], ["云南省", "西南诸河", "<span data-toggle='tooltip' data-placement='right' title='所在地市:红河哈尼族彝族自治州&#10;所属河流:红河'>河口县医院(河口)</span>", "03-29 04:00", "Ⅱ", "<span data-toggle='tooltip' data-placement='right' title='原始值：23.48539'>23.5</span>", "<span data-toggle='tooltip' data-placement='right' title='原始值：7.82131'>7.82</span>", "<span data-toggle='tooltip' data-placement='right' title='原始值：7.60532'>7.61</span>", "<span data-toggle='tooltip' data-placement='right' title='原始值：298.8848'>298.9</span>", "<span data-toggle='tooltip' data-placement='right' title='原始值：86.96013'>87.0</span>", "<span data-toggle='tooltip' data-placement='right' title='原始值：1.83795'>1.84</span>", "<span data-toggle='tooltip' data-placement='right' title='原始值：0.11623'>0.116</span>", "<span data-toggle='tooltip' data-placement='right' title='原始值：0.0704'>0.070</span>", "<span data-toggle='tooltip' data-placement='right' title='原始值：1.25165'>1.25</span>", "*", "*", "正常"], ["云南省", "西南诸河", "<span data-toggle='tooltip' data-placement='right' title='所在地市:西双版纳傣族自治州&#10;所属河流:澜沧江'>橄榄坝</span>", "03-29 04:00", "Ⅱ", "<span data-toggle='tooltip' data-placement='right' title='原始值：19.514'>19.5</span>", "<span data-toggle='tooltip' data-placement='right' title='原始值：7.657'>7.66</span>", "<span data-toggle='tooltip' data-placement='right' title='原始值：7.266'>7.27</span>", "<span data-toggle='tooltip' data-placement='right' title='原始值：515.801'>515.8</span>", "<span data-toggle='tooltip' data-placement='right' title='原始值：5.8'>5.8</span>", "<span data-toggle='tooltip' data-placement='right' title='原始值：0.859'>0.86</span>", "<span data-toggle='tooltip' data-placement='right' title='原始值：0.036'>0.036</span>", "*", "*", "*", "*", "正常"], ["陕西省", "黄河流域", "<span data-toggle='tooltip' data-placement='right' title='所在地市:渭南市&#10;所属河流:渭河'>潼关吊桥</span>", "03-29 04:00", "Ⅱ", "<span data-toggle='tooltip' data-placement='right' title='原始值：15.3'>15.3</span>", "<span data-toggle='tooltip' data-placement='right' title='原始值：8.17996'>8.18</span>", "<span data-toggle='tooltip' data-placement='right' title='原始值：7.79996'>7.80</span>", "<span data-toggle='tooltip' data-placement='right' title='原始值：1426'>1426.0</span>", "<span data-toggle='tooltip' data-placement='right' title='原始值：163.6777'>163.7</span>", "<span data-toggle='tooltip' data-placement='right' title='原始值：2.69'>2.69</span>", "<span data-toggle='tooltip' data-placement='right' title='原始值：0.34'>0.340</span>", "<span data-toggle='tooltip' data-placement='right' title='原始值：0.07013'>0.070</span>", "<span data-toggle='tooltip' data-placement='right' title='原始值：7.74699'>7.75</span>", "*", "*", "正常"]]}