{"result": 1, "total": 2, "records": 100, "thead": ["省份", "流域", "断面名称", "监测时间", "水质类别", "水温<br/><span class='unit'>(℃)</span>", "pH<br/><span class='unit'>(无量纲)</span>", "溶解氧<br/><span class='unit'>(mg/L)</span>", "电导率<br/><span class='unit'>(μS/cm)</span>", "浊度<br/><span class='unit'>(NTU)</span>", "高锰酸盐指数<br/><span class='unit'>(mg/L)</span>", "氨氮<br/><span class='unit'>(mg/L)</span>", "总磷<br/><span class='unit'>(mg/L)</span>", "总氮<br/><span class='unit'>(mg/L)</span>", "叶绿素α<br/><span class='unit'>(mg/L)</span>", "藻密度<br/><span class='unit'>(cells/L)</span>", "站点情况"], "tbody": [["北京市", "海河流域", "<span data-toggle='tooltip' data-placement='right' title='所在地市:门头沟区&#10;所属河流:永定河'>沿河城</span>", null, "", "--", "--", "--", "--", "--", "--", "--", "--", "--", "*", "*", "停站"], ["北京市", "淮河流域", "<span data-toggle='tooltip' data-placement='right' title='所在地市:房山区&#10;所属河流:小清河'>八间房漫水桥</span>", "03-30 08:00", "Ⅲ", "<span data-toggle='tooltip' data-placement='right' title='原始值：13'>13.0</span>", "<span data-toggle='tooltip' data-placement='right' title='原始值：7.8'>7.80</span>", "<span data-toggle='tooltip' data-placement='right' title='原始值：9.53'>9.53</span>", "<span data-toggle='tooltip' data-placement='right' title='原始值：1094.8'>1094.8</span>", "<span data-toggle='tooltip' data-placement='right' title='原始值：5.8'>5.8</span>", "<span data-toggle='tooltip' data-placement='right' title='原始值：4.232'>4.23</span>", "<span data-toggle='tooltip' data-placement='right' title='原始值：0.009'>0.009</span>", "<span data-toggle='tooltip' data-placement='right' title='原始值：0.044'>0.044</span>", "<span data-toggle='tooltip' data-placement='right' title='原始值：4.02'>4.02</span>", "*", "*", "正常"], ["北京市", "海河流域", "<span data-toggle='tooltip' data-placement='right' title='所在地市:密云区&#10;所属河流:潮河'>古北口</span>", "03-30 08:00", "Ⅱ", "<span data-toggle='tooltip' data-placement='right' title='原始值：10.53486'>10.5</span>", "<span data-toggle='tooltip' data-placement='right' title='原始值：7.9409'>7.94</span>", "<span data-toggle='tooltip' data-placement='right' title='原始值：11.11038'>11.11</span>", "<span data-toggle='tooltip' data-placement='right' title='原始值：643.683'>643.7</span>", "<span data-toggle='tooltip' data-placement='right' title='原始值：9.64966'>9.6</span>", "<span data-toggle='tooltip' data-placement='right' title='原始值：0.66484'>0.66</span>", "<span data-toggle='tooltip' data-placement='right' title='原始值：0.18'>0.180</span>", "<span data-toggle='tooltip' data-placement='right' title='原始值：0.0001'>0.0001</span>", "<span data-toggle='tooltip' data-placement='right' title='原始值：8.4819'>8.48</span>", "*", "*", "正常"], ["天津市", "海河流域", "<span data-toggle='tooltip' data-placement='right' title='所在地市:河北区&#10;所属河流:海河'>三岔口</span>", "03-30 08:00", "Ⅱ", "<span data-toggle='tooltip' data-placement='right' title='原始值：12.16'>12.2</span>", "<span data-toggle='tooltip' data-placement='right' title='原始值：7.9461'>7.95</span>", "<span data-toggle='tooltip' data-placement='right' title='原始值：10.333'>10.33</span>", "<span data-toggle='tooltip' data-placement='right' title='原始值：605.8677'>605.9</span>", "<span data-toggle='tooltip' data-placement='right' title='原始值：14.551'>14.6</span>", "<span data-toggle='tooltip' data-placement='right' title='原始值：1.99'>1.99</span>", "<span data-toggle='tooltip' data-placement='right' title='原始值：0.05'>0.050</span>", "<span data-toggle='tooltip' data-placement='right' title='原始值：0.0328'>0.033</span>", "<span data-toggle='tooltip' data-placement='right' title='原始值：1.051'>1.05</span>", "*", "*", "正常"], ["天津市", "海河流域", "<span data-toggle='tooltip' data-placement='right' title='所在地市:蓟州区&#10;所属河流:果河'>果河桥</span>", "03-30 08:00", "Ⅱ", "<span data-toggle='tooltip' data-placement='right' title='原始值：12.7'>12.7</span>", "<span data-toggle='tooltip' data-placement='right' title='原始值：8.51'>8.51</span>", "<span data-toggle='tooltip' data-placement='right' title='原始值：10.778'>10.78</span>", "<span data-toggle='tooltip' data-placement='right' title='原始值：734.92'>734.9</span>", "<span data-toggle='tooltip' data-placement='right' title='原始值：11.1'>11.1</span>", "<span data-toggle='tooltip' data-placement='right' title='原始值：1.6'>1.60</span>", "<span data-toggle='tooltip' data-placement='right' title='原始值：0.14'>0.140</span>", "<span data-toggle='tooltip' data-placement='right' title='原始值：0.055'>0.055</span>", "<span data-toggle='tooltip' data-placement='right' title='原始值：9.61'>9.61</span>", "*", "*", "正常"], ["河北省", "海河流域", "<span data-toggle='tooltip' data-placement='right' title='所在地市:石家庄市&#10;所属河流:滹沱河'>岗南水库</span>", "03-30 08:00", "Ⅱ", "<span data-toggle='tooltip' data-placement='right' title='原始值：13.46879'>13.5</span>", "<span data-toggle='tooltip' data-placement='right' title='原始值：8.8147'>8.81</span>", "<span data-toggle='tooltip' data-placement='right' title='原始值：14.21857'>14.22</span>", "<span data-toggle='tooltip' data-placement='right' title='原始值：551.7664'>551.8</span>", "<span data-toggle='tooltip' data-placement='right' title='原始值：3.30008'>3.3</span>", "<span data-toggle='tooltip' data-placement='right' title='原始值：2.20281'>2.20</span>", "<span data-toggle='tooltip' data-placement='right' title='原始值：0.05'>0.050</span>", "<span data-toggle='tooltip' data-placement='right' title='原始值：0.00513'>0.005</span>", "<span data-toggle='tooltip' data-placement='right' title='原始值：1.54161'>1.54</span>", "*", "*", "正常"], ["河北省", "海河流域", "<span data-toggle='tooltip' data-placement='right' title='所在地市:张家口市&#10;所属河流:永定河'>八号桥</span>", "03-30 08:00", "Ⅲ", "<span data-toggle='tooltip' data-placement='right' title='原始值：9.18309'>9.2</span>", "<span data-toggle='tooltip' data-placement='right' title='原始值：8.43142'>8.43</span>", "<span data-toggle='tooltip' data-placement='right' title='原始值：10.45677'>10.46</span>", "<span data-toggle='tooltip' data-placement='right' title='原始值：1356.422'>1356.4</span>", "<span data-toggle='tooltip' data-placement='right' title='原始值：25.18003'>25.2</span>", "<span data-toggle='tooltip' data-placement='right' title='原始值：5.51'>5.51</span>", "<span data-toggle='tooltip' data-placement='right' title='原始值：0.17'>0.170</span>", "<span data-toggle='tooltip' data-placement='right' title='原始值：0.162'>0.162</span>", "<span data-toggle='tooltip' data-placement='right' title='原始值：6.515'>6.52</span>", "*", "*", "正常"], ["山西省", "黄河流域", "<span data-toggle='tooltip' data-placement='right' title='所在地市:运城市&#10;所属河流:汾河'>河津大桥</span>", null, "", "--", "--", "--", "--", "--", "--", "--", "--", "--", "*", "*", "停站"], ["山西省", "黄河流域", "<span data-toggle='tooltip' data-placement='right' title='所在地市:忻州市&#10;所属河流:黄河'>万家寨水库</span>", null, "", "--", "--", "--", "--", "--", "--", "--", "--", "--", "*", "*", "停站"], ["内蒙古自治区", "黄河流域", "<span data-toggle='tooltip' data-placement='right' title='所在地市:包头市&#10;所属河流:黄河'>画匠营子</span>", "03-30 08:00", "Ⅱ", "<span data-toggle='tooltip' data-placement='right' title='原始值：12.07658'>12.1</span>", "<span data-toggle='tooltip' data-placement='right' title='原始值：8.09542'>8.10</span>", "<span data-toggle='tooltip' data-placement='right' title='原始值：9.28098'>9.28</span>", "<span data-toggle='tooltip' data-placement='right' title='原始值：1472.107'>1472.1</span>", "<span data-toggle='tooltip' data-placement='right' title='原始值：620.0286'>620.0</span>", "<span data-toggle='tooltip' data-placement='right' title='原始值：3.81781'>3.82</span>", "<span data-toggle='tooltip' data-placement='right' title='原始值：0.05742'>0.057</span>", "*", "*", "*", "*", "正常"], ["内蒙古自治区", "黄河流域", "<span data-toggle='tooltip' data-placement='right' title='所在地市:乌海市&#10;所属河流:黄河'>海勃湾</span>", "03-30 08:00", "Ⅱ", "<span data-toggle='tooltip' data-placement='right' title='原始值：11.39742'>11.4</span>", "<span data-toggle='tooltip' data-placement='right' title='原始值：7.97378'>7.97</span>", "<span data-toggle='tooltip' data-placement='right' title='原始值：9.81155'>9.81</span>", "<span data-toggle='tooltip' data-placement='right' title='原始值：933.0228'>933.0</span>", "<span data-toggle='tooltip' data-placement='right' title='原始值：20.57586'>20.6</span>", "<span data-toggle='tooltip' data-placement='right' title='原始值：2.2'>2.20</span>", "<span data-toggle='tooltip' data-placement='right' title='原始值：0.12'>0.120</span>", "*", "*", "*", "*", "正常"], ["内蒙古自治区", "松花江流域", "<span data-toggle='tooltip' data-placement='right' title='所在地市:呼伦贝尔市&#10;所属河流:额尔古纳河'>黑山头</span>", null, "", "--", "--", "--", "--", "--", "--", "--", "--", "--", "*", "*", "停站"], ["辽宁省", "辽河流域", "<span data-toggle='tooltip' data-placement='right' title='所在地市:抚顺市&#10;所属河流:浑河'>大伙房水库</span>", "03-30 08:00", "Ⅱ", "<span data-toggle='tooltip' data-placement='right' title='原始值：6.02525'>6.0</span>", "<span data-toggle='tooltip' data-placement='right' title='原始值：7.52643'>7.53</span>", "<span data-toggle='tooltip' data-placement='right' title='原始值：9.96766'>9.97</span>", "<span data-toggle='tooltip' data-placement='right' title='原始值：337.2134'>337.2</span>", "<span data-toggle='tooltip' data-placement='right' title='原始值：10.73007'>10.7</span>", "<span data-toggle='tooltip' data-placement='right' title='原始值：3.25756'>3.26</span>", "<span data-toggle='tooltip' data-placement='right' title='原始值：0.09'>0.090</span>", "<span data-toggle='tooltip' data-placement='right' title='原始值：0.0112'>0.011</span>", "<span data-toggle='tooltip' data-placement='right' title='原始值：3.21747'>3.22</span>", "<span data-toggle='tooltip' data-placement='right' title='原始值：0.00226'>0.002</span>", "*", "正常"], ["辽宁省", "辽河流域", "<span data-toggle='tooltip' data-placement='right' title='所在地市:丹东市&#10;所属河流:鸭绿江'>江桥</span>", "03-30 08:00", "Ⅰ", "<span data-toggle='tooltip' data-placement='right' title='原始值：7.2'>7.2</span>", "<span data-toggle='tooltip' data-placement='right' title='原始值：6.49'>6.49</span>", "<span data-toggle='tooltip' data-placement='right' title='原始值：11.87123'>11.87</span>", "<span data-toggle='tooltip' data-placement='right' title='原始值：155'>155.0</span>", "<span data-toggle='tooltip' data-placement='right' title='原始值：13.00189'>13.0</span>", "<span data-toggle='tooltip' data-placement='right' title='原始值：1.05'>1.05</span>", "<span data-toggle='tooltip' data-placement='right' title='原始值：0.03976'>0.040</span>", "<span data-toggle='tooltip' data-placement='right' title='原始值：0.01818'>0.018</span>", "<span data-toggle='tooltip' data-placement='right' title='原始值：1.83429'>1.83</span>", "*", "*", "正常"], ["辽宁省", "辽河流域", "<span data-toggle='tooltip' data-placement='right' title='所在地市:营口市&#10;所属河流:大辽河'>辽河公园</span>", "03-30 08:00", "Ⅳ", "<span data-toggle='tooltip' data-placement='right' title='原始值：10.67449'>10.7</span>", "<span data-toggle='tooltip' data-placement='right' title='原始值：7.76907'>7.77</span>", "<span data-toggle='tooltip' data-placement='right' title='原始值：10.54177'>10.54</span>", "<span data-toggle='tooltip' data-placement='right' title='原始值：22093.44'>22093.4</span>", "<span data-toggle='tooltip' data-placement='right' title='原始值：259.9255'>259.9</span>", "<span data-toggle='tooltip' data-placement='right' title='原始值：8.40585'>8.41</span>", "<span data-toggle='tooltip' data-placement='right' title='原始值：1.07058'>1.071</span>", "<span data-toggle='tooltip' data-placement='right' title='原始值：0.17868'>0.179</span>", "<span data-toggle='tooltip' data-placement='right' title='原始值：5.61262'>5.61</span>", "*", "*", "正常"], ["辽宁省", "辽河流域", "<span data-toggle='tooltip' data-placement='right' title='所在地市:辽阳市&#10;所属河流:太子河'>汤河水库</span>", null, "", "--", "--", "--", "--", "--", "--", "--", "--", "--", "*", "*", "停站"], ["辽宁省", "辽河流域", "<span data-toggle='tooltip' data-placement='right' title='所在地市:盘锦市&#10;所属河流:辽河'>盘锦兴安(兴安)</span>", null, "", "--", "--", "--", "--", "--", "--", "--", "--", "--", "*", "*", "停站"], ["辽宁省", "辽河流域", "<span data-toggle='tooltip' data-placement='right' title='所在地市:铁岭市&#10;所属河流:辽河'>珠尔山</span>", "03-30 08:00", "Ⅳ", "<span data-toggle='tooltip' data-placement='right' title='原始值：7.966'>8.0</span>", "<span data-toggle='tooltip' data-placement='right' title='原始值：7.7392'>7.74</span>", "<span data-toggle='tooltip' data-placement='right' title='原始值：10.10672'>10.11</span>", "<span data-toggle='tooltip' data-placement='right' title='原始值：564.8397'>564.8</span>", "<span data-toggle='tooltip' data-placement='right' title='原始值：10.49356'>10.5</span>", "<span data-toggle='tooltip' data-placement='right' title='原始值：2.52221'>2.52</span>", "<span data-toggle='tooltip' data-placement='right' title='原始值：1.13'>1.130</span>", "<span data-toggle='tooltip' data-placement='right' title='原始值：0.08276'>0.083</span>", "<span data-toggle='tooltip' data-placement='right' title='原始值：6.39071'>6.39</span>", "*", "*", "正常"], ["吉林省", "松花江流域", "<span data-toggle='tooltip' data-placement='right' title='所在地市:长春市&#10;所属河流:松花江'>松花江村</span>", null, "", "--", "--", "--", "--", "--", "--", "--", "--", "--", "*", "*", "停站"], ["吉林省", "松花江流域", "<span data-toggle='tooltip' data-placement='right' title='所在地市:白城市&#10;所属河流:嫩江'>白沙滩</span>", "03-30 08:00", "Ⅱ", "<span data-toggle='tooltip' data-placement='right' title='原始值：4.3278'>4.3</span>", "<span data-toggle='tooltip' data-placement='right' title='原始值：6.81676'>6.82</span>", "<span data-toggle='tooltip' data-placement='right' title='原始值：12.9805'>12.98</span>", "<span data-toggle='tooltip' data-placement='right' title='原始值：251.6533'>251.7</span>", "<span data-toggle='tooltip' data-placement='right' title='原始值：31.78773'>31.8</span>", "<span data-toggle='tooltip' data-placement='right' title='原始值：3.00485'>3.00</span>", "<span data-toggle='tooltip' data-placement='right' title='原始值：0.181'>0.181</span>", "<span data-toggle='tooltip' data-placement='right' title='原始值：0.05444'>0.054</span>", "<span data-toggle='tooltip' data-placement='right' title='原始值：1.71024'>1.71</span>", "*", "*", "正常"], ["吉林省", "松花江流域", "<span data-toggle='tooltip' data-placement='right' title='所在地市:延边朝鲜族自治州&#10;所属河流:图们江'>圈河</span>", "03-30 08:00", "Ⅴ", "<span data-toggle='tooltip' data-placement='right' title='原始值：10.9'>10.9</span>", "<span data-toggle='tooltip' data-placement='right' title='原始值：6.78'>6.78</span>", "<span data-toggle='tooltip' data-placement='right' title='原始值：9.69062'>9.69</span>", "<span data-toggle='tooltip' data-placement='right' title='原始值：137.999'>138.0</span>", "<span data-toggle='tooltip' data-placement='right' title='原始值：254'>254.0</span>", "<span data-toggle='tooltip' data-placement='right' title='原始值：14.05'>14.05</span>", "<span data-toggle='tooltip' data-placement='right' title='原始值：0.47567'>0.476</span>", "<span data-toggle='tooltip' data-placement='right' title='原始值：0.288'>0.288</span>", "<span data-toggle='tooltip' data-placement='right' title='原始值：4.74471'>4.74</span>", "*", "*", "正常"], ["黑龙江省", "松花江流域", "<span data-toggle='tooltip' data-placement='right' title='所在地市:大庆市&#10;所属河流:松花江'>肇源</span>", null, "", "--", "--", "--", "--", "--", "--", "--", "--", "--", "*", "*", "停站"], ["黑龙江省", "松花江流域", "<span data-toggle='tooltip' data-placement='right' title='所在地市:佳木斯市&#10;所属河流:乌苏里江'>乌苏镇</span>", null, "", "--", "--", "--", "--", "--", "--", "--", "--", "--", "*", "*", "停站"], ["黑龙江省", "松花江流域", "<span data-toggle='tooltip' data-placement='right' title='所在地市:佳木斯市&#10;所属河流:松花江'>同江</span>", "03-30 08:00", "Ⅳ", "<span data-toggle='tooltip' data-placement='right' title='原始值：1.66916'>1.7</span>", "<span data-toggle='tooltip' data-placement='right' title='原始值：7.02992'>7.03</span>", "<span data-toggle='tooltip' data-placement='right' title='原始值：9.28288'>9.28</span>", "<span data-toggle='tooltip' data-placement='right' title='原始值：265.699'>265.7</span>", "<span data-toggle='tooltip' data-placement='right' title='原始值：39.0193'>39.0</span>", "<span data-toggle='tooltip' data-placement='right' title='原始值：7.57489'>7.57</span>", "<span data-toggle='tooltip' data-placement='right' title='原始值：0.35569'>0.356</span>", "<span data-toggle='tooltip' data-placement='right' title='原始值：0.09912'>0.099</span>", "<span data-toggle='tooltip' data-placement='right' title='原始值：4.02377'>4.02</span>", "*", "*", "正常"], ["黑龙江省", "松花江流域", "<span data-toggle='tooltip' data-placement='right' title='所在地市:黑河市&#10;所属河流:黑龙江'>黑河下(黑河)</span>", null, "", "--", "--", "--", "--", "--", "--", "--", "--", "--", "*", "*", "停站"], ["上海市", "长江流域", "<span data-toggle='tooltip' data-placement='right' title='所在地市:青浦区&#10;所属河流:淀山湖'>急水港桥</span>", "03-30 08:00", "Ⅳ", "<span data-toggle='tooltip' data-placement='right' title='原始值：18.9'>18.9</span>", "<span data-toggle='tooltip' data-placement='right' title='原始值：7.22'>7.22</span>", "<span data-toggle='tooltip' data-placement='right' title='原始值：7.59'>7.59</span>", "<span data-toggle='tooltip' data-placement='right' title='原始值：659'>659.0</span>", "<span data-toggle='tooltip' data-placement='right' title='原始值：102.6'>102.6</span>", "<span data-toggle='tooltip' data-placement='right' title='原始值：3.51562'>3.52</span>", "<span data-toggle='tooltip' data-placement='right' title='原始值：0.2455'>0.246</span>", "<span data-toggle='tooltip' data-placement='right' title='原始值：0.05518'>0.055</span>", "<span data-toggle='tooltip' data-placement='right' title='原始值：3.2953'>3.30</span>", "<span data-toggle='tooltip' data-placement='right' title='原始值：0.01943'>0.019</span>", "<span data-toggle='tooltip' data-placement='right' title='原始值：7163275'>7163275</span>", "正常"], ["江苏省", "长江流域", "<span data-toggle='tooltip' data-placement='right' title='所在地市:南京市&#10;所属河流:长江'>林山</span>", "03-30 08:00", "Ⅱ", "<span data-toggle='tooltip' data-placement='right' title='原始值：20.3508'>20.4</span>", "<span data-toggle='tooltip' data-placement='right' title='原始值：7.39565'>7.40</span>", "<span data-toggle='tooltip' data-placement='right' title='原始值：6.86383'>6.86</span>", "<span data-toggle='tooltip' data-placement='right' title='原始值：299.113'>299.1</span>", "<span data-toggle='tooltip' data-placement='right' title='原始值：11.66'>11.7</span>", "<span data-toggle='tooltip' data-placement='right' title='原始值：2.1'>2.10</span>", "<span data-toggle='tooltip' data-placement='right' title='原始值：0.05441'>0.054</span>", "*", "*", "*", "*", "正常"], ["江苏省", "太湖流域", "<span data-toggle='tooltip' data-placement='right' title='所在地市:无锡市&#10;所属河流:太湖'>沙渚</span>", null, "", "--", "--", "--", "--", "--", "--", "--", "--", "--", "--", "*", "维护"], ["江苏省", "淮河流域", "<span data-toggle='tooltip' data-placement='right' title='所在地市:徐州市&#10;所属河流:武河'>小红圈</span>", "03-30 08:00", "Ⅲ", "<span data-toggle='tooltip' data-placement='right' title='原始值：16.28'>16.3</span>", "<span data-toggle='tooltip' data-placement='right' title='原始值：8.11'>8.11</span>", "<span data-toggle='tooltip' data-placement='right' title='原始值：11.15'>11.15</span>", "<span data-toggle='tooltip' data-placement='right' title='原始值：606.6'>606.6</span>", "<span data-toggle='tooltip' data-placement='right' title='原始值：34.65'>34.6</span>", "<span data-toggle='tooltip' data-placement='right' title='原始值：5.05'>5.05</span>", "<span data-toggle='tooltip' data-placement='right' title='原始值：0.138'>0.138</span>", "*", "*", "*", "*", "正常"], ["江苏省", "淮河流域", "<span data-toggle='tooltip' data-placement='right' title='所在地市:徐州市&#10;所属河流:沿河'>李集桥</span>", "03-30 08:00", "Ⅲ", "<span data-toggle='tooltip' data-placement='right' title='原始值：14.67'>14.7</span>", "<span data-toggle='tooltip' data-placement='right' title='原始值：7.91'>7.91</span>", "<span data-toggle='tooltip' data-placement='right' title='原始值：9.56'>9.56</span>", "<span data-toggle='tooltip' data-placement='right' title='原始值：1222'>1222.0</span>", "<span data-toggle='tooltip' data-placement='right' title='原始值：20.4'>20.4</span>", "<span data-toggle='tooltip' data-placement='right' title='原始值：4.48'>4.48</span>", "<span data-toggle='tooltip' data-placement='right' title='原始值：0.049'>0.049</span>", "<span data-toggle='tooltip' data-placement='right' title='原始值：0.039'>0.039</span>", "<span data-toggle='tooltip' data-placement='right' title='原始值：1.878'>1.88</span>", "*", "*", "正常"], ["江苏省", "淮河流域", "<span data-toggle='tooltip' data-placement='right' title='所在地市:徐州市&#10;所属河流:邳苍分洪道'>艾山西大桥</span>", "03-30 08:00", "Ⅱ", "<span data-toggle='tooltip' data-placement='right' title='原始值：16.931'>16.9</span>", "<span data-toggle='tooltip' data-placement='right' title='原始值：8.01265'>8.01</span>", "<span data-toggle='tooltip' data-placement='right' title='原始值：9.40797'>9.41</span>", "<span data-toggle='tooltip' data-placement='right' title='原始值：895.22'>895.2</span>", "<span data-toggle='tooltip' data-placement='right' title='原始值：13.4304'>13.4</span>", "<span data-toggle='tooltip' data-placement='right' title='原始值：3.98'>3.98</span>", "<span data-toggle='tooltip' data-placement='right' title='原始值：0.05'>0.050</span>", "<span data-toggle='tooltip' data-placement='right' title='原始值：0.0353'>0.035</span>", "<span data-toggle='tooltip' data-placement='right' title='原始值：7.8511'>7.85</span>", "*", "*", "正常"], ["江苏省", "太湖流域", "<span data-toggle='tooltip' data-placement='right' title='所在地市:苏州市&#10;所属河流:太湖'>兰山嘴(老)</span>", "03-30 08:00", "Ⅳ", "<span data-toggle='tooltip' data-placement='right' title='原始值：20.39018'>20.4</span>", "<span data-toggle='tooltip' data-placement='right' title='原始值：7.91461'>7.91</span>", "<span data-toggle='tooltip' data-placement='right' title='原始值：8.79887'>8.80</span>", "<span data-toggle='tooltip' data-placement='right' title='原始值：416.4628'>416.5</span>", "<span data-toggle='tooltip' data-placement='right' title='原始值：127.2297'>127.2</span>", "<span data-toggle='tooltip' data-placement='right' title='原始值：3.93'>3.93</span>", "<span data-toggle='tooltip' data-placement='right' title='原始值：0.10766'>0.108</span>", "<span data-toggle='tooltip' data-placement='right' title='原始值：0.21648'>0.216</span>", "<span data-toggle='tooltip' data-placement='right' title='原始值：6.1357'>6.14</span>", "<span data-toggle='tooltip' data-placement='right' title='极值过滤'>--</span>", "*", "维护"], ["江苏省", "太湖流域", "<span data-toggle='tooltip' data-placement='right' title='所在地市:苏州市&#10;所属河流:太湖'>西山</span>", "03-30 08:00", "Ⅲ", "<span data-toggle='tooltip' data-placement='right' title='原始值：18.22856'>18.2</span>", "<span data-toggle='tooltip' data-placement='right' title='原始值：7.3208'>7.32</span>", "<span data-toggle='tooltip' data-placement='right' title='原始值：9.7058'>9.71</span>", "<span data-toggle='tooltip' data-placement='right' title='原始值：458.2098'>458.2</span>", "<span data-toggle='tooltip' data-placement='right' title='原始值：92.47121'>92.5</span>", "<span data-toggle='tooltip' data-placement='right' title='原始值：2.33'>2.33</span>", "<span data-toggle='tooltip' data-placement='right' title='原始值：0.11'>0.110</span>", "<span data-toggle='tooltip' data-placement='right' title='原始值：0.0444'>0.044</span>", "<span data-toggle='tooltip' data-placement='right' title='原始值：1.607'>1.61</span>", "<span data-toggle='tooltip' data-placement='right' title='原始值：0.05208'>0.052</span>", "*", "正常"], ["江苏省", "淮河流域", "<span data-toggle='tooltip' data-placement='right' title='所在地市:连云港市&#10;所属河流:新沭河'>大兴桥</span>", "03-30 08:00", "Ⅲ", "<span data-toggle='tooltip' data-placement='right' title='原始值：16.4'>16.4</span>", "<span data-toggle='tooltip' data-placement='right' title='原始值：8.6'>8.60</span>", "<span data-toggle='tooltip' data-placement='right' title='原始值：9.28'>9.28</span>", "<span data-toggle='tooltip' data-placement='right' title='原始值：1116.3'>1116.3</span>", "<span data-toggle='tooltip' data-placement='right' title='原始值：30.4'>30.4</span>", "<span data-toggle='tooltip' data-placement='right' title='原始值：4.53'>4.53</span>", "<span data-toggle='tooltip' data-placement='right' title='原始值：0.067'>0.067</span>", "*", "*", "*", "*", "正常"], ["江苏省", "淮河流域", "<span data-toggle='tooltip' data-placement='right' title='所在地市:淮安市&#10;所属河流:淮河'>淮河大桥</span>", "03-30 08:00", "Ⅱ", "<span data-toggle='tooltip' data-placement='right' title='原始值：15.47634'>15.5</span>", "<span data-toggle='tooltip' data-placement='right' title='原始值：8.00574'>8.01</span>", "<span data-toggle='tooltip' data-placement='right' title='原始值：8.70099'>8.70</span>", "<span data-toggle='tooltip' data-placement='right' title='原始值：604.559'>604.6</span>", "<span data-toggle='tooltip' data-placement='right' title='原始值：27.73632'>27.7</span>", "<span data-toggle='tooltip' data-placement='right' title='原始值：3.22'>3.22</span>", "<span data-toggle='tooltip' data-placement='right' title='原始值：0.29'>0.290</span>", "<span data-toggle='tooltip' data-placement='right' title='原始值：0.0615'>0.062</span>", "<span data-toggle='tooltip' data-placement='right' title='原始值：2.81997'>2.82</span>", "*", "*", "正常"], ["江苏省", "长江流域", "<span data-toggle='tooltip' data-placement='right' title='所在地市:扬州市&#10;所属河流:夹江'>三江营</span>", "03-30 08:00", "Ⅱ", "<span data-toggle='tooltip' data-placement='right' title='原始值：15.36'>15.4</span>", "<span data-toggle='tooltip' data-placement='right' title='原始值：7.77'>7.77</span>", "<span data-toggle='tooltip' data-placement='right' title='原始值：8.91'>8.91</span>", "<span data-toggle='tooltip' data-placement='right' title='原始值：301.83'>301.8</span>", "<span data-toggle='tooltip' data-placement='right' title='原始值：71.69'>71.7</span>", "<span data-toggle='tooltip' data-placement='right' title='原始值：2.24'>2.24</span>", "<span data-toggle='tooltip' data-placement='right' title='原始值：0.104'>0.104</span>", "<span data-toggle='tooltip' data-placement='right' title='原始值：0.094'>0.094</span>", "<span data-toggle='tooltip' data-placement='right' title='原始值：2.13'>2.13</span>", "*", "*", "正常"], ["江苏省", "淮河流域", "<span data-toggle='tooltip' data-placement='right' title='所在地市:宿迁市&#10;所属河流:新濉河'>大屈</span>", "03-30 08:00", "Ⅲ", "<span data-toggle='tooltip' data-placement='right' title='原始值：16.7'>16.7</span>", "<span data-toggle='tooltip' data-placement='right' title='原始值：8.74'>8.74</span>", "<span data-toggle='tooltip' data-placement='right' title='原始值：9.7'>9.70</span>", "<span data-toggle='tooltip' data-placement='right' title='原始值：846.4'>846.4</span>", "<span data-toggle='tooltip' data-placement='right' title='原始值：126.53'>126.5</span>", "<span data-toggle='tooltip' data-placement='right' title='原始值：5.68'>5.68</span>", "<span data-toggle='tooltip' data-placement='right' title='原始值：0.05'>0.050</span>", "<span data-toggle='tooltip' data-placement='right' title='原始值：0.041'>0.041</span>", "<span data-toggle='tooltip' data-placement='right' title='原始值：1.957'>1.96</span>", "*", "*", "正常"], ["浙江省", "浙闽片河流", "<span data-toggle='tooltip' data-placement='right' title='所在地市:杭州市&#10;所属河流:新安江'>街口(鸠坑口)</span>", "03-30 08:00", "", "<span data-toggle='tooltip' data-placement='right' title='原始值：19.16'>19.2</span>", "<span data-toggle='tooltip' data-placement='right' title='原始值：7.95'>7.95</span>", "<span data-toggle='tooltip' data-placement='right' title='原始值：9.4'>9.40</span>", "<span data-toggle='tooltip' data-placement='right' title='原始值：114.64'>114.6</span>", "<span data-toggle='tooltip' data-placement='right' title='原始值：3.67'>3.7</span>", "<span data-toggle='tooltip' data-placement='right' title='原始值：2.111'>2.11</span>", "<span data-toggle='tooltip' data-placement='right' title='极值过滤'>--</span>", "<span data-toggle='tooltip' data-placement='right' title='原始值：0.066'>0.066</span>", "<span data-toggle='tooltip' data-placement='right' title='原始值：1.947'>1.95</span>", "*", "*", "维护"], ["浙江省", "太湖流域", "<span data-toggle='tooltip' data-placement='right' title='所在地市:嘉兴市&#10;所属河流:斜路港河'>斜路港</span>", "03-30 08:00", "Ⅲ", "<span data-toggle='tooltip' data-placement='right' title='原始值：19.2'>19.2</span>", "<span data-toggle='tooltip' data-placement='right' title='原始值：7.45'>7.45</span>", "<span data-toggle='tooltip' data-placement='right' title='原始值：7.03'>7.03</span>", "<span data-toggle='tooltip' data-placement='right' title='原始值：728'>728.0</span>", "<span data-toggle='tooltip' data-placement='right' title='原始值：173.7'>173.7</span>", "<span data-toggle='tooltip' data-placement='right' title='原始值：5.14'>5.14</span>", "<span data-toggle='tooltip' data-placement='right' title='原始值：0.56856'>0.569</span>", "<span data-toggle='tooltip' data-placement='right' title='原始值：0.06157'>0.062</span>", "<span data-toggle='tooltip' data-placement='right' title='原始值：3.07164'>3.07</span>", "*", "*", "正常"], ["浙江省", "太湖流域", "<span data-toggle='tooltip' data-placement='right' title='所在地市:嘉兴市&#10;所属河流:京杭运河'>王江泾</span>", "03-30 08:00", "Ⅲ", "<span data-toggle='tooltip' data-placement='right' title='原始值：19.78'>19.8</span>", "<span data-toggle='tooltip' data-placement='right' title='原始值：7.27'>7.27</span>", "<span data-toggle='tooltip' data-placement='right' title='原始值：5.44'>5.44</span>", "<span data-toggle='tooltip' data-placement='right' title='原始值：727.6'>727.6</span>", "<span data-toggle='tooltip' data-placement='right' title='原始值：74.93'>74.9</span>", "<span data-toggle='tooltip' data-placement='right' title='原始值：5.697'>5.70</span>", "<span data-toggle='tooltip' data-placement='right' title='原始值：0.233'>0.233</span>", "<span data-toggle='tooltip' data-placement='right' title='原始值：0.088'>0.088</span>", "<span data-toggle='tooltip' data-placement='right' title='原始值：3.652'>3.65</span>", "*", "*", "正常"], ["浙江省", "太湖流域", "<span data-toggle='tooltip' data-placement='right' title='所在地市:湖州市&#10;所属河流:西苕溪'>新港口(新塘港)</span>", "03-30 08:00", "Ⅱ", "<span data-toggle='tooltip' data-placement='right' title='原始值：20.2586'>20.3</span>", "<span data-toggle='tooltip' data-placement='right' title='原始值：7.65109'>7.65</span>", "<span data-toggle='tooltip' data-placement='right' title='原始值：9.28404'>9.28</span>", "<span data-toggle='tooltip' data-placement='right' title='原始值：329.559'>329.6</span>", "<span data-toggle='tooltip' data-placement='right' title='原始值：122.116'>122.1</span>", "<span data-toggle='tooltip' data-placement='right' title='原始值：2.93378'>2.93</span>", "<span data-toggle='tooltip' data-placement='right' title='原始值：0.10803'>0.108</span>", "<span data-toggle='tooltip' data-placement='right' title='原始值：0.04381'>0.044</span>", "<span data-toggle='tooltip' data-placement='right' title='原始值：10.64317'>10.64</span>", "<span data-toggle='tooltip' data-placement='right' title='极值过滤'>--</span>", "*", "维护"], ["安徽省", "巢湖流域", "<span data-toggle='tooltip' data-placement='right' title='所在地市:合肥市&#10;所属河流:巢湖'>湖滨(老)</span>", "03-30 08:00", "Ⅳ", "<span data-toggle='tooltip' data-placement='right' title='原始值：17.35089'>17.4</span>", "<span data-toggle='tooltip' data-placement='right' title='原始值：7.4593'>7.46</span>", "<span data-toggle='tooltip' data-placement='right' title='原始值：9.72612'>9.73</span>", "<span data-toggle='tooltip' data-placement='right' title='原始值：299.4349'>299.4</span>", "<span data-toggle='tooltip' data-placement='right' title='原始值：66.87488'>66.9</span>", "<span data-toggle='tooltip' data-placement='right' title='原始值：4.62'>4.62</span>", "<span data-toggle='tooltip' data-placement='right' title='原始值：0.31'>0.310</span>", "<span data-toggle='tooltip' data-placement='right' title='原始值：0.0511'>0.051</span>", "<span data-toggle='tooltip' data-placement='right' title='原始值：1.425'>1.42</span>", "<span data-toggle='tooltip' data-placement='right' title='原始值：0.02082'>0.021</span>", "*", "正常"], ["安徽省", "巢湖流域", "<span data-toggle='tooltip' data-placement='right' title='所在地市:芜湖市&#10;所属河流:巢湖'>裕溪口(老)</span>", "03-30 08:00", "Ⅲ", "<span data-toggle='tooltip' data-placement='right' title='原始值：16.94446'>16.9</span>", "<span data-toggle='tooltip' data-placement='right' title='原始值：7.50527'>7.51</span>", "<span data-toggle='tooltip' data-placement='right' title='原始值：6.77225'>6.77</span>", "<span data-toggle='tooltip' data-placement='right' title='原始值：290.2256'>290.2</span>", "<span data-toggle='tooltip' data-placement='right' title='原始值：78.35983'>78.4</span>", "<span data-toggle='tooltip' data-placement='right' title='原始值：3.35'>3.35</span>", "<span data-toggle='tooltip' data-placement='right' title='原始值：0.11'>0.110</span>", "<span data-toggle='tooltip' data-placement='right' title='原始值：0.0408'>0.041</span>", "<span data-toggle='tooltip' data-placement='right' title='原始值：3.217'>3.22</span>", "<span data-toggle='tooltip' data-placement='right' title='原始值：0.03454'>0.035</span>", "*", "正常"], ["安徽省", "淮河流域", "<span data-toggle='tooltip' data-placement='right' title='所在地市:蚌埠市&#10;所属河流:淮河'>蚌埠闸上(蚌埠闸)</span>", "03-30 08:00", "Ⅱ", "<span data-toggle='tooltip' data-placement='right' title='原始值：17.97'>18.0</span>", "<span data-toggle='tooltip' data-placement='right' title='原始值：7.27'>7.27</span>", "<span data-toggle='tooltip' data-placement='right' title='原始值：9.49'>9.49</span>", "<span data-toggle='tooltip' data-placement='right' title='原始值：488.74'>488.7</span>", "<span data-toggle='tooltip' data-placement='right' title='原始值：110.06'>110.1</span>", "<span data-toggle='tooltip' data-placement='right' title='原始值：3.062'>3.06</span>", "<span data-toggle='tooltip' data-placement='right' title='原始值：0.092'>0.092</span>", "<span data-toggle='tooltip' data-placement='right' title='原始值：0.092'>0.092</span>", "<span data-toggle='tooltip' data-placement='right' title='原始值：2.475'>2.48</span>", "*", "*", "正常"], ["安徽省", "淮河流域", "<span data-toggle='tooltip' data-placement='right' title='所在地市:淮南市&#10;所属河流:淮河'>石头埠(老)</span>", "03-30 08:00", "Ⅳ", "<span data-toggle='tooltip' data-placement='right' title='原始值：17.73017'>17.7</span>", "<span data-toggle='tooltip' data-placement='right' title='原始值：6.24864'>6.25</span>", "<span data-toggle='tooltip' data-placement='right' title='原始值：3.5588'>3.56</span>", "<span data-toggle='tooltip' data-placement='right' title='原始值：387.7059'>387.7</span>", "<span data-toggle='tooltip' data-placement='right' title='原始值：48.54655'>48.5</span>", "<span data-toggle='tooltip' data-placement='right' title='原始值：2.76'>2.76</span>", "<span data-toggle='tooltip' data-placement='right' title='原始值：0.23'>0.230</span>", "*", "*", "*", "*", "正常"], ["安徽省", "淮河流域", "<span data-toggle='tooltip' data-placement='right' title='所在地市:淮北市&#10;所属河流:沱河'>小王桥</span>", "03-30 08:00", "Ⅳ", "<span data-toggle='tooltip' data-placement='right' title='原始值：15.71'>15.7</span>", "<span data-toggle='tooltip' data-placement='right' title='原始值：8.03'>8.03</span>", "<span data-toggle='tooltip' data-placement='right' title='原始值：10.9'>10.90</span>", "<span data-toggle='tooltip' data-placement='right' title='原始值：1709.62'>1709.6</span>", "<span data-toggle='tooltip' data-placement='right' title='原始值：13.06'>13.1</span>", "<span data-toggle='tooltip' data-placement='right' title='原始值：6.386'>6.39</span>", "<span data-toggle='tooltip' data-placement='right' title='原始值：0.039'>0.039</span>", "<span data-toggle='tooltip' data-placement='right' title='原始值：0.063'>0.063</span>", "<span data-toggle='tooltip' data-placement='right' title='原始值：1.1'>1.10</span>", "*", "*", "正常"], ["安徽省", "长江流域", "<span data-toggle='tooltip' data-placement='right' title='所在地市:安庆市&#10;所属河流:长江'>皖河口</span>", "03-30 08:00", "Ⅱ", "<span data-toggle='tooltip' data-placement='right' title='原始值：16.54'>16.5</span>", "<span data-toggle='tooltip' data-placement='right' title='原始值：7.504'>7.50</span>", "<span data-toggle='tooltip' data-placement='right' title='原始值：8.53'>8.53</span>", "<span data-toggle='tooltip' data-placement='right' title='原始值：294.11'>294.1</span>", "<span data-toggle='tooltip' data-placement='right' title='原始值：33.82'>33.8</span>", "<span data-toggle='tooltip' data-placement='right' title='原始值：1.7'>1.70</span>", "<span data-toggle='tooltip' data-placement='right' title='原始值：0.012'>0.012</span>", "<span data-toggle='tooltip' data-placement='right' title='原始值：0.0555'>0.056</span>", "<span data-toggle='tooltip' data-placement='right' title='原始值：2.046'>2.05</span>", "*", "*", "正常"], ["安徽省", "淮河流域", "<span data-toggle='tooltip' data-placement='right' title='所在地市:滁州市&#10;所属河流:淮河'>小柳巷</span>", "03-30 08:00", "Ⅱ", "<span data-toggle='tooltip' data-placement='right' title='原始值：14.5'>14.5</span>", "<span data-toggle='tooltip' data-placement='right' title='原始值：7.73'>7.73</span>", "<span data-toggle='tooltip' data-placement='right' title='原始值：9.55'>9.55</span>", "<span data-toggle='tooltip' data-placement='right' title='原始值：494.1'>494.1</span>", "<span data-toggle='tooltip' data-placement='right' title='原始值：235.81'>235.8</span>", "<span data-toggle='tooltip' data-placement='right' title='原始值：3.194'>3.19</span>", "<span data-toggle='tooltip' data-placement='right' title='原始值：0.302'>0.302</span>", "<span data-toggle='tooltip' data-placement='right' title='原始值：0.07'>0.070</span>", "<span data-toggle='tooltip' data-placement='right' title='原始值：2.363'>2.36</span>", "*", "*", "正常"], ["安徽省", "淮河流域", "<span data-toggle='tooltip' data-placement='right' title='所在地市:阜阳市&#10;所属河流:黑茨河'>张大桥</span>", null, "", "--", "--", "--", "--", "--", "--", "--", "--", "--", "*", "*", "停站"], ["安徽省", "淮河流域", "<span data-toggle='tooltip' data-placement='right' title='所在地市:阜阳市&#10;所属河流:淮河'>王家坝</span>", "03-30 08:00", "Ⅲ", "<span data-toggle='tooltip' data-placement='right' title='原始值：15.89969'>15.9</span>", "<span data-toggle='tooltip' data-placement='right' title='原始值：7.53073'>7.53</span>", "<span data-toggle='tooltip' data-placement='right' title='原始值：8.53044'>8.53</span>", "<span data-toggle='tooltip' data-placement='right' title='原始值：351.0303'>351.0</span>", "<span data-toggle='tooltip' data-placement='right' title='原始值：22.46027'>22.5</span>", "<span data-toggle='tooltip' data-placement='right' title='原始值：3.28'>3.28</span>", "<span data-toggle='tooltip' data-placement='right' title='原始值：0.154'>0.154</span>", "<span data-toggle='tooltip' data-placement='right' title='原始值：0.1192'>0.119</span>", "<span data-toggle='tooltip' data-placement='right' title='原始值：2.09033'>2.09</span>", "*", "*", "正常"], ["安徽省", "淮河流域", "<span data-toggle='tooltip' data-placement='right' title='所在地市:阜阳市&#10;所属河流:颍河'>界首七渡口(七渡口)</span>", "03-30 08:00", "Ⅲ", "<span data-toggle='tooltip' data-placement='right' title='原始值：15.15202'>15.2</span>", "<span data-toggle='tooltip' data-placement='right' title='原始值：7.63085'>7.63</span>", "<span data-toggle='tooltip' data-placement='right' title='原始值：6.24841'>6.25</span>", "<span data-toggle='tooltip' data-placement='right' title='原始值：809.9047'>809.9</span>", "<span data-toggle='tooltip' data-placement='right' title='原始值：13.68232'>13.7</span>", "<span data-toggle='tooltip' data-placement='right' title='原始值：4.13'>4.13</span>", "<span data-toggle='tooltip' data-placement='right' title='原始值：0.51'>0.510</span>", "<span data-toggle='tooltip' data-placement='right' title='原始值：0.08813'>0.088</span>", "<span data-toggle='tooltip' data-placement='right' title='原始值：5.35265'>5.35</span>", "*", "*", "正常"], ["安徽省", "淮河流域", "<span data-toggle='tooltip' data-placement='right' title='所在地市:阜阳市&#10;所属河流:泉河'>许庄(徐庄)</span>", "03-30 08:00", "", "<span data-toggle='tooltip' data-placement='right' title='原始值：16.4'>16.4</span>", "<span data-toggle='tooltip' data-placement='right' title='原始值：7.54'>7.54</span>", "<span data-toggle='tooltip' data-placement='right' title='原始值：7.76'>7.76</span>", "<span data-toggle='tooltip' data-placement='right' title='原始值：1069.2'>1069.2</span>", "<span data-toggle='tooltip' data-placement='right' title='原始值：99.84'>99.8</span>", "<span data-toggle='tooltip' data-placement='right' title='原始值：3.97'>3.97</span>", "<span data-toggle='tooltip' data-placement='right' title='极值过滤'>--</span>", "<span data-toggle='tooltip' data-placement='right' title='原始值：0.031'>0.031</span>", "<span data-toggle='tooltip' data-placement='right' title='原始值：3.451'>3.45</span>", "*", "*", "维护"], ["安徽省", "淮河流域", "<span data-toggle='tooltip' data-placement='right' title='所在地市:宿州市&#10;所属河流:奎河'>杨庄</span>", "03-30 08:00", "Ⅲ", "<span data-toggle='tooltip' data-placement='right' title='原始值：16.97'>17.0</span>", "<span data-toggle='tooltip' data-placement='right' title='原始值：7.33'>7.33</span>", "<span data-toggle='tooltip' data-placement='right' title='原始值：8.9'>8.90</span>", "<span data-toggle='tooltip' data-placement='right' title='原始值：1080.6'>1080.6</span>", "<span data-toggle='tooltip' data-placement='right' title='原始值：296.65'>296.6</span>", "<span data-toggle='tooltip' data-placement='right' title='原始值：5.09'>5.09</span>", "<span data-toggle='tooltip' data-placement='right' title='原始值：0.988'>0.988</span>", "*", "*", "*", "*", "正常"], ["安徽省", "淮河流域", "<span data-toggle='tooltip' data-placement='right' title='所在地市:宿州市&#10;所属河流:新汴河'>泗县公路桥</span>", "03-30 08:00", "Ⅲ", "<span data-toggle='tooltip' data-placement='right' title='原始值：16.4'>16.4</span>", "<span data-toggle='tooltip' data-placement='right' title='原始值：8.4'>8.40</span>", "<span data-toggle='tooltip' data-placement='right' title='原始值：9.66'>9.66</span>", "<span data-toggle='tooltip' data-placement='right' title='原始值：951.6'>951.6</span>", "<span data-toggle='tooltip' data-placement='right' title='原始值：120.46'>120.5</span>", "<span data-toggle='tooltip' data-placement='right' title='原始值：5.31'>5.31</span>", "<span data-toggle='tooltip' data-placement='right' title='原始值：0.09'>0.090</span>", "*", "*", "*", "*", "正常"], ["安徽省", "淮河流域", "<span data-toggle='tooltip' data-placement='right' title='所在地市:亳州市&#10;所属河流:包河'>颜集</span>", "03-30 08:00", "Ⅴ", "<span data-toggle='tooltip' data-placement='right' title='原始值：14.2'>14.2</span>", "<span data-toggle='tooltip' data-placement='right' title='原始值：8.07'>8.07</span>", "<span data-toggle='tooltip' data-placement='right' title='原始值：8.04'>8.04</span>", "<span data-toggle='tooltip' data-placement='right' title='原始值：2055.9'>2055.9</span>", "<span data-toggle='tooltip' data-placement='right' title='原始值：70.13'>70.1</span>", "<span data-toggle='tooltip' data-placement='right' title='原始值：5.47'>5.47</span>", "<span data-toggle='tooltip' data-placement='right' title='原始值：0.61'>0.610</span>", "<span data-toggle='tooltip' data-placement='right' title='原始值：0.316'>0.316</span>", "<span data-toggle='tooltip' data-placement='right' title='原始值：3.839'>3.84</span>", "*", "*", "正常"], ["福建省", "浙闽片河流", "<span data-toggle='tooltip' data-placement='right' title='所在地市:福州市&#10;所属河流:闽江'>白岩潭</span>", "03-30 08:00", "Ⅱ", "<span data-toggle='tooltip' data-placement='right' title='原始值：19.63'>19.6</span>", "<span data-toggle='tooltip' data-placement='right' title='原始值：7.43'>7.43</span>", "<span data-toggle='tooltip' data-placement='right' title='原始值：10.06'>10.06</span>", "<span data-toggle='tooltip' data-placement='right' title='原始值：1298.7'>1298.7</span>", "<span data-toggle='tooltip' data-placement='right' title='原始值：208.43'>208.4</span>", "<span data-toggle='tooltip' data-placement='right' title='原始值：4'>4.00</span>", "<span data-toggle='tooltip' data-placement='right' title='原始值：0.244'>0.244</span>", "*", "*", "*", "*", "正常"], ["江西省", "长江流域", "<span data-toggle='tooltip' data-placement='right' title='所在地市:南昌市&#10;所属河流:赣江南支'>滁槎</span>", "03-30 08:00", "Ⅱ", "<span data-toggle='tooltip' data-placement='right' title='原始值：20.72845'>20.7</span>", "<span data-toggle='tooltip' data-placement='right' title='原始值：7.11738'>7.12</span>", "<span data-toggle='tooltip' data-placement='right' title='原始值：7.89387'>7.89</span>", "<span data-toggle='tooltip' data-placement='right' title='原始值：173.9541'>174.0</span>", "<span data-toggle='tooltip' data-placement='right' title='原始值：21.71406'>21.7</span>", "<span data-toggle='tooltip' data-placement='right' title='原始值：2.9'>2.90</span>", "<span data-toggle='tooltip' data-placement='right' title='原始值：0.23'>0.230</span>", "<span data-toggle='tooltip' data-placement='right' title='原始值：0.0395'>0.040</span>", "<span data-toggle='tooltip' data-placement='right' title='原始值：2.0575'>2.06</span>", "*", "*", "正常"], ["江西省", "长江流域", "<span data-toggle='tooltip' data-placement='right' title='所在地市:九江市&#10;所属河流:长江'>姚港(河西水厂)</span>", "03-30 08:00", "Ⅱ", "<span data-toggle='tooltip' data-placement='right' title='原始值：16.21'>16.2</span>", "<span data-toggle='tooltip' data-placement='right' title='原始值：7.73'>7.73</span>", "<span data-toggle='tooltip' data-placement='right' title='原始值：9.14'>9.14</span>", "<span data-toggle='tooltip' data-placement='right' title='原始值：344.17'>344.2</span>", "<span data-toggle='tooltip' data-placement='right' title='原始值：30.93'>30.9</span>", "<span data-toggle='tooltip' data-placement='right' title='原始值：1.47'>1.47</span>", "<span data-toggle='tooltip' data-placement='right' title='原始值：0.058'>0.058</span>", "<span data-toggle='tooltip' data-placement='right' title='原始值：0.059'>0.059</span>", "<span data-toggle='tooltip' data-placement='right' title='原始值：2.241'>2.24</span>", "*", "*", "正常"], ["江西省", "长江流域", "<span data-toggle='tooltip' data-placement='right' title='所在地市:九江市&#10;所属河流:鄱阳湖'>蛤蟆石</span>", "03-30 08:00", "Ⅲ", "<span data-toggle='tooltip' data-placement='right' title='原始值：18.49'>18.5</span>", "<span data-toggle='tooltip' data-placement='right' title='原始值：7.22'>7.22</span>", "<span data-toggle='tooltip' data-placement='right' title='原始值：8.87'>8.87</span>", "<span data-toggle='tooltip' data-placement='right' title='原始值：154.17'>154.2</span>", "<span data-toggle='tooltip' data-placement='right' title='原始值：21.45'>21.4</span>", "<span data-toggle='tooltip' data-placement='right' title='原始值：1.638'>1.64</span>", "<span data-toggle='tooltip' data-placement='right' title='原始值：0.039'>0.039</span>", "<span data-toggle='tooltip' data-placement='right' title='原始值：0.0443'>0.044</span>", "<span data-toggle='tooltip' data-placement='right' title='原始值：1.36'>1.36</span>", "<span data-toggle='tooltip' data-placement='right' title='原始值：0.00287'>0.003</span>", "<span data-toggle='tooltip' data-placement='right' title='原始值：1841762'>1841762</span>", "正常"], ["山东省", "黄河流域", "<span data-toggle='tooltip' data-placement='right' title='所在地市:济南市&#10;所属河流:黄河'>泺口</span>", "03-30 08:00", "", "<span data-toggle='tooltip' data-placement='right' title='原始值：12.8269'>12.8</span>", "<span data-toggle='tooltip' data-placement='right' title='原始值：8.53392'>8.53</span>", "<span data-toggle='tooltip' data-placement='right' title='原始值：9.96976'>9.97</span>", "<span data-toggle='tooltip' data-placement='right' title='原始值：1068.64'>1068.6</span>", "<span data-toggle='tooltip' data-placement='right' title='原始值：423.217'>423.2</span>", "<span data-toggle='tooltip' data-placement='right' title='原始值：2.91'>2.91</span>", "<span data-toggle='tooltip' data-placement='right' title='原始值：0.14351'>0.144</span>", "<span data-toggle='tooltip' data-placement='right' title='极值过滤'>--</span>", "<span data-toggle='tooltip' data-placement='right' title='原始值：4.259'>4.26</span>", "*", "*", "维护"], ["山东省", "淮河流域", "<span data-toggle='tooltip' data-placement='right' title='所在地市:枣庄市&#10;所属河流:京杭大运河（韩庄运河）'>台儿庄大桥</span>", "03-30 08:00", "Ⅱ", "<span data-toggle='tooltip' data-placement='right' title='原始值：14.39065'>14.4</span>", "<span data-toggle='tooltip' data-placement='right' title='原始值：8.01584'>8.02</span>", "<span data-toggle='tooltip' data-placement='right' title='原始值：10.15298'>10.15</span>", "<span data-toggle='tooltip' data-placement='right' title='原始值：755.5637'>755.6</span>", "<span data-toggle='tooltip' data-placement='right' title='原始值：12.76777'>12.8</span>", "<span data-toggle='tooltip' data-placement='right' title='原始值：3.79339'>3.79</span>", "<span data-toggle='tooltip' data-placement='right' title='原始值：0.08813'>0.088</span>", "<span data-toggle='tooltip' data-placement='right' title='原始值：0.05705'>0.057</span>", "<span data-toggle='tooltip' data-placement='right' title='原始值：3.02827'>3.03</span>", "*", "*", "正常"], ["山东省", "淮河流域", "<span data-toggle='tooltip' data-placement='right' title='所在地市:临沂市&#10;所属河流:沭河'>清泉寺</span>", "03-30 08:00", "Ⅲ", "<span data-toggle='tooltip' data-placement='right' title='原始值：16.15602'>16.2</span>", "<span data-toggle='tooltip' data-placement='right' title='原始值：7.74516'>7.75</span>", "<span data-toggle='tooltip' data-placement='right' title='原始值：9.21005'>9.21</span>", "<span data-toggle='tooltip' data-placement='right' title='原始值：1197.75'>1197.8</span>", "<span data-toggle='tooltip' data-placement='right' title='原始值：10.35132'>10.4</span>", "<span data-toggle='tooltip' data-placement='right' title='原始值：5.44'>5.44</span>", "<span data-toggle='tooltip' data-placement='right' title='原始值：0.23'>0.230</span>", "*", "*", "*", "*", "正常"], ["山东省", "淮河流域", "<span data-toggle='tooltip' data-placement='right' title='所在地市:临沂市&#10;所属河流:沂河'>重坊桥</span>", null, "", "--", "--", "--", "--", "--", "--", "--", "--", "--", "*", "*", "停站"], ["山东省", "淮河流域", "<span data-toggle='tooltip' data-placement='right' title='所在地市:临沂市&#10;所属河流:白马河'>捷庄(涝沟桥)</span>", "03-30 08:00", "Ⅲ", "<span data-toggle='tooltip' data-placement='right' title='原始值：15.4'>15.4</span>", "<span data-toggle='tooltip' data-placement='right' title='原始值：8.13984'>8.14</span>", "<span data-toggle='tooltip' data-placement='right' title='原始值：12.17888'>12.18</span>", "<span data-toggle='tooltip' data-placement='right' title='原始值：842'>842.0</span>", "<span data-toggle='tooltip' data-placement='right' title='原始值：5.85149'>5.9</span>", "<span data-toggle='tooltip' data-placement='right' title='原始值：5.35'>5.35</span>", "<span data-toggle='tooltip' data-placement='right' title='原始值：0.04444'>0.044</span>", "<span data-toggle='tooltip' data-placement='right' title='原始值：0.05966'>0.060</span>", "<span data-toggle='tooltip' data-placement='right' title='原始值：5.09312'>5.09</span>", "*", "*", "正常"], ["山东省", "海河流域", "<span data-toggle='tooltip' data-placement='right' title='所在地市:聊城市&#10;所属河流:卫运河'>秤勾湾(秤钩湾)</span>", null, "", "--", "--", "--", "--", "--", "--", "--", "--", "--", "*", "*", "停站"], ["河南省", "长江流域", "<span data-toggle='tooltip' data-placement='right' title='所在地市:南阳市&#10;所属河流:丹江口水库'>陶岔</span>", "03-30 08:00", "Ⅱ", "<span data-toggle='tooltip' data-placement='right' title='原始值：17.76'>17.8</span>", "<span data-toggle='tooltip' data-placement='right' title='原始值：7.95894'>7.96</span>", "<span data-toggle='tooltip' data-placement='right' title='原始值：8.53672'>8.54</span>", "<span data-toggle='tooltip' data-placement='right' title='原始值：275.4269'>275.4</span>", "<span data-toggle='tooltip' data-placement='right' title='原始值：1.23702'>1.2</span>", "<span data-toggle='tooltip' data-placement='right' title='原始值：2.14'>2.14</span>", "<span data-toggle='tooltip' data-placement='right' title='原始值：0.02266'>0.023</span>", "<span data-toggle='tooltip' data-placement='right' title='原始值：0.00655'>0.007</span>", "<span data-toggle='tooltip' data-placement='right' title='原始值：1.04633'>1.05</span>", "<span data-toggle='tooltip' data-placement='right' title='原始值：0.00347'>0.003</span>", "<span data-toggle='tooltip' data-placement='right' title='原始值：419859.3'>419859</span>", "正常"], ["河南省", "淮河流域", "<span data-toggle='tooltip' data-placement='right' title='所在地市:商丘市&#10;所属河流:浍河'>黄口</span>", "03-30 08:00", "Ⅱ", "<span data-toggle='tooltip' data-placement='right' title='原始值：15'>15.0</span>", "<span data-toggle='tooltip' data-placement='right' title='原始值：7.58'>7.58</span>", "<span data-toggle='tooltip' data-placement='right' title='原始值：10.56367'>10.56</span>", "<span data-toggle='tooltip' data-placement='right' title='原始值：2366.875'>2366.9</span>", "<span data-toggle='tooltip' data-placement='right' title='原始值：29.36055'>29.4</span>", "<span data-toggle='tooltip' data-placement='right' title='原始值：3.78'>3.78</span>", "<span data-toggle='tooltip' data-placement='right' title='原始值：0.03504'>0.035</span>", "<span data-toggle='tooltip' data-placement='right' title='原始值：0.0807'>0.081</span>", "<span data-toggle='tooltip' data-placement='right' title='原始值：5.62309'>5.62</span>", "*", "*", "正常"], ["河南省", "淮河流域", "<span data-toggle='tooltip' data-placement='right' title='所在地市:信阳市&#10;所属河流:史灌河'>蒋集</span>", null, "", "--", "--", "--", "--", "--", "--", "--", "--", "--", "*", "*", "停站"], ["河南省", "淮河流域", "<span data-toggle='tooltip' data-placement='right' title='所在地市:信阳市&#10;所属河流:淮河'>息县大埠口</span>", null, "", "*", "--", "*", "*", "*", "*", "*", "*", "*", "*", "*", "维护"], ["河南省", "淮河流域", "<span data-toggle='tooltip' data-placement='right' title='所在地市:信阳市&#10;所属河流:淮河'>淮滨水文站(淮滨)</span>", "03-30 08:00", "Ⅱ", "<span data-toggle='tooltip' data-placement='right' title='原始值：17.1'>17.1</span>", "<span data-toggle='tooltip' data-placement='right' title='原始值：7.17062'>7.17</span>", "<span data-toggle='tooltip' data-placement='right' title='原始值：9.26999'>9.27</span>", "<span data-toggle='tooltip' data-placement='right' title='原始值：267'>267.0</span>", "<span data-toggle='tooltip' data-placement='right' title='原始值：60.71259'>60.7</span>", "<span data-toggle='tooltip' data-placement='right' title='原始值：3.32959'>3.33</span>", "<span data-toggle='tooltip' data-placement='right' title='原始值：0.12946'>0.129</span>", "<span data-toggle='tooltip' data-placement='right' title='原始值：0.09046'>0.090</span>", "<span data-toggle='tooltip' data-placement='right' title='原始值：1.854'>1.85</span>", "*", "*", "正常"], ["河南省", "淮河流域", "<span data-toggle='tooltip' data-placement='right' title='所在地市:周口市&#10;所属河流:沙河'>沈丘闸</span>", "03-30 08:00", "Ⅲ", "<span data-toggle='tooltip' data-placement='right' title='原始值：14.96974'>15.0</span>", "<span data-toggle='tooltip' data-placement='right' title='原始值：7.64248'>7.64</span>", "<span data-toggle='tooltip' data-placement='right' title='原始值：7.44523'>7.45</span>", "<span data-toggle='tooltip' data-placement='right' title='原始值：956.8364'>956.8</span>", "<span data-toggle='tooltip' data-placement='right' title='原始值：7.8794'>7.9</span>", "<span data-toggle='tooltip' data-placement='right' title='原始值：4.21'>4.21</span>", "<span data-toggle='tooltip' data-placement='right' title='原始值：0.67'>0.670</span>", "*", "*", "*", "*", "正常"], ["河南省", "淮河流域", "<span data-toggle='tooltip' data-placement='right' title='所在地市:周口市&#10;所属河流:涡河'>鹿邑付桥(鹿邑付桥闸)</span>", "03-30 08:00", "Ⅲ", "<span data-toggle='tooltip' data-placement='right' title='原始值：17.88638'>17.9</span>", "<span data-toggle='tooltip' data-placement='right' title='原始值：8.80976'>8.81</span>", "<span data-toggle='tooltip' data-placement='right' title='原始值：13.99853'>14.00</span>", "<span data-toggle='tooltip' data-placement='right' title='原始值：1500.975'>1501.0</span>", "<span data-toggle='tooltip' data-placement='right' title='原始值：3.22465'>3.2</span>", "<span data-toggle='tooltip' data-placement='right' title='原始值：4.93'>4.93</span>", "<span data-toggle='tooltip' data-placement='right' title='原始值：0.21'>0.210</span>", "<span data-toggle='tooltip' data-placement='right' title='原始值：0.0553'>0.055</span>", "<span data-toggle='tooltip' data-placement='right' title='原始值：0.72155'>0.72</span>", "*", "*", "正常"], ["河南省", "淮河流域", "<span data-toggle='tooltip' data-placement='right' title='所在地市:驻马店市&#10;所属河流:洪河'>新蔡班台(班台)</span>", "03-30 08:00", "Ⅲ", "<span data-toggle='tooltip' data-placement='right' title='原始值：18.16917'>18.2</span>", "<span data-toggle='tooltip' data-placement='right' title='原始值：7.2213'>7.22</span>", "<span data-toggle='tooltip' data-placement='right' title='原始值：6.86464'>6.86</span>", "<span data-toggle='tooltip' data-placement='right' title='原始值：692.7666'>692.8</span>", "<span data-toggle='tooltip' data-placement='right' title='原始值：7.2973'>7.3</span>", "<span data-toggle='tooltip' data-placement='right' title='原始值：4.17'>4.17</span>", "<span data-toggle='tooltip' data-placement='right' title='原始值：0.74'>0.740</span>", "<span data-toggle='tooltip' data-placement='right' title='原始值：0.18654'>0.187</span>", "<span data-toggle='tooltip' data-placement='right' title='原始值：3.85793'>3.86</span>", "*", "*", "正常"], ["河南省", "黄河流域", "<span data-toggle='tooltip' data-placement='right' title='所在地市:济源市&#10;所属河流:黄河'>小浪底水库(小浪底)</span>", "03-30 08:00", "Ⅰ", "<span data-toggle='tooltip' data-placement='right' title='原始值：7.95735'>8.0</span>", "<span data-toggle='tooltip' data-placement='right' title='原始值：8.34474'>8.34</span>", "<span data-toggle='tooltip' data-placement='right' title='原始值：16.09309'>16.09</span>", "<span data-toggle='tooltip' data-placement='right' title='原始值：860.4995'>860.5</span>", "<span data-toggle='tooltip' data-placement='right' title='原始值：4.12662'>4.1</span>", "<span data-toggle='tooltip' data-placement='right' title='原始值：1.3025'>1.30</span>", "<span data-toggle='tooltip' data-placement='right' title='原始值：0.09'>0.090</span>", "<span data-toggle='tooltip' data-placement='right' title='原始值：0.018'>0.018</span>", "<span data-toggle='tooltip' data-placement='right' title='原始值：4.08'>4.08</span>", "*", "*", "正常"], ["湖北省", "长江流域", "<span data-toggle='tooltip' data-placement='right' title='所在地市:武汉市&#10;所属河流:汉江'>宗关</span>", "03-30 08:00", "Ⅱ", "<span data-toggle='tooltip' data-placement='right' title='原始值：17.25'>17.2</span>", "<span data-toggle='tooltip' data-placement='right' title='原始值：7.785656'>7.79</span>", "<span data-toggle='tooltip' data-placement='right' title='原始值：9.028148'>9.03</span>", "<span data-toggle='tooltip' data-placement='right' title='原始值：336.2335'>336.2</span>", "<span data-toggle='tooltip' data-placement='right' title='原始值：14.51599'>14.5</span>", "<span data-toggle='tooltip' data-placement='right' title='原始值：2.19'>2.19</span>", "<span data-toggle='tooltip' data-placement='right' title='原始值：0.103'>0.103</span>", "<span data-toggle='tooltip' data-placement='right' title='原始值：0.058'>0.058</span>", "<span data-toggle='tooltip' data-placement='right' title='原始值：2.230869'>2.23</span>", "<span data-toggle='tooltip' data-placement='right' title='原始值：0.0017656'>0.002</span>", "*", "正常"], ["湖北省", "长江流域", "<span data-toggle='tooltip' data-placement='right' title='所在地市:十堰市&#10;所属河流:丹江口水库'>坝上中(胡家岭)</span>", "03-30 08:00", "Ⅱ", "<span data-toggle='tooltip' data-placement='right' title='原始值：13.64'>13.6</span>", "<span data-toggle='tooltip' data-placement='right' title='原始值：8.17681'>8.18</span>", "<span data-toggle='tooltip' data-placement='right' title='原始值：10.68118'>10.68</span>", "<span data-toggle='tooltip' data-placement='right' title='原始值：242.947'>242.9</span>", "<span data-toggle='tooltip' data-placement='right' title='原始值：2.356705'>2.4</span>", "<span data-toggle='tooltip' data-placement='right' title='原始值：2.22'>2.22</span>", "<span data-toggle='tooltip' data-placement='right' title='原始值：0.102'>0.102</span>", "<span data-toggle='tooltip' data-placement='right' title='原始值：0.011'>0.011</span>", "<span data-toggle='tooltip' data-placement='right' title='原始值：1.242'>1.24</span>", "<span data-toggle='tooltip' data-placement='right' title='原始值：0.0071073'>0.007</span>", "<span data-toggle='tooltip' data-placement='right' title='原始值：8014000'>8014000</span>", "正常"], ["湖北省", "长江流域", "<span data-toggle='tooltip' data-placement='right' title='所在地市:宜昌市&#10;所属河流:长江'>南津关</span>", "03-30 08:00", "Ⅱ", "<span data-toggle='tooltip' data-placement='right' title='原始值：14.75'>14.8</span>", "<span data-toggle='tooltip' data-placement='right' title='原始值：7.918937'>7.92</span>", "<span data-toggle='tooltip' data-placement='right' title='原始值：8.847123'>8.85</span>", "<span data-toggle='tooltip' data-placement='right' title='原始值：449.616'>449.6</span>", "<span data-toggle='tooltip' data-placement='right' title='原始值：2.347194'>2.3</span>", "<span data-toggle='tooltip' data-placement='right' title='原始值：0.85'>0.85</span>", "<span data-toggle='tooltip' data-placement='right' title='原始值：0.074'>0.074</span>", "<span data-toggle='tooltip' data-placement='right' title='原始值：0.049'>0.049</span>", "<span data-toggle='tooltip' data-placement='right' title='原始值：1.606'>1.61</span>", "<span data-toggle='tooltip' data-placement='right' title='原始值：0.0254028'>0.025</span>", "*", "正常"], ["湖南省", "长江流域", "<span data-toggle='tooltip' data-placement='right' title='所在地市:长沙市&#10;所属河流:湘江'>新港</span>", "03-30 08:00", "Ⅱ", "<span data-toggle='tooltip' data-placement='right' title='原始值：17.15'>17.2</span>", "<span data-toggle='tooltip' data-placement='right' title='原始值：7.16'>7.16</span>", "<span data-toggle='tooltip' data-placement='right' title='原始值：8.34'>8.34</span>", "<span data-toggle='tooltip' data-placement='right' title='原始值：252.3'>252.3</span>", "<span data-toggle='tooltip' data-placement='right' title='原始值：31.56'>31.6</span>", "<span data-toggle='tooltip' data-placement='right' title='原始值：1.98'>1.98</span>", "<span data-toggle='tooltip' data-placement='right' title='原始值：0.12'>0.120</span>", "<span data-toggle='tooltip' data-placement='right' title='原始值：0.056'>0.056</span>", "<span data-toggle='tooltip' data-placement='right' title='原始值：1.8'>1.80</span>", "*", "*", "正常"], ["湖南省", "长江流域", "<span data-toggle='tooltip' data-placement='right' title='所在地市:岳阳市&#10;所属河流:洞庭湖'>岳阳楼</span>", "03-30 08:00", "Ⅳ", "<span data-toggle='tooltip' data-placement='right' title='原始值：17.06'>17.1</span>", "<span data-toggle='tooltip' data-placement='right' title='原始值：7.484034'>7.48</span>", "<span data-toggle='tooltip' data-placement='right' title='原始值：7.525852'>7.53</span>", "<span data-toggle='tooltip' data-placement='right' title='原始值：234.9869'>235.0</span>", "<span data-toggle='tooltip' data-placement='right' title='原始值：43.77192'>43.8</span>", "<span data-toggle='tooltip' data-placement='right' title='原始值：1.44'>1.44</span>", "<span data-toggle='tooltip' data-placement='right' title='原始值：0.019'>0.019</span>", "<span data-toggle='tooltip' data-placement='right' title='原始值：0.082'>0.082</span>", "<span data-toggle='tooltip' data-placement='right' title='原始值：1.784'>1.78</span>", "<span data-toggle='tooltip' data-placement='right' title='原始值：0.0030156'>0.003</span>", "<span data-toggle='tooltip' data-placement='right' title='原始值：260.133'>260</span>", "正常"], ["湖南省", "长江流域", "<span data-toggle='tooltip' data-placement='right' title='所在地市:岳阳市&#10;所属河流:长江'>城陵矶</span>", "03-30 08:00", "Ⅱ", "<span data-toggle='tooltip' data-placement='right' title='原始值：18.02'>18.0</span>", "<span data-toggle='tooltip' data-placement='right' title='原始值：7.578389'>7.58</span>", "<span data-toggle='tooltip' data-placement='right' title='原始值：9.403012'>9.40</span>", "<span data-toggle='tooltip' data-placement='right' title='原始值：246.592'>246.6</span>", "<span data-toggle='tooltip' data-placement='right' title='原始值：55.58088'>55.6</span>", "<span data-toggle='tooltip' data-placement='right' title='原始值：1.63'>1.63</span>", "<span data-toggle='tooltip' data-placement='right' title='原始值：0.005'>0.005</span>", "<span data-toggle='tooltip' data-placement='right' title='原始值：0.094'>0.094</span>", "<span data-toggle='tooltip' data-placement='right' title='原始值：1.9966'>2.00</span>", "*", "*", "正常"], ["广东省", "珠江流域", "<span data-toggle='tooltip' data-placement='right' title='所在地市:清远市&#10;所属河流:北江'>七星岗</span>", "03-30 08:00", "Ⅱ", "<span data-toggle='tooltip' data-placement='right' title='原始值：23.4963'>23.5</span>", "<span data-toggle='tooltip' data-placement='right' title='原始值：7.20998'>7.21</span>", "<span data-toggle='tooltip' data-placement='right' title='原始值：7.20833'>7.21</span>", "<span data-toggle='tooltip' data-placement='right' title='原始值：282.816'>282.8</span>", "<span data-toggle='tooltip' data-placement='right' title='原始值：14.16905'>14.2</span>", "<span data-toggle='tooltip' data-placement='right' title='原始值：1.04'>1.04</span>", "<span data-toggle='tooltip' data-placement='right' title='原始值：0.08652'>0.087</span>", "<span data-toggle='tooltip' data-placement='right' title='原始值：0.03193'>0.032</span>", "<span data-toggle='tooltip' data-placement='right' title='原始值：2.0926'>2.09</span>", "*", "*", "正常"], ["广东省", "珠江流域", "<span data-toggle='tooltip' data-placement='right' title='所在地市:中山市&#10;所属河流:西江'>横栏</span>", "03-30 08:00", "Ⅰ", "<span data-toggle='tooltip' data-placement='right' title='原始值：22.9'>22.9</span>", "<span data-toggle='tooltip' data-placement='right' title='原始值：7.76'>7.76</span>", "<span data-toggle='tooltip' data-placement='right' title='原始值：7.72'>7.72</span>", "<span data-toggle='tooltip' data-placement='right' title='原始值：318'>318.0</span>", "<span data-toggle='tooltip' data-placement='right' title='原始值：5.7'>5.7</span>", "<span data-toggle='tooltip' data-placement='right' title='原始值：1.64'>1.64</span>", "<span data-toggle='tooltip' data-placement='right' title='原始值：0.1'>0.100</span>", "*", "*", "*", "*", "正常"], ["广西壮族自治区", "珠江流域", "<span data-toggle='tooltip' data-placement='right' title='所在地市:南宁市&#10;所属河流:邕江'>老口</span>", "03-30 08:00", "Ⅱ", "<span data-toggle='tooltip' data-placement='right' title='原始值：23.39035'>23.4</span>", "<span data-toggle='tooltip' data-placement='right' title='原始值：7.40504'>7.41</span>", "<span data-toggle='tooltip' data-placement='right' title='原始值：7.39349'>7.39</span>", "<span data-toggle='tooltip' data-placement='right' title='原始值：272.3118'>272.3</span>", "<span data-toggle='tooltip' data-placement='right' title='原始值：8.46812'>8.5</span>", "<span data-toggle='tooltip' data-placement='right' title='原始值：1.90624'>1.91</span>", "<span data-toggle='tooltip' data-placement='right' title='原始值：0.13344'>0.133</span>", "<span data-toggle='tooltip' data-placement='right' title='原始值：0.03797'>0.038</span>", "<span data-toggle='tooltip' data-placement='right' title='原始值：0.91527'>0.92</span>", "*", "*", "正常"], ["广西壮族自治区", "珠江流域", "<span data-toggle='tooltip' data-placement='right' title='所在地市:桂林市&#10;所属河流:漓江'>阳朔</span>", "03-30 08:00", "Ⅱ", "<span data-toggle='tooltip' data-placement='right' title='原始值：19.9'>19.9</span>", "<span data-toggle='tooltip' data-placement='right' title='原始值：7.56'>7.56</span>", "<span data-toggle='tooltip' data-placement='right' title='原始值：9.285'>9.28</span>", "<span data-toggle='tooltip' data-placement='right' title='原始值：153.698'>153.7</span>", "<span data-toggle='tooltip' data-placement='right' title='原始值：3.088'>3.1</span>", "<span data-toggle='tooltip' data-placement='right' title='原始值：0.747'>0.75</span>", "<span data-toggle='tooltip' data-placement='right' title='原始值：0.01'>0.010</span>", "<span data-toggle='tooltip' data-placement='right' title='原始值：0.04'>0.040</span>", "<span data-toggle='tooltip' data-placement='right' title='原始值：1.841'>1.84</span>", "*", "*", "正常"], ["广西壮族自治区", "珠江流域", "<span data-toggle='tooltip' data-placement='right' title='所在地市:梧州市&#10;所属河流:浔江'>界首</span>", null, "", "--", "--", "--", "--", "--", "--", "--", "--", "--", "*", "*", "停站"], ["广西壮族自治区", "珠江流域", "<span data-toggle='tooltip' data-placement='right' title='所在地市:贵港市&#10;所属河流:浔江'>石嘴</span>", "03-30 08:00", "Ⅱ", "<span data-toggle='tooltip' data-placement='right' title='原始值：21.55435'>21.6</span>", "<span data-toggle='tooltip' data-placement='right' title='原始值：7.88111'>7.88</span>", "<span data-toggle='tooltip' data-placement='right' title='原始值：8.95498'>8.95</span>", "<span data-toggle='tooltip' data-placement='right' title='原始值：269.9938'>270.0</span>", "<span data-toggle='tooltip' data-placement='right' title='原始值：6.36174'>6.4</span>", "<span data-toggle='tooltip' data-placement='right' title='原始值：0.88'>0.88</span>", "<span data-toggle='tooltip' data-placement='right' title='原始值：0.09'>0.090</span>", "<span data-toggle='tooltip' data-placement='right' title='原始值：0.02845'>0.028</span>", "<span data-toggle='tooltip' data-placement='right' title='原始值：2.1573'>2.16</span>", "*", "*", "正常"], ["广西壮族自治区", "珠江流域", "<span data-toggle='tooltip' data-placement='right' title='所在地市:崇左市&#10;所属河流:平而河'>平而关</span>", "03-30 08:00", "Ⅰ", "<span data-toggle='tooltip' data-placement='right' title='原始值：24.01893'>24.0</span>", "<span data-toggle='tooltip' data-placement='right' title='原始值：7.28098'>7.28</span>", "<span data-toggle='tooltip' data-placement='right' title='原始值：7.53891'>7.54</span>", "<span data-toggle='tooltip' data-placement='right' title='原始值：255.6783'>255.7</span>", "<span data-toggle='tooltip' data-placement='right' title='原始值：22.57785'>22.6</span>", "<span data-toggle='tooltip' data-placement='right' title='原始值：1.955'>1.96</span>", "<span data-toggle='tooltip' data-placement='right' title='原始值：0.12'>0.120</span>", "*", "*", "*", "*", "正常"], ["重庆市", "长江流域", "<span data-toggle='tooltip' data-placement='right' title='所在地市:永川区&#10;所属河流:长江'>朱沱</span>", "03-30 08:00", "Ⅱ", "<span data-toggle='tooltip' data-placement='right' title='原始值：17.78'>17.8</span>", "<span data-toggle='tooltip' data-placement='right' title='原始值：7.88'>7.88</span>", "<span data-toggle='tooltip' data-placement='right' title='原始值：8.53'>8.53</span>", "<span data-toggle='tooltip' data-placement='right' title='原始值：427.57'>427.6</span>", "<span data-toggle='tooltip' data-placement='right' title='原始值：43.01'>43.0</span>", "<span data-toggle='tooltip' data-placement='right' title='原始值：1.01'>1.01</span>", "<span data-toggle='tooltip' data-placement='right' title='原始值：0.033'>0.033</span>", "<span data-toggle='tooltip' data-placement='right' title='原始值：0.065'>0.065</span>", "<span data-toggle='tooltip' data-placement='right' title='原始值：1.641'>1.64</span>", "*", "*", "正常"], ["四川省", "长江流域", "<span data-toggle='tooltip' data-placement='right' title='所在地市:攀枝花市&#10;所属河流:金沙江'>龙洞</span>", "03-30 08:00", "Ⅰ", "<span data-toggle='tooltip' data-placement='right' title='原始值：14.43'>14.4</span>", "<span data-toggle='tooltip' data-placement='right' title='原始值：8.305261'>8.31</span>", "<span data-toggle='tooltip' data-placement='right' title='原始值：8.993869'>8.99</span>", "<span data-toggle='tooltip' data-placement='right' title='原始值：717.219'>717.2</span>", "<span data-toggle='tooltip' data-placement='right' title='原始值：2.698149'>2.7</span>", "<span data-toggle='tooltip' data-placement='right' title='原始值：1.18'>1.18</span>", "<span data-toggle='tooltip' data-placement='right' title='原始值：0.011'>0.011</span>", "<span data-toggle='tooltip' data-placement='right' title='原始值：0.0002462'>0.0002</span>", "<span data-toggle='tooltip' data-placement='right' title='原始值：0.586007'>0.59</span>", "*", "*", "正常"], ["四川省", "长江流域", "<span data-toggle='tooltip' data-placement='right' title='所在地市:泸州市&#10;所属河流:沱江'>沱江大桥(沱江二桥)</span>", "03-30 08:00", "Ⅲ", "<span data-toggle='tooltip' data-placement='right' title='原始值：20.28'>20.3</span>", "<span data-toggle='tooltip' data-placement='right' title='原始值：8.083769'>8.08</span>", "<span data-toggle='tooltip' data-placement='right' title='原始值：8.122758'>8.12</span>", "<span data-toggle='tooltip' data-placement='right' title='原始值：658.796'>658.8</span>", "<span data-toggle='tooltip' data-placement='right' title='原始值：10.69772'>10.7</span>", "<span data-toggle='tooltip' data-placement='right' title='原始值：2.02'>2.02</span>", "<span data-toggle='tooltip' data-placement='right' title='原始值：0.01'>0.010</span>", "<span data-toggle='tooltip' data-placement='right' title='原始值：0.115759'>0.116</span>", "<span data-toggle='tooltip' data-placement='right' title='原始值：3.520265'>3.52</span>", "*", "*", "正常"], ["四川省", "长江流域", "<span data-toggle='tooltip' data-placement='right' title='所在地市:广元市&#10;所属河流:嘉陵江'>清风峡</span>", "03-30 08:00", "Ⅰ", "<span data-toggle='tooltip' data-placement='right' title='原始值：15.30001'>15.3</span>", "<span data-toggle='tooltip' data-placement='right' title='原始值：8.17'>8.17</span>", "<span data-toggle='tooltip' data-placement='right' title='原始值：10.20176'>10.20</span>", "<span data-toggle='tooltip' data-placement='right' title='原始值：403.6111'>403.6</span>", "<span data-toggle='tooltip' data-placement='right' title='原始值：51.72873'>51.7</span>", "<span data-toggle='tooltip' data-placement='right' title='原始值：0.84'>0.84</span>", "<span data-toggle='tooltip' data-placement='right' title='原始值：0.09479'>0.095</span>", "*", "*", "*", "*", "正常"], ["四川省", "长江流域", "<span data-toggle='tooltip' data-placement='right' title='所在地市:乐山市&#10;所属河流:岷江'>岷江大桥</span>", null, "", "--", "--", "--", "--", "--", "--", "--", "--", "--", "*", "*", "停站"], ["四川省", "长江流域", "<span data-toggle='tooltip' data-placement='right' title='所在地市:宜宾市&#10;所属河流:岷江'>凉姜沟</span>", "03-30 08:00", "Ⅲ", "<span data-toggle='tooltip' data-placement='right' title='原始值：17.99'>18.0</span>", "<span data-toggle='tooltip' data-placement='right' title='原始值：7.726012'>7.73</span>", "<span data-toggle='tooltip' data-placement='right' title='原始值：7.932977'>7.93</span>", "<span data-toggle='tooltip' data-placement='right' title='原始值：344.7715'>344.8</span>", "<span data-toggle='tooltip' data-placement='right' title='原始值：31.40749'>31.4</span>", "<span data-toggle='tooltip' data-placement='right' title='原始值：1.66'>1.66</span>", "<span data-toggle='tooltip' data-placement='right' title='原始值：0.191'>0.191</span>", "<span data-toggle='tooltip' data-placement='right' title='原始值：0.126423'>0.126</span>", "<span data-toggle='tooltip' data-placement='right' title='原始值：2.183217'>2.18</span>", "*", "*", "正常"], ["云南省", "滇池流域", "<span data-toggle='tooltip' data-placement='right' title='所在地市:昆明市&#10;所属河流:滇池'>西苑隧道</span>", "03-30 08:00", "Ⅴ", "<span data-toggle='tooltip' data-placement='right' title='原始值：17.05'>17.0</span>", "<span data-toggle='tooltip' data-placement='right' title='原始值：8.40628'>8.41</span>", "<span data-toggle='tooltip' data-placement='right' title='原始值：8.454'>8.45</span>", "<span data-toggle='tooltip' data-placement='right' title='原始值：750.048'>750.0</span>", "<span data-toggle='tooltip' data-placement='right' title='原始值：17.032'>17.0</span>", "<span data-toggle='tooltip' data-placement='right' title='原始值：8.39209'>8.39</span>", "<span data-toggle='tooltip' data-placement='right' title='原始值：0.0236'>0.024</span>", "<span data-toggle='tooltip' data-placement='right' title='原始值：0.11066'>0.111</span>", "<span data-toggle='tooltip' data-placement='right' title='原始值：4.0893'>4.09</span>", "<span data-toggle='tooltip' data-placement='right' title='原始值：0.03106'>0.031</span>", "<span data-toggle='tooltip' data-placement='right' title='原始值：3.880942E+07'>38809420</span>", "正常"], ["云南省", "滇池流域", "<span data-toggle='tooltip' data-placement='right' title='所在地市:昆明市&#10;所属河流:滇池'>观音山</span>", "03-30 08:00", "劣Ⅴ", "<span data-toggle='tooltip' data-placement='right' title='原始值：15.86021'>15.9</span>", "<span data-toggle='tooltip' data-placement='right' title='原始值：9.14055'>9.14</span>", "<span data-toggle='tooltip' data-placement='right' title='原始值：9.419'>9.42</span>", "<span data-toggle='tooltip' data-placement='right' title='原始值：428.926'>428.9</span>", "<span data-toggle='tooltip' data-placement='right' title='原始值：26.22'>26.2</span>", "<span data-toggle='tooltip' data-placement='right' title='原始值：8.53659'>8.54</span>", "<span data-toggle='tooltip' data-placement='right' title='原始值：0.29'>0.290</span>", "<span data-toggle='tooltip' data-placement='right' title='原始值：0.098'>0.098</span>", "<span data-toggle='tooltip' data-placement='right' title='原始值：1.473'>1.47</span>", "<span data-toggle='tooltip' data-placement='right' title='原始值：0.01335'>0.013</span>", "<span data-toggle='tooltip' data-placement='right' title='原始值：4.813936E+07'>48139360</span>", "正常"], ["云南省", "西南诸河", "<span data-toggle='tooltip' data-placement='right' title='所在地市:红河哈尼族彝族自治州&#10;所属河流:红河'>河口县医院(河口)</span>", "03-30 08:00", "Ⅱ", "<span data-toggle='tooltip' data-placement='right' title='原始值：23.56301'>23.6</span>", "<span data-toggle='tooltip' data-placement='right' title='原始值：7.89839'>7.90</span>", "<span data-toggle='tooltip' data-placement='right' title='原始值：7.35087'>7.35</span>", "<span data-toggle='tooltip' data-placement='right' title='原始值：299.2729'>299.3</span>", "<span data-toggle='tooltip' data-placement='right' title='原始值：89.16284'>89.2</span>", "<span data-toggle='tooltip' data-placement='right' title='原始值：1.86288'>1.86</span>", "<span data-toggle='tooltip' data-placement='right' title='原始值：0.10743'>0.107</span>", "<span data-toggle='tooltip' data-placement='right' title='原始值：0.07067'>0.071</span>", "<span data-toggle='tooltip' data-placement='right' title='原始值：1.35868'>1.36</span>", "*", "*", "正常"], ["云南省", "西南诸河", "<span data-toggle='tooltip' data-placement='right' title='所在地市:西双版纳傣族自治州&#10;所属河流:澜沧江'>橄榄坝</span>", null, "", "--", "--", "--", "--", "--", "--", "--", "--", "--", "*", "*", "停站"], ["陕西省", "黄河流域", "<span data-toggle='tooltip' data-placement='right' title='所在地市:渭南市&#10;所属河流:渭河'>潼关吊桥</span>", "03-30 08:00", "Ⅱ", "<span data-toggle='tooltip' data-placement='right' title='原始值：17.1'>17.1</span>", "<span data-toggle='tooltip' data-placement='right' title='原始值：7.55'>7.55</span>", "<span data-toggle='tooltip' data-placement='right' title='原始值：7.92002'>7.92</span>", "<span data-toggle='tooltip' data-placement='right' title='原始值：688.9375'>688.9</span>", "<span data-toggle='tooltip' data-placement='right' title='原始值：94.4735'>94.5</span>", "<span data-toggle='tooltip' data-placement='right' title='原始值：3.7'>3.70</span>", "<span data-toggle='tooltip' data-placement='right' title='原始值：0.22'>0.220</span>", "<span data-toggle='tooltip' data-placement='right' title='原始值：0.08836'>0.088</span>", "<span data-toggle='tooltip' data-placement='right' title='原始值：7.7091'>7.71</span>", "*", "*", "正常"]]}