{"result": 1, "total": 1, "records": 98, "thead": ["省份", "流域", "断面名称", "监测时间", "水质类别", "水温<br/><span class='unit'>(℃)</span>", "pH<br/><span class='unit'>(无量纲)</span>", "溶解氧<br/><span class='unit'>(mg/L)</span>", "电导率<br/><span class='unit'>(μS/cm)</span>", "浊度<br/><span class='unit'>(NTU)</span>", "高锰酸盐指数<br/><span class='unit'>(mg/L)</span>", "氨氮<br/><span class='unit'>(mg/L)</span>", "总磷<br/><span class='unit'>(mg/L)</span>", "总氮<br/><span class='unit'>(mg/L)</span>", "叶绿素α<br/><span class='unit'>(mg/L)</span>", "藻密度<br/><span class='unit'>(cells/L)</span>", "站点情况"], "tbody": [["北京市", "海河流域", "<span data-toggle='tooltip' data-placement='right' title='所在地市:门头沟区&#10;所属河流:永定河'>沿河城</span>", "10-09 08:00", "Ⅲ", "<span data-toggle='tooltip' data-placement='right' title='原始值：15.71419'>15.7</span>", "<span data-toggle='tooltip' data-placement='right' title='原始值：8.507'>8.51</span>", "<span data-toggle='tooltip' data-placement='right' title='原始值：8.9805'>8.98</span>", "<span data-toggle='tooltip' data-placement='right' title='原始值：1505.964'>1506.0</span>", "<span data-toggle='tooltip' data-placement='right' title='原始值：14.2192'>14.2</span>", "<span data-toggle='tooltip' data-placement='right' title='原始值：5.11'>5.11</span>", "<span data-toggle='tooltip' data-placement='right' title='原始值：0.17'>0.170</span>", "<span data-toggle='tooltip' data-placement='right' title='原始值：0.03566'>0.036</span>", "<span data-toggle='tooltip' data-placement='right' title='原始值：0.78218'>0.78</span>", "*", "*", "正常"], ["北京市", "海河流域", "<span data-toggle='tooltip' data-placement='right' title='所在地市:密云区&#10;所属河流:潮河'>古北口</span>", "10-09 08:00", "Ⅱ", "<span data-toggle='tooltip' data-placement='right' title='原始值：13.76839'>13.8</span>", "<span data-toggle='tooltip' data-placement='right' title='原始值：7.48379'>7.48</span>", "<span data-toggle='tooltip' data-placement='right' title='原始值：9.72728'>9.73</span>", "<span data-toggle='tooltip' data-placement='right' title='原始值：694.2178'>694.2</span>", "<span data-toggle='tooltip' data-placement='right' title='原始值：2.49632'>2.5</span>", "<span data-toggle='tooltip' data-placement='right' title='原始值：1.3225'>1.32</span>", "<span data-toggle='tooltip' data-placement='right' title='原始值：0.17'>0.170</span>", "<span data-toggle='tooltip' data-placement='right' title='原始值：0.0031'>0.003</span>", "<span data-toggle='tooltip' data-placement='right' title='原始值：7.2734'>7.27</span>", "*", "*", "正常"], ["天津市", "海河流域", "<span data-toggle='tooltip' data-placement='right' title='所在地市:河北区&#10;所属河流:海河'>三岔口</span>", "10-09 08:00", "Ⅱ", "<span data-toggle='tooltip' data-placement='right' title='原始值：18.9249'>18.9</span>", "<span data-toggle='tooltip' data-placement='right' title='原始值：7.7041'>7.70</span>", "<span data-toggle='tooltip' data-placement='right' title='原始值：7.658'>7.66</span>", "<span data-toggle='tooltip' data-placement='right' title='原始值：605.9276'>605.9</span>", "<span data-toggle='tooltip' data-placement='right' title='原始值：14.275'>14.3</span>", "<span data-toggle='tooltip' data-placement='right' title='原始值：2.12'>2.12</span>", "<span data-toggle='tooltip' data-placement='right' title='原始值：0.16'>0.160</span>", "<span data-toggle='tooltip' data-placement='right' title='原始值：0.0054'>0.005</span>", "<span data-toggle='tooltip' data-placement='right' title='原始值：1.1536'>1.15</span>", "*", "*", "正常"], ["天津市", "海河流域", "<span data-toggle='tooltip' data-placement='right' title='所在地市:蓟州区&#10;所属河流:果河'>果河桥</span>", "10-09 08:00", "Ⅱ", "<span data-toggle='tooltip' data-placement='right' title='原始值：19.2'>19.2</span>", "<span data-toggle='tooltip' data-placement='right' title='原始值：7.96'>7.96</span>", "<span data-toggle='tooltip' data-placement='right' title='原始值：7.962'>7.96</span>", "<span data-toggle='tooltip' data-placement='right' title='原始值：701.282'>701.3</span>", "<span data-toggle='tooltip' data-placement='right' title='原始值：5.1'>5.1</span>", "<span data-toggle='tooltip' data-placement='right' title='原始值：1.8028'>1.80</span>", "<span data-toggle='tooltip' data-placement='right' title='原始值：0.31'>0.310</span>", "<span data-toggle='tooltip' data-placement='right' title='原始值：0.0559'>0.056</span>", "<span data-toggle='tooltip' data-placement='right' title='原始值：6.7071'>6.71</span>", "*", "*", "正常"], ["河北省", "海河流域", "<span data-toggle='tooltip' data-placement='right' title='所在地市:石家庄市&#10;所属河流:滹沱河'>岗南水库</span>", "10-09 08:00", "Ⅱ", "<span data-toggle='tooltip' data-placement='right' title='原始值：23.34024'>23.3</span>", "<span data-toggle='tooltip' data-placement='right' title='原始值：8.28629'>8.29</span>", "<span data-toggle='tooltip' data-placement='right' title='原始值：7.30146'>7.30</span>", "<span data-toggle='tooltip' data-placement='right' title='原始值：562.3093'>562.3</span>", "<span data-toggle='tooltip' data-placement='right' title='原始值：2.25124'>2.3</span>", "<span data-toggle='tooltip' data-placement='right' title='原始值：2.3082'>2.31</span>", "<span data-toggle='tooltip' data-placement='right' title='原始值：0.03'>0.030</span>", "<span data-toggle='tooltip' data-placement='right' title='原始值：0.01639'>0.016</span>", "<span data-toggle='tooltip' data-placement='right' title='原始值：2.58598'>2.59</span>", "*", "*", "正常"], ["河北省", "海河流域", "<span data-toggle='tooltip' data-placement='right' title='所在地市:张家口市&#10;所属河流:永定河'>八号桥</span>", "10-09 08:00", "Ⅲ", "<span data-toggle='tooltip' data-placement='right' title='原始值：13.63088'>13.6</span>", "<span data-toggle='tooltip' data-placement='right' title='原始值：7.99417'>7.99</span>", "<span data-toggle='tooltip' data-placement='right' title='原始值：8.95976'>8.96</span>", "<span data-toggle='tooltip' data-placement='right' title='原始值：1105.27'>1105.3</span>", "<span data-toggle='tooltip' data-placement='right' title='原始值：68.45711'>68.5</span>", "<span data-toggle='tooltip' data-placement='right' title='原始值：5.67'>5.67</span>", "<span data-toggle='tooltip' data-placement='right' title='原始值：0.12'>0.120</span>", "<span data-toggle='tooltip' data-placement='right' title='原始值：0.1715'>0.172</span>", "<span data-toggle='tooltip' data-placement='right' title='原始值：4.14148'>4.14</span>", "*", "*", "正常"], ["山西省", "黄河流域", "<span data-toggle='tooltip' data-placement='right' title='所在地市:运城市&#10;所属河流:汾河'>河津大桥</span>", "10-09 08:00", "Ⅲ", "<span data-toggle='tooltip' data-placement='right' title='原始值：19.05926'>19.1</span>", "<span data-toggle='tooltip' data-placement='right' title='原始值：8.08965'>8.09</span>", "<span data-toggle='tooltip' data-placement='right' title='原始值：8.93397'>8.93</span>", "<span data-toggle='tooltip' data-placement='right' title='原始值：1645.475'>1645.5</span>", "<span data-toggle='tooltip' data-placement='right' title='原始值：75.864'>75.9</span>", "<span data-toggle='tooltip' data-placement='right' title='原始值：5.25'>5.25</span>", "<span data-toggle='tooltip' data-placement='right' title='原始值：0.03'>0.030</span>", "*", "*", "*", "*", "正常"], ["山西省", "黄河流域", "<span data-toggle='tooltip' data-placement='right' title='所在地市:忻州市&#10;所属河流:黄河'>万家寨水库</span>", "10-09 08:00", "Ⅱ", "<span data-toggle='tooltip' data-placement='right' title='原始值：13.44931'>13.4</span>", "<span data-toggle='tooltip' data-placement='right' title='原始值：8.006'>8.01</span>", "<span data-toggle='tooltip' data-placement='right' title='原始值：9.94381'>9.94</span>", "<span data-toggle='tooltip' data-placement='right' title='原始值：571.9976'>572.0</span>", "<span data-toggle='tooltip' data-placement='right' title='原始值：32.35535'>32.4</span>", "<span data-toggle='tooltip' data-placement='right' title='原始值：2.58'>2.58</span>", "<span data-toggle='tooltip' data-placement='right' title='原始值：0.39'>0.390</span>", "<span data-toggle='tooltip' data-placement='right' title='原始值：0.09925'>0.099</span>", "<span data-toggle='tooltip' data-placement='right' title='原始值：5.825'>5.82</span>", "*", "*", "正常"], ["内蒙古自治区", "黄河流域", "<span data-toggle='tooltip' data-placement='right' title='所在地市:包头市&#10;所属河流:黄河'>画匠营子</span>", "10-09 08:00", "Ⅲ", "<span data-toggle='tooltip' data-placement='right' title='原始值：14.35362'>14.4</span>", "<span data-toggle='tooltip' data-placement='right' title='原始值：8.03644'>8.04</span>", "<span data-toggle='tooltip' data-placement='right' title='原始值：8.61917'>8.62</span>", "<span data-toggle='tooltip' data-placement='right' title='原始值：722.2331'>722.2</span>", "<span data-toggle='tooltip' data-placement='right' title='原始值：1675.519'>1675.5</span>", "<span data-toggle='tooltip' data-placement='right' title='原始值：4.12756'>4.13</span>", "<span data-toggle='tooltip' data-placement='right' title='原始值：0.03688'>0.037</span>", "*", "*", "*", "*", "正常"], ["内蒙古自治区", "黄河流域", "<span data-toggle='tooltip' data-placement='right' title='所在地市:乌海市&#10;所属河流:黄河'>海勃湾</span>", "10-09 08:00", "Ⅱ", "<span data-toggle='tooltip' data-placement='right' title='原始值：15.93963'>15.9</span>", "<span data-toggle='tooltip' data-placement='right' title='原始值：7.72517'>7.73</span>", "<span data-toggle='tooltip' data-placement='right' title='原始值：7.00424'>7.00</span>", "<span data-toggle='tooltip' data-placement='right' title='原始值：632.7516'>632.8</span>", "<span data-toggle='tooltip' data-placement='right' title='原始值：67.56433'>67.6</span>", "<span data-toggle='tooltip' data-placement='right' title='原始值：2.34'>2.34</span>", "<span data-toggle='tooltip' data-placement='right' title='原始值：0.1'>0.100</span>", "*", "*", "*", "*", "正常"], ["内蒙古自治区", "松花江流域", "<span data-toggle='tooltip' data-placement='right' title='所在地市:呼伦贝尔市&#10;所属河流:额尔古纳河'>黑山头</span>", null, "", "--", "--", "--", "--", "--", "--", "--", "--", "--", "*", "*", "停站"], ["辽宁省", "辽河流域", "<span data-toggle='tooltip' data-placement='right' title='所在地市:抚顺市&#10;所属河流:浑河'>大伙房水库</span>", "10-09 08:00", "", "<span data-toggle='tooltip' data-placement='right' title='原始值：19.34331'>19.3</span>", "<span data-toggle='tooltip' data-placement='right' title='原始值：7.10794'>7.11</span>", "<span data-toggle='tooltip' data-placement='right' title='原始值：9.33457'>9.33</span>", "<span data-toggle='tooltip' data-placement='right' title='原始值：286.0463'>286.0</span>", "<span data-toggle='tooltip' data-placement='right' title='原始值：8.91629'>8.9</span>", "<span data-toggle='tooltip' data-placement='right' title='原始值：2.81048'>2.81</span>", "<span data-toggle='tooltip' data-placement='right' title='原始值：0.11'>0.110</span>", "<span data-toggle='tooltip' data-placement='right' title='极值过滤'>--</span>", "<span data-toggle='tooltip' data-placement='right' title='原始值：2.05137'>2.05</span>", "<span data-toggle='tooltip' data-placement='right' title='极值过滤'>--</span>", "*", "维护"], ["辽宁省", "辽河流域", "<span data-toggle='tooltip' data-placement='right' title='所在地市:丹东市&#10;所属河流:鸭绿江'>江桥</span>", "10-09 08:00", "Ⅰ", "<span data-toggle='tooltip' data-placement='right' title='原始值：17.6'>17.6</span>", "<span data-toggle='tooltip' data-placement='right' title='原始值：6.64'>6.64</span>", "<span data-toggle='tooltip' data-placement='right' title='原始值：7.72'>7.72</span>", "<span data-toggle='tooltip' data-placement='right' title='原始值：126'>126.0</span>", "<span data-toggle='tooltip' data-placement='right' title='原始值：12.59221'>12.6</span>", "<span data-toggle='tooltip' data-placement='right' title='原始值：1.2'>1.20</span>", "<span data-toggle='tooltip' data-placement='right' title='原始值：0.02835'>0.028</span>", "<span data-toggle='tooltip' data-placement='right' title='原始值：0.01957'>0.020</span>", "<span data-toggle='tooltip' data-placement='right' title='原始值：1.92911'>1.93</span>", "*", "*", "正常"], ["辽宁省", "辽河流域", "<span data-toggle='tooltip' data-placement='right' title='所在地市:营口市&#10;所属河流:大辽河'>辽河公园</span>", "10-09 08:00", "劣Ⅴ", "<span data-toggle='tooltip' data-placement='right' title='原始值：20.71195'>20.7</span>", "<span data-toggle='tooltip' data-placement='right' title='原始值：5.81671'>5.82</span>", "<span data-toggle='tooltip' data-placement='right' title='原始值：6.81977'>6.82</span>", "<span data-toggle='tooltip' data-placement='right' title='原始值：9298.338'>9298.3</span>", "<span data-toggle='tooltip' data-placement='right' title='原始值：308.4694'>308.5</span>", "<span data-toggle='tooltip' data-placement='right' title='原始值：9.04338'>9.04</span>", "<span data-toggle='tooltip' data-placement='right' title='原始值：0.11032'>0.110</span>", "<span data-toggle='tooltip' data-placement='right' title='原始值：0.28734'>0.287</span>", "<span data-toggle='tooltip' data-placement='right' title='原始值：3.48674'>3.49</span>", "*", "*", "正常"], ["辽宁省", "辽河流域", "<span data-toggle='tooltip' data-placement='right' title='所在地市:辽阳市&#10;所属河流:太子河'>汤河水库</span>", null, "", "--", "--", "--", "--", "--", "--", "--", "--", "--", "*", "*", "停站"], ["辽宁省", "辽河流域", "<span data-toggle='tooltip' data-placement='right' title='所在地市:盘锦市&#10;所属河流:辽河'>盘锦兴安(兴安)</span>", null, "", "--", "--", "--", "--", "--", "--", "--", "--", "--", "*", "*", "停站"], ["辽宁省", "辽河流域", "<span data-toggle='tooltip' data-placement='right' title='所在地市:铁岭市&#10;所属河流:辽河'>珠尔山</span>", "10-09 08:00", "Ⅲ", "<span data-toggle='tooltip' data-placement='right' title='原始值：14.74896'>14.7</span>", "<span data-toggle='tooltip' data-placement='right' title='原始值：7.38841'>7.39</span>", "<span data-toggle='tooltip' data-placement='right' title='原始值：9.54276'>9.54</span>", "<span data-toggle='tooltip' data-placement='right' title='原始值：439.9133'>439.9</span>", "<span data-toggle='tooltip' data-placement='right' title='原始值：48.34012'>48.3</span>", "<span data-toggle='tooltip' data-placement='right' title='原始值：3.21538'>3.22</span>", "<span data-toggle='tooltip' data-placement='right' title='原始值：0.17'>0.170</span>", "<span data-toggle='tooltip' data-placement='right' title='原始值：0.1427'>0.143</span>", "<span data-toggle='tooltip' data-placement='right' title='原始值：5.23447'>5.23</span>", "*", "*", "正常"], ["吉林省", "松花江流域", "<span data-toggle='tooltip' data-placement='right' title='所在地市:长春市&#10;所属河流:松花江'>松花江村</span>", null, "", "--", "--", "--", "--", "--", "--", "--", "--", "--", "*", "*", "停站"], ["吉林省", "松花江流域", "<span data-toggle='tooltip' data-placement='right' title='所在地市:白城市&#10;所属河流:嫩江'>白沙滩</span>", null, "", "--", "--", "--", "--", "--", "--", "--", "--", "--", "*", "*", "停站"], ["吉林省", "松花江流域", "<span data-toggle='tooltip' data-placement='right' title='所在地市:延边朝鲜族自治州&#10;所属河流:图们江'>圈河</span>", "10-09 08:00", "Ⅲ", "<span data-toggle='tooltip' data-placement='right' title='原始值：15.5'>15.5</span>", "<span data-toggle='tooltip' data-placement='right' title='原始值：7.33'>7.33</span>", "<span data-toggle='tooltip' data-placement='right' title='原始值：8.47'>8.47</span>", "<span data-toggle='tooltip' data-placement='right' title='原始值：148'>148.0</span>", "<span data-toggle='tooltip' data-placement='right' title='原始值：54.00782'>54.0</span>", "<span data-toggle='tooltip' data-placement='right' title='原始值：5.53'>5.53</span>", "<span data-toggle='tooltip' data-placement='right' title='原始值：0.19037'>0.190</span>", "<span data-toggle='tooltip' data-placement='right' title='原始值：0.07888'>0.079</span>", "<span data-toggle='tooltip' data-placement='right' title='原始值：1.32239'>1.32</span>", "*", "*", "正常"], ["黑龙江省", "松花江流域", "<span data-toggle='tooltip' data-placement='right' title='所在地市:大庆市&#10;所属河流:松花江'>肇源</span>", null, "", "--", "--", "--", "--", "--", "--", "--", "--", "--", "*", "*", "停站"], ["黑龙江省", "松花江流域", "<span data-toggle='tooltip' data-placement='right' title='所在地市:佳木斯市&#10;所属河流:乌苏里江'>乌苏镇</span>", null, "", "--", "--", "--", "--", "--", "--", "--", "--", "--", "*", "*", "停站"], ["黑龙江省", "松花江流域", "<span data-toggle='tooltip' data-placement='right' title='所在地市:佳木斯市&#10;所属河流:松花江'>同江</span>", "10-09 08:00", "Ⅲ", "<span data-toggle='tooltip' data-placement='right' title='原始值：12.69026'>12.7</span>", "<span data-toggle='tooltip' data-placement='right' title='原始值：6.65626'>6.66</span>", "<span data-toggle='tooltip' data-placement='right' title='原始值：9.31252'>9.31</span>", "<span data-toggle='tooltip' data-placement='right' title='原始值：197.2659'>197.3</span>", "<span data-toggle='tooltip' data-placement='right' title='原始值：76.50211'>76.5</span>", "<span data-toggle='tooltip' data-placement='right' title='原始值：5.78164'>5.78</span>", "<span data-toggle='tooltip' data-placement='right' title='原始值：0.16548'>0.165</span>", "<span data-toggle='tooltip' data-placement='right' title='原始值：0.10254'>0.103</span>", "<span data-toggle='tooltip' data-placement='right' title='原始值：2.31341'>2.31</span>", "*", "*", "正常"], ["黑龙江省", "松花江流域", "<span data-toggle='tooltip' data-placement='right' title='所在地市:黑河市&#10;所属河流:黑龙江'>黑河下(黑河)</span>", null, "", "--", "--", "--", "--", "--", "--", "--", "--", "--", "*", "*", "停站"], ["上海市", "长江流域", "<span data-toggle='tooltip' data-placement='right' title='所在地市:青浦区&#10;所属河流:淀山湖'>急水港桥</span>", "10-09 08:00", "Ⅳ", "<span data-toggle='tooltip' data-placement='right' title='原始值：23'>23.0</span>", "<span data-toggle='tooltip' data-placement='right' title='原始值：7.03'>7.03</span>", "<span data-toggle='tooltip' data-placement='right' title='原始值：5.43'>5.43</span>", "<span data-toggle='tooltip' data-placement='right' title='原始值：472'>472.0</span>", "<span data-toggle='tooltip' data-placement='right' title='原始值：306'>306.0</span>", "<span data-toggle='tooltip' data-placement='right' title='原始值：3.29688'>3.30</span>", "<span data-toggle='tooltip' data-placement='right' title='原始值：0.37843'>0.378</span>", "<span data-toggle='tooltip' data-placement='right' title='原始值：0.06104'>0.061</span>", "<span data-toggle='tooltip' data-placement='right' title='原始值：2.20314'>2.20</span>", "<span data-toggle='tooltip' data-placement='right' title='原始值：0.00224'>0.002</span>", "<span data-toggle='tooltip' data-placement='right' title='原始值：1.79866E+07'>17986600</span>", "正常"], ["江苏省", "长江流域", "<span data-toggle='tooltip' data-placement='right' title='所在地市:南京市&#10;所属河流:长江'>林山</span>", null, "", "--", "--", "--", "--", "--", "--", "--", "--", "--", "*", "*", "停站"], ["江苏省", "太湖流域", "<span data-toggle='tooltip' data-placement='right' title='所在地市:无锡市&#10;所属河流:太湖'>沙渚</span>", null, "", "--", "--", "--", "--", "--", "--", "--", "--", "--", "--", "*", "维护"], ["江苏省", "淮河流域", "<span data-toggle='tooltip' data-placement='right' title='所在地市:徐州市&#10;所属河流:武河'>小红圈</span>", "10-09 08:00", "Ⅰ", "<span data-toggle='tooltip' data-placement='right' title='原始值：17.6'>17.6</span>", "<span data-toggle='tooltip' data-placement='right' title='原始值：7.47'>7.47</span>", "<span data-toggle='tooltip' data-placement='right' title='原始值：12.03'>12.03</span>", "<span data-toggle='tooltip' data-placement='right' title='原始值：873.9'>873.9</span>", "<span data-toggle='tooltip' data-placement='right' title='原始值：10.03'>10.0</span>", "<span data-toggle='tooltip' data-placement='right' title='原始值：1.62'>1.62</span>", "<span data-toggle='tooltip' data-placement='right' title='原始值：0.074'>0.074</span>", "*", "*", "*", "*", "正常"], ["江苏省", "淮河流域", "<span data-toggle='tooltip' data-placement='right' title='所在地市:徐州市&#10;所属河流:沿河'>李集桥</span>", "10-09 08:00", "Ⅴ", "<span data-toggle='tooltip' data-placement='right' title='原始值：19.99'>20.0</span>", "<span data-toggle='tooltip' data-placement='right' title='原始值：7.39'>7.39</span>", "<span data-toggle='tooltip' data-placement='right' title='原始值：2.81'>2.81</span>", "<span data-toggle='tooltip' data-placement='right' title='原始值：1138.7'>1138.7</span>", "<span data-toggle='tooltip' data-placement='right' title='原始值：22.97'>23.0</span>", "<span data-toggle='tooltip' data-placement='right' title='原始值：4.54'>4.54</span>", "<span data-toggle='tooltip' data-placement='right' title='原始值：0.709'>0.709</span>", "<span data-toggle='tooltip' data-placement='right' title='原始值：0.107'>0.107</span>", "<span data-toggle='tooltip' data-placement='right' title='原始值：1.443'>1.44</span>", "*", "*", "正常"], ["江苏省", "淮河流域", "<span data-toggle='tooltip' data-placement='right' title='所在地市:徐州市&#10;所属河流:邳苍分洪道'>艾山西大桥</span>", "10-09 08:00", "Ⅱ", "<span data-toggle='tooltip' data-placement='right' title='原始值：17.4351'>17.4</span>", "<span data-toggle='tooltip' data-placement='right' title='原始值：8.26445'>8.26</span>", "<span data-toggle='tooltip' data-placement='right' title='原始值：10.9689'>10.97</span>", "<span data-toggle='tooltip' data-placement='right' title='原始值：917.825'>917.8</span>", "<span data-toggle='tooltip' data-placement='right' title='原始值：19.4523'>19.5</span>", "<span data-toggle='tooltip' data-placement='right' title='原始值：3.76'>3.76</span>", "<span data-toggle='tooltip' data-placement='right' title='原始值：0.11'>0.110</span>", "<span data-toggle='tooltip' data-placement='right' title='原始值：0.06027'>0.060</span>", "<span data-toggle='tooltip' data-placement='right' title='原始值：11.66322'>11.66</span>", "*", "*", "正常"], ["江苏省", "太湖流域", "<span data-toggle='tooltip' data-placement='right' title='所在地市:苏州市&#10;所属河流:太湖'>兰山嘴(老)</span>", null, "", "--", "--", "--", "--", "--", "--", "--", "--", "--", "--", "*", "维护"], ["江苏省", "太湖流域", "<span data-toggle='tooltip' data-placement='right' title='所在地市:苏州市&#10;所属河流:太湖'>西山</span>", null, "", "--", "--", "--", "--", "--", "--", "--", "--", "--", "--", "*", "维护"], ["江苏省", "淮河流域", "<span data-toggle='tooltip' data-placement='right' title='所在地市:连云港市&#10;所属河流:新沭河'>大兴桥</span>", "10-09 08:00", "Ⅲ", "<span data-toggle='tooltip' data-placement='right' title='原始值：19.7'>19.7</span>", "<span data-toggle='tooltip' data-placement='right' title='原始值：7.67'>7.67</span>", "<span data-toggle='tooltip' data-placement='right' title='原始值：8.83'>8.83</span>", "<span data-toggle='tooltip' data-placement='right' title='原始值：665.3'>665.3</span>", "<span data-toggle='tooltip' data-placement='right' title='原始值：42.39'>42.4</span>", "<span data-toggle='tooltip' data-placement='right' title='原始值：4.43'>4.43</span>", "<span data-toggle='tooltip' data-placement='right' title='原始值：0.084'>0.084</span>", "*", "*", "*", "*", "正常"], ["江苏省", "淮河流域", "<span data-toggle='tooltip' data-placement='right' title='所在地市:淮安市&#10;所属河流:淮河'>淮河大桥</span>", "10-09 08:00", "", "<span data-toggle='tooltip' data-placement='right' title='原始值：21.9738'>22.0</span>", "<span data-toggle='tooltip' data-placement='right' title='原始值：7.84012'>7.84</span>", "<span data-toggle='tooltip' data-placement='right' title='原始值：6.37568'>6.38</span>", "<span data-toggle='tooltip' data-placement='right' title='原始值：451.349'>451.3</span>", "<span data-toggle='tooltip' data-placement='right' title='原始值：53.13407'>53.1</span>", "<span data-toggle='tooltip' data-placement='right' title='原始值：3.7'>3.70</span>", "<span data-toggle='tooltip' data-placement='right' title='原始值：0.19'>0.190</span>", "<span data-toggle='tooltip' data-placement='right' title='极值过滤'>--</span>", "<span data-toggle='tooltip' data-placement='right' title='极值过滤'>--</span>", "*", "*", "维护"], ["江苏省", "长江流域", "<span data-toggle='tooltip' data-placement='right' title='所在地市:扬州市&#10;所属河流:夹江'>三江营</span>", "10-09 08:00", "Ⅱ", "<span data-toggle='tooltip' data-placement='right' title='原始值：22.75'>22.8</span>", "<span data-toggle='tooltip' data-placement='right' title='原始值：7.8'>7.80</span>", "<span data-toggle='tooltip' data-placement='right' title='原始值：6.84'>6.84</span>", "<span data-toggle='tooltip' data-placement='right' title='原始值：298.43'>298.4</span>", "<span data-toggle='tooltip' data-placement='right' title='原始值：33.29'>33.3</span>", "<span data-toggle='tooltip' data-placement='right' title='原始值：1.811'>1.81</span>", "<span data-toggle='tooltip' data-placement='right' title='原始值：0.045'>0.045</span>", "<span data-toggle='tooltip' data-placement='right' title='原始值：0.063'>0.063</span>", "<span data-toggle='tooltip' data-placement='right' title='原始值：1.49'>1.49</span>", "*", "*", "正常"], ["江苏省", "淮河流域", "<span data-toggle='tooltip' data-placement='right' title='所在地市:宿迁市&#10;所属河流:新濉河'>大屈</span>", "10-09 08:00", "Ⅲ", "<span data-toggle='tooltip' data-placement='right' title='原始值：20.8'>20.8</span>", "<span data-toggle='tooltip' data-placement='right' title='原始值：8.29'>8.29</span>", "<span data-toggle='tooltip' data-placement='right' title='原始值：9.28'>9.28</span>", "<span data-toggle='tooltip' data-placement='right' title='原始值：769.1'>769.1</span>", "<span data-toggle='tooltip' data-placement='right' title='原始值：35.58'>35.6</span>", "<span data-toggle='tooltip' data-placement='right' title='原始值：4.5'>4.50</span>", "<span data-toggle='tooltip' data-placement='right' title='原始值：0.05'>0.050</span>", "<span data-toggle='tooltip' data-placement='right' title='原始值：0.11'>0.110</span>", "<span data-toggle='tooltip' data-placement='right' title='原始值：0.812'>0.81</span>", "*", "*", "正常"], ["浙江省", "浙闽片河流", "<span data-toggle='tooltip' data-placement='right' title='所在地市:杭州市&#10;所属河流:新安江'>街口(鸠坑口)</span>", "10-09 08:00", "", "<span data-toggle='tooltip' data-placement='right' title='原始值：22.54'>22.5</span>", "<span data-toggle='tooltip' data-placement='right' title='原始值：7.66'>7.66</span>", "<span data-toggle='tooltip' data-placement='right' title='原始值：8.81'>8.81</span>", "<span data-toggle='tooltip' data-placement='right' title='原始值：157.57'>157.6</span>", "<span data-toggle='tooltip' data-placement='right' title='原始值：49.45'>49.4</span>", "<span data-toggle='tooltip' data-placement='right' title='原始值：1.505'>1.50</span>", "<span data-toggle='tooltip' data-placement='right' title='极值过滤'>--</span>", "<span data-toggle='tooltip' data-placement='right' title='原始值：0.018'>0.018</span>", "<span data-toggle='tooltip' data-placement='right' title='原始值：0.661'>0.66</span>", "*", "*", "维护"], ["浙江省", "太湖流域", "<span data-toggle='tooltip' data-placement='right' title='所在地市:嘉兴市&#10;所属河流:斜路港河'>斜路港</span>", "10-09 08:00", "Ⅳ", "<span data-toggle='tooltip' data-placement='right' title='原始值：22.7'>22.7</span>", "<span data-toggle='tooltip' data-placement='right' title='原始值：7.24'>7.24</span>", "<span data-toggle='tooltip' data-placement='right' title='原始值：3.48'>3.48</span>", "<span data-toggle='tooltip' data-placement='right' title='原始值：513'>513.0</span>", "<span data-toggle='tooltip' data-placement='right' title='原始值：75.5'>75.5</span>", "<span data-toggle='tooltip' data-placement='right' title='原始值：5.07'>5.07</span>", "<span data-toggle='tooltip' data-placement='right' title='原始值：0.14165'>0.142</span>", "<span data-toggle='tooltip' data-placement='right' title='原始值：0.07546'>0.075</span>", "<span data-toggle='tooltip' data-placement='right' title='原始值：1.26955'>1.27</span>", "*", "*", "正常"], ["浙江省", "太湖流域", "<span data-toggle='tooltip' data-placement='right' title='所在地市:嘉兴市&#10;所属河流:京杭运河'>王江泾</span>", "10-09 08:00", "Ⅱ", "<span data-toggle='tooltip' data-placement='right' title='原始值：23.1'>23.1</span>", "<span data-toggle='tooltip' data-placement='right' title='原始值：7.36'>7.36</span>", "<span data-toggle='tooltip' data-placement='right' title='原始值：6.62'>6.62</span>", "<span data-toggle='tooltip' data-placement='right' title='原始值：518.11'>518.1</span>", "<span data-toggle='tooltip' data-placement='right' title='原始值：70.7'>70.7</span>", "<span data-toggle='tooltip' data-placement='right' title='原始值：3.821'>3.82</span>", "<span data-toggle='tooltip' data-placement='right' title='原始值：0.05'>0.050</span>", "<span data-toggle='tooltip' data-placement='right' title='原始值：0.067'>0.067</span>", "<span data-toggle='tooltip' data-placement='right' title='原始值：1.103'>1.10</span>", "*", "*", "正常"], ["浙江省", "太湖流域", "<span data-toggle='tooltip' data-placement='right' title='所在地市:湖州市&#10;所属河流:西苕溪'>新港口(新塘港)</span>", null, "", "--", "--", "--", "--", "--", "--", "--", "--", "--", "--", "*", "维护"], ["安徽省", "巢湖流域", "<span data-toggle='tooltip' data-placement='right' title='所在地市:合肥市&#10;所属河流:巢湖'>湖滨(老)</span>", "10-09 08:00", "Ⅲ", "<span data-toggle='tooltip' data-placement='right' title='原始值：19.877'>19.9</span>", "<span data-toggle='tooltip' data-placement='right' title='原始值：6.58079'>6.58</span>", "<span data-toggle='tooltip' data-placement='right' title='原始值：6.40391'>6.40</span>", "<span data-toggle='tooltip' data-placement='right' title='原始值：290.3256'>290.3</span>", "<span data-toggle='tooltip' data-placement='right' title='原始值：117.0091'>117.0</span>", "<span data-toggle='tooltip' data-placement='right' title='原始值：4.99'>4.99</span>", "<span data-toggle='tooltip' data-placement='right' title='原始值：0.29'>0.290</span>", "<span data-toggle='tooltip' data-placement='right' title='原始值：0.0477'>0.048</span>", "<span data-toggle='tooltip' data-placement='right' title='原始值：2.526'>2.53</span>", "<span data-toggle='tooltip' data-placement='right' title='原始值：0.01329'>0.013</span>", "*", "正常"], ["安徽省", "巢湖流域", "<span data-toggle='tooltip' data-placement='right' title='所在地市:芜湖市&#10;所属河流:巢湖'>裕溪口(老)</span>", "10-09 08:00", "Ⅴ", "<span data-toggle='tooltip' data-placement='right' title='原始值：21.61683'>21.6</span>", "<span data-toggle='tooltip' data-placement='right' title='原始值：7.82126'>7.82</span>", "<span data-toggle='tooltip' data-placement='right' title='原始值：8.20321'>8.20</span>", "<span data-toggle='tooltip' data-placement='right' title='原始值：269.5823'>269.6</span>", "<span data-toggle='tooltip' data-placement='right' title='原始值：112.9147'>112.9</span>", "<span data-toggle='tooltip' data-placement='right' title='原始值：3.8'>3.80</span>", "<span data-toggle='tooltip' data-placement='right' title='原始值：0.18'>0.180</span>", "<span data-toggle='tooltip' data-placement='right' title='原始值：0.1049'>0.105</span>", "<span data-toggle='tooltip' data-placement='right' title='原始值：2.394'>2.39</span>", "*", "*", "正常"], ["安徽省", "淮河流域", "<span data-toggle='tooltip' data-placement='right' title='所在地市:蚌埠市&#10;所属河流:淮河'>蚌埠闸上(蚌埠闸)</span>", "10-09 08:00", "Ⅲ", "<span data-toggle='tooltip' data-placement='right' title='原始值：23.65'>23.6</span>", "<span data-toggle='tooltip' data-placement='right' title='原始值：7.39'>7.39</span>", "<span data-toggle='tooltip' data-placement='right' title='原始值：8.95'>8.95</span>", "<span data-toggle='tooltip' data-placement='right' title='原始值：579.35'>579.4</span>", "<span data-toggle='tooltip' data-placement='right' title='原始值：181.35'>181.4</span>", "<span data-toggle='tooltip' data-placement='right' title='原始值：3.056'>3.06</span>", "<span data-toggle='tooltip' data-placement='right' title='原始值：0.192'>0.192</span>", "<span data-toggle='tooltip' data-placement='right' title='原始值：0.191'>0.191</span>", "<span data-toggle='tooltip' data-placement='right' title='原始值：1.275'>1.28</span>", "*", "*", "正常"], ["安徽省", "淮河流域", "<span data-toggle='tooltip' data-placement='right' title='所在地市:淮南市&#10;所属河流:淮河'>石头埠(老)</span>", "10-09 08:00", "", "<span data-toggle='tooltip' data-placement='right' title='原始值：21.32449'>21.3</span>", "<span data-toggle='tooltip' data-placement='right' title='原始值：7.24855'>7.25</span>", "<span data-toggle='tooltip' data-placement='right' title='原始值：4.09069'>4.09</span>", "<span data-toggle='tooltip' data-placement='right' title='原始值：196.7148'>196.7</span>", "<span data-toggle='tooltip' data-placement='right' title='原始值：71.85777'>71.9</span>", "<span data-toggle='tooltip' data-placement='right' title='极值过滤'>--</span>", "<span data-toggle='tooltip' data-placement='right' title='原始值：0.16'>0.160</span>", "*", "*", "*", "*", "维护"], ["安徽省", "淮河流域", "<span data-toggle='tooltip' data-placement='right' title='所在地市:淮北市&#10;所属河流:沱河'>小王桥</span>", "10-09 08:00", "Ⅴ", "<span data-toggle='tooltip' data-placement='right' title='原始值：20.77'>20.8</span>", "<span data-toggle='tooltip' data-placement='right' title='原始值：8.04'>8.04</span>", "<span data-toggle='tooltip' data-placement='right' title='原始值：4.72'>4.72</span>", "<span data-toggle='tooltip' data-placement='right' title='原始值：1367.08'>1367.1</span>", "<span data-toggle='tooltip' data-placement='right' title='原始值：27.82'>27.8</span>", "<span data-toggle='tooltip' data-placement='right' title='原始值：7.314'>7.31</span>", "<span data-toggle='tooltip' data-placement='right' title='原始值：0.179'>0.179</span>", "<span data-toggle='tooltip' data-placement='right' title='原始值：0.372'>0.372</span>", "<span data-toggle='tooltip' data-placement='right' title='原始值：1.033'>1.03</span>", "*", "*", "正常"], ["安徽省", "长江流域", "<span data-toggle='tooltip' data-placement='right' title='所在地市:安庆市&#10;所属河流:长江'>皖河口</span>", "10-09 08:00", "Ⅱ", "<span data-toggle='tooltip' data-placement='right' title='原始值：21.72'>21.7</span>", "<span data-toggle='tooltip' data-placement='right' title='原始值：7.344'>7.34</span>", "<span data-toggle='tooltip' data-placement='right' title='原始值：6.95'>6.95</span>", "<span data-toggle='tooltip' data-placement='right' title='原始值：276.3'>276.3</span>", "<span data-toggle='tooltip' data-placement='right' title='原始值：6.08'>6.1</span>", "<span data-toggle='tooltip' data-placement='right' title='原始值：2.034'>2.03</span>", "<span data-toggle='tooltip' data-placement='right' title='原始值：0.037'>0.037</span>", "<span data-toggle='tooltip' data-placement='right' title='原始值：0.0574'>0.057</span>", "<span data-toggle='tooltip' data-placement='right' title='原始值：2.121'>2.12</span>", "*", "*", "正常"], ["安徽省", "淮河流域", "<span data-toggle='tooltip' data-placement='right' title='所在地市:滁州市&#10;所属河流:淮河'>小柳巷</span>", "10-09 04:00", "Ⅲ", "<span data-toggle='tooltip' data-placement='right' title='原始值：22.5'>22.5</span>", "<span data-toggle='tooltip' data-placement='right' title='原始值：7.33'>7.33</span>", "<span data-toggle='tooltip' data-placement='right' title='原始值：6.02'>6.02</span>", "<span data-toggle='tooltip' data-placement='right' title='原始值：408'>408.0</span>", "<span data-toggle='tooltip' data-placement='right' title='原始值：180.25'>180.2</span>", "<span data-toggle='tooltip' data-placement='right' title='原始值：2.96'>2.96</span>", "<span data-toggle='tooltip' data-placement='right' title='原始值：0.08'>0.080</span>", "<span data-toggle='tooltip' data-placement='right' title='原始值：0.148'>0.148</span>", "<span data-toggle='tooltip' data-placement='right' title='原始值：1.562'>1.56</span>", "*", "*", "正常"], ["安徽省", "淮河流域", "<span data-toggle='tooltip' data-placement='right' title='所在地市:阜阳市&#10;所属河流:黑茨河'>张大桥</span>", null, "", "--", "--", "--", "--", "--", "--", "--", "--", "--", "*", "*", "停站"], ["安徽省", "淮河流域", "<span data-toggle='tooltip' data-placement='right' title='所在地市:阜阳市&#10;所属河流:淮河'>王家坝</span>", "10-09 08:00", "Ⅳ", "<span data-toggle='tooltip' data-placement='right' title='原始值：19.19'>19.2</span>", "<span data-toggle='tooltip' data-placement='right' title='原始值：7.22898'>7.23</span>", "<span data-toggle='tooltip' data-placement='right' title='原始值：5.54731'>5.55</span>", "<span data-toggle='tooltip' data-placement='right' title='原始值：430.7032'>430.7</span>", "<span data-toggle='tooltip' data-placement='right' title='原始值：54.74876'>54.7</span>", "<span data-toggle='tooltip' data-placement='right' title='原始值：2.95'>2.95</span>", "<span data-toggle='tooltip' data-placement='right' title='原始值：0.227'>0.227</span>", "<span data-toggle='tooltip' data-placement='right' title='原始值：0.23124'>0.231</span>", "<span data-toggle='tooltip' data-placement='right' title='原始值：2.11359'>2.11</span>", "*", "*", "正常"], ["安徽省", "淮河流域", "<span data-toggle='tooltip' data-placement='right' title='所在地市:阜阳市&#10;所属河流:颍河'>界首七渡口(七渡口)</span>", "10-09 08:00", "Ⅳ", "<span data-toggle='tooltip' data-placement='right' title='原始值：21.21844'>21.2</span>", "<span data-toggle='tooltip' data-placement='right' title='原始值：8.40073'>8.40</span>", "<span data-toggle='tooltip' data-placement='right' title='原始值：3.6404'>3.64</span>", "<span data-toggle='tooltip' data-placement='right' title='原始值：910.319'>910.3</span>", "<span data-toggle='tooltip' data-placement='right' title='原始值：19.93406'>19.9</span>", "<span data-toggle='tooltip' data-placement='right' title='原始值：3.78'>3.78</span>", "<span data-toggle='tooltip' data-placement='right' title='原始值：0.64'>0.640</span>", "<span data-toggle='tooltip' data-placement='right' title='原始值：0.11806'>0.118</span>", "<span data-toggle='tooltip' data-placement='right' title='原始值：3.11137'>3.11</span>", "*", "*", "正常"], ["安徽省", "淮河流域", "<span data-toggle='tooltip' data-placement='right' title='所在地市:阜阳市&#10;所属河流:泉河'>许庄(徐庄)</span>", "10-09 08:00", "", "<span data-toggle='tooltip' data-placement='right' title='原始值：18.9'>18.9</span>", "<span data-toggle='tooltip' data-placement='right' title='原始值：7.72'>7.72</span>", "<span data-toggle='tooltip' data-placement='right' title='原始值：5.95'>5.95</span>", "<span data-toggle='tooltip' data-placement='right' title='原始值：844.1'>844.1</span>", "<span data-toggle='tooltip' data-placement='right' title='原始值：64.85'>64.8</span>", "<span data-toggle='tooltip' data-placement='right' title='极值过滤'>--</span>", "<span data-toggle='tooltip' data-placement='right' title='原始值：0.02'>0.020</span>", "<span data-toggle='tooltip' data-placement='right' title='原始值：0.124'>0.124</span>", "<span data-toggle='tooltip' data-placement='right' title='原始值：1.617'>1.62</span>", "*", "*", "维护"], ["安徽省", "淮河流域", "<span data-toggle='tooltip' data-placement='right' title='所在地市:宿州市&#10;所属河流:奎河'>杨庄</span>", "10-09 08:00", "Ⅲ", "<span data-toggle='tooltip' data-placement='right' title='原始值：20.25'>20.2</span>", "<span data-toggle='tooltip' data-placement='right' title='原始值：7.77'>7.77</span>", "<span data-toggle='tooltip' data-placement='right' title='原始值：8.35'>8.35</span>", "<span data-toggle='tooltip' data-placement='right' title='原始值：922.7'>922.7</span>", "<span data-toggle='tooltip' data-placement='right' title='原始值：48.37'>48.4</span>", "<span data-toggle='tooltip' data-placement='right' title='原始值：5.12'>5.12</span>", "<span data-toggle='tooltip' data-placement='right' title='原始值：0.789'>0.789</span>", "*", "*", "*", "*", "正常"], ["安徽省", "淮河流域", "<span data-toggle='tooltip' data-placement='right' title='所在地市:宿州市&#10;所属河流:新汴河'>泗县公路桥</span>", "10-09 08:00", "Ⅳ", "<span data-toggle='tooltip' data-placement='right' title='原始值：20.81'>20.8</span>", "<span data-toggle='tooltip' data-placement='right' title='原始值：8.46'>8.46</span>", "<span data-toggle='tooltip' data-placement='right' title='原始值：9.06'>9.06</span>", "<span data-toggle='tooltip' data-placement='right' title='原始值：950.1'>950.1</span>", "<span data-toggle='tooltip' data-placement='right' title='原始值：47.47'>47.5</span>", "<span data-toggle='tooltip' data-placement='right' title='原始值：7.34'>7.34</span>", "<span data-toggle='tooltip' data-placement='right' title='原始值：0.073'>0.073</span>", "*", "*", "*", "*", "正常"], ["安徽省", "淮河流域", "<span data-toggle='tooltip' data-placement='right' title='所在地市:亳州市&#10;所属河流:包河'>颜集</span>", "10-09 08:00", "劣Ⅴ", "<span data-toggle='tooltip' data-placement='right' title='原始值：17.1'>17.1</span>", "<span data-toggle='tooltip' data-placement='right' title='原始值：7.99'>7.99</span>", "<span data-toggle='tooltip' data-placement='right' title='原始值：6.78'>6.78</span>", "<span data-toggle='tooltip' data-placement='right' title='原始值：1915.3'>1915.3</span>", "<span data-toggle='tooltip' data-placement='right' title='原始值：300.08'>300.1</span>", "<span data-toggle='tooltip' data-placement='right' title='原始值：6.21'>6.21</span>", "<span data-toggle='tooltip' data-placement='right' title='原始值：0.74'>0.740</span>", "<span data-toggle='tooltip' data-placement='right' title='原始值：0.426'>0.426</span>", "<span data-toggle='tooltip' data-placement='right' title='原始值：3.244'>3.24</span>", "*", "*", "正常"], ["福建省", "浙闽片河流", "<span data-toggle='tooltip' data-placement='right' title='所在地市:福州市&#10;所属河流:闽江'>白岩潭</span>", "10-09 08:00", "Ⅱ", "<span data-toggle='tooltip' data-placement='right' title='原始值：25.89'>25.9</span>", "<span data-toggle='tooltip' data-placement='right' title='原始值：6.86'>6.86</span>", "<span data-toggle='tooltip' data-placement='right' title='原始值：8.04'>8.04</span>", "<span data-toggle='tooltip' data-placement='right' title='原始值：241.2'>241.2</span>", "<span data-toggle='tooltip' data-placement='right' title='原始值：75.45'>75.4</span>", "<span data-toggle='tooltip' data-placement='right' title='原始值：2.5'>2.50</span>", "<span data-toggle='tooltip' data-placement='right' title='原始值：0.108'>0.108</span>", "*", "*", "*", "*", "正常"], ["江西省", "长江流域", "<span data-toggle='tooltip' data-placement='right' title='所在地市:南昌市&#10;所属河流:赣江南支'>滁槎</span>", null, "", "--", "--", "--", "--", "--", "--", "--", "--", "--", "*", "*", "维护"], ["江西省", "长江流域", "<span data-toggle='tooltip' data-placement='right' title='所在地市:九江市&#10;所属河流:长江'>姚港(河西水厂)</span>", "10-09 08:00", "", "<span data-toggle='tooltip' data-placement='right' title='原始值：20.62'>20.6</span>", "<span data-toggle='tooltip' data-placement='right' title='原始值：7.4'>7.40</span>", "<span data-toggle='tooltip' data-placement='right' title='原始值：7.86'>7.86</span>", "<span data-toggle='tooltip' data-placement='right' title='原始值：309.68'>309.7</span>", "<span data-toggle='tooltip' data-placement='right' title='原始值：46.89'>46.9</span>", "<span data-toggle='tooltip' data-placement='right' title='原始值：1.245'>1.24</span>", "<span data-toggle='tooltip' data-placement='right' title='极值过滤'>--</span>", "<span data-toggle='tooltip' data-placement='right' title='原始值：0.085'>0.085</span>", "<span data-toggle='tooltip' data-placement='right' title='原始值：1.3'>1.30</span>", "*", "*", "维护"], ["江西省", "长江流域", "<span data-toggle='tooltip' data-placement='right' title='所在地市:九江市&#10;所属河流:鄱阳湖'>蛤蟆石</span>", "10-09 08:00", "Ⅲ", "<span data-toggle='tooltip' data-placement='right' title='原始值：20.84'>20.8</span>", "<span data-toggle='tooltip' data-placement='right' title='原始值：7.22'>7.22</span>", "<span data-toggle='tooltip' data-placement='right' title='原始值：8.58'>8.58</span>", "<span data-toggle='tooltip' data-placement='right' title='原始值：153.43'>153.4</span>", "<span data-toggle='tooltip' data-placement='right' title='原始值：21.48'>21.5</span>", "<span data-toggle='tooltip' data-placement='right' title='原始值：2.015'>2.02</span>", "<span data-toggle='tooltip' data-placement='right' title='原始值：0.019'>0.019</span>", "<span data-toggle='tooltip' data-placement='right' title='原始值：0.0326'>0.033</span>", "<span data-toggle='tooltip' data-placement='right' title='原始值：2.373'>2.37</span>", "<span data-toggle='tooltip' data-placement='right' title='原始值：0.00715'>0.007</span>", "<span data-toggle='tooltip' data-placement='right' title='原始值：1787742'>1787742</span>", "正常"], ["山东省", "黄河流域", "<span data-toggle='tooltip' data-placement='right' title='所在地市:济南市&#10;所属河流:黄河'>泺口</span>", "10-09 08:00", "Ⅱ", "<span data-toggle='tooltip' data-placement='right' title='原始值：18.3076'>18.3</span>", "<span data-toggle='tooltip' data-placement='right' title='原始值：8.18778'>8.19</span>", "<span data-toggle='tooltip' data-placement='right' title='原始值：8.89841'>8.90</span>", "<span data-toggle='tooltip' data-placement='right' title='原始值：729.555'>729.6</span>", "<span data-toggle='tooltip' data-placement='right' title='原始值：2030.08'>2030.1</span>", "<span data-toggle='tooltip' data-placement='right' title='原始值：2.45'>2.45</span>", "<span data-toggle='tooltip' data-placement='right' title='原始值：0.10323'>0.103</span>", "<span data-toggle='tooltip' data-placement='right' title='原始值：0.01351'>0.014</span>", "<span data-toggle='tooltip' data-placement='right' title='原始值：3.135'>3.14</span>", "*", "*", "正常"], ["山东省", "淮河流域", "<span data-toggle='tooltip' data-placement='right' title='所在地市:枣庄市&#10;所属河流:京杭大运河（韩庄运河）'>台儿庄大桥</span>", "10-09 08:00", "Ⅱ", "<span data-toggle='tooltip' data-placement='right' title='原始值：20.76'>20.8</span>", "<span data-toggle='tooltip' data-placement='right' title='原始值：7.83276'>7.83</span>", "<span data-toggle='tooltip' data-placement='right' title='原始值：7.2262'>7.23</span>", "<span data-toggle='tooltip' data-placement='right' title='原始值：842.5714'>842.6</span>", "<span data-toggle='tooltip' data-placement='right' title='原始值：39.01208'>39.0</span>", "<span data-toggle='tooltip' data-placement='right' title='原始值：3.58383'>3.58</span>", "<span data-toggle='tooltip' data-placement='right' title='原始值：0.05234'>0.052</span>", "<span data-toggle='tooltip' data-placement='right' title='原始值：0.06363'>0.064</span>", "<span data-toggle='tooltip' data-placement='right' title='原始值：1.85964'>1.86</span>", "*", "*", "正常"], ["山东省", "淮河流域", "<span data-toggle='tooltip' data-placement='right' title='所在地市:临沂市&#10;所属河流:沭河'>清泉寺</span>", "10-09 08:00", "Ⅳ", "<span data-toggle='tooltip' data-placement='right' title='原始值：19.60823'>19.6</span>", "<span data-toggle='tooltip' data-placement='right' title='原始值：7.92714'>7.93</span>", "<span data-toggle='tooltip' data-placement='right' title='原始值：4.99821'>5.00</span>", "<span data-toggle='tooltip' data-placement='right' title='原始值：810.9349'>810.9</span>", "<span data-toggle='tooltip' data-placement='right' title='原始值：26.39355'>26.4</span>", "<span data-toggle='tooltip' data-placement='right' title='原始值：5.64001'>5.64</span>", "<span data-toggle='tooltip' data-placement='right' title='原始值：0.28'>0.280</span>", "*", "*", "*", "*", "正常"], ["山东省", "淮河流域", "<span data-toggle='tooltip' data-placement='right' title='所在地市:临沂市&#10;所属河流:沂河'>重坊桥</span>", "10-09 08:00", "Ⅱ", "<span data-toggle='tooltip' data-placement='right' title='原始值：19.5'>19.5</span>", "<span data-toggle='tooltip' data-placement='right' title='原始值：8.32589'>8.33</span>", "<span data-toggle='tooltip' data-placement='right' title='原始值：9.18056'>9.18</span>", "<span data-toggle='tooltip' data-placement='right' title='原始值：652.2056'>652.2</span>", "<span data-toggle='tooltip' data-placement='right' title='原始值：10.95421'>11.0</span>", "<span data-toggle='tooltip' data-placement='right' title='原始值：3.22'>3.22</span>", "<span data-toggle='tooltip' data-placement='right' title='原始值：0.06508'>0.065</span>", "*", "*", "*", "*", "正常"], ["山东省", "淮河流域", "<span data-toggle='tooltip' data-placement='right' title='所在地市:临沂市&#10;所属河流:白马河'>捷庄(涝沟桥)</span>", "10-09 08:00", "Ⅲ", "<span data-toggle='tooltip' data-placement='right' title='原始值：18.4'>18.4</span>", "<span data-toggle='tooltip' data-placement='right' title='原始值：7.8'>7.80</span>", "<span data-toggle='tooltip' data-placement='right' title='原始值：9.38492'>9.38</span>", "<span data-toggle='tooltip' data-placement='right' title='原始值：854.5078'>854.5</span>", "<span data-toggle='tooltip' data-placement='right' title='原始值：117.9008'>117.9</span>", "<span data-toggle='tooltip' data-placement='right' title='原始值：5.93'>5.93</span>", "<span data-toggle='tooltip' data-placement='right' title='原始值：0.02759'>0.028</span>", "<span data-toggle='tooltip' data-placement='right' title='原始值：0.11851'>0.119</span>", "<span data-toggle='tooltip' data-placement='right' title='原始值：3.25836'>3.26</span>", "*", "*", "正常"], ["山东省", "海河流域", "<span data-toggle='tooltip' data-placement='right' title='所在地市:聊城市&#10;所属河流:卫运河'>秤勾湾(秤钩湾)</span>", null, "", "--", "--", "--", "--", "--", "--", "--", "--", "--", "*", "*", "停站"], ["河南省", "长江流域", "<span data-toggle='tooltip' data-placement='right' title='所在地市:南阳市&#10;所属河流:丹江口水库'>陶岔</span>", "10-09 08:00", "Ⅱ", "<span data-toggle='tooltip' data-placement='right' title='原始值：22.16'>22.2</span>", "<span data-toggle='tooltip' data-placement='right' title='原始值：7.71683'>7.72</span>", "<span data-toggle='tooltip' data-placement='right' title='原始值：7.61984'>7.62</span>", "<span data-toggle='tooltip' data-placement='right' title='原始值：280.2545'>280.3</span>", "<span data-toggle='tooltip' data-placement='right' title='原始值：2.48943'>2.5</span>", "<span data-toggle='tooltip' data-placement='right' title='原始值：1.91'>1.91</span>", "<span data-toggle='tooltip' data-placement='right' title='原始值：0.01189'>0.012</span>", "<span data-toggle='tooltip' data-placement='right' title='原始值：0.01106'>0.011</span>", "<span data-toggle='tooltip' data-placement='right' title='原始值：0.89472'>0.89</span>", "<span data-toggle='tooltip' data-placement='right' title='原始值：0.00499'>0.005</span>", "<span data-toggle='tooltip' data-placement='right' title='原始值：83291.31'>83291</span>", "正常"], ["河南省", "淮河流域", "<span data-toggle='tooltip' data-placement='right' title='所在地市:商丘市&#10;所属河流:浍河'>黄口</span>", "10-09 08:00", "Ⅳ", "<span data-toggle='tooltip' data-placement='right' title='原始值：17.9'>17.9</span>", "<span data-toggle='tooltip' data-placement='right' title='原始值：7.45'>7.45</span>", "<span data-toggle='tooltip' data-placement='right' title='原始值：8.14992'>8.15</span>", "<span data-toggle='tooltip' data-placement='right' title='原始值：2193.242'>2193.2</span>", "<span data-toggle='tooltip' data-placement='right' title='原始值：62.83176'>62.8</span>", "<span data-toggle='tooltip' data-placement='right' title='原始值：6.65'>6.65</span>", "<span data-toggle='tooltip' data-placement='right' title='原始值：0.08095'>0.081</span>", "<span data-toggle='tooltip' data-placement='right' title='原始值：0.1069'>0.107</span>", "<span data-toggle='tooltip' data-placement='right' title='原始值：7.43896'>7.44</span>", "*", "*", "正常"], ["河南省", "淮河流域", "<span data-toggle='tooltip' data-placement='right' title='所在地市:信阳市&#10;所属河流:史灌河'>蒋集</span>", "10-09 08:00", "Ⅲ", "<span data-toggle='tooltip' data-placement='right' title='原始值：19.5'>19.5</span>", "<span data-toggle='tooltip' data-placement='right' title='原始值：6.84953'>6.85</span>", "<span data-toggle='tooltip' data-placement='right' title='原始值：5.99906'>6.00</span>", "<span data-toggle='tooltip' data-placement='right' title='原始值：179.4453'>179.4</span>", "<span data-toggle='tooltip' data-placement='right' title='原始值：328.4828'>328.5</span>", "<span data-toggle='tooltip' data-placement='right' title='原始值：3.63'>3.63</span>", "<span data-toggle='tooltip' data-placement='right' title='原始值：0.15918'>0.159</span>", "*", "*", "*", "*", "正常"], ["河南省", "淮河流域", "<span data-toggle='tooltip' data-placement='right' title='所在地市:信阳市&#10;所属河流:淮河'>淮滨水文站(淮滨)</span>", "10-09 08:00", "", "<span data-toggle='tooltip' data-placement='right' title='原始值：18.1'>18.1</span>", "<span data-toggle='tooltip' data-placement='right' title='原始值：7.14'>7.14</span>", "<span data-toggle='tooltip' data-placement='right' title='原始值：7.34'>7.34</span>", "<span data-toggle='tooltip' data-placement='right' title='原始值：228'>228.0</span>", "<span data-toggle='tooltip' data-placement='right' title='原始值：133.7147'>133.7</span>", "<span data-toggle='tooltip' data-placement='right' title='极值过滤'>--</span>", "<span data-toggle='tooltip' data-placement='right' title='原始值：0.19346'>0.193</span>", "<span data-toggle='tooltip' data-placement='right' title='原始值：0.22634'>0.226</span>", "<span data-toggle='tooltip' data-placement='right' title='原始值：0.97514'>0.98</span>", "*", "*", "维护"], ["河南省", "淮河流域", "<span data-toggle='tooltip' data-placement='right' title='所在地市:周口市&#10;所属河流:沙河'>沈丘闸</span>", "10-09 08:00", "Ⅴ", "<span data-toggle='tooltip' data-placement='right' title='原始值：20.84985'>20.8</span>", "<span data-toggle='tooltip' data-placement='right' title='原始值：7.1841'>7.18</span>", "<span data-toggle='tooltip' data-placement='right' title='原始值：2.04022'>2.04</span>", "<span data-toggle='tooltip' data-placement='right' title='原始值：1056'>1056.0</span>", "<span data-toggle='tooltip' data-placement='right' title='原始值：18.30472'>18.3</span>", "<span data-toggle='tooltip' data-placement='right' title='原始值：3.365'>3.36</span>", "<span data-toggle='tooltip' data-placement='right' title='原始值：0.18'>0.180</span>", "*", "*", "*", "*", "正常"], ["河南省", "淮河流域", "<span data-toggle='tooltip' data-placement='right' title='所在地市:周口市&#10;所属河流:涡河'>鹿邑付桥(鹿邑付桥闸)</span>", "10-09 08:00", "Ⅳ", "<span data-toggle='tooltip' data-placement='right' title='原始值：19.25694'>19.3</span>", "<span data-toggle='tooltip' data-placement='right' title='原始值：8.52106'>8.52</span>", "<span data-toggle='tooltip' data-placement='right' title='原始值：9.38614'>9.39</span>", "<span data-toggle='tooltip' data-placement='right' title='原始值：1424.185'>1424.2</span>", "<span data-toggle='tooltip' data-placement='right' title='原始值：10.6078'>10.6</span>", "<span data-toggle='tooltip' data-placement='right' title='原始值：6.395'>6.40</span>", "<span data-toggle='tooltip' data-placement='right' title='原始值：0.07'>0.070</span>", "<span data-toggle='tooltip' data-placement='right' title='原始值：0.1734'>0.173</span>", "<span data-toggle='tooltip' data-placement='right' title='原始值：1.54027'>1.54</span>", "*", "*", "正常"], ["河南省", "淮河流域", "<span data-toggle='tooltip' data-placement='right' title='所在地市:驻马店市&#10;所属河流:洪河'>新蔡班台(班台)</span>", "10-09 08:00", "劣Ⅴ", "<span data-toggle='tooltip' data-placement='right' title='原始值：21.42868'>21.4</span>", "<span data-toggle='tooltip' data-placement='right' title='原始值：7.36128'>7.36</span>", "<span data-toggle='tooltip' data-placement='right' title='原始值：6.53277'>6.53</span>", "<span data-toggle='tooltip' data-placement='right' title='原始值：779.1871'>779.2</span>", "<span data-toggle='tooltip' data-placement='right' title='原始值：73.19112'>73.2</span>", "<span data-toggle='tooltip' data-placement='right' title='原始值：4.325'>4.32</span>", "<span data-toggle='tooltip' data-placement='right' title='原始值：0.1'>0.100</span>", "<span data-toggle='tooltip' data-placement='right' title='原始值：0.46673'>0.467</span>", "<span data-toggle='tooltip' data-placement='right' title='原始值：3.98385'>3.98</span>", "*", "*", "正常"], ["河南省", "黄河流域", "<span data-toggle='tooltip' data-placement='right' title='所在地市:济源市&#10;所属河流:黄河'>小浪底水库(小浪底)</span>", "10-09 08:00", "Ⅱ", "<span data-toggle='tooltip' data-placement='right' title='原始值：20.17805'>20.2</span>", "<span data-toggle='tooltip' data-placement='right' title='原始值：8.1878'>8.19</span>", "<span data-toggle='tooltip' data-placement='right' title='原始值：7.51466'>7.51</span>", "<span data-toggle='tooltip' data-placement='right' title='原始值：719.7802'>719.8</span>", "<span data-toggle='tooltip' data-placement='right' title='原始值：10.51322'>10.5</span>", "<span data-toggle='tooltip' data-placement='right' title='原始值：1.28748'>1.29</span>", "<span data-toggle='tooltip' data-placement='right' title='原始值：0.1'>0.100</span>", "<span data-toggle='tooltip' data-placement='right' title='原始值：0.0275'>0.028</span>", "<span data-toggle='tooltip' data-placement='right' title='原始值：2.6925'>2.69</span>", "*", "*", "正常"], ["湖北省", "长江流域", "<span data-toggle='tooltip' data-placement='right' title='所在地市:武汉市&#10;所属河流:汉江'>宗关</span>", null, "", "--", "--", "--", "--", "--", "--", "--", "--", "--", "--", "*", "维护"], ["湖北省", "长江流域", "<span data-toggle='tooltip' data-placement='right' title='所在地市:十堰市&#10;所属河流:丹江口水库'>坝上中(胡家岭)</span>", "10-09 08:00", "Ⅱ", "<span data-toggle='tooltip' data-placement='right' title='原始值：23.07'>23.1</span>", "<span data-toggle='tooltip' data-placement='right' title='原始值：7.799649'>7.80</span>", "<span data-toggle='tooltip' data-placement='right' title='原始值：6.196925'>6.20</span>", "<span data-toggle='tooltip' data-placement='right' title='原始值：236.762'>236.8</span>", "<span data-toggle='tooltip' data-placement='right' title='原始值：2.117556'>2.1</span>", "<span data-toggle='tooltip' data-placement='right' title='原始值：2.25'>2.25</span>", "<span data-toggle='tooltip' data-placement='right' title='原始值：0.093'>0.093</span>", "<span data-toggle='tooltip' data-placement='right' title='原始值：0.016'>0.016</span>", "<span data-toggle='tooltip' data-placement='right' title='原始值：1.2549'>1.25</span>", "<span data-toggle='tooltip' data-placement='right' title='原始值：0.0076581'>0.008</span>", "<span data-toggle='tooltip' data-placement='right' title='原始值：9887000'>9887000</span>", "正常"], ["湖北省", "长江流域", "<span data-toggle='tooltip' data-placement='right' title='所在地市:宜昌市&#10;所属河流:长江'>南津关</span>", null, "", "--", "--", "--", "--", "--", "--", "--", "--", "--", "--", "*", "维护"], ["湖南省", "长江流域", "<span data-toggle='tooltip' data-placement='right' title='所在地市:长沙市&#10;所属河流:湘江'>新港</span>", "10-09 08:00", "Ⅱ", "<span data-toggle='tooltip' data-placement='right' title='原始值：20.44'>20.4</span>", "<span data-toggle='tooltip' data-placement='right' title='原始值：7.35'>7.35</span>", "<span data-toggle='tooltip' data-placement='right' title='原始值：9.27'>9.27</span>", "<span data-toggle='tooltip' data-placement='right' title='原始值：233.46'>233.5</span>", "<span data-toggle='tooltip' data-placement='right' title='原始值：53.57'>53.6</span>", "<span data-toggle='tooltip' data-placement='right' title='原始值：1.6'>1.60</span>", "<span data-toggle='tooltip' data-placement='right' title='原始值：0.018'>0.018</span>", "<span data-toggle='tooltip' data-placement='right' title='原始值：0.077'>0.077</span>", "<span data-toggle='tooltip' data-placement='right' title='原始值：1.92'>1.92</span>", "*", "*", "正常"], ["湖南省", "长江流域", "<span data-toggle='tooltip' data-placement='right' title='所在地市:岳阳市&#10;所属河流:洞庭湖'>岳阳楼</span>", "10-09 08:00", "Ⅳ", "<span data-toggle='tooltip' data-placement='right' title='原始值：18.33'>18.3</span>", "<span data-toggle='tooltip' data-placement='right' title='原始值：8.003603'>8.00</span>", "<span data-toggle='tooltip' data-placement='right' title='原始值：8.040042'>8.04</span>", "<span data-toggle='tooltip' data-placement='right' title='原始值：234.014'>234.0</span>", "<span data-toggle='tooltip' data-placement='right' title='原始值：41.47027'>41.5</span>", "<span data-toggle='tooltip' data-placement='right' title='原始值：1.83'>1.83</span>", "<span data-toggle='tooltip' data-placement='right' title='原始值：0.017'>0.017</span>", "<span data-toggle='tooltip' data-placement='right' title='原始值：0.064'>0.064</span>", "<span data-toggle='tooltip' data-placement='right' title='原始值：2.383'>2.38</span>", "<span data-toggle='tooltip' data-placement='right' title='原始值：0.0030313'>0.003</span>", "<span data-toggle='tooltip' data-placement='right' title='原始值：295.392'>295</span>", "正常"], ["湖南省", "长江流域", "<span data-toggle='tooltip' data-placement='right' title='所在地市:岳阳市&#10;所属河流:长江'>城陵矶</span>", "10-09 08:00", "Ⅱ", "<span data-toggle='tooltip' data-placement='right' title='原始值：19.56'>19.6</span>", "<span data-toggle='tooltip' data-placement='right' title='原始值：7.859909'>7.86</span>", "<span data-toggle='tooltip' data-placement='right' title='原始值：9.076372'>9.08</span>", "<span data-toggle='tooltip' data-placement='right' title='原始值：283.823'>283.8</span>", "<span data-toggle='tooltip' data-placement='right' title='原始值：46.77129'>46.8</span>", "<span data-toggle='tooltip' data-placement='right' title='原始值：2.11'>2.11</span>", "<span data-toggle='tooltip' data-placement='right' title='原始值：0.001'>0.001</span>", "<span data-toggle='tooltip' data-placement='right' title='原始值：0.077'>0.077</span>", "<span data-toggle='tooltip' data-placement='right' title='原始值：1.6548'>1.65</span>", "*", "*", "正常"], ["广东省", "珠江流域", "<span data-toggle='tooltip' data-placement='right' title='所在地市:清远市&#10;所属河流:北江'>七星岗</span>", "10-09 08:00", "Ⅱ", "<span data-toggle='tooltip' data-placement='right' title='原始值：26.79918'>26.8</span>", "<span data-toggle='tooltip' data-placement='right' title='原始值：7.8278'>7.83</span>", "<span data-toggle='tooltip' data-placement='right' title='原始值：7.67385'>7.67</span>", "<span data-toggle='tooltip' data-placement='right' title='原始值：227.5125'>227.5</span>", "<span data-toggle='tooltip' data-placement='right' title='原始值：13.47927'>13.5</span>", "<span data-toggle='tooltip' data-placement='right' title='原始值：0.86'>0.86</span>", "<span data-toggle='tooltip' data-placement='right' title='原始值：0.13664'>0.137</span>", "<span data-toggle='tooltip' data-placement='right' title='原始值：0.03229'>0.032</span>", "<span data-toggle='tooltip' data-placement='right' title='原始值：1.8291'>1.83</span>", "*", "*", "正常"], ["广东省", "珠江流域", "<span data-toggle='tooltip' data-placement='right' title='所在地市:中山市&#10;所属河流:西江'>横栏</span>", "10-09 08:00", "Ⅰ", "<span data-toggle='tooltip' data-placement='right' title='原始值：24.4'>24.4</span>", "<span data-toggle='tooltip' data-placement='right' title='原始值：7.83'>7.83</span>", "<span data-toggle='tooltip' data-placement='right' title='原始值：7.8'>7.80</span>", "<span data-toggle='tooltip' data-placement='right' title='原始值：254'>254.0</span>", "<span data-toggle='tooltip' data-placement='right' title='原始值：11'>11.0</span>", "<span data-toggle='tooltip' data-placement='right' title='原始值：1.77'>1.77</span>", "<span data-toggle='tooltip' data-placement='right' title='原始值：0.12055'>0.121</span>", "*", "*", "*", "*", "正常"], ["广西壮族自治区", "珠江流域", "<span data-toggle='tooltip' data-placement='right' title='所在地市:南宁市&#10;所属河流:邕江'>老口</span>", null, "", "--", "--", "--", "--", "--", "--", "--", "--", "--", "*", "*", "维护"], ["广西壮族自治区", "珠江流域", "<span data-toggle='tooltip' data-placement='right' title='所在地市:桂林市&#10;所属河流:漓江'>阳朔</span>", null, "", "--", "--", "--", "--", "--", "--", "--", "--", "--", "*", "*", "停站"], ["广西壮族自治区", "珠江流域", "<span data-toggle='tooltip' data-placement='right' title='所在地市:梧州市&#10;所属河流:浔江'>界首</span>", null, "", "--", "--", "--", "--", "--", "--", "--", "--", "--", "*", "*", "停站"], ["广西壮族自治区", "珠江流域", "<span data-toggle='tooltip' data-placement='right' title='所在地市:贵港市&#10;所属河流:浔江'>石嘴</span>", "10-09 08:00", "Ⅱ", "<span data-toggle='tooltip' data-placement='right' title='原始值：26.23127'>26.2</span>", "<span data-toggle='tooltip' data-placement='right' title='原始值：7.91978'>7.92</span>", "<span data-toggle='tooltip' data-placement='right' title='原始值：8.39223'>8.39</span>", "<span data-toggle='tooltip' data-placement='right' title='原始值：296.7006'>296.7</span>", "<span data-toggle='tooltip' data-placement='right' title='原始值：18.68526'>18.7</span>", "<span data-toggle='tooltip' data-placement='right' title='原始值：0.96'>0.96</span>", "<span data-toggle='tooltip' data-placement='right' title='原始值：0.16'>0.160</span>", "<span data-toggle='tooltip' data-placement='right' title='原始值：0.02663'>0.027</span>", "<span data-toggle='tooltip' data-placement='right' title='原始值：2.3359'>2.34</span>", "*", "*", "正常"], ["广西壮族自治区", "珠江流域", "<span data-toggle='tooltip' data-placement='right' title='所在地市:崇左市&#10;所属河流:平而河'>平而关</span>", "10-09 08:00", "Ⅲ", "<span data-toggle='tooltip' data-placement='right' title='原始值：24.89427'>24.9</span>", "<span data-toggle='tooltip' data-placement='right' title='原始值：7.88681'>7.89</span>", "<span data-toggle='tooltip' data-placement='right' title='原始值：7.46926'>7.47</span>", "<span data-toggle='tooltip' data-placement='right' title='原始值：234.7475'>234.7</span>", "<span data-toggle='tooltip' data-placement='right' title='原始值：53.08751'>53.1</span>", "<span data-toggle='tooltip' data-placement='right' title='原始值：1.37'>1.37</span>", "<span data-toggle='tooltip' data-placement='right' title='原始值：0.66'>0.660</span>", "*", "*", "*", "*", "正常"], ["重庆市", "长江流域", "<span data-toggle='tooltip' data-placement='right' title='所在地市:永川区&#10;所属河流:长江'>朱沱</span>", null, "", "--", "--", "--", "--", "--", "--", "--", "--", "--", "*", "*", "停站"], ["四川省", "长江流域", "<span data-toggle='tooltip' data-placement='right' title='所在地市:攀枝花市&#10;所属河流:金沙江'>龙洞</span>", "10-09 08:00", "Ⅰ", "<span data-toggle='tooltip' data-placement='right' title='原始值：20.39'>20.4</span>", "<span data-toggle='tooltip' data-placement='right' title='原始值：8.269154'>8.27</span>", "<span data-toggle='tooltip' data-placement='right' title='原始值：9.595891'>9.60</span>", "<span data-toggle='tooltip' data-placement='right' title='原始值：843.888'>843.9</span>", "<span data-toggle='tooltip' data-placement='right' title='原始值：9.022787'>9.0</span>", "<span data-toggle='tooltip' data-placement='right' title='原始值：1.03'>1.03</span>", "<span data-toggle='tooltip' data-placement='right' title='原始值：0.009'>0.009</span>", "<span data-toggle='tooltip' data-placement='right' title='原始值：0.0139945'>0.014</span>", "<span data-toggle='tooltip' data-placement='right' title='原始值：0.719679'>0.72</span>", "*", "*", "正常"], ["四川省", "长江流域", "<span data-toggle='tooltip' data-placement='right' title='所在地市:泸州市&#10;所属河流:沱江'>沱江大桥(沱江二桥)</span>", "10-09 08:00", "", "<span data-toggle='tooltip' data-placement='right' title='原始值：21.67'>21.7</span>", "<span data-toggle='tooltip' data-placement='right' title='原始值：8.178685'>8.18</span>", "<span data-toggle='tooltip' data-placement='right' title='原始值：8.73144'>8.73</span>", "<span data-toggle='tooltip' data-placement='right' title='原始值：481.1773'>481.2</span>", "<span data-toggle='tooltip' data-placement='right' title='原始值：84.42975'>84.4</span>", "<span data-toggle='tooltip' data-placement='right' title='原始值：3.13'>3.13</span>", "--", "<span data-toggle='tooltip' data-placement='right' title='原始值：0.202452'>0.202</span>", "<span data-toggle='tooltip' data-placement='right' title='原始值：4.525681'>4.53</span>", "*", "*", "维护"], ["四川省", "长江流域", "<span data-toggle='tooltip' data-placement='right' title='所在地市:广元市&#10;所属河流:嘉陵江'>清风峡</span>", null, "", "--", "--", "--", "--", "--", "--", "--", "--", "--", "*", "*", "停站"], ["四川省", "长江流域", "<span data-toggle='tooltip' data-placement='right' title='所在地市:乐山市&#10;所属河流:岷江'>岷江大桥</span>", null, "", "--", "--", "--", "--", "--", "--", "--", "--", "--", "*", "*", "停站"], ["四川省", "长江流域", "<span data-toggle='tooltip' data-placement='right' title='所在地市:宜宾市&#10;所属河流:岷江'>凉姜沟</span>", "10-09 08:00", "Ⅱ", "<span data-toggle='tooltip' data-placement='right' title='原始值：18.24'>18.2</span>", "<span data-toggle='tooltip' data-placement='right' title='原始值：8.309748'>8.31</span>", "<span data-toggle='tooltip' data-placement='right' title='原始值：10.47434'>10.47</span>", "<span data-toggle='tooltip' data-placement='right' title='原始值：275.192'>275.2</span>", "<span data-toggle='tooltip' data-placement='right' title='原始值：91.92213'>91.9</span>", "<span data-toggle='tooltip' data-placement='right' title='原始值：1.76'>1.76</span>", "<span data-toggle='tooltip' data-placement='right' title='原始值：0.005'>0.005</span>", "<span data-toggle='tooltip' data-placement='right' title='原始值：0.0605896'>0.061</span>", "<span data-toggle='tooltip' data-placement='right' title='原始值：1.659816'>1.66</span>", "*", "*", "正常"], ["云南省", "滇池流域", "<span data-toggle='tooltip' data-placement='right' title='所在地市:昆明市&#10;所属河流:滇池'>西苑隧道</span>", null, "", "--", "--", "--", "--", "--", "--", "--", "--", "--", "--", "--", "停站"], ["云南省", "滇池流域", "<span data-toggle='tooltip' data-placement='right' title='所在地市:昆明市&#10;所属河流:滇池'>观音山</span>", "10-09 08:00", "劣Ⅴ", "<span data-toggle='tooltip' data-placement='right' title='原始值：21.99732'>22.0</span>", "<span data-toggle='tooltip' data-placement='right' title='原始值：9.19121'>9.19</span>", "<span data-toggle='tooltip' data-placement='right' title='原始值：8.62414'>8.62</span>", "<span data-toggle='tooltip' data-placement='right' title='原始值：417.0708'>417.1</span>", "<span data-toggle='tooltip' data-placement='right' title='原始值：36.96655'>37.0</span>", "<span data-toggle='tooltip' data-placement='right' title='原始值：7.63846'>7.64</span>", "<span data-toggle='tooltip' data-placement='right' title='原始值：1.39'>1.390</span>", "<span data-toggle='tooltip' data-placement='right' title='原始值：0.113'>0.113</span>", "<span data-toggle='tooltip' data-placement='right' title='原始值：1.076'>1.08</span>", "<span data-toggle='tooltip' data-placement='right' title='原始值：0.00144'>0.001</span>", "<span data-toggle='tooltip' data-placement='right' title='原始值：1.604137E+07'>16041370</span>", "正常"], ["云南省", "西南诸河", "<span data-toggle='tooltip' data-placement='right' title='所在地市:红河哈尼族彝族自治州&#10;所属河流:红河'>河口县医院(河口)</span>", "10-09 08:00", "Ⅱ", "<span data-toggle='tooltip' data-placement='right' title='原始值：24.42095'>24.4</span>", "<span data-toggle='tooltip' data-placement='right' title='原始值：7.30428'>7.30</span>", "<span data-toggle='tooltip' data-placement='right' title='原始值：8.09317'>8.09</span>", "<span data-toggle='tooltip' data-placement='right' title='原始值：196.9121'>196.9</span>", "<span data-toggle='tooltip' data-placement='right' title='原始值：57.571'>57.6</span>", "<span data-toggle='tooltip' data-placement='right' title='原始值：1.68085'>1.68</span>", "<span data-toggle='tooltip' data-placement='right' title='原始值：0.11007'>0.110</span>", "<span data-toggle='tooltip' data-placement='right' title='原始值：0.07884'>0.079</span>", "<span data-toggle='tooltip' data-placement='right' title='原始值：1.54184'>1.54</span>", "*", "*", "正常"], ["云南省", "西南诸河", "<span data-toggle='tooltip' data-placement='right' title='所在地市:西双版纳傣族自治州&#10;所属河流:澜沧江'>橄榄坝</span>", "10-09 08:00", "Ⅰ", "<span data-toggle='tooltip' data-placement='right' title='原始值：20.05437'>20.1</span>", "<span data-toggle='tooltip' data-placement='right' title='原始值：7.77696'>7.78</span>", "<span data-toggle='tooltip' data-placement='right' title='原始值：14.30709'>14.31</span>", "<span data-toggle='tooltip' data-placement='right' title='原始值：467.4482'>467.4</span>", "<span data-toggle='tooltip' data-placement='right' title='原始值：27.00378'>27.0</span>", "<span data-toggle='tooltip' data-placement='right' title='原始值：1.01'>1.01</span>", "<span data-toggle='tooltip' data-placement='right' title='原始值：0.08147'>0.081</span>", "*", "*", "*", "*", "正常"], ["陕西省", "黄河流域", "<span data-toggle='tooltip' data-placement='right' title='所在地市:渭南市&#10;所属河流:渭河'>潼关吊桥</span>", null, "", "--", "--", "--", "--", "--", "--", "--", "--", "--", "*", "*", "停站"], ["甘肃省", "黄河流域", "<span data-toggle='tooltip' data-placement='right' title='所在地市:兰州市&#10;所属河流:黄河'>新城桥</span>", null, "", "--", "--", "--", "--", "--", "--", "--", "--", "--", "*", "*", "维护"], ["宁夏回族自治区", "黄河流域", "<span data-toggle='tooltip' data-placement='right' title='所在地市:中卫市&#10;所属河流:黄河'>中卫下河沿(新墩)</span>", null, "", "--", "--", "--", "--", "--", "--", "--", "--", "--", "*", "*", "维护"]]}