{"result": 1, "total": 1, "records": 98, "thead": ["省份", "流域", "断面名称", "监测时间", "水质类别", "水温<br/><span class='unit'>(℃)</span>", "pH<br/><span class='unit'>(无量纲)</span>", "溶解氧<br/><span class='unit'>(mg/L)</span>", "电导率<br/><span class='unit'>(μS/cm)</span>", "浊度<br/><span class='unit'>(NTU)</span>", "高锰酸盐指数<br/><span class='unit'>(mg/L)</span>", "氨氮<br/><span class='unit'>(mg/L)</span>", "总磷<br/><span class='unit'>(mg/L)</span>", "总氮<br/><span class='unit'>(mg/L)</span>", "叶绿素α<br/><span class='unit'>(mg/L)</span>", "藻密度<br/><span class='unit'>(cells/L)</span>", "站点情况"], "tbody": [["北京市", "海河流域", "<span data-toggle='tooltip' data-placement='right' title='所在地市:门头沟区&#10;所属河流:永定河'>沿河城</span>", "10-20 08:00", "Ⅳ", "<span data-toggle='tooltip' data-placement='right' title='原始值：15.13521'>15.1</span>", "<span data-toggle='tooltip' data-placement='right' title='原始值：8.1991'>8.20</span>", "<span data-toggle='tooltip' data-placement='right' title='原始值：9.0314'>9.03</span>", "<span data-toggle='tooltip' data-placement='right' title='原始值：1546.849'>1546.8</span>", "<span data-toggle='tooltip' data-placement='right' title='原始值：78.40714'>78.4</span>", "<span data-toggle='tooltip' data-placement='right' title='原始值：8.7125'>8.71</span>", "<span data-toggle='tooltip' data-placement='right' title='原始值：0.33'>0.330</span>", "<span data-toggle='tooltip' data-placement='right' title='原始值：0.07641'>0.076</span>", "<span data-toggle='tooltip' data-placement='right' title='原始值：1.15057'>1.15</span>", "*", "*", "正常"], ["北京市", "海河流域", "<span data-toggle='tooltip' data-placement='right' title='所在地市:密云区&#10;所属河流:潮河'>古北口</span>", "10-20 08:00", "Ⅱ", "<span data-toggle='tooltip' data-placement='right' title='原始值：11.16283'>11.2</span>", "<span data-toggle='tooltip' data-placement='right' title='原始值：7.85007'>7.85</span>", "<span data-toggle='tooltip' data-placement='right' title='原始值：10.55499'>10.55</span>", "<span data-toggle='tooltip' data-placement='right' title='原始值：739.2777'>739.3</span>", "<span data-toggle='tooltip' data-placement='right' title='原始值：1.56398'>1.6</span>", "<span data-toggle='tooltip' data-placement='right' title='原始值：1.195'>1.20</span>", "<span data-toggle='tooltip' data-placement='right' title='原始值：0.16'>0.160</span>", "<span data-toggle='tooltip' data-placement='right' title='原始值：0.0021'>0.002</span>", "<span data-toggle='tooltip' data-placement='right' title='原始值：8.2993'>8.30</span>", "*", "*", "正常"], ["天津市", "海河流域", "<span data-toggle='tooltip' data-placement='right' title='所在地市:河北区&#10;所属河流:海河'>三岔口</span>", "10-20 08:00", "Ⅱ", "<span data-toggle='tooltip' data-placement='right' title='原始值：17.6258'>17.6</span>", "<span data-toggle='tooltip' data-placement='right' title='原始值：7.7145'>7.71</span>", "<span data-toggle='tooltip' data-placement='right' title='原始值：7.157'>7.16</span>", "<span data-toggle='tooltip' data-placement='right' title='原始值：489.6504'>489.7</span>", "<span data-toggle='tooltip' data-placement='right' title='原始值：10.464'>10.5</span>", "<span data-toggle='tooltip' data-placement='right' title='原始值：1.72'>1.72</span>", "<span data-toggle='tooltip' data-placement='right' title='原始值：0.23'>0.230</span>", "<span data-toggle='tooltip' data-placement='right' title='原始值：0.0099'>0.010</span>", "<span data-toggle='tooltip' data-placement='right' title='原始值：1.3753'>1.38</span>", "*", "*", "正常"], ["天津市", "海河流域", "<span data-toggle='tooltip' data-placement='right' title='所在地市:蓟州区&#10;所属河流:果河'>果河桥</span>", "10-20 08:00", "", "<span data-toggle='tooltip' data-placement='right' title='原始值：15.3'>15.3</span>", "<span data-toggle='tooltip' data-placement='right' title='原始值：8.19'>8.19</span>", "<span data-toggle='tooltip' data-placement='right' title='原始值：8.576'>8.58</span>", "<span data-toggle='tooltip' data-placement='right' title='原始值：564.972'>565.0</span>", "<span data-toggle='tooltip' data-placement='right' title='原始值：19.1'>19.1</span>", "<span data-toggle='tooltip' data-placement='right' title='原始值：2.1743'>2.17</span>", "<span data-toggle='tooltip' data-placement='right' title='极值过滤'>--</span>", "<span data-toggle='tooltip' data-placement='right' title='原始值：0.0635'>0.064</span>", "<span data-toggle='tooltip' data-placement='right' title='原始值：2.81'>2.81</span>", "*", "*", "维护"], ["河北省", "海河流域", "<span data-toggle='tooltip' data-placement='right' title='所在地市:石家庄市&#10;所属河流:滹沱河'>岗南水库</span>", "10-20 08:00", "Ⅲ", "<span data-toggle='tooltip' data-placement='right' title='原始值：19.39625'>19.4</span>", "<span data-toggle='tooltip' data-placement='right' title='原始值：8.41428'>8.41</span>", "<span data-toggle='tooltip' data-placement='right' title='原始值：8.51534'>8.52</span>", "<span data-toggle='tooltip' data-placement='right' title='原始值：578.5029'>578.5</span>", "<span data-toggle='tooltip' data-placement='right' title='原始值：2.03697'>2.0</span>", "<span data-toggle='tooltip' data-placement='right' title='原始值：1.85222'>1.85</span>", "<span data-toggle='tooltip' data-placement='right' title='原始值：0.02'>0.020</span>", "<span data-toggle='tooltip' data-placement='right' title='原始值：0.03491'>0.035</span>", "<span data-toggle='tooltip' data-placement='right' title='原始值：2.58891'>2.59</span>", "*", "*", "正常"], ["河北省", "海河流域", "<span data-toggle='tooltip' data-placement='right' title='所在地市:张家口市&#10;所属河流:永定河'>八号桥</span>", "10-20 08:00", "Ⅲ", "<span data-toggle='tooltip' data-placement='right' title='原始值：11.31121'>11.3</span>", "<span data-toggle='tooltip' data-placement='right' title='原始值：8.56797'>8.57</span>", "<span data-toggle='tooltip' data-placement='right' title='原始值：10.27542'>10.28</span>", "<span data-toggle='tooltip' data-placement='right' title='原始值：1205.648'>1205.6</span>", "<span data-toggle='tooltip' data-placement='right' title='原始值：49.5247'>49.5</span>", "<span data-toggle='tooltip' data-placement='right' title='原始值：5.18'>5.18</span>", "<span data-toggle='tooltip' data-placement='right' title='原始值：0.12'>0.120</span>", "<span data-toggle='tooltip' data-placement='right' title='原始值：0.11968'>0.120</span>", "<span data-toggle='tooltip' data-placement='right' title='原始值：4.54'>4.54</span>", "*", "*", "正常"], ["山西省", "黄河流域", "<span data-toggle='tooltip' data-placement='right' title='所在地市:运城市&#10;所属河流:汾河'>河津大桥</span>", "10-20 08:00", "Ⅲ", "<span data-toggle='tooltip' data-placement='right' title='原始值：17.67429'>17.7</span>", "<span data-toggle='tooltip' data-placement='right' title='原始值：8.31362'>8.31</span>", "<span data-toggle='tooltip' data-placement='right' title='原始值：9.63621'>9.64</span>", "<span data-toggle='tooltip' data-placement='right' title='原始值：1691.214'>1691.2</span>", "<span data-toggle='tooltip' data-placement='right' title='原始值：70.99187'>71.0</span>", "<span data-toggle='tooltip' data-placement='right' title='原始值：5.975'>5.98</span>", "<span data-toggle='tooltip' data-placement='right' title='原始值：0.17'>0.170</span>", "*", "*", "*", "*", "正常"], ["山西省", "黄河流域", "<span data-toggle='tooltip' data-placement='right' title='所在地市:忻州市&#10;所属河流:黄河'>万家寨水库</span>", "10-20 08:00", "Ⅲ", "<span data-toggle='tooltip' data-placement='right' title='原始值：12.35742'>12.4</span>", "<span data-toggle='tooltip' data-placement='right' title='原始值：8.15526'>8.16</span>", "<span data-toggle='tooltip' data-placement='right' title='原始值：9.95173'>9.95</span>", "<span data-toggle='tooltip' data-placement='right' title='原始值：608.5623'>608.6</span>", "<span data-toggle='tooltip' data-placement='right' title='原始值：48.22729'>48.2</span>", "<span data-toggle='tooltip' data-placement='right' title='原始值：5.31'>5.31</span>", "<span data-toggle='tooltip' data-placement='right' title='原始值：0.41'>0.410</span>", "<span data-toggle='tooltip' data-placement='right' title='原始值：0.11675'>0.117</span>", "<span data-toggle='tooltip' data-placement='right' title='原始值：1.925'>1.92</span>", "*", "*", "正常"], ["内蒙古自治区", "黄河流域", "<span data-toggle='tooltip' data-placement='right' title='所在地市:包头市&#10;所属河流:黄河'>画匠营子</span>", "10-20 08:00", "Ⅲ", "<span data-toggle='tooltip' data-placement='right' title='原始值：13.99048'>14.0</span>", "<span data-toggle='tooltip' data-placement='right' title='原始值：8.00251'>8.00</span>", "<span data-toggle='tooltip' data-placement='right' title='原始值：8.68141'>8.68</span>", "<span data-toggle='tooltip' data-placement='right' title='原始值：687.9109'>687.9</span>", "<span data-toggle='tooltip' data-placement='right' title='原始值：1516.836'>1516.8</span>", "<span data-toggle='tooltip' data-placement='right' title='原始值：4.1352'>4.14</span>", "<span data-toggle='tooltip' data-placement='right' title='原始值：0.06081'>0.061</span>", "*", "*", "*", "*", "正常"], ["内蒙古自治区", "黄河流域", "<span data-toggle='tooltip' data-placement='right' title='所在地市:乌海市&#10;所属河流:黄河'>海勃湾</span>", "10-20 08:00", "", "<span data-toggle='tooltip' data-placement='right' title='原始值：13.93182'>13.9</span>", "<span data-toggle='tooltip' data-placement='right' title='原始值：8.27401'>8.27</span>", "<span data-toggle='tooltip' data-placement='right' title='原始值：8.28675'>8.29</span>", "<span data-toggle='tooltip' data-placement='right' title='原始值：550.1115'>550.1</span>", "<span data-toggle='tooltip' data-placement='right' title='原始值：173.8159'>173.8</span>", "<span data-toggle='tooltip' data-placement='right' title='极值过滤'>--</span>", "<span data-toggle='tooltip' data-placement='right' title='原始值：0.11'>0.110</span>", "*", "*", "*", "*", "维护"], ["内蒙古自治区", "松花江流域", "<span data-toggle='tooltip' data-placement='right' title='所在地市:呼伦贝尔市&#10;所属河流:额尔古纳河'>黑山头</span>", null, "", "--", "--", "--", "--", "--", "--", "--", "--", "--", "*", "*", "停站"], ["辽宁省", "辽河流域", "<span data-toggle='tooltip' data-placement='right' title='所在地市:抚顺市&#10;所属河流:浑河'>大伙房水库</span>", "10-20 08:00", "Ⅱ", "<span data-toggle='tooltip' data-placement='right' title='原始值：17.70225'>17.7</span>", "<span data-toggle='tooltip' data-placement='right' title='原始值：7.08054'>7.08</span>", "<span data-toggle='tooltip' data-placement='right' title='原始值：9.66466'>9.66</span>", "<span data-toggle='tooltip' data-placement='right' title='原始值：297.8553'>297.9</span>", "<span data-toggle='tooltip' data-placement='right' title='原始值：3.51713'>3.5</span>", "<span data-toggle='tooltip' data-placement='right' title='原始值：3.19571'>3.20</span>", "<span data-toggle='tooltip' data-placement='right' title='原始值：0.13'>0.130</span>", "<span data-toggle='tooltip' data-placement='right' title='原始值：0.05187'>0.052</span>", "<span data-toggle='tooltip' data-placement='right' title='原始值：2.31413'>2.31</span>", "<span data-toggle='tooltip' data-placement='right' title='原始值：0.00158'>0.002</span>", "*", "正常"], ["辽宁省", "辽河流域", "<span data-toggle='tooltip' data-placement='right' title='所在地市:丹东市&#10;所属河流:鸭绿江'>江桥</span>", "10-20 08:00", "Ⅱ", "<span data-toggle='tooltip' data-placement='right' title='原始值：16.1'>16.1</span>", "<span data-toggle='tooltip' data-placement='right' title='原始值：6.92'>6.92</span>", "<span data-toggle='tooltip' data-placement='right' title='原始值：8.21996'>8.22</span>", "<span data-toggle='tooltip' data-placement='right' title='原始值：146'>146.0</span>", "<span data-toggle='tooltip' data-placement='right' title='原始值：3.99999'>4.0</span>", "<span data-toggle='tooltip' data-placement='right' title='原始值：1.19'>1.19</span>", "<span data-toggle='tooltip' data-placement='right' title='原始值：0.02173'>0.022</span>", "<span data-toggle='tooltip' data-placement='right' title='原始值：0.02419'>0.024</span>", "<span data-toggle='tooltip' data-placement='right' title='原始值：1.91375'>1.91</span>", "*", "*", "正常"], ["辽宁省", "辽河流域", "<span data-toggle='tooltip' data-placement='right' title='所在地市:营口市&#10;所属河流:大辽河'>辽河公园</span>", "10-20 08:00", "劣Ⅴ", "<span data-toggle='tooltip' data-placement='right' title='原始值：17.06547'>17.1</span>", "<span data-toggle='tooltip' data-placement='right' title='原始值：5.54795'>5.55</span>", "<span data-toggle='tooltip' data-placement='right' title='原始值：8.7643'>8.76</span>", "<span data-toggle='tooltip' data-placement='right' title='原始值：25843.59'>25843.6</span>", "<span data-toggle='tooltip' data-placement='right' title='原始值：426.1226'>426.1</span>", "<span data-toggle='tooltip' data-placement='right' title='原始值：10.79116'>10.79</span>", "<span data-toggle='tooltip' data-placement='right' title='原始值：0.11521'>0.115</span>", "<span data-toggle='tooltip' data-placement='right' title='原始值：0.26902'>0.269</span>", "<span data-toggle='tooltip' data-placement='right' title='原始值：1.86677'>1.87</span>", "*", "*", "正常"], ["辽宁省", "辽河流域", "<span data-toggle='tooltip' data-placement='right' title='所在地市:辽阳市&#10;所属河流:太子河'>汤河水库</span>", null, "", "--", "--", "--", "--", "--", "--", "--", "--", "--", "*", "*", "停站"], ["辽宁省", "辽河流域", "<span data-toggle='tooltip' data-placement='right' title='所在地市:盘锦市&#10;所属河流:辽河'>盘锦兴安(兴安)</span>", null, "", "--", "--", "--", "--", "--", "--", "--", "--", "--", "*", "*", "停站"], ["辽宁省", "辽河流域", "<span data-toggle='tooltip' data-placement='right' title='所在地市:铁岭市&#10;所属河流:辽河'>珠尔山</span>", "10-20 08:00", "Ⅱ", "<span data-toggle='tooltip' data-placement='right' title='原始值：12.57101'>12.6</span>", "<span data-toggle='tooltip' data-placement='right' title='原始值：7.73189'>7.73</span>", "<span data-toggle='tooltip' data-placement='right' title='原始值：10.40868'>10.41</span>", "<span data-toggle='tooltip' data-placement='right' title='原始值：413.1611'>413.2</span>", "<span data-toggle='tooltip' data-placement='right' title='原始值：23.15388'>23.2</span>", "<span data-toggle='tooltip' data-placement='right' title='原始值：2.98741'>2.99</span>", "<span data-toggle='tooltip' data-placement='right' title='原始值：0.21'>0.210</span>", "<span data-toggle='tooltip' data-placement='right' title='原始值：0.09858'>0.099</span>", "<span data-toggle='tooltip' data-placement='right' title='原始值：4.33227'>4.33</span>", "*", "*", "正常"], ["吉林省", "松花江流域", "<span data-toggle='tooltip' data-placement='right' title='所在地市:长春市&#10;所属河流:松花江'>松花江村</span>", null, "", "--", "--", "--", "--", "--", "--", "--", "--", "--", "*", "*", "停站"], ["吉林省", "松花江流域", "<span data-toggle='tooltip' data-placement='right' title='所在地市:白城市&#10;所属河流:嫩江'>白沙滩</span>", null, "", "--", "--", "--", "--", "--", "--", "--", "--", "--", "*", "*", "停站"], ["吉林省", "松花江流域", "<span data-toggle='tooltip' data-placement='right' title='所在地市:延边朝鲜族自治州&#10;所属河流:图们江'>圈河</span>", "10-20 08:00", "Ⅲ", "<span data-toggle='tooltip' data-placement='right' title='原始值：12.9'>12.9</span>", "<span data-toggle='tooltip' data-placement='right' title='原始值：7.51'>7.51</span>", "<span data-toggle='tooltip' data-placement='right' title='原始值：9.8'>9.80</span>", "<span data-toggle='tooltip' data-placement='right' title='原始值：178'>178.0</span>", "<span data-toggle='tooltip' data-placement='right' title='原始值：58'>58.0</span>", "<span data-toggle='tooltip' data-placement='right' title='原始值：5.16'>5.16</span>", "<span data-toggle='tooltip' data-placement='right' title='原始值：0.22289'>0.223</span>", "<span data-toggle='tooltip' data-placement='right' title='原始值：0.05323'>0.053</span>", "<span data-toggle='tooltip' data-placement='right' title='原始值：0.83775'>0.84</span>", "*", "*", "正常"], ["黑龙江省", "松花江流域", "<span data-toggle='tooltip' data-placement='right' title='所在地市:大庆市&#10;所属河流:松花江'>肇源</span>", null, "", "--", "--", "--", "--", "--", "--", "--", "--", "--", "*", "*", "停站"], ["黑龙江省", "松花江流域", "<span data-toggle='tooltip' data-placement='right' title='所在地市:佳木斯市&#10;所属河流:乌苏里江'>乌苏镇</span>", null, "", "--", "--", "--", "--", "--", "--", "--", "--", "--", "*", "*", "停站"], ["黑龙江省", "松花江流域", "<span data-toggle='tooltip' data-placement='right' title='所在地市:佳木斯市&#10;所属河流:松花江'>同江</span>", null, "", "--", "--", "--", "--", "--", "--", "--", "--", "--", "*", "*", "维护"], ["黑龙江省", "松花江流域", "<span data-toggle='tooltip' data-placement='right' title='所在地市:黑河市&#10;所属河流:黑龙江'>黑河下(黑河)</span>", null, "", "--", "--", "--", "--", "--", "--", "--", "--", "--", "*", "*", "停站"], ["上海市", "长江流域", "<span data-toggle='tooltip' data-placement='right' title='所在地市:青浦区&#10;所属河流:淀山湖'>急水港桥</span>", null, "", "--", "--", "--", "--", "--", "--", "--", "--", "--", "--", "--", "停站"], ["江苏省", "长江流域", "<span data-toggle='tooltip' data-placement='right' title='所在地市:南京市&#10;所属河流:长江'>林山</span>", null, "", "--", "--", "--", "--", "--", "--", "--", "--", "--", "*", "*", "停站"], ["江苏省", "太湖流域", "<span data-toggle='tooltip' data-placement='right' title='所在地市:无锡市&#10;所属河流:太湖'>沙渚</span>", null, "", "--", "--", "--", "--", "--", "--", "--", "--", "--", "--", "*", "维护"], ["江苏省", "淮河流域", "<span data-toggle='tooltip' data-placement='right' title='所在地市:徐州市&#10;所属河流:武河'>小红圈</span>", "10-20 08:00", "Ⅰ", "<span data-toggle='tooltip' data-placement='right' title='原始值：15.36'>15.4</span>", "<span data-toggle='tooltip' data-placement='right' title='原始值：7.49'>7.49</span>", "<span data-toggle='tooltip' data-placement='right' title='原始值：11.97'>11.97</span>", "<span data-toggle='tooltip' data-placement='right' title='原始值：966'>966.0</span>", "<span data-toggle='tooltip' data-placement='right' title='原始值：8.08'>8.1</span>", "<span data-toggle='tooltip' data-placement='right' title='原始值：1.54'>1.54</span>", "<span data-toggle='tooltip' data-placement='right' title='原始值：0.075'>0.075</span>", "*", "*", "*", "*", "正常"], ["江苏省", "淮河流域", "<span data-toggle='tooltip' data-placement='right' title='所在地市:徐州市&#10;所属河流:沿河'>李集桥</span>", "10-20 08:00", "Ⅳ", "<span data-toggle='tooltip' data-placement='right' title='原始值：18.16'>18.2</span>", "<span data-toggle='tooltip' data-placement='right' title='原始值：7.51'>7.51</span>", "<span data-toggle='tooltip' data-placement='right' title='原始值：4.98'>4.98</span>", "<span data-toggle='tooltip' data-placement='right' title='原始值：1033.2'>1033.2</span>", "<span data-toggle='tooltip' data-placement='right' title='原始值：19.1'>19.1</span>", "<span data-toggle='tooltip' data-placement='right' title='原始值：4.19'>4.19</span>", "<span data-toggle='tooltip' data-placement='right' title='原始值：0.002'>0.002</span>", "<span data-toggle='tooltip' data-placement='right' title='原始值：0.068'>0.068</span>", "<span data-toggle='tooltip' data-placement='right' title='原始值：1.28'>1.28</span>", "*", "*", "正常"], ["江苏省", "淮河流域", "<span data-toggle='tooltip' data-placement='right' title='所在地市:徐州市&#10;所属河流:邳苍分洪道'>艾山西大桥</span>", "10-20 08:00", "Ⅱ", "<span data-toggle='tooltip' data-placement='right' title='原始值：16.3924'>16.4</span>", "<span data-toggle='tooltip' data-placement='right' title='原始值：8.32005'>8.32</span>", "<span data-toggle='tooltip' data-placement='right' title='原始值：13.851'>13.85</span>", "<span data-toggle='tooltip' data-placement='right' title='原始值：714.526'>714.5</span>", "<span data-toggle='tooltip' data-placement='right' title='原始值：57.7998'>57.8</span>", "<span data-toggle='tooltip' data-placement='right' title='原始值：3.19'>3.19</span>", "<span data-toggle='tooltip' data-placement='right' title='原始值：0.09'>0.090</span>", "<span data-toggle='tooltip' data-placement='right' title='原始值：0.03115'>0.031</span>", "<span data-toggle='tooltip' data-placement='right' title='原始值：9.23947'>9.24</span>", "*", "*", "正常"], ["江苏省", "太湖流域", "<span data-toggle='tooltip' data-placement='right' title='所在地市:苏州市&#10;所属河流:太湖'>兰山嘴(老)</span>", null, "", "--", "--", "--", "--", "--", "--", "--", "--", "--", "--", "*", "维护"], ["江苏省", "太湖流域", "<span data-toggle='tooltip' data-placement='right' title='所在地市:苏州市&#10;所属河流:太湖'>西山</span>", null, "", "--", "--", "--", "--", "--", "--", "--", "--", "--", "--", "*", "维护"], ["江苏省", "淮河流域", "<span data-toggle='tooltip' data-placement='right' title='所在地市:连云港市&#10;所属河流:新沭河'>大兴桥</span>", "10-20 08:00", "Ⅲ", "<span data-toggle='tooltip' data-placement='right' title='原始值：18.1'>18.1</span>", "<span data-toggle='tooltip' data-placement='right' title='原始值：8.68'>8.68</span>", "<span data-toggle='tooltip' data-placement='right' title='原始值：12.16'>12.16</span>", "<span data-toggle='tooltip' data-placement='right' title='原始值：721.8'>721.8</span>", "<span data-toggle='tooltip' data-placement='right' title='原始值：114.74'>114.7</span>", "<span data-toggle='tooltip' data-placement='right' title='原始值：5.27'>5.27</span>", "<span data-toggle='tooltip' data-placement='right' title='原始值：0.051'>0.051</span>", "*", "*", "*", "*", "正常"], ["江苏省", "淮河流域", "<span data-toggle='tooltip' data-placement='right' title='所在地市:淮安市&#10;所属河流:淮河'>淮河大桥</span>", "10-20 08:00", "Ⅲ", "<span data-toggle='tooltip' data-placement='right' title='原始值：20.16268'>20.2</span>", "<span data-toggle='tooltip' data-placement='right' title='原始值：7.92621'>7.93</span>", "<span data-toggle='tooltip' data-placement='right' title='原始值：6.99329'>6.99</span>", "<span data-toggle='tooltip' data-placement='right' title='原始值：458.0774'>458.1</span>", "<span data-toggle='tooltip' data-placement='right' title='原始值：40.3528'>40.4</span>", "<span data-toggle='tooltip' data-placement='right' title='原始值：4.06'>4.06</span>", "<span data-toggle='tooltip' data-placement='right' title='原始值：0.88'>0.880</span>", "<span data-toggle='tooltip' data-placement='right' title='原始值：0.1463'>0.146</span>", "<span data-toggle='tooltip' data-placement='right' title='原始值：1.686'>1.69</span>", "*", "*", "正常"], ["江苏省", "长江流域", "<span data-toggle='tooltip' data-placement='right' title='所在地市:扬州市&#10;所属河流:夹江'>三江营</span>", "10-20 08:00", "Ⅱ", "<span data-toggle='tooltip' data-placement='right' title='原始值：20.69'>20.7</span>", "<span data-toggle='tooltip' data-placement='right' title='原始值：7.82'>7.82</span>", "<span data-toggle='tooltip' data-placement='right' title='原始值：7.41'>7.41</span>", "<span data-toggle='tooltip' data-placement='right' title='原始值：322.64'>322.6</span>", "<span data-toggle='tooltip' data-placement='right' title='原始值：76.98'>77.0</span>", "<span data-toggle='tooltip' data-placement='right' title='原始值：2.482'>2.48</span>", "<span data-toggle='tooltip' data-placement='right' title='原始值：0.045'>0.045</span>", "<span data-toggle='tooltip' data-placement='right' title='原始值：0.08'>0.080</span>", "<span data-toggle='tooltip' data-placement='right' title='原始值：1.82'>1.82</span>", "*", "*", "正常"], ["江苏省", "淮河流域", "<span data-toggle='tooltip' data-placement='right' title='所在地市:宿迁市&#10;所属河流:新濉河'>大屈</span>", "10-20 08:00", "Ⅱ", "<span data-toggle='tooltip' data-placement='right' title='原始值：18.7'>18.7</span>", "<span data-toggle='tooltip' data-placement='right' title='原始值：8.3'>8.30</span>", "<span data-toggle='tooltip' data-placement='right' title='原始值：9.53'>9.53</span>", "<span data-toggle='tooltip' data-placement='right' title='原始值：757'>757.0</span>", "<span data-toggle='tooltip' data-placement='right' title='原始值：50.8'>50.8</span>", "<span data-toggle='tooltip' data-placement='right' title='原始值：3.49'>3.49</span>", "<span data-toggle='tooltip' data-placement='right' title='原始值：0.06'>0.060</span>", "<span data-toggle='tooltip' data-placement='right' title='原始值：0.05'>0.050</span>", "<span data-toggle='tooltip' data-placement='right' title='原始值：0.654'>0.65</span>", "*", "*", "正常"], ["浙江省", "浙闽片河流", "<span data-toggle='tooltip' data-placement='right' title='所在地市:杭州市&#10;所属河流:新安江'>街口(鸠坑口)</span>", "10-20 08:00", "Ⅰ", "<span data-toggle='tooltip' data-placement='right' title='原始值：20.79'>20.8</span>", "<span data-toggle='tooltip' data-placement='right' title='原始值：7.49'>7.49</span>", "<span data-toggle='tooltip' data-placement='right' title='原始值：9.07'>9.07</span>", "<span data-toggle='tooltip' data-placement='right' title='原始值：149.67'>149.7</span>", "<span data-toggle='tooltip' data-placement='right' title='原始值：34.27'>34.3</span>", "<span data-toggle='tooltip' data-placement='right' title='原始值：1.643'>1.64</span>", "<span data-toggle='tooltip' data-placement='right' title='原始值：0.011'>0.011</span>", "<span data-toggle='tooltip' data-placement='right' title='原始值：0.02'>0.020</span>", "<span data-toggle='tooltip' data-placement='right' title='原始值：0.852'>0.85</span>", "*", "*", "正常"], ["浙江省", "太湖流域", "<span data-toggle='tooltip' data-placement='right' title='所在地市:嘉兴市&#10;所属河流:斜路港河'>斜路港</span>", "10-20 08:00", "Ⅳ", "<span data-toggle='tooltip' data-placement='right' title='原始值：20.5'>20.5</span>", "<span data-toggle='tooltip' data-placement='right' title='原始值：7.4'>7.40</span>", "<span data-toggle='tooltip' data-placement='right' title='原始值：3.65'>3.65</span>", "<span data-toggle='tooltip' data-placement='right' title='原始值：496'>496.0</span>", "<span data-toggle='tooltip' data-placement='right' title='原始值：88.3'>88.3</span>", "<span data-toggle='tooltip' data-placement='right' title='原始值：4.69'>4.69</span>", "<span data-toggle='tooltip' data-placement='right' title='原始值：0.11944'>0.119</span>", "<span data-toggle='tooltip' data-placement='right' title='原始值：0.07019'>0.070</span>", "<span data-toggle='tooltip' data-placement='right' title='原始值：1.63577'>1.64</span>", "*", "*", "正常"], ["浙江省", "太湖流域", "<span data-toggle='tooltip' data-placement='right' title='所在地市:嘉兴市&#10;所属河流:京杭运河'>王江泾</span>", "10-20 08:00", "", "<span data-toggle='tooltip' data-placement='right' title='原始值：21.1'>21.1</span>", "<span data-toggle='tooltip' data-placement='right' title='原始值：7.2'>7.20</span>", "<span data-toggle='tooltip' data-placement='right' title='原始值：3.28'>3.28</span>", "<span data-toggle='tooltip' data-placement='right' title='原始值：538.39'>538.4</span>", "<span data-toggle='tooltip' data-placement='right' title='原始值：76.09'>76.1</span>", "<span data-toggle='tooltip' data-placement='right' title='极值过滤'>--</span>", "<span data-toggle='tooltip' data-placement='right' title='原始值：0.14'>0.140</span>", "<span data-toggle='tooltip' data-placement='right' title='原始值：0.074'>0.074</span>", "<span data-toggle='tooltip' data-placement='right' title='原始值：1.39'>1.39</span>", "*", "*", "维护"], ["浙江省", "太湖流域", "<span data-toggle='tooltip' data-placement='right' title='所在地市:湖州市&#10;所属河流:西苕溪'>新港口(新塘港)</span>", null, "", "--", "--", "--", "--", "--", "--", "--", "--", "--", "--", "*", "维护"], ["安徽省", "巢湖流域", "<span data-toggle='tooltip' data-placement='right' title='所在地市:合肥市&#10;所属河流:巢湖'>湖滨(老)</span>", "10-20 08:00", "Ⅳ", "<span data-toggle='tooltip' data-placement='right' title='原始值：19.01281'>19.0</span>", "<span data-toggle='tooltip' data-placement='right' title='原始值：6.49436'>6.49</span>", "<span data-toggle='tooltip' data-placement='right' title='原始值：6.77335'>6.77</span>", "<span data-toggle='tooltip' data-placement='right' title='原始值：211.5181'>211.5</span>", "<span data-toggle='tooltip' data-placement='right' title='原始值：117.4118'>117.4</span>", "<span data-toggle='tooltip' data-placement='right' title='原始值：5.34'>5.34</span>", "<span data-toggle='tooltip' data-placement='right' title='原始值：0.26'>0.260</span>", "<span data-toggle='tooltip' data-placement='right' title='原始值：0.0836'>0.084</span>", "<span data-toggle='tooltip' data-placement='right' title='原始值：1.024'>1.02</span>", "<span data-toggle='tooltip' data-placement='right' title='原始值：0.02122'>0.021</span>", "*", "正常"], ["安徽省", "巢湖流域", "<span data-toggle='tooltip' data-placement='right' title='所在地市:芜湖市&#10;所属河流:巢湖'>裕溪口(老)</span>", "10-20 08:00", "Ⅳ", "<span data-toggle='tooltip' data-placement='right' title='原始值：20.83667'>20.8</span>", "<span data-toggle='tooltip' data-placement='right' title='原始值：7.27862'>7.28</span>", "<span data-toggle='tooltip' data-placement='right' title='原始值：4.79637'>4.80</span>", "<span data-toggle='tooltip' data-placement='right' title='原始值：325.2991'>325.3</span>", "<span data-toggle='tooltip' data-placement='right' title='原始值：75.34684'>75.3</span>", "<span data-toggle='tooltip' data-placement='right' title='原始值：3.73'>3.73</span>", "<span data-toggle='tooltip' data-placement='right' title='原始值：0.17'>0.170</span>", "<span data-toggle='tooltip' data-placement='right' title='原始值：0.0972'>0.097</span>", "<span data-toggle='tooltip' data-placement='right' title='原始值：2.317'>2.32</span>", "*", "*", "正常"], ["安徽省", "淮河流域", "<span data-toggle='tooltip' data-placement='right' title='所在地市:蚌埠市&#10;所属河流:淮河'>蚌埠闸上(蚌埠闸)</span>", "10-20 08:00", "", "<span data-toggle='tooltip' data-placement='right' title='原始值：21.93'>21.9</span>", "<span data-toggle='tooltip' data-placement='right' title='原始值：7.5'>7.50</span>", "<span data-toggle='tooltip' data-placement='right' title='原始值：9.35'>9.35</span>", "<span data-toggle='tooltip' data-placement='right' title='原始值：410.38'>410.4</span>", "<span data-toggle='tooltip' data-placement='right' title='原始值：163.26'>163.3</span>", "<span data-toggle='tooltip' data-placement='right' title='原始值：6.663'>6.66</span>", "<span data-toggle='tooltip' data-placement='right' title='极值过滤'>--</span>", "<span data-toggle='tooltip' data-placement='right' title='极值过滤'>--</span>", "<span data-toggle='tooltip' data-placement='right' title='原始值：1.462'>1.46</span>", "*", "*", "维护"], ["安徽省", "淮河流域", "<span data-toggle='tooltip' data-placement='right' title='所在地市:淮南市&#10;所属河流:淮河'>石头埠(老)</span>", "10-20 08:00", "Ⅳ", "<span data-toggle='tooltip' data-placement='right' title='原始值：19.88588'>19.9</span>", "<span data-toggle='tooltip' data-placement='right' title='原始值：7.28036'>7.28</span>", "<span data-toggle='tooltip' data-placement='right' title='原始值：3.83491'>3.83</span>", "<span data-toggle='tooltip' data-placement='right' title='原始值：242.0049'>242.0</span>", "<span data-toggle='tooltip' data-placement='right' title='原始值：134.2052'>134.2</span>", "<span data-toggle='tooltip' data-placement='right' title='原始值：5.01'>5.01</span>", "<span data-toggle='tooltip' data-placement='right' title='原始值：0.12'>0.120</span>", "*", "*", "*", "*", "正常"], ["安徽省", "淮河流域", "<span data-toggle='tooltip' data-placement='right' title='所在地市:淮北市&#10;所属河流:沱河'>小王桥</span>", "10-20 08:00", "Ⅴ", "<span data-toggle='tooltip' data-placement='right' title='原始值：18.74'>18.7</span>", "<span data-toggle='tooltip' data-placement='right' title='原始值：8.01'>8.01</span>", "<span data-toggle='tooltip' data-placement='right' title='原始值：5.14'>5.14</span>", "<span data-toggle='tooltip' data-placement='right' title='原始值：1407.95'>1408.0</span>", "<span data-toggle='tooltip' data-placement='right' title='原始值：22.17'>22.2</span>", "<span data-toggle='tooltip' data-placement='right' title='原始值：6.724'>6.72</span>", "<span data-toggle='tooltip' data-placement='right' title='原始值：0.024'>0.024</span>", "<span data-toggle='tooltip' data-placement='right' title='原始值：0.308'>0.308</span>", "<span data-toggle='tooltip' data-placement='right' title='原始值：0.891'>0.89</span>", "*", "*", "正常"], ["安徽省", "长江流域", "<span data-toggle='tooltip' data-placement='right' title='所在地市:安庆市&#10;所属河流:长江'>皖河口</span>", "10-20 08:00", "Ⅱ", "<span data-toggle='tooltip' data-placement='right' title='原始值：20.48'>20.5</span>", "<span data-toggle='tooltip' data-placement='right' title='原始值：7.474'>7.47</span>", "<span data-toggle='tooltip' data-placement='right' title='原始值：7.26'>7.26</span>", "<span data-toggle='tooltip' data-placement='right' title='原始值：296.47'>296.5</span>", "<span data-toggle='tooltip' data-placement='right' title='原始值：26.88'>26.9</span>", "<span data-toggle='tooltip' data-placement='right' title='原始值：1.57'>1.57</span>", "<span data-toggle='tooltip' data-placement='right' title='原始值：0.028'>0.028</span>", "<span data-toggle='tooltip' data-placement='right' title='原始值：0.0579'>0.058</span>", "<span data-toggle='tooltip' data-placement='right' title='原始值：2.114'>2.11</span>", "*", "*", "正常"], ["安徽省", "淮河流域", "<span data-toggle='tooltip' data-placement='right' title='所在地市:滁州市&#10;所属河流:淮河'>小柳巷</span>", "10-20 08:00", "Ⅲ", "<span data-toggle='tooltip' data-placement='right' title='原始值：20.1'>20.1</span>", "<span data-toggle='tooltip' data-placement='right' title='原始值：7.43'>7.43</span>", "<span data-toggle='tooltip' data-placement='right' title='原始值：7.54'>7.54</span>", "<span data-toggle='tooltip' data-placement='right' title='原始值：399.3'>399.3</span>", "<span data-toggle='tooltip' data-placement='right' title='原始值：178.53'>178.5</span>", "<span data-toggle='tooltip' data-placement='right' title='原始值：2.09'>2.09</span>", "<span data-toggle='tooltip' data-placement='right' title='原始值：0.046'>0.046</span>", "<span data-toggle='tooltip' data-placement='right' title='原始值：0.134'>0.134</span>", "<span data-toggle='tooltip' data-placement='right' title='极值过滤'>--</span>", "*", "*", "维护"], ["安徽省", "淮河流域", "<span data-toggle='tooltip' data-placement='right' title='所在地市:阜阳市&#10;所属河流:黑茨河'>张大桥</span>", null, "", "--", "--", "--", "--", "--", "--", "--", "--", "--", "*", "*", "停站"], ["安徽省", "淮河流域", "<span data-toggle='tooltip' data-placement='right' title='所在地市:阜阳市&#10;所属河流:淮河'>王家坝</span>", "10-20 08:00", "Ⅲ", "<span data-toggle='tooltip' data-placement='right' title='原始值：17.39'>17.4</span>", "<span data-toggle='tooltip' data-placement='right' title='原始值：7.24892'>7.25</span>", "<span data-toggle='tooltip' data-placement='right' title='原始值：6.83454'>6.83</span>", "<span data-toggle='tooltip' data-placement='right' title='原始值：390.0018'>390.0</span>", "<span data-toggle='tooltip' data-placement='right' title='原始值：47.76919'>47.8</span>", "<span data-toggle='tooltip' data-placement='right' title='原始值：3.13'>3.13</span>", "<span data-toggle='tooltip' data-placement='right' title='原始值：0.205'>0.205</span>", "<span data-toggle='tooltip' data-placement='right' title='原始值：0.19631'>0.196</span>", "<span data-toggle='tooltip' data-placement='right' title='原始值：2.03577'>2.04</span>", "*", "*", "正常"], ["安徽省", "淮河流域", "<span data-toggle='tooltip' data-placement='right' title='所在地市:阜阳市&#10;所属河流:颍河'>界首七渡口(七渡口)</span>", "10-20 08:00", "Ⅳ", "<span data-toggle='tooltip' data-placement='right' title='原始值：18.92926'>18.9</span>", "<span data-toggle='tooltip' data-placement='right' title='原始值：7.62869'>7.63</span>", "<span data-toggle='tooltip' data-placement='right' title='原始值：3.78113'>3.78</span>", "<span data-toggle='tooltip' data-placement='right' title='原始值：928.9744'>929.0</span>", "<span data-toggle='tooltip' data-placement='right' title='原始值：17.82656'>17.8</span>", "<span data-toggle='tooltip' data-placement='right' title='原始值：4.52'>4.52</span>", "<span data-toggle='tooltip' data-placement='right' title='原始值：0.25'>0.250</span>", "<span data-toggle='tooltip' data-placement='right' title='原始值：0.11542'>0.115</span>", "<span data-toggle='tooltip' data-placement='right' title='原始值：4.07825'>4.08</span>", "*", "*", "正常"], ["安徽省", "淮河流域", "<span data-toggle='tooltip' data-placement='right' title='所在地市:阜阳市&#10;所属河流:泉河'>许庄(徐庄)</span>", "10-20 08:00", "Ⅲ", "<span data-toggle='tooltip' data-placement='right' title='原始值：15.3'>15.3</span>", "<span data-toggle='tooltip' data-placement='right' title='原始值：7.72'>7.72</span>", "<span data-toggle='tooltip' data-placement='right' title='原始值：8.17'>8.17</span>", "<span data-toggle='tooltip' data-placement='right' title='原始值：914.4'>914.4</span>", "<span data-toggle='tooltip' data-placement='right' title='原始值：86.32'>86.3</span>", "<span data-toggle='tooltip' data-placement='right' title='原始值：3.24'>3.24</span>", "<span data-toggle='tooltip' data-placement='right' title='原始值：0.01'>0.010</span>", "<span data-toggle='tooltip' data-placement='right' title='原始值：0.122'>0.122</span>", "<span data-toggle='tooltip' data-placement='right' title='原始值：1.567'>1.57</span>", "*", "*", "正常"], ["安徽省", "淮河流域", "<span data-toggle='tooltip' data-placement='right' title='所在地市:宿州市&#10;所属河流:奎河'>杨庄</span>", "10-20 08:00", "Ⅲ", "<span data-toggle='tooltip' data-placement='right' title='原始值：18.2'>18.2</span>", "<span data-toggle='tooltip' data-placement='right' title='原始值：7.67'>7.67</span>", "<span data-toggle='tooltip' data-placement='right' title='原始值：8.76'>8.76</span>", "<span data-toggle='tooltip' data-placement='right' title='原始值：911.3'>911.3</span>", "<span data-toggle='tooltip' data-placement='right' title='原始值：96.95'>97.0</span>", "<span data-toggle='tooltip' data-placement='right' title='原始值：4.05'>4.05</span>", "<span data-toggle='tooltip' data-placement='right' title='原始值：0.372'>0.372</span>", "*", "*", "*", "*", "正常"], ["安徽省", "淮河流域", "<span data-toggle='tooltip' data-placement='right' title='所在地市:宿州市&#10;所属河流:新汴河'>泗县公路桥</span>", "10-20 08:00", "Ⅳ", "<span data-toggle='tooltip' data-placement='right' title='原始值：19.2'>19.2</span>", "<span data-toggle='tooltip' data-placement='right' title='原始值：8.42'>8.42</span>", "<span data-toggle='tooltip' data-placement='right' title='原始值：9.27'>9.27</span>", "<span data-toggle='tooltip' data-placement='right' title='原始值：971.9'>971.9</span>", "<span data-toggle='tooltip' data-placement='right' title='原始值：64.21'>64.2</span>", "<span data-toggle='tooltip' data-placement='right' title='原始值：7.28'>7.28</span>", "<span data-toggle='tooltip' data-placement='right' title='原始值：0.085'>0.085</span>", "*", "*", "*", "*", "正常"], ["安徽省", "淮河流域", "<span data-toggle='tooltip' data-placement='right' title='所在地市:亳州市&#10;所属河流:包河'>颜集</span>", "10-20 08:00", "Ⅲ", "<span data-toggle='tooltip' data-placement='right' title='原始值：16.2'>16.2</span>", "<span data-toggle='tooltip' data-placement='right' title='原始值：8.25'>8.25</span>", "<span data-toggle='tooltip' data-placement='right' title='原始值：8.58'>8.58</span>", "<span data-toggle='tooltip' data-placement='right' title='原始值：1703.4'>1703.4</span>", "<span data-toggle='tooltip' data-placement='right' title='原始值：217.01'>217.0</span>", "<span data-toggle='tooltip' data-placement='right' title='原始值：2.37'>2.37</span>", "<span data-toggle='tooltip' data-placement='right' title='原始值：0.15'>0.150</span>", "<span data-toggle='tooltip' data-placement='right' title='原始值：0.177'>0.177</span>", "<span data-toggle='tooltip' data-placement='right' title='原始值：6.905'>6.90</span>", "*", "*", "正常"], ["福建省", "浙闽片河流", "<span data-toggle='tooltip' data-placement='right' title='所在地市:福州市&#10;所属河流:闽江'>白岩潭</span>", null, "", "--", "--", "--", "--", "--", "--", "--", "--", "--", "*", "*", "停站"], ["江西省", "长江流域", "<span data-toggle='tooltip' data-placement='right' title='所在地市:南昌市&#10;所属河流:赣江南支'>滁槎</span>", "10-20 08:00", "Ⅱ", "<span data-toggle='tooltip' data-placement='right' title='原始值：21.35749'>21.4</span>", "<span data-toggle='tooltip' data-placement='right' title='原始值：7.5316'>7.53</span>", "<span data-toggle='tooltip' data-placement='right' title='原始值：7.79719'>7.80</span>", "<span data-toggle='tooltip' data-placement='right' title='原始值：166.5678'>166.6</span>", "<span data-toggle='tooltip' data-placement='right' title='原始值：46.07971'>46.1</span>", "<span data-toggle='tooltip' data-placement='right' title='原始值：2.91'>2.91</span>", "<span data-toggle='tooltip' data-placement='right' title='原始值：0.46'>0.460</span>", "<span data-toggle='tooltip' data-placement='right' title='原始值：0.06925'>0.069</span>", "<span data-toggle='tooltip' data-placement='right' title='原始值：1.32'>1.32</span>", "*", "*", "正常"], ["江西省", "长江流域", "<span data-toggle='tooltip' data-placement='right' title='所在地市:九江市&#10;所属河流:长江'>姚港(河西水厂)</span>", "10-20 08:00", "Ⅱ", "<span data-toggle='tooltip' data-placement='right' title='原始值：19.98'>20.0</span>", "<span data-toggle='tooltip' data-placement='right' title='原始值：7.47'>7.47</span>", "<span data-toggle='tooltip' data-placement='right' title='原始值：8.25'>8.25</span>", "<span data-toggle='tooltip' data-placement='right' title='原始值：319.82'>319.8</span>", "<span data-toggle='tooltip' data-placement='right' title='原始值：40.6'>40.6</span>", "<span data-toggle='tooltip' data-placement='right' title='原始值：1.22'>1.22</span>", "<span data-toggle='tooltip' data-placement='right' title='原始值：0.01'>0.010</span>", "<span data-toggle='tooltip' data-placement='right' title='原始值：0.071'>0.071</span>", "<span data-toggle='tooltip' data-placement='right' title='原始值：1.4'>1.40</span>", "*", "*", "正常"], ["江西省", "长江流域", "<span data-toggle='tooltip' data-placement='right' title='所在地市:九江市&#10;所属河流:鄱阳湖'>蛤蟆石</span>", "10-20 08:00", "Ⅳ", "<span data-toggle='tooltip' data-placement='right' title='原始值：19.74'>19.7</span>", "<span data-toggle='tooltip' data-placement='right' title='原始值：7.2'>7.20</span>", "<span data-toggle='tooltip' data-placement='right' title='原始值：8.37'>8.37</span>", "<span data-toggle='tooltip' data-placement='right' title='原始值：133.79'>133.8</span>", "<span data-toggle='tooltip' data-placement='right' title='原始值：176.24'>176.2</span>", "<span data-toggle='tooltip' data-placement='right' title='原始值：2.6'>2.60</span>", "<span data-toggle='tooltip' data-placement='right' title='原始值：0.047'>0.047</span>", "<span data-toggle='tooltip' data-placement='right' title='原始值：0.0707'>0.071</span>", "<span data-toggle='tooltip' data-placement='right' title='原始值：1.363'>1.36</span>", "<span data-toggle='tooltip' data-placement='right' title='原始值：0.00147'>0.001</span>", "<span data-toggle='tooltip' data-placement='right' title='原始值：2042412'>2042412</span>", "正常"], ["山东省", "黄河流域", "<span data-toggle='tooltip' data-placement='right' title='所在地市:济南市&#10;所属河流:黄河'>泺口</span>", "10-20 08:00", "Ⅱ", "<span data-toggle='tooltip' data-placement='right' title='原始值：18.0394'>18.0</span>", "<span data-toggle='tooltip' data-placement='right' title='原始值：8.25045'>8.25</span>", "<span data-toggle='tooltip' data-placement='right' title='原始值：8.63002'>8.63</span>", "<span data-toggle='tooltip' data-placement='right' title='原始值：788.562'>788.6</span>", "<span data-toggle='tooltip' data-placement='right' title='原始值：443.77'>443.8</span>", "<span data-toggle='tooltip' data-placement='right' title='原始值：2.38'>2.38</span>", "<span data-toggle='tooltip' data-placement='right' title='原始值：0.07393'>0.074</span>", "<span data-toggle='tooltip' data-placement='right' title='原始值：0.01969'>0.020</span>", "<span data-toggle='tooltip' data-placement='right' title='原始值：3.142'>3.14</span>", "*", "*", "正常"], ["山东省", "淮河流域", "<span data-toggle='tooltip' data-placement='right' title='所在地市:枣庄市&#10;所属河流:京杭大运河（韩庄运河）'>台儿庄大桥</span>", "10-20 08:00", "Ⅱ", "<span data-toggle='tooltip' data-placement='right' title='原始值：18.82023'>18.8</span>", "<span data-toggle='tooltip' data-placement='right' title='原始值：7.78479'>7.78</span>", "<span data-toggle='tooltip' data-placement='right' title='原始值：7.12833'>7.13</span>", "<span data-toggle='tooltip' data-placement='right' title='原始值：849.9845'>850.0</span>", "<span data-toggle='tooltip' data-placement='right' title='原始值：31.68615'>31.7</span>", "<span data-toggle='tooltip' data-placement='right' title='原始值：3.16268'>3.16</span>", "<span data-toggle='tooltip' data-placement='right' title='原始值：0.05285'>0.053</span>", "<span data-toggle='tooltip' data-placement='right' title='原始值：0.06172'>0.062</span>", "<span data-toggle='tooltip' data-placement='right' title='原始值：2.1944'>2.19</span>", "*", "*", "正常"], ["山东省", "淮河流域", "<span data-toggle='tooltip' data-placement='right' title='所在地市:临沂市&#10;所属河流:沭河'>清泉寺</span>", "10-20 08:00", "Ⅳ", "<span data-toggle='tooltip' data-placement='right' title='原始值：16.93833'>16.9</span>", "<span data-toggle='tooltip' data-placement='right' title='原始值：8.75384'>8.75</span>", "<span data-toggle='tooltip' data-placement='right' title='原始值：13.30859'>13.31</span>", "<span data-toggle='tooltip' data-placement='right' title='原始值：828.239'>828.2</span>", "<span data-toggle='tooltip' data-placement='right' title='原始值：16.76047'>16.8</span>", "<span data-toggle='tooltip' data-placement='right' title='原始值：7.73'>7.73</span>", "<span data-toggle='tooltip' data-placement='right' title='原始值：0.3'>0.300</span>", "*", "*", "*", "*", "正常"], ["山东省", "淮河流域", "<span data-toggle='tooltip' data-placement='right' title='所在地市:临沂市&#10;所属河流:沂河'>重坊桥</span>", "10-20 08:00", "Ⅱ", "<span data-toggle='tooltip' data-placement='right' title='原始值：17.30002'>17.3</span>", "<span data-toggle='tooltip' data-placement='right' title='原始值：8.26917'>8.27</span>", "<span data-toggle='tooltip' data-placement='right' title='原始值：10.15851'>10.16</span>", "<span data-toggle='tooltip' data-placement='right' title='原始值：710.6111'>710.6</span>", "<span data-toggle='tooltip' data-placement='right' title='原始值：10.44814'>10.4</span>", "<span data-toggle='tooltip' data-placement='right' title='原始值：3.82'>3.82</span>", "<span data-toggle='tooltip' data-placement='right' title='原始值：0.11719'>0.117</span>", "*", "*", "*", "*", "正常"], ["山东省", "淮河流域", "<span data-toggle='tooltip' data-placement='right' title='所在地市:临沂市&#10;所属河流:白马河'>捷庄(涝沟桥)</span>", "10-20 08:00", "Ⅲ", "<span data-toggle='tooltip' data-placement='right' title='原始值：17.3'>17.3</span>", "<span data-toggle='tooltip' data-placement='right' title='原始值：7.6'>7.60</span>", "<span data-toggle='tooltip' data-placement='right' title='原始值：9.74999'>9.75</span>", "<span data-toggle='tooltip' data-placement='right' title='原始值：880'>880.0</span>", "<span data-toggle='tooltip' data-placement='right' title='原始值：32.20644'>32.2</span>", "<span data-toggle='tooltip' data-placement='right' title='原始值：4.93'>4.93</span>", "<span data-toggle='tooltip' data-placement='right' title='原始值：0.06596'>0.066</span>", "<span data-toggle='tooltip' data-placement='right' title='原始值：0.15988'>0.160</span>", "<span data-toggle='tooltip' data-placement='right' title='原始值：6.56868'>6.57</span>", "*", "*", "正常"], ["山东省", "海河流域", "<span data-toggle='tooltip' data-placement='right' title='所在地市:聊城市&#10;所属河流:卫运河'>秤勾湾(秤钩湾)</span>", null, "", "--", "--", "--", "--", "--", "--", "--", "--", "--", "*", "*", "停站"], ["河南省", "长江流域", "<span data-toggle='tooltip' data-placement='right' title='所在地市:南阳市&#10;所属河流:丹江口水库'>陶岔</span>", "10-20 08:00", "Ⅰ", "<span data-toggle='tooltip' data-placement='right' title='原始值：21.48'>21.5</span>", "<span data-toggle='tooltip' data-placement='right' title='原始值：7.78792'>7.79</span>", "<span data-toggle='tooltip' data-placement='right' title='原始值：7.90077'>7.90</span>", "<span data-toggle='tooltip' data-placement='right' title='原始值：275.6294'>275.6</span>", "<span data-toggle='tooltip' data-placement='right' title='原始值：1.56061'>1.6</span>", "<span data-toggle='tooltip' data-placement='right' title='原始值：1.73'>1.73</span>", "<span data-toggle='tooltip' data-placement='right' title='原始值：0.02641'>0.026</span>", "<span data-toggle='tooltip' data-placement='right' title='原始值：0.00546'>0.005</span>", "<span data-toggle='tooltip' data-placement='right' title='原始值：1.54632'>1.55</span>", "<span data-toggle='tooltip' data-placement='right' title='原始值：0.00845'>0.008</span>", "<span data-toggle='tooltip' data-placement='right' title='原始值：418149.6'>418150</span>", "正常"], ["河南省", "淮河流域", "<span data-toggle='tooltip' data-placement='right' title='所在地市:商丘市&#10;所属河流:浍河'>黄口</span>", "10-20 08:00", "Ⅱ", "<span data-toggle='tooltip' data-placement='right' title='原始值：15.3'>15.3</span>", "<span data-toggle='tooltip' data-placement='right' title='原始值：7.44001'>7.44</span>", "<span data-toggle='tooltip' data-placement='right' title='原始值：7.09'>7.09</span>", "<span data-toggle='tooltip' data-placement='right' title='原始值：1816.938'>1816.9</span>", "<span data-toggle='tooltip' data-placement='right' title='原始值：36.21197'>36.2</span>", "<span data-toggle='tooltip' data-placement='right' title='原始值：3.27'>3.27</span>", "<span data-toggle='tooltip' data-placement='right' title='原始值：0.07893'>0.079</span>", "<span data-toggle='tooltip' data-placement='right' title='原始值：0.0716'>0.072</span>", "<span data-toggle='tooltip' data-placement='right' title='原始值：8.49223'>8.49</span>", "*", "*", "正常"], ["河南省", "淮河流域", "<span data-toggle='tooltip' data-placement='right' title='所在地市:信阳市&#10;所属河流:史灌河'>蒋集</span>", "10-20 08:00", "Ⅱ", "<span data-toggle='tooltip' data-placement='right' title='原始值：18.92499'>18.9</span>", "<span data-toggle='tooltip' data-placement='right' title='原始值：6.88144'>6.88</span>", "<span data-toggle='tooltip' data-placement='right' title='原始值：6.36003'>6.36</span>", "<span data-toggle='tooltip' data-placement='right' title='原始值：220.9919'>221.0</span>", "<span data-toggle='tooltip' data-placement='right' title='原始值：197.1111'>197.1</span>", "<span data-toggle='tooltip' data-placement='right' title='原始值：2.75'>2.75</span>", "<span data-toggle='tooltip' data-placement='right' title='原始值：0.18315'>0.183</span>", "*", "*", "*", "*", "正常"], ["河南省", "淮河流域", "<span data-toggle='tooltip' data-placement='right' title='所在地市:信阳市&#10;所属河流:淮河'>淮滨水文站(淮滨)</span>", "10-20 08:00", "Ⅲ", "<span data-toggle='tooltip' data-placement='right' title='原始值：16.5'>16.5</span>", "<span data-toggle='tooltip' data-placement='right' title='原始值：7.01'>7.01</span>", "<span data-toggle='tooltip' data-placement='right' title='原始值：7.9575'>7.96</span>", "<span data-toggle='tooltip' data-placement='right' title='原始值：235'>235.0</span>", "<span data-toggle='tooltip' data-placement='right' title='原始值：96.92735'>96.9</span>", "<span data-toggle='tooltip' data-placement='right' title='原始值：2.73359'>2.73</span>", "<span data-toggle='tooltip' data-placement='right' title='原始值：0.19845'>0.198</span>", "<span data-toggle='tooltip' data-placement='right' title='原始值：0.1765'>0.176</span>", "<span data-toggle='tooltip' data-placement='right' title='原始值：1.00666'>1.01</span>", "*", "*", "正常"], ["河南省", "淮河流域", "<span data-toggle='tooltip' data-placement='right' title='所在地市:周口市&#10;所属河流:沙河'>沈丘闸</span>", "10-20 08:00", "Ⅳ", "<span data-toggle='tooltip' data-placement='right' title='原始值：18.26858'>18.3</span>", "<span data-toggle='tooltip' data-placement='right' title='原始值：7.27826'>7.28</span>", "<span data-toggle='tooltip' data-placement='right' title='原始值：4.63304'>4.63</span>", "<span data-toggle='tooltip' data-placement='right' title='原始值：1049.009'>1049.0</span>", "<span data-toggle='tooltip' data-placement='right' title='原始值：23.27465'>23.3</span>", "<span data-toggle='tooltip' data-placement='right' title='原始值：3.72'>3.72</span>", "<span data-toggle='tooltip' data-placement='right' title='原始值：0.16'>0.160</span>", "*", "*", "*", "*", "正常"], ["河南省", "淮河流域", "<span data-toggle='tooltip' data-placement='right' title='所在地市:周口市&#10;所属河流:涡河'>鹿邑付桥(鹿邑付桥闸)</span>", "10-20 08:00", "Ⅳ", "<span data-toggle='tooltip' data-placement='right' title='原始值：18.26106'>18.3</span>", "<span data-toggle='tooltip' data-placement='right' title='原始值：8.54125'>8.54</span>", "<span data-toggle='tooltip' data-placement='right' title='原始值：9.71114'>9.71</span>", "<span data-toggle='tooltip' data-placement='right' title='原始值：1428.651'>1428.7</span>", "<span data-toggle='tooltip' data-placement='right' title='原始值：13.7449'>13.7</span>", "<span data-toggle='tooltip' data-placement='right' title='原始值：7.39'>7.39</span>", "<span data-toggle='tooltip' data-placement='right' title='原始值：0.06'>0.060</span>", "<span data-toggle='tooltip' data-placement='right' title='原始值：0.1464'>0.146</span>", "<span data-toggle='tooltip' data-placement='right' title='原始值：1.183'>1.18</span>", "*", "*", "正常"], ["河南省", "淮河流域", "<span data-toggle='tooltip' data-placement='right' title='所在地市:驻马店市&#10;所属河流:洪河'>新蔡班台(班台)</span>", "10-20 08:00", "Ⅳ", "<span data-toggle='tooltip' data-placement='right' title='原始值：19.08037'>19.1</span>", "<span data-toggle='tooltip' data-placement='right' title='原始值：7.16258'>7.16</span>", "<span data-toggle='tooltip' data-placement='right' title='原始值：7.03671'>7.04</span>", "<span data-toggle='tooltip' data-placement='right' title='原始值：721.2413'>721.2</span>", "<span data-toggle='tooltip' data-placement='right' title='原始值：32.99443'>33.0</span>", "<span data-toggle='tooltip' data-placement='right' title='原始值：3.79'>3.79</span>", "<span data-toggle='tooltip' data-placement='right' title='原始值：0.24'>0.240</span>", "<span data-toggle='tooltip' data-placement='right' title='原始值：0.27839'>0.278</span>", "<span data-toggle='tooltip' data-placement='right' title='原始值：4.1612'>4.16</span>", "*", "*", "正常"], ["河南省", "黄河流域", "<span data-toggle='tooltip' data-placement='right' title='所在地市:济源市&#10;所属河流:黄河'>小浪底水库(小浪底)</span>", "10-20 08:00", "Ⅱ", "<span data-toggle='tooltip' data-placement='right' title='原始值：17.09227'>17.1</span>", "<span data-toggle='tooltip' data-placement='right' title='原始值：8.08988'>8.09</span>", "<span data-toggle='tooltip' data-placement='right' title='原始值：6.44946'>6.45</span>", "<span data-toggle='tooltip' data-placement='right' title='原始值：733.3077'>733.3</span>", "<span data-toggle='tooltip' data-placement='right' title='原始值：10.5895'>10.6</span>", "<span data-toggle='tooltip' data-placement='right' title='原始值：0.7875'>0.79</span>", "<span data-toggle='tooltip' data-placement='right' title='原始值：0.15'>0.150</span>", "<span data-toggle='tooltip' data-placement='right' title='原始值：0.066'>0.066</span>", "<span data-toggle='tooltip' data-placement='right' title='原始值：3.22'>3.22</span>", "*", "*", "正常"], ["湖北省", "长江流域", "<span data-toggle='tooltip' data-placement='right' title='所在地市:武汉市&#10;所属河流:汉江'>宗关</span>", "10-20 08:00", "Ⅲ", "<span data-toggle='tooltip' data-placement='right' title='原始值：19.04'>19.0</span>", "<span data-toggle='tooltip' data-placement='right' title='原始值：7.652797'>7.65</span>", "<span data-toggle='tooltip' data-placement='right' title='原始值：7.88965'>7.89</span>", "<span data-toggle='tooltip' data-placement='right' title='原始值：421.6316'>421.6</span>", "<span data-toggle='tooltip' data-placement='right' title='原始值：20.28736'>20.3</span>", "<span data-toggle='tooltip' data-placement='right' title='原始值：4.76'>4.76</span>", "<span data-toggle='tooltip' data-placement='right' title='原始值：0.103'>0.103</span>", "<span data-toggle='tooltip' data-placement='right' title='原始值：0.115'>0.115</span>", "<span data-toggle='tooltip' data-placement='right' title='原始值：3.381781'>3.38</span>", "<span data-toggle='tooltip' data-placement='right' title='原始值：0.0029219'>0.003</span>", "*", "正常"], ["湖北省", "长江流域", "<span data-toggle='tooltip' data-placement='right' title='所在地市:十堰市&#10;所属河流:丹江口水库'>坝上中(胡家岭)</span>", "10-20 08:00", "Ⅱ", "<span data-toggle='tooltip' data-placement='right' title='原始值：21.93'>21.9</span>", "<span data-toggle='tooltip' data-placement='right' title='原始值：7.726731'>7.73</span>", "<span data-toggle='tooltip' data-placement='right' title='原始值：6.365289'>6.37</span>", "<span data-toggle='tooltip' data-placement='right' title='原始值：238.068'>238.1</span>", "<span data-toggle='tooltip' data-placement='right' title='原始值：2.356477'>2.4</span>", "<span data-toggle='tooltip' data-placement='right' title='原始值：2.45'>2.45</span>", "<span data-toggle='tooltip' data-placement='right' title='原始值：0.07'>0.070</span>", "<span data-toggle='tooltip' data-placement='right' title='原始值：0.018'>0.018</span>", "<span data-toggle='tooltip' data-placement='right' title='原始值：1.203'>1.20</span>", "<span data-toggle='tooltip' data-placement='right' title='原始值：0.0590112'>0.059</span>", "<span data-toggle='tooltip' data-placement='right' title='原始值：1.0175E+07'>10175000</span>", "正常"], ["湖北省", "长江流域", "<span data-toggle='tooltip' data-placement='right' title='所在地市:宜昌市&#10;所属河流:长江'>南津关</span>", "10-20 08:00", "Ⅱ", "<span data-toggle='tooltip' data-placement='right' title='原始值：20.81'>20.8</span>", "<span data-toggle='tooltip' data-placement='right' title='原始值：7.899741'>7.90</span>", "<span data-toggle='tooltip' data-placement='right' title='原始值：8.302725'>8.30</span>", "<span data-toggle='tooltip' data-placement='right' title='原始值：367.342'>367.3</span>", "<span data-toggle='tooltip' data-placement='right' title='原始值：11.29398'>11.3</span>", "<span data-toggle='tooltip' data-placement='right' title='原始值：1.74'>1.74</span>", "<span data-toggle='tooltip' data-placement='right' title='原始值：0.018'>0.018</span>", "<span data-toggle='tooltip' data-placement='right' title='原始值：0.04'>0.040</span>", "<span data-toggle='tooltip' data-placement='right' title='原始值：1.564'>1.56</span>", "<span data-toggle='tooltip' data-placement='right' title='原始值：0.0006704'>0.001</span>", "*", "正常"], ["湖南省", "长江流域", "<span data-toggle='tooltip' data-placement='right' title='所在地市:长沙市&#10;所属河流:湘江'>新港</span>", "10-20 08:00", "Ⅱ", "<span data-toggle='tooltip' data-placement='right' title='原始值：20.53'>20.5</span>", "<span data-toggle='tooltip' data-placement='right' title='原始值：7.14'>7.14</span>", "<span data-toggle='tooltip' data-placement='right' title='原始值：10.24'>10.24</span>", "<span data-toggle='tooltip' data-placement='right' title='原始值：257.18'>257.2</span>", "<span data-toggle='tooltip' data-placement='right' title='原始值：64.88'>64.9</span>", "<span data-toggle='tooltip' data-placement='right' title='原始值：1.4'>1.40</span>", "<span data-toggle='tooltip' data-placement='right' title='原始值：0.058'>0.058</span>", "<span data-toggle='tooltip' data-placement='right' title='原始值：0.067'>0.067</span>", "<span data-toggle='tooltip' data-placement='right' title='原始值：0.46'>0.46</span>", "*", "*", "正常"], ["湖南省", "长江流域", "<span data-toggle='tooltip' data-placement='right' title='所在地市:岳阳市&#10;所属河流:洞庭湖'>岳阳楼</span>", "10-20 08:00", "Ⅳ", "<span data-toggle='tooltip' data-placement='right' title='原始值：18.13'>18.1</span>", "<span data-toggle='tooltip' data-placement='right' title='原始值：8.042139'>8.04</span>", "<span data-toggle='tooltip' data-placement='right' title='原始值：7.956289'>7.96</span>", "<span data-toggle='tooltip' data-placement='right' title='原始值：256.3727'>256.4</span>", "<span data-toggle='tooltip' data-placement='right' title='原始值：36.14635'>36.1</span>", "<span data-toggle='tooltip' data-placement='right' title='原始值：1.84'>1.84</span>", "<span data-toggle='tooltip' data-placement='right' title='原始值：0.007'>0.007</span>", "<span data-toggle='tooltip' data-placement='right' title='原始值：0.097'>0.097</span>", "<span data-toggle='tooltip' data-placement='right' title='原始值：2.154'>2.15</span>", "<span data-toggle='tooltip' data-placement='right' title='原始值：0.0028594'>0.003</span>", "<span data-toggle='tooltip' data-placement='right' title='原始值：254.614'>255</span>", "正常"], ["湖南省", "长江流域", "<span data-toggle='tooltip' data-placement='right' title='所在地市:岳阳市&#10;所属河流:长江'>城陵矶</span>", "10-20 00:00", "", "<span data-toggle='tooltip' data-placement='right' title='原始值：19.14'>19.1</span>", "<span data-toggle='tooltip' data-placement='right' title='原始值：7.953876'>7.95</span>", "<span data-toggle='tooltip' data-placement='right' title='原始值：9.125413'>9.13</span>", "<span data-toggle='tooltip' data-placement='right' title='原始值：251.572'>251.6</span>", "<span data-toggle='tooltip' data-placement='right' title='原始值：42.75358'>42.8</span>", "--", "--", "--", "--", "*", "*", "维护"], ["广东省", "珠江流域", "<span data-toggle='tooltip' data-placement='right' title='所在地市:清远市&#10;所属河流:北江'>七星岗</span>", "10-20 08:00", "Ⅱ", "<span data-toggle='tooltip' data-placement='right' title='原始值：25.64915'>25.6</span>", "<span data-toggle='tooltip' data-placement='right' title='原始值：7.54006'>7.54</span>", "<span data-toggle='tooltip' data-placement='right' title='原始值：7.67406'>7.67</span>", "<span data-toggle='tooltip' data-placement='right' title='原始值：241.0411'>241.0</span>", "<span data-toggle='tooltip' data-placement='right' title='原始值：12.21812'>12.2</span>", "<span data-toggle='tooltip' data-placement='right' title='原始值：1.13'>1.13</span>", "<span data-toggle='tooltip' data-placement='right' title='原始值：0.09018'>0.090</span>", "<span data-toggle='tooltip' data-placement='right' title='原始值：0.04362'>0.044</span>", "<span data-toggle='tooltip' data-placement='right' title='原始值：1.6634'>1.66</span>", "*", "*", "正常"], ["广东省", "珠江流域", "<span data-toggle='tooltip' data-placement='right' title='所在地市:中山市&#10;所属河流:西江'>横栏</span>", "10-20 08:00", "Ⅰ", "<span data-toggle='tooltip' data-placement='right' title='原始值：23.7'>23.7</span>", "<span data-toggle='tooltip' data-placement='right' title='原始值：7.81'>7.81</span>", "<span data-toggle='tooltip' data-placement='right' title='原始值：7.86'>7.86</span>", "<span data-toggle='tooltip' data-placement='right' title='原始值：288'>288.0</span>", "<span data-toggle='tooltip' data-placement='right' title='原始值：9.4'>9.4</span>", "<span data-toggle='tooltip' data-placement='right' title='原始值：1.71'>1.71</span>", "<span data-toggle='tooltip' data-placement='right' title='原始值：0.11601'>0.116</span>", "*", "*", "*", "*", "正常"], ["广西壮族自治区", "珠江流域", "<span data-toggle='tooltip' data-placement='right' title='所在地市:南宁市&#10;所属河流:邕江'>老口</span>", "10-20 08:00", "Ⅱ", "<span data-toggle='tooltip' data-placement='right' title='原始值：23.27988'>23.3</span>", "<span data-toggle='tooltip' data-placement='right' title='原始值：7.50765'>7.51</span>", "<span data-toggle='tooltip' data-placement='right' title='原始值：7.66777'>7.67</span>", "<span data-toggle='tooltip' data-placement='right' title='原始值：242.3109'>242.3</span>", "<span data-toggle='tooltip' data-placement='right' title='原始值：124.6554'>124.7</span>", "<span data-toggle='tooltip' data-placement='right' title='原始值：0.60512'>0.61</span>", "<span data-toggle='tooltip' data-placement='right' title='原始值：0.13802'>0.138</span>", "<span data-toggle='tooltip' data-placement='right' title='原始值：0.05836'>0.058</span>", "<span data-toggle='tooltip' data-placement='right' title='原始值：2.79955'>2.80</span>", "*", "*", "正常"], ["广西壮族自治区", "珠江流域", "<span data-toggle='tooltip' data-placement='right' title='所在地市:桂林市&#10;所属河流:漓江'>阳朔</span>", null, "", "--", "--", "--", "--", "--", "--", "--", "--", "--", "*", "*", "停站"], ["广西壮族自治区", "珠江流域", "<span data-toggle='tooltip' data-placement='right' title='所在地市:梧州市&#10;所属河流:浔江'>界首</span>", null, "", "--", "--", "--", "--", "--", "--", "--", "--", "--", "*", "*", "停站"], ["广西壮族自治区", "珠江流域", "<span data-toggle='tooltip' data-placement='right' title='所在地市:贵港市&#10;所属河流:浔江'>石嘴</span>", "10-20 08:00", "Ⅱ", "<span data-toggle='tooltip' data-placement='right' title='原始值：25.45333'>25.5</span>", "<span data-toggle='tooltip' data-placement='right' title='原始值：8.03129'>8.03</span>", "<span data-toggle='tooltip' data-placement='right' title='原始值：8.59316'>8.59</span>", "<span data-toggle='tooltip' data-placement='right' title='原始值：305.1409'>305.1</span>", "<span data-toggle='tooltip' data-placement='right' title='原始值：128.1858'>128.2</span>", "<span data-toggle='tooltip' data-placement='right' title='原始值：1.95'>1.95</span>", "<span data-toggle='tooltip' data-placement='right' title='原始值：0.11'>0.110</span>", "<span data-toggle='tooltip' data-placement='right' title='原始值：0.02141'>0.021</span>", "<span data-toggle='tooltip' data-placement='right' title='原始值：1.1554'>1.16</span>", "*", "*", "正常"], ["广西壮族自治区", "珠江流域", "<span data-toggle='tooltip' data-placement='right' title='所在地市:崇左市&#10;所属河流:平而河'>平而关</span>", "10-20 08:00", "", "<span data-toggle='tooltip' data-placement='right' title='原始值：22.82578'>22.8</span>", "<span data-toggle='tooltip' data-placement='right' title='原始值：7.57957'>7.58</span>", "<span data-toggle='tooltip' data-placement='right' title='原始值：7.55773'>7.56</span>", "<span data-toggle='tooltip' data-placement='right' title='原始值：177.514'>177.5</span>", "<span data-toggle='tooltip' data-placement='right' title='原始值：99.68418'>99.7</span>", "<span data-toggle='tooltip' data-placement='right' title='原始值：1.585'>1.58</span>", "<span data-toggle='tooltip' data-placement='right' title='极值过滤'>--</span>", "*", "*", "*", "*", "维护"], ["重庆市", "长江流域", "<span data-toggle='tooltip' data-placement='right' title='所在地市:永川区&#10;所属河流:长江'>朱沱</span>", null, "", "--", "--", "--", "--", "--", "--", "--", "--", "--", "*", "*", "停站"], ["四川省", "长江流域", "<span data-toggle='tooltip' data-placement='right' title='所在地市:攀枝花市&#10;所属河流:金沙江'>龙洞</span>", "10-20 08:00", "Ⅰ", "<span data-toggle='tooltip' data-placement='right' title='原始值：19.35'>19.4</span>", "<span data-toggle='tooltip' data-placement='right' title='原始值：8.312202'>8.31</span>", "<span data-toggle='tooltip' data-placement='right' title='原始值：9.030226'>9.03</span>", "<span data-toggle='tooltip' data-placement='right' title='原始值：862.627'>862.6</span>", "<span data-toggle='tooltip' data-placement='right' title='原始值：5.571458'>5.6</span>", "<span data-toggle='tooltip' data-placement='right' title='原始值：1.28'>1.28</span>", "<span data-toggle='tooltip' data-placement='right' title='原始值：0.018'>0.018</span>", "<span data-toggle='tooltip' data-placement='right' title='原始值：0.0082238'>0.008</span>", "<span data-toggle='tooltip' data-placement='right' title='原始值：0.752998'>0.75</span>", "*", "*", "正常"], ["四川省", "长江流域", "<span data-toggle='tooltip' data-placement='right' title='所在地市:泸州市&#10;所属河流:沱江'>沱江大桥(沱江二桥)</span>", "10-20 08:00", "Ⅱ", "<span data-toggle='tooltip' data-placement='right' title='原始值：19.08'>19.1</span>", "<span data-toggle='tooltip' data-placement='right' title='原始值：8.191121'>8.19</span>", "<span data-toggle='tooltip' data-placement='right' title='原始值：9.295833'>9.30</span>", "<span data-toggle='tooltip' data-placement='right' title='原始值：452.9179'>452.9</span>", "<span data-toggle='tooltip' data-placement='right' title='原始值：61.39175'>61.4</span>", "<span data-toggle='tooltip' data-placement='right' title='原始值：3'>3.00</span>", "<span data-toggle='tooltip' data-placement='right' title='原始值：0.001'>0.001</span>", "<span data-toggle='tooltip' data-placement='right' title='原始值：0.0959176'>0.096</span>", "<span data-toggle='tooltip' data-placement='right' title='原始值：3.008763'>3.01</span>", "*", "*", "正常"], ["四川省", "长江流域", "<span data-toggle='tooltip' data-placement='right' title='所在地市:广元市&#10;所属河流:嘉陵江'>清风峡</span>", null, "", "--", "--", "--", "--", "--", "--", "--", "--", "--", "*", "*", "停站"], ["四川省", "长江流域", "<span data-toggle='tooltip' data-placement='right' title='所在地市:乐山市&#10;所属河流:岷江'>岷江大桥</span>", null, "", "--", "--", "--", "--", "--", "--", "--", "--", "--", "*", "*", "停站"], ["四川省", "长江流域", "<span data-toggle='tooltip' data-placement='right' title='所在地市:宜宾市&#10;所属河流:岷江'>凉姜沟</span>", "10-20 08:00", "Ⅱ", "<span data-toggle='tooltip' data-placement='right' title='原始值：17.38'>17.4</span>", "<span data-toggle='tooltip' data-placement='right' title='原始值：8.076471'>8.08</span>", "<span data-toggle='tooltip' data-placement='right' title='原始值：9.768025'>9.77</span>", "<span data-toggle='tooltip' data-placement='right' title='原始值：282.0251'>282.0</span>", "<span data-toggle='tooltip' data-placement='right' title='原始值：39.94991'>39.9</span>", "<span data-toggle='tooltip' data-placement='right' title='原始值：1.61'>1.61</span>", "<span data-toggle='tooltip' data-placement='right' title='原始值：0.084'>0.084</span>", "<span data-toggle='tooltip' data-placement='right' title='原始值：0.0695309'>0.070</span>", "<span data-toggle='tooltip' data-placement='right' title='原始值：1.845763'>1.85</span>", "*", "*", "正常"], ["云南省", "滇池流域", "<span data-toggle='tooltip' data-placement='right' title='所在地市:昆明市&#10;所属河流:滇池'>西苑隧道</span>", "10-20 08:00", "Ⅳ", "<span data-toggle='tooltip' data-placement='right' title='原始值：16.43'>16.4</span>", "<span data-toggle='tooltip' data-placement='right' title='原始值：7.63939'>7.64</span>", "<span data-toggle='tooltip' data-placement='right' title='原始值：4.586'>4.59</span>", "<span data-toggle='tooltip' data-placement='right' title='原始值：658.612'>658.6</span>", "<span data-toggle='tooltip' data-placement='right' title='原始值：21.032'>21.0</span>", "<span data-toggle='tooltip' data-placement='right' title='原始值：4.64'>4.64</span>", "<span data-toggle='tooltip' data-placement='right' title='原始值：0.09228'>0.092</span>", "<span data-toggle='tooltip' data-placement='right' title='原始值：0.0373'>0.037</span>", "<span data-toggle='tooltip' data-placement='right' title='原始值：2.19201'>2.19</span>", "<span data-toggle='tooltip' data-placement='right' title='原始值：0.0027'>0.003</span>", "<span data-toggle='tooltip' data-placement='right' title='原始值：4265749'>4265749</span>", "正常"], ["云南省", "滇池流域", "<span data-toggle='tooltip' data-placement='right' title='所在地市:昆明市&#10;所属河流:滇池'>观音山</span>", "10-20 08:00", "", "<span data-toggle='tooltip' data-placement='right' title='原始值：17.72079'>17.7</span>", "<span data-toggle='tooltip' data-placement='right' title='原始值：9.69904'>9.70</span>", "<span data-toggle='tooltip' data-placement='right' title='原始值：8.63119'>8.63</span>", "<span data-toggle='tooltip' data-placement='right' title='原始值：391.3885'>391.4</span>", "<span data-toggle='tooltip' data-placement='right' title='原始值：40.87684'>40.9</span>", "<span data-toggle='tooltip' data-placement='right' title='原始值：7.47308'>7.47</span>", "<span data-toggle='tooltip' data-placement='right' title='原始值：0.47'>0.470</span>", "<span data-toggle='tooltip' data-placement='right' title='极值过滤'>--</span>", "<span data-toggle='tooltip' data-placement='right' title='原始值：1.282'>1.28</span>", "<span data-toggle='tooltip' data-placement='right' title='原始值：0.00154'>0.002</span>", "<span data-toggle='tooltip' data-placement='right' title='原始值：2.168446E+07'>21684460</span>", "维护"], ["云南省", "西南诸河", "<span data-toggle='tooltip' data-placement='right' title='所在地市:红河哈尼族彝族自治州&#10;所属河流:红河'>河口县医院(河口)</span>", "10-20 08:00", "Ⅱ", "<span data-toggle='tooltip' data-placement='right' title='原始值：21.71834'>21.7</span>", "<span data-toggle='tooltip' data-placement='right' title='原始值：6.74087'>6.74</span>", "<span data-toggle='tooltip' data-placement='right' title='原始值：8.25694'>8.26</span>", "<span data-toggle='tooltip' data-placement='right' title='原始值：285.9993'>286.0</span>", "<span data-toggle='tooltip' data-placement='right' title='原始值：40.20807'>40.2</span>", "<span data-toggle='tooltip' data-placement='right' title='原始值：1.81763'>1.82</span>", "<span data-toggle='tooltip' data-placement='right' title='原始值：0.1799'>0.180</span>", "<span data-toggle='tooltip' data-placement='right' title='原始值：0.05875'>0.059</span>", "<span data-toggle='tooltip' data-placement='right' title='原始值：1.42284'>1.42</span>", "*", "*", "正常"], ["云南省", "西南诸河", "<span data-toggle='tooltip' data-placement='right' title='所在地市:西双版纳傣族自治州&#10;所属河流:澜沧江'>橄榄坝</span>", "10-20 08:00", "劣Ⅴ", "<span data-toggle='tooltip' data-placement='right' title='原始值：19.5698'>19.6</span>", "<span data-toggle='tooltip' data-placement='right' title='原始值：7.70981'>7.71</span>", "<span data-toggle='tooltip' data-placement='right' title='原始值：0.55846'>0.56</span>", "<span data-toggle='tooltip' data-placement='right' title='原始值：484.5374'>484.5</span>", "<span data-toggle='tooltip' data-placement='right' title='原始值：20.39188'>20.4</span>", "<span data-toggle='tooltip' data-placement='right' title='原始值：0.93'>0.93</span>", "<span data-toggle='tooltip' data-placement='right' title='原始值：0.07207'>0.072</span>", "*", "*", "*", "*", "正常"], ["陕西省", "黄河流域", "<span data-toggle='tooltip' data-placement='right' title='所在地市:渭南市&#10;所属河流:渭河'>潼关吊桥</span>", null, "", "--", "--", "--", "--", "--", "--", "--", "--", "--", "*", "*", "停站"], ["甘肃省", "黄河流域", "<span data-toggle='tooltip' data-placement='right' title='所在地市:兰州市&#10;所属河流:黄河'>新城桥</span>", null, "", "--", "--", "--", "--", "--", "--", "--", "--", "--", "*", "*", "停站"], ["宁夏回族自治区", "黄河流域", "<span data-toggle='tooltip' data-placement='right' title='所在地市:中卫市&#10;所属河流:黄河'>中卫下河沿(新墩)</span>", "10-20 08:00", "Ⅱ", "<span data-toggle='tooltip' data-placement='right' title='原始值：14.51508'>14.5</span>", "<span data-toggle='tooltip' data-placement='right' title='原始值：7.53008'>7.53</span>", "<span data-toggle='tooltip' data-placement='right' title='原始值：8.50931'>8.51</span>", "<span data-toggle='tooltip' data-placement='right' title='原始值：545.2784'>545.3</span>", "<span data-toggle='tooltip' data-placement='right' title='原始值：42.44451'>42.4</span>", "<span data-toggle='tooltip' data-placement='right' title='原始值：1.2'>1.20</span>", "<span data-toggle='tooltip' data-placement='right' title='原始值：0.11'>0.110</span>", "<span data-toggle='tooltip' data-placement='right' title='原始值：0.0367'>0.037</span>", "<span data-toggle='tooltip' data-placement='right' title='原始值：1.6355'>1.64</span>", "*", "*", "正常"]]}