{"result": 1, "total": 1, "records": 98, "thead": ["省份", "流域", "断面名称", "监测时间", "水质类别", "水温<br/><span class='unit'>(℃)</span>", "pH<br/><span class='unit'>(无量纲)</span>", "溶解氧<br/><span class='unit'>(mg/L)</span>", "电导率<br/><span class='unit'>(μS/cm)</span>", "浊度<br/><span class='unit'>(NTU)</span>", "高锰酸盐指数<br/><span class='unit'>(mg/L)</span>", "氨氮<br/><span class='unit'>(mg/L)</span>", "总磷<br/><span class='unit'>(mg/L)</span>", "总氮<br/><span class='unit'>(mg/L)</span>", "叶绿素α<br/><span class='unit'>(mg/L)</span>", "藻密度<br/><span class='unit'>(cells/L)</span>", "站点情况"], "tbody": [["北京市", "海河流域", "<span data-toggle='tooltip' data-placement='right' title='所在地市:门头沟区&#10;所属河流:永定河'>沿河城</span>", "10-23 08:00", "Ⅳ", "<span data-toggle='tooltip' data-placement='right' title='原始值：13.80896'>13.8</span>", "<span data-toggle='tooltip' data-placement='right' title='原始值：8.34724'>8.35</span>", "<span data-toggle='tooltip' data-placement='right' title='原始值：9.55596'>9.56</span>", "<span data-toggle='tooltip' data-placement='right' title='原始值：1516.768'>1516.8</span>", "<span data-toggle='tooltip' data-placement='right' title='原始值：28.47012'>28.5</span>", "<span data-toggle='tooltip' data-placement='right' title='原始值：6.65'>6.65</span>", "<span data-toggle='tooltip' data-placement='right' title='原始值：0.31'>0.310</span>", "<span data-toggle='tooltip' data-placement='right' title='原始值：0.04561'>0.046</span>", "<span data-toggle='tooltip' data-placement='right' title='原始值：0.82721'>0.83</span>", "*", "*", "正常"], ["北京市", "海河流域", "<span data-toggle='tooltip' data-placement='right' title='所在地市:密云区&#10;所属河流:潮河'>古北口</span>", "10-23 08:00", "", "<span data-toggle='tooltip' data-placement='right' title='原始值：9.36031'>9.4</span>", "<span data-toggle='tooltip' data-placement='right' title='原始值：7.94776'>7.95</span>", "<span data-toggle='tooltip' data-placement='right' title='原始值：10.89022'>10.89</span>", "<span data-toggle='tooltip' data-placement='right' title='原始值：733.9169'>733.9</span>", "<span data-toggle='tooltip' data-placement='right' title='原始值：2.06977'>2.1</span>", "<span data-toggle='tooltip' data-placement='right' title='原始值：1.0375'>1.04</span>", "<span data-toggle='tooltip' data-placement='right' title='原始值：0.18'>0.180</span>", "<span data-toggle='tooltip' data-placement='right' title='极值过滤'>--</span>", "<span data-toggle='tooltip' data-placement='right' title='原始值：8.4135'>8.41</span>", "*", "*", "维护"], ["天津市", "海河流域", "<span data-toggle='tooltip' data-placement='right' title='所在地市:河北区&#10;所属河流:海河'>三岔口</span>", "10-23 08:00", "Ⅱ", "<span data-toggle='tooltip' data-placement='right' title='原始值：16.3104'>16.3</span>", "<span data-toggle='tooltip' data-placement='right' title='原始值：7.8138'>7.81</span>", "<span data-toggle='tooltip' data-placement='right' title='原始值：8.394'>8.39</span>", "<span data-toggle='tooltip' data-placement='right' title='原始值：474.5269'>474.5</span>", "<span data-toggle='tooltip' data-placement='right' title='原始值：14.239'>14.2</span>", "<span data-toggle='tooltip' data-placement='right' title='原始值：1.18'>1.18</span>", "<span data-toggle='tooltip' data-placement='right' title='原始值：0.18'>0.180</span>", "<span data-toggle='tooltip' data-placement='right' title='原始值：0.0072'>0.007</span>", "<span data-toggle='tooltip' data-placement='right' title='原始值：1.2739'>1.27</span>", "*", "*", "正常"], ["天津市", "海河流域", "<span data-toggle='tooltip' data-placement='right' title='所在地市:蓟州区&#10;所属河流:果河'>果河桥</span>", "10-23 08:00", "Ⅱ", "<span data-toggle='tooltip' data-placement='right' title='原始值：14'>14.0</span>", "<span data-toggle='tooltip' data-placement='right' title='原始值：8.25'>8.25</span>", "<span data-toggle='tooltip' data-placement='right' title='原始值：8.981'>8.98</span>", "<span data-toggle='tooltip' data-placement='right' title='原始值：578.987'>579.0</span>", "<span data-toggle='tooltip' data-placement='right' title='原始值：8.9'>8.9</span>", "<span data-toggle='tooltip' data-placement='right' title='原始值：2.3232'>2.32</span>", "<span data-toggle='tooltip' data-placement='right' title='原始值：0.28'>0.280</span>", "<span data-toggle='tooltip' data-placement='right' title='原始值：0.0639'>0.064</span>", "<span data-toggle='tooltip' data-placement='right' title='原始值：3.7602'>3.76</span>", "*", "*", "正常"], ["河北省", "海河流域", "<span data-toggle='tooltip' data-placement='right' title='所在地市:石家庄市&#10;所属河流:滹沱河'>岗南水库</span>", "10-23 08:00", "Ⅲ", "<span data-toggle='tooltip' data-placement='right' title='原始值：19.2744'>19.3</span>", "<span data-toggle='tooltip' data-placement='right' title='原始值：8.44843'>8.45</span>", "<span data-toggle='tooltip' data-placement='right' title='原始值：8.5585'>8.56</span>", "<span data-toggle='tooltip' data-placement='right' title='原始值：574.5107'>574.5</span>", "<span data-toggle='tooltip' data-placement='right' title='原始值：2.12648'>2.1</span>", "<span data-toggle='tooltip' data-placement='right' title='原始值：1.88276'>1.88</span>", "<span data-toggle='tooltip' data-placement='right' title='原始值：0.02'>0.020</span>", "<span data-toggle='tooltip' data-placement='right' title='原始值：0.02578'>0.026</span>", "<span data-toggle='tooltip' data-placement='right' title='原始值：2.6219'>2.62</span>", "*", "*", "正常"], ["河北省", "海河流域", "<span data-toggle='tooltip' data-placement='right' title='所在地市:张家口市&#10;所属河流:永定河'>八号桥</span>", "10-23 08:00", "Ⅲ", "<span data-toggle='tooltip' data-placement='right' title='原始值：8.68658'>8.7</span>", "<span data-toggle='tooltip' data-placement='right' title='原始值：8.71493'>8.71</span>", "<span data-toggle='tooltip' data-placement='right' title='原始值：11.12551'>11.13</span>", "<span data-toggle='tooltip' data-placement='right' title='原始值：1197.186'>1197.2</span>", "<span data-toggle='tooltip' data-placement='right' title='原始值：42.12852'>42.1</span>", "<span data-toggle='tooltip' data-placement='right' title='原始值：4.59'>4.59</span>", "<span data-toggle='tooltip' data-placement='right' title='原始值：0.09'>0.090</span>", "<span data-toggle='tooltip' data-placement='right' title='原始值：0.1215'>0.122</span>", "<span data-toggle='tooltip' data-placement='right' title='原始值：4.255'>4.26</span>", "*", "*", "正常"], ["山西省", "黄河流域", "<span data-toggle='tooltip' data-placement='right' title='所在地市:运城市&#10;所属河流:汾河'>河津大桥</span>", "10-23 08:00", "Ⅳ", "<span data-toggle='tooltip' data-placement='right' title='原始值：16.37924'>16.4</span>", "<span data-toggle='tooltip' data-placement='right' title='原始值：8.2919'>8.29</span>", "<span data-toggle='tooltip' data-placement='right' title='原始值：9.82562'>9.83</span>", "<span data-toggle='tooltip' data-placement='right' title='原始值：1736.664'>1736.7</span>", "<span data-toggle='tooltip' data-placement='right' title='原始值：80.59658'>80.6</span>", "<span data-toggle='tooltip' data-placement='right' title='原始值：6.85'>6.85</span>", "<span data-toggle='tooltip' data-placement='right' title='原始值：0.14'>0.140</span>", "*", "*", "*", "*", "正常"], ["山西省", "黄河流域", "<span data-toggle='tooltip' data-placement='right' title='所在地市:忻州市&#10;所属河流:黄河'>万家寨水库</span>", "10-23 08:00", "Ⅲ", "<span data-toggle='tooltip' data-placement='right' title='原始值：11.71804'>11.7</span>", "<span data-toggle='tooltip' data-placement='right' title='原始值：8.35076'>8.35</span>", "<span data-toggle='tooltip' data-placement='right' title='原始值：10.15052'>10.15</span>", "<span data-toggle='tooltip' data-placement='right' title='原始值：564.5417'>564.5</span>", "<span data-toggle='tooltip' data-placement='right' title='原始值：53.82596'>53.8</span>", "<span data-toggle='tooltip' data-placement='right' title='原始值：4.38'>4.38</span>", "<span data-toggle='tooltip' data-placement='right' title='原始值：0.39'>0.390</span>", "<span data-toggle='tooltip' data-placement='right' title='原始值：0.123'>0.123</span>", "<span data-toggle='tooltip' data-placement='right' title='原始值：1.9875'>1.99</span>", "*", "*", "正常"], ["内蒙古自治区", "黄河流域", "<span data-toggle='tooltip' data-placement='right' title='所在地市:包头市&#10;所属河流:黄河'>画匠营子</span>", "10-23 08:00", "Ⅲ", "<span data-toggle='tooltip' data-placement='right' title='原始值：12.05232'>12.1</span>", "<span data-toggle='tooltip' data-placement='right' title='原始值：8.20358'>8.20</span>", "<span data-toggle='tooltip' data-placement='right' title='原始值：9.06956'>9.07</span>", "<span data-toggle='tooltip' data-placement='right' title='原始值：682.2401'>682.2</span>", "<span data-toggle='tooltip' data-placement='right' title='原始值：1642.859'>1642.9</span>", "<span data-toggle='tooltip' data-placement='right' title='原始值：4.08026'>4.08</span>", "<span data-toggle='tooltip' data-placement='right' title='原始值：0.063'>0.063</span>", "*", "*", "*", "*", "正常"], ["内蒙古自治区", "黄河流域", "<span data-toggle='tooltip' data-placement='right' title='所在地市:乌海市&#10;所属河流:黄河'>海勃湾</span>", "10-23 08:00", "Ⅱ", "<span data-toggle='tooltip' data-placement='right' title='原始值：12.31599'>12.3</span>", "<span data-toggle='tooltip' data-placement='right' title='原始值：8.67966'>8.68</span>", "<span data-toggle='tooltip' data-placement='right' title='原始值：8.60981'>8.61</span>", "<span data-toggle='tooltip' data-placement='right' title='原始值：541.6537'>541.7</span>", "<span data-toggle='tooltip' data-placement='right' title='原始值：133.9948'>134.0</span>", "<span data-toggle='tooltip' data-placement='right' title='原始值：2.55'>2.55</span>", "<span data-toggle='tooltip' data-placement='right' title='原始值：0.23'>0.230</span>", "*", "*", "*", "*", "正常"], ["内蒙古自治区", "松花江流域", "<span data-toggle='tooltip' data-placement='right' title='所在地市:呼伦贝尔市&#10;所属河流:额尔古纳河'>黑山头</span>", null, "", "--", "--", "--", "--", "--", "--", "--", "--", "--", "*", "*", "停站"], ["辽宁省", "辽河流域", "<span data-toggle='tooltip' data-placement='right' title='所在地市:抚顺市&#10;所属河流:浑河'>大伙房水库</span>", "10-23 08:00", "Ⅱ", "<span data-toggle='tooltip' data-placement='right' title='原始值：17.09885'>17.1</span>", "<span data-toggle='tooltip' data-placement='right' title='原始值：7.11065'>7.11</span>", "<span data-toggle='tooltip' data-placement='right' title='原始值：9.92459'>9.92</span>", "<span data-toggle='tooltip' data-placement='right' title='原始值：303.6311'>303.6</span>", "<span data-toggle='tooltip' data-placement='right' title='原始值：3.78105'>3.8</span>", "<span data-toggle='tooltip' data-placement='right' title='原始值：2.98188'>2.98</span>", "<span data-toggle='tooltip' data-placement='right' title='原始值：0.03'>0.030</span>", "<span data-toggle='tooltip' data-placement='right' title='原始值：0.03259'>0.033</span>", "<span data-toggle='tooltip' data-placement='right' title='原始值：2.28886'>2.29</span>", "<span data-toggle='tooltip' data-placement='right' title='原始值：0.0015'>0.002</span>", "*", "正常"], ["辽宁省", "辽河流域", "<span data-toggle='tooltip' data-placement='right' title='所在地市:丹东市&#10;所属河流:鸭绿江'>江桥</span>", "10-23 08:00", "Ⅱ", "<span data-toggle='tooltip' data-placement='right' title='原始值：15.4'>15.4</span>", "<span data-toggle='tooltip' data-placement='right' title='原始值：6.9'>6.90</span>", "<span data-toggle='tooltip' data-placement='right' title='原始值：8.36002'>8.36</span>", "<span data-toggle='tooltip' data-placement='right' title='原始值：146'>146.0</span>", "<span data-toggle='tooltip' data-placement='right' title='原始值：98.00001'>98.0</span>", "<span data-toggle='tooltip' data-placement='right' title='原始值：0.98'>0.98</span>", "<span data-toggle='tooltip' data-placement='right' title='原始值：0.03607'>0.036</span>", "<span data-toggle='tooltip' data-placement='right' title='原始值：0.0214'>0.021</span>", "<span data-toggle='tooltip' data-placement='right' title='原始值：1.88881'>1.89</span>", "*", "*", "正常"], ["辽宁省", "辽河流域", "<span data-toggle='tooltip' data-placement='right' title='所在地市:营口市&#10;所属河流:大辽河'>辽河公园</span>", "10-23 08:00", "Ⅳ", "<span data-toggle='tooltip' data-placement='right' title='原始值：16.7622'>16.8</span>", "<span data-toggle='tooltip' data-placement='right' title='原始值：7.74562'>7.75</span>", "<span data-toggle='tooltip' data-placement='right' title='原始值：7.23004'>7.23</span>", "<span data-toggle='tooltip' data-placement='right' title='原始值：2249.598'>2249.6</span>", "<span data-toggle='tooltip' data-placement='right' title='原始值：237.2819'>237.3</span>", "<span data-toggle='tooltip' data-placement='right' title='原始值：9.2992'>9.30</span>", "<span data-toggle='tooltip' data-placement='right' title='原始值：0.09691'>0.097</span>", "<span data-toggle='tooltip' data-placement='right' title='原始值：0.25621'>0.256</span>", "<span data-toggle='tooltip' data-placement='right' title='原始值：3.83391'>3.83</span>", "*", "*", "正常"], ["辽宁省", "辽河流域", "<span data-toggle='tooltip' data-placement='right' title='所在地市:辽阳市&#10;所属河流:太子河'>汤河水库</span>", null, "", "--", "--", "--", "--", "--", "--", "--", "--", "--", "*", "*", "停站"], ["辽宁省", "辽河流域", "<span data-toggle='tooltip' data-placement='right' title='所在地市:盘锦市&#10;所属河流:辽河'>盘锦兴安(兴安)</span>", null, "", "--", "--", "--", "--", "--", "--", "--", "--", "--", "*", "*", "停站"], ["辽宁省", "辽河流域", "<span data-toggle='tooltip' data-placement='right' title='所在地市:铁岭市&#10;所属河流:辽河'>珠尔山</span>", "10-23 08:00", "Ⅲ", "<span data-toggle='tooltip' data-placement='right' title='原始值：9.01603'>9.0</span>", "<span data-toggle='tooltip' data-placement='right' title='原始值：7.77268'>7.77</span>", "<span data-toggle='tooltip' data-placement='right' title='原始值：11.05689'>11.06</span>", "<span data-toggle='tooltip' data-placement='right' title='原始值：514.3223'>514.3</span>", "<span data-toggle='tooltip' data-placement='right' title='原始值：18.20215'>18.2</span>", "<span data-toggle='tooltip' data-placement='right' title='原始值：2.96358'>2.96</span>", "<span data-toggle='tooltip' data-placement='right' title='原始值：0.23'>0.230</span>", "<span data-toggle='tooltip' data-placement='right' title='原始值：0.11397'>0.114</span>", "<span data-toggle='tooltip' data-placement='right' title='原始值：4.27115'>4.27</span>", "*", "*", "正常"], ["吉林省", "松花江流域", "<span data-toggle='tooltip' data-placement='right' title='所在地市:长春市&#10;所属河流:松花江'>松花江村</span>", null, "", "--", "--", "--", "--", "--", "--", "--", "--", "--", "*", "*", "停站"], ["吉林省", "松花江流域", "<span data-toggle='tooltip' data-placement='right' title='所在地市:白城市&#10;所属河流:嫩江'>白沙滩</span>", null, "", "--", "--", "--", "--", "--", "--", "--", "--", "--", "*", "*", "停站"], ["吉林省", "松花江流域", "<span data-toggle='tooltip' data-placement='right' title='所在地市:延边朝鲜族自治州&#10;所属河流:图们江'>圈河</span>", "10-23 08:00", "Ⅲ", "<span data-toggle='tooltip' data-placement='right' title='原始值：12.9'>12.9</span>", "<span data-toggle='tooltip' data-placement='right' title='原始值：7.55'>7.55</span>", "<span data-toggle='tooltip' data-placement='right' title='原始值：9.70939'>9.71</span>", "<span data-toggle='tooltip' data-placement='right' title='原始值：181'>181.0</span>", "<span data-toggle='tooltip' data-placement='right' title='原始值：35.00195'>35.0</span>", "<span data-toggle='tooltip' data-placement='right' title='原始值：5.21'>5.21</span>", "<span data-toggle='tooltip' data-placement='right' title='原始值：0.10765'>0.108</span>", "<span data-toggle='tooltip' data-placement='right' title='原始值：0.05038'>0.050</span>", "<span data-toggle='tooltip' data-placement='right' title='原始值：1.05313'>1.05</span>", "*", "*", "正常"], ["黑龙江省", "松花江流域", "<span data-toggle='tooltip' data-placement='right' title='所在地市:大庆市&#10;所属河流:松花江'>肇源</span>", null, "", "--", "--", "--", "--", "--", "--", "--", "--", "--", "*", "*", "停站"], ["黑龙江省", "松花江流域", "<span data-toggle='tooltip' data-placement='right' title='所在地市:佳木斯市&#10;所属河流:乌苏里江'>乌苏镇</span>", null, "", "--", "--", "--", "--", "--", "--", "--", "--", "--", "*", "*", "停站"], ["黑龙江省", "松花江流域", "<span data-toggle='tooltip' data-placement='right' title='所在地市:佳木斯市&#10;所属河流:松花江'>同江</span>", "10-23 08:00", "Ⅳ", "<span data-toggle='tooltip' data-placement='right' title='原始值：9.27478'>9.3</span>", "<span data-toggle='tooltip' data-placement='right' title='原始值：7.65626'>7.66</span>", "<span data-toggle='tooltip' data-placement='right' title='原始值：11.43752'>11.44</span>", "<span data-toggle='tooltip' data-placement='right' title='原始值：203.1253'>203.1</span>", "<span data-toggle='tooltip' data-placement='right' title='原始值：80.50211'>80.5</span>", "<span data-toggle='tooltip' data-placement='right' title='原始值：7.48455'>7.48</span>", "<span data-toggle='tooltip' data-placement='right' title='原始值：0.19616'>0.196</span>", "<span data-toggle='tooltip' data-placement='right' title='原始值：0.09668'>0.097</span>", "<span data-toggle='tooltip' data-placement='right' title='原始值：2.20084'>2.20</span>", "*", "*", "正常"], ["黑龙江省", "松花江流域", "<span data-toggle='tooltip' data-placement='right' title='所在地市:黑河市&#10;所属河流:黑龙江'>黑河下(黑河)</span>", null, "", "--", "--", "--", "--", "--", "--", "--", "--", "--", "*", "*", "停站"], ["上海市", "长江流域", "<span data-toggle='tooltip' data-placement='right' title='所在地市:青浦区&#10;所属河流:淀山湖'>急水港桥</span>", null, "", "--", "--", "--", "--", "--", "--", "--", "--", "--", "--", "--", "停站"], ["江苏省", "长江流域", "<span data-toggle='tooltip' data-placement='right' title='所在地市:南京市&#10;所属河流:长江'>林山</span>", null, "", "--", "--", "--", "--", "--", "--", "--", "--", "--", "*", "*", "停站"], ["江苏省", "太湖流域", "<span data-toggle='tooltip' data-placement='right' title='所在地市:无锡市&#10;所属河流:太湖'>沙渚</span>", "10-23 08:00", "Ⅲ", "<span data-toggle='tooltip' data-placement='right' title='原始值：19.23113'>19.2</span>", "<span data-toggle='tooltip' data-placement='right' title='原始值：8.597433'>8.60</span>", "<span data-toggle='tooltip' data-placement='right' title='原始值：8.641541'>8.64</span>", "<span data-toggle='tooltip' data-placement='right' title='原始值：488.8575'>488.9</span>", "<span data-toggle='tooltip' data-placement='right' title='原始值：45.77496'>45.8</span>", "<span data-toggle='tooltip' data-placement='right' title='原始值：5.66'>5.66</span>", "<span data-toggle='tooltip' data-placement='right' title='原始值：0.06'>0.060</span>", "<span data-toggle='tooltip' data-placement='right' title='原始值：0.0861'>0.086</span>", "<span data-toggle='tooltip' data-placement='right' title='原始值：1.274'>1.27</span>", "<span data-toggle='tooltip' data-placement='right' title='原始值：0.00518'>0.005</span>", "*", "正常"], ["江苏省", "淮河流域", "<span data-toggle='tooltip' data-placement='right' title='所在地市:徐州市&#10;所属河流:武河'>小红圈</span>", "10-23 08:00", "Ⅰ", "<span data-toggle='tooltip' data-placement='right' title='原始值：15.11'>15.1</span>", "<span data-toggle='tooltip' data-placement='right' title='原始值：7.48'>7.48</span>", "<span data-toggle='tooltip' data-placement='right' title='原始值：14.28'>14.28</span>", "<span data-toggle='tooltip' data-placement='right' title='原始值：921.8'>921.8</span>", "<span data-toggle='tooltip' data-placement='right' title='原始值：6.93'>6.9</span>", "<span data-toggle='tooltip' data-placement='right' title='原始值：1.49'>1.49</span>", "<span data-toggle='tooltip' data-placement='right' title='原始值：0.1'>0.100</span>", "*", "*", "*", "*", "正常"], ["江苏省", "淮河流域", "<span data-toggle='tooltip' data-placement='right' title='所在地市:徐州市&#10;所属河流:沿河'>李集桥</span>", "10-23 08:00", "Ⅲ", "<span data-toggle='tooltip' data-placement='right' title='原始值：17.32'>17.3</span>", "<span data-toggle='tooltip' data-placement='right' title='原始值：7.88'>7.88</span>", "<span data-toggle='tooltip' data-placement='right' title='原始值：8.35'>8.35</span>", "<span data-toggle='tooltip' data-placement='right' title='原始值：967.5'>967.5</span>", "<span data-toggle='tooltip' data-placement='right' title='原始值：24.7'>24.7</span>", "<span data-toggle='tooltip' data-placement='right' title='原始值：4.37'>4.37</span>", "<span data-toggle='tooltip' data-placement='right' title='原始值：0.004'>0.004</span>", "<span data-toggle='tooltip' data-placement='right' title='原始值：0.052'>0.052</span>", "<span data-toggle='tooltip' data-placement='right' title='原始值：0.511'>0.51</span>", "*", "*", "正常"], ["江苏省", "淮河流域", "<span data-toggle='tooltip' data-placement='right' title='所在地市:徐州市&#10;所属河流:邳苍分洪道'>艾山西大桥</span>", "10-23 08:00", "Ⅱ", "<span data-toggle='tooltip' data-placement='right' title='原始值：16.3788'>16.4</span>", "<span data-toggle='tooltip' data-placement='right' title='原始值：8.2505'>8.25</span>", "<span data-toggle='tooltip' data-placement='right' title='原始值：13.2893'>13.29</span>", "<span data-toggle='tooltip' data-placement='right' title='原始值：806.661'>806.7</span>", "<span data-toggle='tooltip' data-placement='right' title='原始值：8.66632'>8.7</span>", "<span data-toggle='tooltip' data-placement='right' title='原始值：2.36'>2.36</span>", "<span data-toggle='tooltip' data-placement='right' title='原始值：0.09'>0.090</span>", "<span data-toggle='tooltip' data-placement='right' title='原始值：0.02535'>0.025</span>", "<span data-toggle='tooltip' data-placement='right' title='原始值：12.18532'>12.19</span>", "*", "*", "正常"], ["江苏省", "太湖流域", "<span data-toggle='tooltip' data-placement='right' title='所在地市:苏州市&#10;所属河流:太湖'>兰山嘴(老)</span>", "10-23 08:00", "Ⅲ", "<span data-toggle='tooltip' data-placement='right' title='原始值：18.34221'>18.3</span>", "<span data-toggle='tooltip' data-placement='right' title='原始值：7.45377'>7.45</span>", "<span data-toggle='tooltip' data-placement='right' title='原始值：6.6901'>6.69</span>", "<span data-toggle='tooltip' data-placement='right' title='原始值：322.9361'>322.9</span>", "<span data-toggle='tooltip' data-placement='right' title='原始值：47.23276'>47.2</span>", "<span data-toggle='tooltip' data-placement='right' title='原始值：4.38'>4.38</span>", "<span data-toggle='tooltip' data-placement='right' title='原始值：0.35'>0.350</span>", "<span data-toggle='tooltip' data-placement='right' title='原始值：0.10055'>0.101</span>", "<span data-toggle='tooltip' data-placement='right' title='原始值：1.41133'>1.41</span>", "<span data-toggle='tooltip' data-placement='right' title='原始值：0.00481'>0.005</span>", "*", "正常"], ["江苏省", "太湖流域", "<span data-toggle='tooltip' data-placement='right' title='所在地市:苏州市&#10;所属河流:太湖'>西山</span>", "10-23 08:00", "Ⅳ", "<span data-toggle='tooltip' data-placement='right' title='原始值：18.50894'>18.5</span>", "<span data-toggle='tooltip' data-placement='right' title='原始值：7.33246'>7.33</span>", "<span data-toggle='tooltip' data-placement='right' title='原始值：7.91135'>7.91</span>", "<span data-toggle='tooltip' data-placement='right' title='原始值：408.5758'>408.6</span>", "<span data-toggle='tooltip' data-placement='right' title='原始值：142.5064'>142.5</span>", "<span data-toggle='tooltip' data-placement='right' title='原始值：3.09'>3.09</span>", "<span data-toggle='tooltip' data-placement='right' title='原始值：0.05'>0.050</span>", "<span data-toggle='tooltip' data-placement='right' title='原始值：0.0795'>0.080</span>", "<span data-toggle='tooltip' data-placement='right' title='原始值：0.748'>0.75</span>", "<span data-toggle='tooltip' data-placement='right' title='原始值：0.00492'>0.005</span>", "*", "正常"], ["江苏省", "淮河流域", "<span data-toggle='tooltip' data-placement='right' title='所在地市:连云港市&#10;所属河流:新沭河'>大兴桥</span>", "10-23 08:00", "Ⅲ", "<span data-toggle='tooltip' data-placement='right' title='原始值：18'>18.0</span>", "<span data-toggle='tooltip' data-placement='right' title='原始值：8.72'>8.72</span>", "<span data-toggle='tooltip' data-placement='right' title='原始值：12.18'>12.18</span>", "<span data-toggle='tooltip' data-placement='right' title='原始值：744.2'>744.2</span>", "<span data-toggle='tooltip' data-placement='right' title='原始值：57.27'>57.3</span>", "<span data-toggle='tooltip' data-placement='right' title='原始值：5.32'>5.32</span>", "<span data-toggle='tooltip' data-placement='right' title='原始值：0.07'>0.070</span>", "*", "*", "*", "*", "正常"], ["江苏省", "淮河流域", "<span data-toggle='tooltip' data-placement='right' title='所在地市:淮安市&#10;所属河流:淮河'>淮河大桥</span>", "10-23 08:00", "Ⅲ", "<span data-toggle='tooltip' data-placement='right' title='原始值：19.24369'>19.2</span>", "<span data-toggle='tooltip' data-placement='right' title='原始值：7.98816'>7.99</span>", "<span data-toggle='tooltip' data-placement='right' title='原始值：7.82164'>7.82</span>", "<span data-toggle='tooltip' data-placement='right' title='原始值：453.5728'>453.6</span>", "<span data-toggle='tooltip' data-placement='right' title='原始值：47.9675'>48.0</span>", "<span data-toggle='tooltip' data-placement='right' title='原始值：4'>4.00</span>", "<span data-toggle='tooltip' data-placement='right' title='原始值：0.13'>0.130</span>", "<span data-toggle='tooltip' data-placement='right' title='原始值：0.1537'>0.154</span>", "<span data-toggle='tooltip' data-placement='right' title='原始值：1.726'>1.73</span>", "*", "*", "正常"], ["江苏省", "长江流域", "<span data-toggle='tooltip' data-placement='right' title='所在地市:扬州市&#10;所属河流:夹江'>三江营</span>", "10-23 08:00", "Ⅱ", "<span data-toggle='tooltip' data-placement='right' title='原始值：20.04'>20.0</span>", "<span data-toggle='tooltip' data-placement='right' title='原始值：7.79'>7.79</span>", "<span data-toggle='tooltip' data-placement='right' title='原始值：7.45'>7.45</span>", "<span data-toggle='tooltip' data-placement='right' title='原始值：332.98'>333.0</span>", "<span data-toggle='tooltip' data-placement='right' title='原始值：43.47'>43.5</span>", "<span data-toggle='tooltip' data-placement='right' title='原始值：2.239'>2.24</span>", "<span data-toggle='tooltip' data-placement='right' title='原始值：0.038'>0.038</span>", "<span data-toggle='tooltip' data-placement='right' title='原始值：0.069'>0.069</span>", "<span data-toggle='tooltip' data-placement='right' title='原始值：1.59'>1.59</span>", "*", "*", "正常"], ["江苏省", "淮河流域", "<span data-toggle='tooltip' data-placement='right' title='所在地市:宿迁市&#10;所属河流:新濉河'>大屈</span>", "10-23 08:00", "Ⅲ", "<span data-toggle='tooltip' data-placement='right' title='原始值：17.7'>17.7</span>", "<span data-toggle='tooltip' data-placement='right' title='原始值：8.37'>8.37</span>", "<span data-toggle='tooltip' data-placement='right' title='原始值：9.66'>9.66</span>", "<span data-toggle='tooltip' data-placement='right' title='原始值：751'>751.0</span>", "<span data-toggle='tooltip' data-placement='right' title='原始值：27.84'>27.8</span>", "<span data-toggle='tooltip' data-placement='right' title='原始值：4.51'>4.51</span>", "<span data-toggle='tooltip' data-placement='right' title='原始值：0.07'>0.070</span>", "<span data-toggle='tooltip' data-placement='right' title='原始值：0.052'>0.052</span>", "<span data-toggle='tooltip' data-placement='right' title='原始值：0.903'>0.90</span>", "*", "*", "正常"], ["浙江省", "浙闽片河流", "<span data-toggle='tooltip' data-placement='right' title='所在地市:杭州市&#10;所属河流:新安江'>街口(鸠坑口)</span>", "10-23 08:00", "Ⅲ", "<span data-toggle='tooltip' data-placement='right' title='原始值：22.33'>22.3</span>", "<span data-toggle='tooltip' data-placement='right' title='原始值：7.46'>7.46</span>", "<span data-toggle='tooltip' data-placement='right' title='原始值：5.78'>5.78</span>", "<span data-toggle='tooltip' data-placement='right' title='原始值：152.65'>152.6</span>", "<span data-toggle='tooltip' data-placement='right' title='原始值：21.79'>21.8</span>", "<span data-toggle='tooltip' data-placement='right' title='原始值：1.706'>1.71</span>", "<span data-toggle='tooltip' data-placement='right' title='原始值：0.001'>0.001</span>", "<span data-toggle='tooltip' data-placement='right' title='原始值：0.03'>0.030</span>", "<span data-toggle='tooltip' data-placement='right' title='原始值：0.979'>0.98</span>", "*", "*", "正常"], ["浙江省", "太湖流域", "<span data-toggle='tooltip' data-placement='right' title='所在地市:嘉兴市&#10;所属河流:斜路港河'>斜路港</span>", "10-23 08:00", "Ⅳ", "<span data-toggle='tooltip' data-placement='right' title='原始值：19.8'>19.8</span>", "<span data-toggle='tooltip' data-placement='right' title='原始值：7.39'>7.39</span>", "<span data-toggle='tooltip' data-placement='right' title='原始值：3.63'>3.63</span>", "<span data-toggle='tooltip' data-placement='right' title='原始值：513'>513.0</span>", "<span data-toggle='tooltip' data-placement='right' title='原始值：88.2'>88.2</span>", "<span data-toggle='tooltip' data-placement='right' title='原始值：4.71'>4.71</span>", "<span data-toggle='tooltip' data-placement='right' title='原始值：0.10259'>0.103</span>", "<span data-toggle='tooltip' data-placement='right' title='原始值：0.06638'>0.066</span>", "<span data-toggle='tooltip' data-placement='right' title='原始值：1.13069'>1.13</span>", "*", "*", "正常"], ["浙江省", "太湖流域", "<span data-toggle='tooltip' data-placement='right' title='所在地市:嘉兴市&#10;所属河流:京杭运河'>王江泾</span>", "10-23 08:00", "Ⅳ", "<span data-toggle='tooltip' data-placement='right' title='原始值：20.74'>20.7</span>", "<span data-toggle='tooltip' data-placement='right' title='原始值：6.94'>6.94</span>", "<span data-toggle='tooltip' data-placement='right' title='原始值：3.7'>3.70</span>", "<span data-toggle='tooltip' data-placement='right' title='原始值：546.09'>546.1</span>", "<span data-toggle='tooltip' data-placement='right' title='原始值：84.17'>84.2</span>", "<span data-toggle='tooltip' data-placement='right' title='原始值：4.192'>4.19</span>", "<span data-toggle='tooltip' data-placement='right' title='原始值：0.05'>0.050</span>", "<span data-toggle='tooltip' data-placement='right' title='原始值：0.073'>0.073</span>", "<span data-toggle='tooltip' data-placement='right' title='原始值：1.19'>1.19</span>", "*", "*", "正常"], ["浙江省", "太湖流域", "<span data-toggle='tooltip' data-placement='right' title='所在地市:湖州市&#10;所属河流:西苕溪'>新港口(新塘港)</span>", "10-23 08:00", "Ⅱ", "<span data-toggle='tooltip' data-placement='right' title='原始值：18.2739'>18.3</span>", "<span data-toggle='tooltip' data-placement='right' title='原始值：8.1486'>8.15</span>", "<span data-toggle='tooltip' data-placement='right' title='原始值：9.25066'>9.25</span>", "<span data-toggle='tooltip' data-placement='right' title='原始值：340.616'>340.6</span>", "<span data-toggle='tooltip' data-placement='right' title='原始值：71.483'>71.5</span>", "<span data-toggle='tooltip' data-placement='right' title='原始值：2.56994'>2.57</span>", "<span data-toggle='tooltip' data-placement='right' title='原始值：0.24285'>0.243</span>", "<span data-toggle='tooltip' data-placement='right' title='原始值：0.04713'>0.047</span>", "<span data-toggle='tooltip' data-placement='right' title='原始值：6.32639'>6.33</span>", "<span data-toggle='tooltip' data-placement='right' title='原始值：0.02749'>0.027</span>", "*", "正常"], ["安徽省", "巢湖流域", "<span data-toggle='tooltip' data-placement='right' title='所在地市:合肥市&#10;所属河流:巢湖'>湖滨(老)</span>", "10-23 08:00", "Ⅳ", "<span data-toggle='tooltip' data-placement='right' title='原始值：18.51392'>18.5</span>", "<span data-toggle='tooltip' data-placement='right' title='原始值：6.51996'>6.52</span>", "<span data-toggle='tooltip' data-placement='right' title='原始值：7.01379'>7.01</span>", "<span data-toggle='tooltip' data-placement='right' title='原始值：152.2654'>152.3</span>", "<span data-toggle='tooltip' data-placement='right' title='原始值：106.8575'>106.9</span>", "<span data-toggle='tooltip' data-placement='right' title='原始值：4.85'>4.85</span>", "<span data-toggle='tooltip' data-placement='right' title='原始值：0.12'>0.120</span>", "<span data-toggle='tooltip' data-placement='right' title='原始值：0.0891'>0.089</span>", "<span data-toggle='tooltip' data-placement='right' title='原始值：0.867'>0.87</span>", "<span data-toggle='tooltip' data-placement='right' title='原始值：0.03087'>0.031</span>", "*", "正常"], ["安徽省", "巢湖流域", "<span data-toggle='tooltip' data-placement='right' title='所在地市:芜湖市&#10;所属河流:巢湖'>裕溪口(老)</span>", "10-23 08:00", "Ⅳ", "<span data-toggle='tooltip' data-placement='right' title='原始值：20.33175'>20.3</span>", "<span data-toggle='tooltip' data-placement='right' title='原始值：7.36053'>7.36</span>", "<span data-toggle='tooltip' data-placement='right' title='原始值：5.75475'>5.75</span>", "<span data-toggle='tooltip' data-placement='right' title='原始值：290.5953'>290.6</span>", "<span data-toggle='tooltip' data-placement='right' title='原始值：72.79063'>72.8</span>", "<span data-toggle='tooltip' data-placement='right' title='原始值：3.79'>3.79</span>", "<span data-toggle='tooltip' data-placement='right' title='原始值：0.1'>0.100</span>", "<span data-toggle='tooltip' data-placement='right' title='原始值：0.0916'>0.092</span>", "<span data-toggle='tooltip' data-placement='right' title='原始值：2.432'>2.43</span>", "*", "*", "正常"], ["安徽省", "淮河流域", "<span data-toggle='tooltip' data-placement='right' title='所在地市:蚌埠市&#10;所属河流:淮河'>蚌埠闸上(蚌埠闸)</span>", "10-23 08:00", "", "<span data-toggle='tooltip' data-placement='right' title='原始值：20.98'>21.0</span>", "<span data-toggle='tooltip' data-placement='right' title='原始值：7.54'>7.54</span>", "<span data-toggle='tooltip' data-placement='right' title='原始值：8.8'>8.80</span>", "<span data-toggle='tooltip' data-placement='right' title='原始值：432.3'>432.3</span>", "<span data-toggle='tooltip' data-placement='right' title='原始值：84.33'>84.3</span>", "<span data-toggle='tooltip' data-placement='right' title='原始值：3.886'>3.89</span>", "<span data-toggle='tooltip' data-placement='right' title='极值过滤'>--</span>", "<span data-toggle='tooltip' data-placement='right' title='原始值：0.16'>0.160</span>", "<span data-toggle='tooltip' data-placement='right' title='原始值：1.506'>1.51</span>", "*", "*", "维护"], ["安徽省", "淮河流域", "<span data-toggle='tooltip' data-placement='right' title='所在地市:淮南市&#10;所属河流:淮河'>石头埠(老)</span>", "10-23 08:00", "Ⅳ", "<span data-toggle='tooltip' data-placement='right' title='原始值：19.42983'>19.4</span>", "<span data-toggle='tooltip' data-placement='right' title='原始值：7.38302'>7.38</span>", "<span data-toggle='tooltip' data-placement='right' title='原始值：4.29764'>4.30</span>", "<span data-toggle='tooltip' data-placement='right' title='原始值：266.5348'>266.5</span>", "<span data-toggle='tooltip' data-placement='right' title='原始值：59.13236'>59.1</span>", "<span data-toggle='tooltip' data-placement='right' title='原始值：3.58'>3.58</span>", "<span data-toggle='tooltip' data-placement='right' title='原始值：0.12'>0.120</span>", "*", "*", "*", "*", "正常"], ["安徽省", "淮河流域", "<span data-toggle='tooltip' data-placement='right' title='所在地市:淮北市&#10;所属河流:沱河'>小王桥</span>", "10-23 08:00", "Ⅳ", "<span data-toggle='tooltip' data-placement='right' title='原始值：18.66'>18.7</span>", "<span data-toggle='tooltip' data-placement='right' title='原始值：8.09'>8.09</span>", "<span data-toggle='tooltip' data-placement='right' title='原始值：6.73'>6.73</span>", "<span data-toggle='tooltip' data-placement='right' title='原始值：1457.02'>1457.0</span>", "<span data-toggle='tooltip' data-placement='right' title='原始值：25.16'>25.2</span>", "<span data-toggle='tooltip' data-placement='right' title='原始值：7.554'>7.55</span>", "<span data-toggle='tooltip' data-placement='right' title='原始值：0.01'>0.010</span>", "<span data-toggle='tooltip' data-placement='right' title='原始值：0.298'>0.298</span>", "<span data-toggle='tooltip' data-placement='right' title='原始值：0.77'>0.77</span>", "*", "*", "正常"], ["安徽省", "长江流域", "<span data-toggle='tooltip' data-placement='right' title='所在地市:安庆市&#10;所属河流:长江'>皖河口</span>", "10-23 08:00", "Ⅱ", "<span data-toggle='tooltip' data-placement='right' title='原始值：20.03'>20.0</span>", "<span data-toggle='tooltip' data-placement='right' title='原始值：7.477'>7.48</span>", "<span data-toggle='tooltip' data-placement='right' title='原始值：7.26'>7.26</span>", "<span data-toggle='tooltip' data-placement='right' title='原始值：286.73'>286.7</span>", "<span data-toggle='tooltip' data-placement='right' title='原始值：30.27'>30.3</span>", "<span data-toggle='tooltip' data-placement='right' title='原始值：1.619'>1.62</span>", "<span data-toggle='tooltip' data-placement='right' title='原始值：0.039'>0.039</span>", "<span data-toggle='tooltip' data-placement='right' title='原始值：0.0567'>0.057</span>", "<span data-toggle='tooltip' data-placement='right' title='原始值：2.305'>2.30</span>", "*", "*", "正常"], ["安徽省", "淮河流域", "<span data-toggle='tooltip' data-placement='right' title='所在地市:滁州市&#10;所属河流:淮河'>小柳巷</span>", "10-23 08:00", "Ⅲ", "<span data-toggle='tooltip' data-placement='right' title='原始值：19.6'>19.6</span>", "<span data-toggle='tooltip' data-placement='right' title='原始值：7.36'>7.36</span>", "<span data-toggle='tooltip' data-placement='right' title='原始值：7.18'>7.18</span>", "<span data-toggle='tooltip' data-placement='right' title='原始值：415.6'>415.6</span>", "<span data-toggle='tooltip' data-placement='right' title='原始值：49.32'>49.3</span>", "<span data-toggle='tooltip' data-placement='right' title='原始值：3.44'>3.44</span>", "<span data-toggle='tooltip' data-placement='right' title='原始值：0.002'>0.002</span>", "<span data-toggle='tooltip' data-placement='right' title='原始值：0.153'>0.153</span>", "<span data-toggle='tooltip' data-placement='right' title='极值过滤'>--</span>", "*", "*", "维护"], ["安徽省", "淮河流域", "<span data-toggle='tooltip' data-placement='right' title='所在地市:阜阳市&#10;所属河流:黑茨河'>张大桥</span>", null, "", "--", "--", "--", "--", "--", "--", "--", "--", "--", "*", "*", "停站"], ["安徽省", "淮河流域", "<span data-toggle='tooltip' data-placement='right' title='所在地市:阜阳市&#10;所属河流:淮河'>王家坝</span>", "10-23 08:00", "Ⅲ", "<span data-toggle='tooltip' data-placement='right' title='原始值：17.30984'>17.3</span>", "<span data-toggle='tooltip' data-placement='right' title='原始值：7.25595'>7.26</span>", "<span data-toggle='tooltip' data-placement='right' title='原始值：6.41247'>6.41</span>", "<span data-toggle='tooltip' data-placement='right' title='原始值：468.6672'>468.7</span>", "<span data-toggle='tooltip' data-placement='right' title='原始值：38.75761'>38.8</span>", "<span data-toggle='tooltip' data-placement='right' title='原始值：3.23'>3.23</span>", "<span data-toggle='tooltip' data-placement='right' title='原始值：0.257'>0.257</span>", "<span data-toggle='tooltip' data-placement='right' title='原始值：0.18811'>0.188</span>", "<span data-toggle='tooltip' data-placement='right' title='原始值：2.43333'>2.43</span>", "*", "*", "正常"], ["安徽省", "淮河流域", "<span data-toggle='tooltip' data-placement='right' title='所在地市:阜阳市&#10;所属河流:颍河'>界首七渡口(七渡口)</span>", "10-23 08:00", "Ⅳ", "<span data-toggle='tooltip' data-placement='right' title='原始值：18.63196'>18.6</span>", "<span data-toggle='tooltip' data-placement='right' title='原始值：7.51591'>7.52</span>", "<span data-toggle='tooltip' data-placement='right' title='原始值：3.42698'>3.43</span>", "<span data-toggle='tooltip' data-placement='right' title='原始值：893.644'>893.6</span>", "<span data-toggle='tooltip' data-placement='right' title='原始值：16.29304'>16.3</span>", "<span data-toggle='tooltip' data-placement='right' title='原始值：4.42'>4.42</span>", "<span data-toggle='tooltip' data-placement='right' title='原始值：0.13'>0.130</span>", "<span data-toggle='tooltip' data-placement='right' title='原始值：0.11984'>0.120</span>", "<span data-toggle='tooltip' data-placement='right' title='原始值：3.78378'>3.78</span>", "*", "*", "正常"], ["安徽省", "淮河流域", "<span data-toggle='tooltip' data-placement='right' title='所在地市:阜阳市&#10;所属河流:泉河'>许庄(徐庄)</span>", "10-23 08:00", "Ⅲ", "<span data-toggle='tooltip' data-placement='right' title='原始值：15.6'>15.6</span>", "<span data-toggle='tooltip' data-placement='right' title='原始值：7.81'>7.81</span>", "<span data-toggle='tooltip' data-placement='right' title='原始值：8.86'>8.86</span>", "<span data-toggle='tooltip' data-placement='right' title='原始值：942'>942.0</span>", "<span data-toggle='tooltip' data-placement='right' title='原始值：146.41'>146.4</span>", "<span data-toggle='tooltip' data-placement='right' title='原始值：3.05'>3.05</span>", "<span data-toggle='tooltip' data-placement='right' title='原始值：0.03'>0.030</span>", "<span data-toggle='tooltip' data-placement='right' title='原始值：0.114'>0.114</span>", "<span data-toggle='tooltip' data-placement='right' title='原始值：1.679'>1.68</span>", "*", "*", "正常"], ["安徽省", "淮河流域", "<span data-toggle='tooltip' data-placement='right' title='所在地市:宿州市&#10;所属河流:奎河'>杨庄</span>", "10-23 08:00", "Ⅲ", "<span data-toggle='tooltip' data-placement='right' title='原始值：18.14'>18.1</span>", "<span data-toggle='tooltip' data-placement='right' title='原始值：7.87'>7.87</span>", "<span data-toggle='tooltip' data-placement='right' title='原始值：7.9'>7.90</span>", "<span data-toggle='tooltip' data-placement='right' title='原始值：917.8'>917.8</span>", "<span data-toggle='tooltip' data-placement='right' title='原始值：52.3'>52.3</span>", "<span data-toggle='tooltip' data-placement='right' title='原始值：4.37'>4.37</span>", "<span data-toggle='tooltip' data-placement='right' title='原始值：0.265'>0.265</span>", "*", "*", "*", "*", "正常"], ["安徽省", "淮河流域", "<span data-toggle='tooltip' data-placement='right' title='所在地市:宿州市&#10;所属河流:新汴河'>泗县公路桥</span>", "10-23 08:00", "Ⅳ", "<span data-toggle='tooltip' data-placement='right' title='原始值：18.55'>18.6</span>", "<span data-toggle='tooltip' data-placement='right' title='原始值：8.29'>8.29</span>", "<span data-toggle='tooltip' data-placement='right' title='原始值：9.4'>9.40</span>", "<span data-toggle='tooltip' data-placement='right' title='原始值：975.8'>975.8</span>", "<span data-toggle='tooltip' data-placement='right' title='原始值：24.87'>24.9</span>", "<span data-toggle='tooltip' data-placement='right' title='原始值：7.4'>7.40</span>", "<span data-toggle='tooltip' data-placement='right' title='原始值：0.069'>0.069</span>", "*", "*", "*", "*", "正常"], ["安徽省", "淮河流域", "<span data-toggle='tooltip' data-placement='right' title='所在地市:亳州市&#10;所属河流:包河'>颜集</span>", "10-23 08:00", "", "<span data-toggle='tooltip' data-placement='right' title='原始值：15.1'>15.1</span>", "<span data-toggle='tooltip' data-placement='right' title='原始值：8.16'>8.16</span>", "<span data-toggle='tooltip' data-placement='right' title='原始值：8.21'>8.21</span>", "<span data-toggle='tooltip' data-placement='right' title='原始值：1831'>1831.0</span>", "<span data-toggle='tooltip' data-placement='right' title='原始值：192.12'>192.1</span>", "<span data-toggle='tooltip' data-placement='right' title='原始值：3.64'>3.64</span>", "<span data-toggle='tooltip' data-placement='right' title='极值过滤'>--</span>", "<span data-toggle='tooltip' data-placement='right' title='原始值：0.255'>0.255</span>", "<span data-toggle='tooltip' data-placement='right' title='原始值：7.258'>7.26</span>", "*", "*", "维护"], ["福建省", "浙闽片河流", "<span data-toggle='tooltip' data-placement='right' title='所在地市:福州市&#10;所属河流:闽江'>白岩潭</span>", "10-23 08:00", "Ⅲ", "<span data-toggle='tooltip' data-placement='right' title='原始值：23.25'>23.2</span>", "<span data-toggle='tooltip' data-placement='right' title='原始值：7.1'>7.10</span>", "<span data-toggle='tooltip' data-placement='right' title='原始值：6.37'>6.37</span>", "<span data-toggle='tooltip' data-placement='right' title='原始值：1296.4'>1296.4</span>", "<span data-toggle='tooltip' data-placement='right' title='原始值：387.7'>387.7</span>", "<span data-toggle='tooltip' data-placement='right' title='原始值：4.46'>4.46</span>", "<span data-toggle='tooltip' data-placement='right' title='原始值：0.131'>0.131</span>", "*", "*", "*", "*", "正常"], ["江西省", "长江流域", "<span data-toggle='tooltip' data-placement='right' title='所在地市:南昌市&#10;所属河流:赣江南支'>滁槎</span>", "10-23 08:00", "Ⅱ", "<span data-toggle='tooltip' data-placement='right' title='原始值：21.3536'>21.4</span>", "<span data-toggle='tooltip' data-placement='right' title='原始值：7.27462'>7.27</span>", "<span data-toggle='tooltip' data-placement='right' title='原始值：7.6136'>7.61</span>", "<span data-toggle='tooltip' data-placement='right' title='原始值：166.3509'>166.4</span>", "<span data-toggle='tooltip' data-placement='right' title='原始值：46.07892'>46.1</span>", "<span data-toggle='tooltip' data-placement='right' title='原始值：2.67'>2.67</span>", "<span data-toggle='tooltip' data-placement='right' title='原始值：0.45'>0.450</span>", "<span data-toggle='tooltip' data-placement='right' title='原始值：0.0585'>0.058</span>", "<span data-toggle='tooltip' data-placement='right' title='原始值：1.8075'>1.81</span>", "*", "*", "正常"], ["江西省", "长江流域", "<span data-toggle='tooltip' data-placement='right' title='所在地市:九江市&#10;所属河流:长江'>姚港(河西水厂)</span>", "10-23 08:00", "Ⅱ", "<span data-toggle='tooltip' data-placement='right' title='原始值：19.67'>19.7</span>", "<span data-toggle='tooltip' data-placement='right' title='原始值：7.45'>7.45</span>", "<span data-toggle='tooltip' data-placement='right' title='原始值：8.31'>8.31</span>", "<span data-toggle='tooltip' data-placement='right' title='原始值：317.78'>317.8</span>", "<span data-toggle='tooltip' data-placement='right' title='原始值：41.74'>41.7</span>", "<span data-toggle='tooltip' data-placement='right' title='原始值：0.918'>0.92</span>", "<span data-toggle='tooltip' data-placement='right' title='原始值：0.033'>0.033</span>", "<span data-toggle='tooltip' data-placement='right' title='原始值：0.079'>0.079</span>", "<span data-toggle='tooltip' data-placement='right' title='原始值：1.44'>1.44</span>", "*", "*", "正常"], ["江西省", "长江流域", "<span data-toggle='tooltip' data-placement='right' title='所在地市:九江市&#10;所属河流:鄱阳湖'>蛤蟆石</span>", "10-23 08:00", "Ⅳ", "<span data-toggle='tooltip' data-placement='right' title='原始值：19.84'>19.8</span>", "<span data-toggle='tooltip' data-placement='right' title='原始值：7.21'>7.21</span>", "<span data-toggle='tooltip' data-placement='right' title='原始值：8.56'>8.56</span>", "<span data-toggle='tooltip' data-placement='right' title='原始值：132.51'>132.5</span>", "<span data-toggle='tooltip' data-placement='right' title='原始值：172.93'>172.9</span>", "<span data-toggle='tooltip' data-placement='right' title='原始值：2.582'>2.58</span>", "<span data-toggle='tooltip' data-placement='right' title='原始值：0.012'>0.012</span>", "<span data-toggle='tooltip' data-placement='right' title='原始值：0.0689'>0.069</span>", "<span data-toggle='tooltip' data-placement='right' title='原始值：1.343'>1.34</span>", "<span data-toggle='tooltip' data-placement='right' title='原始值：0.00197'>0.002</span>", "<span data-toggle='tooltip' data-placement='right' title='原始值：2103920'>2103920</span>", "正常"], ["山东省", "黄河流域", "<span data-toggle='tooltip' data-placement='right' title='所在地市:济南市&#10;所属河流:黄河'>泺口</span>", "10-23 08:00", "Ⅱ", "<span data-toggle='tooltip' data-placement='right' title='原始值：15.3409'>15.3</span>", "<span data-toggle='tooltip' data-placement='right' title='原始值：8.32027'>8.32</span>", "<span data-toggle='tooltip' data-placement='right' title='原始值：9.53829'>9.54</span>", "<span data-toggle='tooltip' data-placement='right' title='原始值：784.067'>784.1</span>", "<span data-toggle='tooltip' data-placement='right' title='原始值：997.304'>997.3</span>", "<span data-toggle='tooltip' data-placement='right' title='原始值：2.25'>2.25</span>", "<span data-toggle='tooltip' data-placement='right' title='原始值：0.1426'>0.143</span>", "<span data-toggle='tooltip' data-placement='right' title='原始值：0.01774'>0.018</span>", "<span data-toggle='tooltip' data-placement='right' title='原始值：2.639'>2.64</span>", "*", "*", "正常"], ["山东省", "淮河流域", "<span data-toggle='tooltip' data-placement='right' title='所在地市:枣庄市&#10;所属河流:京杭大运河（韩庄运河）'>台儿庄大桥</span>", "10-23 08:00", "Ⅱ", "<span data-toggle='tooltip' data-placement='right' title='原始值：12.56006'>12.6</span>", "<span data-toggle='tooltip' data-placement='right' title='原始值：7.75124'>7.75</span>", "<span data-toggle='tooltip' data-placement='right' title='原始值：7.24151'>7.24</span>", "<span data-toggle='tooltip' data-placement='right' title='原始值：856.0085'>856.0</span>", "<span data-toggle='tooltip' data-placement='right' title='原始值：40.17595'>40.2</span>", "<span data-toggle='tooltip' data-placement='right' title='原始值：2.99706'>3.00</span>", "<span data-toggle='tooltip' data-placement='right' title='原始值：0.06213'>0.062</span>", "<span data-toggle='tooltip' data-placement='right' title='原始值：0.05253'>0.053</span>", "<span data-toggle='tooltip' data-placement='right' title='原始值：2.377'>2.38</span>", "*", "*", "正常"], ["山东省", "淮河流域", "<span data-toggle='tooltip' data-placement='right' title='所在地市:临沂市&#10;所属河流:沭河'>清泉寺</span>", "10-23 08:00", "Ⅲ", "<span data-toggle='tooltip' data-placement='right' title='原始值：17.52078'>17.5</span>", "<span data-toggle='tooltip' data-placement='right' title='原始值：8.19513'>8.20</span>", "<span data-toggle='tooltip' data-placement='right' title='原始值：8.10348'>8.10</span>", "<span data-toggle='tooltip' data-placement='right' title='原始值：801.6761'>801.7</span>", "<span data-toggle='tooltip' data-placement='right' title='原始值：12.51804'>12.5</span>", "<span data-toggle='tooltip' data-placement='right' title='原始值：5.62'>5.62</span>", "<span data-toggle='tooltip' data-placement='right' title='原始值：0.7'>0.700</span>", "*", "*", "*", "*", "正常"], ["山东省", "淮河流域", "<span data-toggle='tooltip' data-placement='right' title='所在地市:临沂市&#10;所属河流:沂河'>重坊桥</span>", "10-23 08:00", "Ⅱ", "<span data-toggle='tooltip' data-placement='right' title='原始值：15.89539'>15.9</span>", "<span data-toggle='tooltip' data-placement='right' title='原始值：7.72221'>7.72</span>", "<span data-toggle='tooltip' data-placement='right' title='原始值：9.58399'>9.58</span>", "<span data-toggle='tooltip' data-placement='right' title='原始值：690'>690.0</span>", "<span data-toggle='tooltip' data-placement='right' title='原始值：7.44167'>7.4</span>", "<span data-toggle='tooltip' data-placement='right' title='原始值：3.57'>3.57</span>", "<span data-toggle='tooltip' data-placement='right' title='原始值：0.13544'>0.135</span>", "*", "*", "*", "*", "正常"], ["山东省", "淮河流域", "<span data-toggle='tooltip' data-placement='right' title='所在地市:临沂市&#10;所属河流:白马河'>捷庄(涝沟桥)</span>", null, "", "--", "--", "--", "--", "--", "--", "--", "--", "--", "*", "*", "停站"], ["山东省", "海河流域", "<span data-toggle='tooltip' data-placement='right' title='所在地市:聊城市&#10;所属河流:卫运河'>秤勾湾(秤钩湾)</span>", null, "", "--", "--", "--", "--", "--", "--", "--", "--", "--", "*", "*", "停站"], ["河南省", "长江流域", "<span data-toggle='tooltip' data-placement='right' title='所在地市:南阳市&#10;所属河流:丹江口水库'>陶岔</span>", "10-23 08:00", "Ⅰ", "<span data-toggle='tooltip' data-placement='right' title='原始值：21.35'>21.4</span>", "<span data-toggle='tooltip' data-placement='right' title='原始值：7.88042'>7.88</span>", "<span data-toggle='tooltip' data-placement='right' title='原始值：8.24981'>8.25</span>", "<span data-toggle='tooltip' data-placement='right' title='原始值：275.0718'>275.1</span>", "<span data-toggle='tooltip' data-placement='right' title='原始值：2.79653'>2.8</span>", "<span data-toggle='tooltip' data-placement='right' title='原始值：1.91'>1.91</span>", "<span data-toggle='tooltip' data-placement='right' title='原始值：0.01178'>0.012</span>", "<span data-toggle='tooltip' data-placement='right' title='原始值：0.00872'>0.009</span>", "<span data-toggle='tooltip' data-placement='right' title='原始值：0.95567'>0.96</span>", "<span data-toggle='tooltip' data-placement='right' title='原始值：0.00614'>0.006</span>", "<span data-toggle='tooltip' data-placement='right' title='原始值：1886659'>1886659</span>", "正常"], ["河南省", "淮河流域", "<span data-toggle='tooltip' data-placement='right' title='所在地市:商丘市&#10;所属河流:浍河'>黄口</span>", "10-23 08:00", "Ⅱ", "<span data-toggle='tooltip' data-placement='right' title='原始值：14.2'>14.2</span>", "<span data-toggle='tooltip' data-placement='right' title='原始值：7.4425'>7.44</span>", "<span data-toggle='tooltip' data-placement='right' title='原始值：8.37516'>8.38</span>", "<span data-toggle='tooltip' data-placement='right' title='原始值：1784.008'>1784.0</span>", "<span data-toggle='tooltip' data-placement='right' title='原始值：33.92422'>33.9</span>", "<span data-toggle='tooltip' data-placement='right' title='原始值：2.97'>2.97</span>", "<span data-toggle='tooltip' data-placement='right' title='原始值：0.08739'>0.087</span>", "<span data-toggle='tooltip' data-placement='right' title='原始值：0.0571'>0.057</span>", "<span data-toggle='tooltip' data-placement='right' title='原始值：12.52067'>12.52</span>", "*", "*", "正常"], ["河南省", "淮河流域", "<span data-toggle='tooltip' data-placement='right' title='所在地市:信阳市&#10;所属河流:史灌河'>蒋集</span>", "10-23 08:00", "Ⅱ", "<span data-toggle='tooltip' data-placement='right' title='原始值：19.025'>19.0</span>", "<span data-toggle='tooltip' data-placement='right' title='原始值：6.888'>6.89</span>", "<span data-toggle='tooltip' data-placement='right' title='原始值：6.56906'>6.57</span>", "<span data-toggle='tooltip' data-placement='right' title='原始值：208.2581'>208.3</span>", "<span data-toggle='tooltip' data-placement='right' title='原始值：218.7532'>218.8</span>", "<span data-toggle='tooltip' data-placement='right' title='原始值：2.84'>2.84</span>", "<span data-toggle='tooltip' data-placement='right' title='原始值：0.03862'>0.039</span>", "*", "*", "*", "*", "正常"], ["河南省", "淮河流域", "<span data-toggle='tooltip' data-placement='right' title='所在地市:信阳市&#10;所属河流:淮河'>淮滨水文站(淮滨)</span>", "10-23 08:00", "Ⅲ", "<span data-toggle='tooltip' data-placement='right' title='原始值：16.52461'>16.5</span>", "<span data-toggle='tooltip' data-placement='right' title='原始值：7.04'>7.04</span>", "<span data-toggle='tooltip' data-placement='right' title='原始值：8.04'>8.04</span>", "<span data-toggle='tooltip' data-placement='right' title='原始值：246'>246.0</span>", "<span data-toggle='tooltip' data-placement='right' title='原始值：95.85004'>95.9</span>", "<span data-toggle='tooltip' data-placement='right' title='原始值：3.10289'>3.10</span>", "<span data-toggle='tooltip' data-placement='right' title='原始值：0.20372'>0.204</span>", "<span data-toggle='tooltip' data-placement='right' title='原始值：0.18672'>0.187</span>", "<span data-toggle='tooltip' data-placement='right' title='原始值：1.45579'>1.46</span>", "*", "*", "正常"], ["河南省", "淮河流域", "<span data-toggle='tooltip' data-placement='right' title='所在地市:周口市&#10;所属河流:沙河'>沈丘闸</span>", "10-23 08:00", "Ⅳ", "<span data-toggle='tooltip' data-placement='right' title='原始值：17.41665'>17.4</span>", "<span data-toggle='tooltip' data-placement='right' title='原始值：7.40741'>7.41</span>", "<span data-toggle='tooltip' data-placement='right' title='原始值：4.89062'>4.89</span>", "<span data-toggle='tooltip' data-placement='right' title='原始值：1071.854'>1071.9</span>", "<span data-toggle='tooltip' data-placement='right' title='原始值：26.25758'>26.3</span>", "<span data-toggle='tooltip' data-placement='right' title='原始值：3.79'>3.79</span>", "<span data-toggle='tooltip' data-placement='right' title='原始值：0.15'>0.150</span>", "*", "*", "*", "*", "正常"], ["河南省", "淮河流域", "<span data-toggle='tooltip' data-placement='right' title='所在地市:周口市&#10;所属河流:涡河'>鹿邑付桥(鹿邑付桥闸)</span>", "10-23 08:00", "Ⅳ", "<span data-toggle='tooltip' data-placement='right' title='原始值：18.09459'>18.1</span>", "<span data-toggle='tooltip' data-placement='right' title='原始值：8.42865'>8.43</span>", "<span data-toggle='tooltip' data-placement='right' title='原始值：8.34568'>8.35</span>", "<span data-toggle='tooltip' data-placement='right' title='原始值：1441.459'>1441.5</span>", "<span data-toggle='tooltip' data-placement='right' title='原始值：13.51434'>13.5</span>", "<span data-toggle='tooltip' data-placement='right' title='原始值：6.65499'>6.65</span>", "<span data-toggle='tooltip' data-placement='right' title='原始值：0.16'>0.160</span>", "<span data-toggle='tooltip' data-placement='right' title='原始值：0.1432'>0.143</span>", "<span data-toggle='tooltip' data-placement='right' title='原始值：1.07203'>1.07</span>", "*", "*", "正常"], ["河南省", "淮河流域", "<span data-toggle='tooltip' data-placement='right' title='所在地市:驻马店市&#10;所属河流:洪河'>新蔡班台(班台)</span>", "10-23 04:00", "Ⅴ", "<span data-toggle='tooltip' data-placement='right' title='原始值：19.20791'>19.2</span>", "<span data-toggle='tooltip' data-placement='right' title='原始值：7.2482'>7.25</span>", "<span data-toggle='tooltip' data-placement='right' title='原始值：8.88437'>8.88</span>", "<span data-toggle='tooltip' data-placement='right' title='原始值：761.1346'>761.1</span>", "<span data-toggle='tooltip' data-placement='right' title='原始值：45.3896'>45.4</span>", "<span data-toggle='tooltip' data-placement='right' title='原始值：4.63'>4.63</span>", "<span data-toggle='tooltip' data-placement='right' title='原始值：0.25'>0.250</span>", "<span data-toggle='tooltip' data-placement='right' title='原始值：0.34929'>0.349</span>", "<span data-toggle='tooltip' data-placement='right' title='原始值：3.45291'>3.45</span>", "*", "*", "正常"], ["河南省", "黄河流域", "<span data-toggle='tooltip' data-placement='right' title='所在地市:济源市&#10;所属河流:黄河'>小浪底水库(小浪底)</span>", "10-23 08:00", "Ⅱ", "<span data-toggle='tooltip' data-placement='right' title='原始值：16.38046'>16.4</span>", "<span data-toggle='tooltip' data-placement='right' title='原始值：8.21263'>8.21</span>", "<span data-toggle='tooltip' data-placement='right' title='原始值：9.01392'>9.01</span>", "<span data-toggle='tooltip' data-placement='right' title='原始值：728.9794'>729.0</span>", "<span data-toggle='tooltip' data-placement='right' title='原始值：10.18378'>10.2</span>", "<span data-toggle='tooltip' data-placement='right' title='原始值：0.9875'>0.99</span>", "<span data-toggle='tooltip' data-placement='right' title='原始值：0.14'>0.140</span>", "<span data-toggle='tooltip' data-placement='right' title='原始值：0.051'>0.051</span>", "<span data-toggle='tooltip' data-placement='right' title='原始值：3.07001'>3.07</span>", "*", "*", "正常"], ["湖北省", "长江流域", "<span data-toggle='tooltip' data-placement='right' title='所在地市:武汉市&#10;所属河流:汉江'>宗关</span>", "10-23 08:00", "Ⅲ", "<span data-toggle='tooltip' data-placement='right' title='原始值：18.84'>18.8</span>", "<span data-toggle='tooltip' data-placement='right' title='原始值：7.670491'>7.67</span>", "<span data-toggle='tooltip' data-placement='right' title='原始值：8.094836'>8.09</span>", "<span data-toggle='tooltip' data-placement='right' title='原始值：427.6448'>427.6</span>", "<span data-toggle='tooltip' data-placement='right' title='原始值：17.44331'>17.4</span>", "<span data-toggle='tooltip' data-placement='right' title='原始值：4.64'>4.64</span>", "<span data-toggle='tooltip' data-placement='right' title='原始值：0.08'>0.080</span>", "<span data-toggle='tooltip' data-placement='right' title='原始值：0.115'>0.115</span>", "<span data-toggle='tooltip' data-placement='right' title='原始值：3.122759'>3.12</span>", "<span data-toggle='tooltip' data-placement='right' title='原始值：0.0025156'>0.003</span>", "*", "正常"], ["湖北省", "长江流域", "<span data-toggle='tooltip' data-placement='right' title='所在地市:十堰市&#10;所属河流:丹江口水库'>坝上中(胡家岭)</span>", "10-23 08:00", "Ⅱ", "<span data-toggle='tooltip' data-placement='right' title='原始值：21.81'>21.8</span>", "<span data-toggle='tooltip' data-placement='right' title='原始值：7.794753'>7.79</span>", "<span data-toggle='tooltip' data-placement='right' title='原始值：6.834646'>6.83</span>", "<span data-toggle='tooltip' data-placement='right' title='原始值：238.244'>238.2</span>", "<span data-toggle='tooltip' data-placement='right' title='原始值：2.349247'>2.3</span>", "<span data-toggle='tooltip' data-placement='right' title='原始值：2.12'>2.12</span>", "<span data-toggle='tooltip' data-placement='right' title='原始值：0.064'>0.064</span>", "<span data-toggle='tooltip' data-placement='right' title='原始值：0.014'>0.014</span>", "<span data-toggle='tooltip' data-placement='right' title='原始值：1.219'>1.22</span>", "<span data-toggle='tooltip' data-placement='right' title='极值过滤'>--</span>", "<span data-toggle='tooltip' data-placement='right' title='原始值：1.039E+07'>10390000</span>", "维护"], ["湖北省", "长江流域", "<span data-toggle='tooltip' data-placement='right' title='所在地市:宜昌市&#10;所属河流:长江'>南津关</span>", "10-23 08:00", "Ⅱ", "<span data-toggle='tooltip' data-placement='right' title='原始值：20.62'>20.6</span>", "<span data-toggle='tooltip' data-placement='right' title='原始值：7.925913'>7.93</span>", "<span data-toggle='tooltip' data-placement='right' title='原始值：8.194374'>8.19</span>", "<span data-toggle='tooltip' data-placement='right' title='原始值：372.982'>373.0</span>", "<span data-toggle='tooltip' data-placement='right' title='原始值：9.21639'>9.2</span>", "<span data-toggle='tooltip' data-placement='right' title='原始值：1.44'>1.44</span>", "<span data-toggle='tooltip' data-placement='right' title='原始值：0.016'>0.016</span>", "<span data-toggle='tooltip' data-placement='right' title='原始值：0.041'>0.041</span>", "<span data-toggle='tooltip' data-placement='right' title='原始值：1.592'>1.59</span>", "<span data-toggle='tooltip' data-placement='right' title='原始值：0.0010771'>0.001</span>", "*", "正常"], ["湖南省", "长江流域", "<span data-toggle='tooltip' data-placement='right' title='所在地市:长沙市&#10;所属河流:湘江'>新港</span>", "10-23 08:00", "Ⅱ", "<span data-toggle='tooltip' data-placement='right' title='原始值：20.09'>20.1</span>", "<span data-toggle='tooltip' data-placement='right' title='原始值：7.2'>7.20</span>", "<span data-toggle='tooltip' data-placement='right' title='原始值：10.42'>10.42</span>", "<span data-toggle='tooltip' data-placement='right' title='原始值：255.5'>255.5</span>", "<span data-toggle='tooltip' data-placement='right' title='原始值：36.61'>36.6</span>", "<span data-toggle='tooltip' data-placement='right' title='原始值：1.44'>1.44</span>", "<span data-toggle='tooltip' data-placement='right' title='原始值：0.076'>0.076</span>", "<span data-toggle='tooltip' data-placement='right' title='原始值：0.06'>0.060</span>", "<span data-toggle='tooltip' data-placement='right' title='原始值：3.83'>3.83</span>", "*", "*", "正常"], ["湖南省", "长江流域", "<span data-toggle='tooltip' data-placement='right' title='所在地市:岳阳市&#10;所属河流:洞庭湖'>岳阳楼</span>", "10-23 08:00", "Ⅳ", "<span data-toggle='tooltip' data-placement='right' title='原始值：18.43'>18.4</span>", "<span data-toggle='tooltip' data-placement='right' title='原始值：7.982636'>7.98</span>", "<span data-toggle='tooltip' data-placement='right' title='原始值：7.730875'>7.73</span>", "<span data-toggle='tooltip' data-placement='right' title='原始值：245.0614'>245.1</span>", "<span data-toggle='tooltip' data-placement='right' title='原始值：35.42511'>35.4</span>", "<span data-toggle='tooltip' data-placement='right' title='原始值：1.77'>1.77</span>", "<span data-toggle='tooltip' data-placement='right' title='原始值：0.002'>0.002</span>", "<span data-toggle='tooltip' data-placement='right' title='原始值：0.096'>0.096</span>", "<span data-toggle='tooltip' data-placement='right' title='原始值：2.14'>2.14</span>", "<span data-toggle='tooltip' data-placement='right' title='原始值：0.0032344'>0.003</span>", "<span data-toggle='tooltip' data-placement='right' title='原始值：284.886'>285</span>", "正常"], ["湖南省", "长江流域", "<span data-toggle='tooltip' data-placement='right' title='所在地市:岳阳市&#10;所属河流:长江'>城陵矶</span>", "10-23 08:00", "Ⅲ", "<span data-toggle='tooltip' data-placement='right' title='原始值：19.35'>19.4</span>", "<span data-toggle='tooltip' data-placement='right' title='原始值：7.783305'>7.78</span>", "<span data-toggle='tooltip' data-placement='right' title='原始值：8.972047'>8.97</span>", "<span data-toggle='tooltip' data-placement='right' title='原始值：251.8'>251.8</span>", "<span data-toggle='tooltip' data-placement='right' title='原始值：49.52938'>49.5</span>", "<span data-toggle='tooltip' data-placement='right' title='原始值：2.32'>2.32</span>", "<span data-toggle='tooltip' data-placement='right' title='原始值：0.01'>0.010</span>", "<span data-toggle='tooltip' data-placement='right' title='原始值：0.103'>0.103</span>", "<span data-toggle='tooltip' data-placement='right' title='原始值：1.4168'>1.42</span>", "*", "*", "正常"], ["广东省", "珠江流域", "<span data-toggle='tooltip' data-placement='right' title='所在地市:清远市&#10;所属河流:北江'>七星岗</span>", "10-23 08:00", "", "<span data-toggle='tooltip' data-placement='right' title='原始值：24.86493'>24.9</span>", "<span data-toggle='tooltip' data-placement='right' title='原始值：7.73622'>7.74</span>", "<span data-toggle='tooltip' data-placement='right' title='原始值：8.01501'>8.02</span>", "<span data-toggle='tooltip' data-placement='right' title='原始值：245.1732'>245.2</span>", "<span data-toggle='tooltip' data-placement='right' title='原始值：23.78027'>23.8</span>", "<span data-toggle='tooltip' data-placement='right' title='极值过滤'>--</span>", "<span data-toggle='tooltip' data-placement='right' title='原始值：0.13436'>0.134</span>", "<span data-toggle='tooltip' data-placement='right' title='原始值：0.06345'>0.063</span>", "<span data-toggle='tooltip' data-placement='right' title='原始值：1.6099'>1.61</span>", "*", "*", "维护"], ["广东省", "珠江流域", "<span data-toggle='tooltip' data-placement='right' title='所在地市:中山市&#10;所属河流:西江'>横栏</span>", "10-23 08:00", "Ⅰ", "<span data-toggle='tooltip' data-placement='right' title='原始值：23.1'>23.1</span>", "<span data-toggle='tooltip' data-placement='right' title='原始值：7.82'>7.82</span>", "<span data-toggle='tooltip' data-placement='right' title='原始值：7.99'>7.99</span>", "<span data-toggle='tooltip' data-placement='right' title='原始值：288'>288.0</span>", "<span data-toggle='tooltip' data-placement='right' title='原始值：10.7'>10.7</span>", "<span data-toggle='tooltip' data-placement='right' title='原始值：1.74'>1.74</span>", "<span data-toggle='tooltip' data-placement='right' title='原始值：0.10372'>0.104</span>", "*", "*", "*", "*", "正常"], ["广西壮族自治区", "珠江流域", "<span data-toggle='tooltip' data-placement='right' title='所在地市:南宁市&#10;所属河流:邕江'>老口</span>", "10-23 08:00", "Ⅱ", "<span data-toggle='tooltip' data-placement='right' title='原始值：22.81667'>22.8</span>", "<span data-toggle='tooltip' data-placement='right' title='原始值：7.64313'>7.64</span>", "<span data-toggle='tooltip' data-placement='right' title='原始值：7.81299'>7.81</span>", "<span data-toggle='tooltip' data-placement='right' title='原始值：298.6735'>298.7</span>", "<span data-toggle='tooltip' data-placement='right' title='原始值：89.81121'>89.8</span>", "<span data-toggle='tooltip' data-placement='right' title='原始值：1.12595'>1.13</span>", "<span data-toggle='tooltip' data-placement='right' title='原始值：0.02609'>0.026</span>", "<span data-toggle='tooltip' data-placement='right' title='原始值：0.04076'>0.041</span>", "<span data-toggle='tooltip' data-placement='right' title='原始值：2.56448'>2.56</span>", "*", "*", "正常"], ["广西壮族自治区", "珠江流域", "<span data-toggle='tooltip' data-placement='right' title='所在地市:桂林市&#10;所属河流:漓江'>阳朔</span>", null, "", "--", "--", "--", "--", "--", "--", "--", "--", "--", "*", "*", "停站"], ["广西壮族自治区", "珠江流域", "<span data-toggle='tooltip' data-placement='right' title='所在地市:梧州市&#10;所属河流:浔江'>界首</span>", null, "", "--", "--", "--", "--", "--", "--", "--", "--", "--", "*", "*", "停站"], ["广西壮族自治区", "珠江流域", "<span data-toggle='tooltip' data-placement='right' title='所在地市:贵港市&#10;所属河流:浔江'>石嘴</span>", null, "", "--", "--", "--", "--", "--", "--", "--", "--", "--", "*", "*", "维护"], ["广西壮族自治区", "珠江流域", "<span data-toggle='tooltip' data-placement='right' title='所在地市:崇左市&#10;所属河流:平而河'>平而关</span>", null, "", "--", "--", "--", "--", "--", "--", "--", "*", "*", "*", "*", "维护"], ["重庆市", "长江流域", "<span data-toggle='tooltip' data-placement='right' title='所在地市:永川区&#10;所属河流:长江'>朱沱</span>", null, "", "--", "--", "--", "--", "--", "--", "--", "--", "--", "*", "*", "停站"], ["四川省", "长江流域", "<span data-toggle='tooltip' data-placement='right' title='所在地市:攀枝花市&#10;所属河流:金沙江'>龙洞</span>", "10-23 08:00", "Ⅰ", "<span data-toggle='tooltip' data-placement='right' title='原始值：19.09'>19.1</span>", "<span data-toggle='tooltip' data-placement='right' title='原始值：8.331669'>8.33</span>", "<span data-toggle='tooltip' data-placement='right' title='原始值：9.042727'>9.04</span>", "<span data-toggle='tooltip' data-placement='right' title='原始值：851.932'>851.9</span>", "<span data-toggle='tooltip' data-placement='right' title='原始值：2.84614'>2.8</span>", "<span data-toggle='tooltip' data-placement='right' title='原始值：1.22'>1.22</span>", "<span data-toggle='tooltip' data-placement='right' title='原始值：0.015'>0.015</span>", "<span data-toggle='tooltip' data-placement='right' title='原始值：0.0054001'>0.005</span>", "<span data-toggle='tooltip' data-placement='right' title='原始值：0.527465'>0.53</span>", "*", "*", "正常"], ["四川省", "长江流域", "<span data-toggle='tooltip' data-placement='right' title='所在地市:泸州市&#10;所属河流:沱江'>沱江大桥(沱江二桥)</span>", "10-23 08:00", "Ⅱ", "<span data-toggle='tooltip' data-placement='right' title='原始值：18.99'>19.0</span>", "<span data-toggle='tooltip' data-placement='right' title='原始值：8.224015'>8.22</span>", "<span data-toggle='tooltip' data-placement='right' title='原始值：9.301404'>9.30</span>", "<span data-toggle='tooltip' data-placement='right' title='原始值：471.6096'>471.6</span>", "<span data-toggle='tooltip' data-placement='right' title='原始值：60.46185'>60.5</span>", "<span data-toggle='tooltip' data-placement='right' title='原始值：2.83'>2.83</span>", "<span data-toggle='tooltip' data-placement='right' title='原始值：0.005'>0.005</span>", "<span data-toggle='tooltip' data-placement='right' title='原始值：0.0983489'>0.098</span>", "<span data-toggle='tooltip' data-placement='right' title='原始值：3.103108'>3.10</span>", "*", "*", "正常"], ["四川省", "长江流域", "<span data-toggle='tooltip' data-placement='right' title='所在地市:广元市&#10;所属河流:嘉陵江'>清风峡</span>", "10-23 08:00", "Ⅰ", "<span data-toggle='tooltip' data-placement='right' title='原始值：14.60091'>14.6</span>", "<span data-toggle='tooltip' data-placement='right' title='原始值：8.06'>8.06</span>", "<span data-toggle='tooltip' data-placement='right' title='原始值：10.02186'>10.02</span>", "<span data-toggle='tooltip' data-placement='right' title='原始值：368'>368.0</span>", "<span data-toggle='tooltip' data-placement='right' title='原始值：231.0907'>231.1</span>", "<span data-toggle='tooltip' data-placement='right' title='原始值：1.1'>1.10</span>", "<span data-toggle='tooltip' data-placement='right' title='原始值：0.14548'>0.145</span>", "*", "*", "*", "*", "正常"], ["四川省", "长江流域", "<span data-toggle='tooltip' data-placement='right' title='所在地市:乐山市&#10;所属河流:岷江'>岷江大桥</span>", null, "", "--", "--", "--", "--", "--", "--", "--", "--", "--", "*", "*", "停站"], ["四川省", "长江流域", "<span data-toggle='tooltip' data-placement='right' title='所在地市:宜宾市&#10;所属河流:岷江'>凉姜沟</span>", "10-23 08:00", "Ⅱ", "<span data-toggle='tooltip' data-placement='right' title='原始值：17.13'>17.1</span>", "<span data-toggle='tooltip' data-placement='right' title='原始值：8.019116'>8.02</span>", "<span data-toggle='tooltip' data-placement='right' title='原始值：9.793296'>9.79</span>", "<span data-toggle='tooltip' data-placement='right' title='原始值：283.3641'>283.4</span>", "<span data-toggle='tooltip' data-placement='right' title='原始值：42.2118'>42.2</span>", "<span data-toggle='tooltip' data-placement='right' title='原始值：1.64'>1.64</span>", "<span data-toggle='tooltip' data-placement='right' title='原始值：0.012'>0.012</span>", "<span data-toggle='tooltip' data-placement='right' title='原始值：0.0682437'>0.068</span>", "<span data-toggle='tooltip' data-placement='right' title='原始值：1.865424'>1.87</span>", "*", "*", "正常"], ["云南省", "滇池流域", "<span data-toggle='tooltip' data-placement='right' title='所在地市:昆明市&#10;所属河流:滇池'>西苑隧道</span>", "10-23 08:00", "", "<span data-toggle='tooltip' data-placement='right' title='原始值：15.98'>16.0</span>", "<span data-toggle='tooltip' data-placement='right' title='原始值：7.82574'>7.83</span>", "<span data-toggle='tooltip' data-placement='right' title='原始值：5.946'>5.95</span>", "<span data-toggle='tooltip' data-placement='right' title='原始值：655.365'>655.4</span>", "<span data-toggle='tooltip' data-placement='right' title='原始值：24.455'>24.5</span>", "<span data-toggle='tooltip' data-placement='right' title='原始值：4.72'>4.72</span>", "<span data-toggle='tooltip' data-placement='right' title='原始值：0.0479'>0.048</span>", "<span data-toggle='tooltip' data-placement='right' title='极值过滤'>--</span>", "<span data-toggle='tooltip' data-placement='right' title='原始值：2.10188'>2.10</span>", "<span data-toggle='tooltip' data-placement='right' title='原始值：0.00187'>0.002</span>", "<span data-toggle='tooltip' data-placement='right' title='原始值：4019896'>4019896</span>", "维护"], ["云南省", "滇池流域", "<span data-toggle='tooltip' data-placement='right' title='所在地市:昆明市&#10;所属河流:滇池'>观音山</span>", null, "", "--", "--", "--", "--", "--", "--", "--", "--", "--", "--", "--", "维护"], ["云南省", "西南诸河", "<span data-toggle='tooltip' data-placement='right' title='所在地市:红河哈尼族彝族自治州&#10;所属河流:红河'>河口县医院(河口)</span>", "10-23 08:00", "Ⅱ", "<span data-toggle='tooltip' data-placement='right' title='原始值：22.6942'>22.7</span>", "<span data-toggle='tooltip' data-placement='right' title='原始值：7.06209'>7.06</span>", "<span data-toggle='tooltip' data-placement='right' title='原始值：7.96312'>7.96</span>", "<span data-toggle='tooltip' data-placement='right' title='原始值：157.4062'>157.4</span>", "<span data-toggle='tooltip' data-placement='right' title='原始值：111.4976'>111.5</span>", "<span data-toggle='tooltip' data-placement='right' title='原始值：2.54711'>2.55</span>", "<span data-toggle='tooltip' data-placement='right' title='原始值：0.15027'>0.150</span>", "<span data-toggle='tooltip' data-placement='right' title='原始值：0.07197'>0.072</span>", "<span data-toggle='tooltip' data-placement='right' title='原始值：1.43258'>1.43</span>", "*", "*", "正常"], ["云南省", "西南诸河", "<span data-toggle='tooltip' data-placement='right' title='所在地市:西双版纳傣族自治州&#10;所属河流:澜沧江'>橄榄坝</span>", "10-23 08:00", "Ⅱ", "<span data-toggle='tooltip' data-placement='right' title='原始值：19.32549'>19.3</span>", "<span data-toggle='tooltip' data-placement='right' title='原始值：7.71734'>7.72</span>", "<span data-toggle='tooltip' data-placement='right' title='原始值：6.02411'>6.02</span>", "<span data-toggle='tooltip' data-placement='right' title='原始值：485.2497'>485.2</span>", "<span data-toggle='tooltip' data-placement='right' title='原始值：15.1813'>15.2</span>", "<span data-toggle='tooltip' data-placement='right' title='原始值：0.87'>0.87</span>", "<span data-toggle='tooltip' data-placement='right' title='原始值：0.05506'>0.055</span>", "*", "*", "*", "*", "正常"], ["陕西省", "黄河流域", "<span data-toggle='tooltip' data-placement='right' title='所在地市:渭南市&#10;所属河流:渭河'>潼关吊桥</span>", null, "", "--", "--", "--", "--", "--", "--", "--", "--", "--", "*", "*", "停站"], ["甘肃省", "黄河流域", "<span data-toggle='tooltip' data-placement='right' title='所在地市:兰州市&#10;所属河流:黄河'>新城桥</span>", null, "", "--", "--", "--", "--", "--", "--", "--", "--", "--", "*", "*", "停站"], ["宁夏回族自治区", "黄河流域", "<span data-toggle='tooltip' data-placement='right' title='所在地市:中卫市&#10;所属河流:黄河'>中卫下河沿(新墩)</span>", "10-23 08:00", "Ⅱ", "<span data-toggle='tooltip' data-placement='right' title='原始值：14.62353'>14.6</span>", "<span data-toggle='tooltip' data-placement='right' title='原始值：7.39829'>7.40</span>", "<span data-toggle='tooltip' data-placement='right' title='原始值：8.95223'>8.95</span>", "<span data-toggle='tooltip' data-placement='right' title='原始值：553.1279'>553.1</span>", "<span data-toggle='tooltip' data-placement='right' title='原始值：57.71049'>57.7</span>", "<span data-toggle='tooltip' data-placement='right' title='原始值：0.92'>0.92</span>", "<span data-toggle='tooltip' data-placement='right' title='原始值：0.06'>0.060</span>", "<span data-toggle='tooltip' data-placement='right' title='原始值：0.0279'>0.028</span>", "<span data-toggle='tooltip' data-placement='right' title='原始值：1.5388'>1.54</span>", "*", "*", "正常"]]}