{"result": 1, "total": 1, "records": 98, "thead": ["省份", "流域", "断面名称", "监测时间", "水质类别", "水温<br/><span class='unit'>(℃)</span>", "pH<br/><span class='unit'>(无量纲)</span>", "溶解氧<br/><span class='unit'>(mg/L)</span>", "电导率<br/><span class='unit'>(μS/cm)</span>", "浊度<br/><span class='unit'>(NTU)</span>", "高锰酸盐指数<br/><span class='unit'>(mg/L)</span>", "氨氮<br/><span class='unit'>(mg/L)</span>", "总磷<br/><span class='unit'>(mg/L)</span>", "总氮<br/><span class='unit'>(mg/L)</span>", "叶绿素α<br/><span class='unit'>(mg/L)</span>", "藻密度<br/><span class='unit'>(cells/L)</span>", "站点情况"], "tbody": [["北京市", "海河流域", "<span data-toggle='tooltip' data-placement='right' title='所在地市:门头沟区&#10;所属河流:永定河'>沿河城</span>", "10-05 08:00", "Ⅲ", "<span data-toggle='tooltip' data-placement='right' title='原始值：13.93674'>13.9</span>", "<span data-toggle='tooltip' data-placement='right' title='原始值：8.64764'>8.65</span>", "<span data-toggle='tooltip' data-placement='right' title='原始值：9.51488'>9.51</span>", "<span data-toggle='tooltip' data-placement='right' title='原始值：1535.852'>1535.9</span>", "<span data-toggle='tooltip' data-placement='right' title='原始值：11.30199'>11.3</span>", "<span data-toggle='tooltip' data-placement='right' title='原始值：5.165'>5.16</span>", "<span data-toggle='tooltip' data-placement='right' title='原始值：0.25'>0.250</span>", "<span data-toggle='tooltip' data-placement='right' title='原始值：0.04488'>0.045</span>", "<span data-toggle='tooltip' data-placement='right' title='原始值：0.73529'>0.74</span>", "*", "*", "正常"], ["北京市", "海河流域", "<span data-toggle='tooltip' data-placement='right' title='所在地市:密云区&#10;所属河流:潮河'>古北口</span>", "10-05 08:00", "", "<span data-toggle='tooltip' data-placement='right' title='原始值：13.13456'>13.1</span>", "<span data-toggle='tooltip' data-placement='right' title='原始值：7.66408'>7.66</span>", "<span data-toggle='tooltip' data-placement='right' title='原始值：9.86992'>9.87</span>", "<span data-toggle='tooltip' data-placement='right' title='原始值：697.5904'>697.6</span>", "<span data-toggle='tooltip' data-placement='right' title='原始值：2.54671'>2.5</span>", "<span data-toggle='tooltip' data-placement='right' title='原始值：1.5075'>1.51</span>", "<span data-toggle='tooltip' data-placement='right' title='原始值：0.07'>0.070</span>", "<span data-toggle='tooltip' data-placement='right' title='极值过滤'>--</span>", "<span data-toggle='tooltip' data-placement='right' title='原始值：7.238'>7.24</span>", "*", "*", "维护"], ["天津市", "海河流域", "<span data-toggle='tooltip' data-placement='right' title='所在地市:河北区&#10;所属河流:海河'>三岔口</span>", "10-05 08:00", "Ⅱ", "<span data-toggle='tooltip' data-placement='right' title='原始值：18.9958'>19.0</span>", "<span data-toggle='tooltip' data-placement='right' title='原始值：7.6769'>7.68</span>", "<span data-toggle='tooltip' data-placement='right' title='原始值：7.218'>7.22</span>", "<span data-toggle='tooltip' data-placement='right' title='原始值：650.4617'>650.5</span>", "<span data-toggle='tooltip' data-placement='right' title='原始值：20.77'>20.8</span>", "<span data-toggle='tooltip' data-placement='right' title='原始值：2.34'>2.34</span>", "<span data-toggle='tooltip' data-placement='right' title='原始值：0.17'>0.170</span>", "<span data-toggle='tooltip' data-placement='right' title='原始值：0.0025'>0.002</span>", "<span data-toggle='tooltip' data-placement='right' title='原始值：1.0264'>1.03</span>", "*", "*", "正常"], ["天津市", "海河流域", "<span data-toggle='tooltip' data-placement='right' title='所在地市:蓟州区&#10;所属河流:果河'>果河桥</span>", "10-05 08:00", "", "<span data-toggle='tooltip' data-placement='right' title='原始值：19.8'>19.8</span>", "<span data-toggle='tooltip' data-placement='right' title='原始值：7.99'>7.99</span>", "<span data-toggle='tooltip' data-placement='right' title='原始值：8.336'>8.34</span>", "<span data-toggle='tooltip' data-placement='right' title='原始值：688.825'>688.8</span>", "<span data-toggle='tooltip' data-placement='right' title='原始值：8'>8.0</span>", "<span data-toggle='tooltip' data-placement='right' title='原始值：2.1234'>2.12</span>", "<span data-toggle='tooltip' data-placement='right' title='极值过滤'>--</span>", "<span data-toggle='tooltip' data-placement='right' title='原始值：0.072'>0.072</span>", "<span data-toggle='tooltip' data-placement='right' title='原始值：7.1331'>7.13</span>", "*", "*", "维护"], ["河北省", "海河流域", "<span data-toggle='tooltip' data-placement='right' title='所在地市:石家庄市&#10;所属河流:滹沱河'>岗南水库</span>", "10-05 08:00", "", "<span data-toggle='tooltip' data-placement='right' title='原始值：22.83812'>22.8</span>", "<span data-toggle='tooltip' data-placement='right' title='原始值：8.20738'>8.21</span>", "<span data-toggle='tooltip' data-placement='right' title='原始值：6.88428'>6.88</span>", "<span data-toggle='tooltip' data-placement='right' title='原始值：570.3241'>570.3</span>", "<span data-toggle='tooltip' data-placement='right' title='原始值：1.58433'>1.6</span>", "<span data-toggle='tooltip' data-placement='right' title='原始值：2.27166'>2.27</span>", "<span data-toggle='tooltip' data-placement='right' title='原始值：0.08'>0.080</span>", "<span data-toggle='tooltip' data-placement='right' title='极值过滤'>--</span>", "<span data-toggle='tooltip' data-placement='right' title='极值过滤'>--</span>", "*", "*", "维护"], ["河北省", "海河流域", "<span data-toggle='tooltip' data-placement='right' title='所在地市:张家口市&#10;所属河流:永定河'>八号桥</span>", "10-05 08:00", "Ⅲ", "<span data-toggle='tooltip' data-placement='right' title='原始值：11.80738'>11.8</span>", "<span data-toggle='tooltip' data-placement='right' title='原始值：8.13706'>8.14</span>", "<span data-toggle='tooltip' data-placement='right' title='原始值：9.4514'>9.45</span>", "<span data-toggle='tooltip' data-placement='right' title='原始值：1014.013'>1014.0</span>", "<span data-toggle='tooltip' data-placement='right' title='原始值：68.9984'>69.0</span>", "<span data-toggle='tooltip' data-placement='right' title='原始值：5.53'>5.53</span>", "<span data-toggle='tooltip' data-placement='right' title='原始值：0.24'>0.240</span>", "<span data-toggle='tooltip' data-placement='right' title='原始值：0.1755'>0.176</span>", "<span data-toggle='tooltip' data-placement='right' title='原始值：3.76993'>3.77</span>", "*", "*", "正常"], ["山西省", "黄河流域", "<span data-toggle='tooltip' data-placement='right' title='所在地市:运城市&#10;所属河流:汾河'>河津大桥</span>", "10-05 08:00", "Ⅲ", "<span data-toggle='tooltip' data-placement='right' title='原始值：19.73118'>19.7</span>", "<span data-toggle='tooltip' data-placement='right' title='原始值：7.69514'>7.70</span>", "<span data-toggle='tooltip' data-placement='right' title='原始值：7.93163'>7.93</span>", "<span data-toggle='tooltip' data-placement='right' title='原始值：1648.305'>1648.3</span>", "<span data-toggle='tooltip' data-placement='right' title='原始值：91.66801'>91.7</span>", "<span data-toggle='tooltip' data-placement='right' title='原始值：5.65'>5.65</span>", "<span data-toggle='tooltip' data-placement='right' title='原始值：0.06'>0.060</span>", "*", "*", "*", "*", "正常"], ["山西省", "黄河流域", "<span data-toggle='tooltip' data-placement='right' title='所在地市:忻州市&#10;所属河流:黄河'>万家寨水库</span>", "10-05 08:00", "劣Ⅴ", "<span data-toggle='tooltip' data-placement='right' title='原始值：15.42331'>15.4</span>", "<span data-toggle='tooltip' data-placement='right' title='原始值：7.73698'>7.74</span>", "<span data-toggle='tooltip' data-placement='right' title='原始值：9.35975'>9.36</span>", "<span data-toggle='tooltip' data-placement='right' title='原始值：628.4037'>628.4</span>", "<span data-toggle='tooltip' data-placement='right' title='原始值：170.7743'>170.8</span>", "<span data-toggle='tooltip' data-placement='right' title='原始值：3.13'>3.13</span>", "<span data-toggle='tooltip' data-placement='right' title='原始值：0.34'>0.340</span>", "<span data-toggle='tooltip' data-placement='right' title='原始值：0.45'>0.450</span>", "<span data-toggle='tooltip' data-placement='right' title='原始值：2.3875'>2.39</span>", "*", "*", "正常"], ["内蒙古自治区", "黄河流域", "<span data-toggle='tooltip' data-placement='right' title='所在地市:包头市&#10;所属河流:黄河'>画匠营子</span>", "10-05 08:00", "Ⅳ", "<span data-toggle='tooltip' data-placement='right' title='原始值：14.30306'>14.3</span>", "<span data-toggle='tooltip' data-placement='right' title='原始值：8.07671'>8.08</span>", "<span data-toggle='tooltip' data-placement='right' title='原始值：8.55671'>8.56</span>", "<span data-toggle='tooltip' data-placement='right' title='原始值：704.0063'>704.0</span>", "<span data-toggle='tooltip' data-placement='right' title='原始值：1538.053'>1538.1</span>", "<span data-toggle='tooltip' data-placement='right' title='原始值：9.92294'>9.92</span>", "<span data-toggle='tooltip' data-placement='right' title='原始值：0.04159'>0.042</span>", "*", "*", "*", "*", "正常"], ["内蒙古自治区", "黄河流域", "<span data-toggle='tooltip' data-placement='right' title='所在地市:乌海市&#10;所属河流:黄河'>海勃湾</span>", "10-05 08:00", "Ⅱ", "<span data-toggle='tooltip' data-placement='right' title='原始值：15.11486'>15.1</span>", "<span data-toggle='tooltip' data-placement='right' title='原始值：7.94404'>7.94</span>", "<span data-toggle='tooltip' data-placement='right' title='原始值：7.08853'>7.09</span>", "<span data-toggle='tooltip' data-placement='right' title='原始值：622.8406'>622.8</span>", "<span data-toggle='tooltip' data-placement='right' title='原始值：68.66659'>68.7</span>", "<span data-toggle='tooltip' data-placement='right' title='原始值：2.18'>2.18</span>", "<span data-toggle='tooltip' data-placement='right' title='原始值：0.11'>0.110</span>", "*", "*", "*", "*", "正常"], ["内蒙古自治区", "松花江流域", "<span data-toggle='tooltip' data-placement='right' title='所在地市:呼伦贝尔市&#10;所属河流:额尔古纳河'>黑山头</span>", null, "", "--", "--", "--", "--", "--", "--", "--", "--", "--", "*", "*", "停站"], ["辽宁省", "辽河流域", "<span data-toggle='tooltip' data-placement='right' title='所在地市:抚顺市&#10;所属河流:浑河'>大伙房水库</span>", "10-05 08:00", "", "<span data-toggle='tooltip' data-placement='right' title='原始值：19.69363'>19.7</span>", "<span data-toggle='tooltip' data-placement='right' title='原始值：7.01997'>7.02</span>", "<span data-toggle='tooltip' data-placement='right' title='原始值：8.53662'>8.54</span>", "<span data-toggle='tooltip' data-placement='right' title='原始值：286.9146'>286.9</span>", "<span data-toggle='tooltip' data-placement='right' title='原始值：20.33947'>20.3</span>", "<span data-toggle='tooltip' data-placement='right' title='原始值：3.46874'>3.47</span>", "<span data-toggle='tooltip' data-placement='right' title='原始值：0.02'>0.020</span>", "<span data-toggle='tooltip' data-placement='right' title='极值过滤'>--</span>", "<span data-toggle='tooltip' data-placement='right' title='极值过滤'>--</span>", "<span data-toggle='tooltip' data-placement='right' title='极值过滤'>--</span>", "*", "维护"], ["辽宁省", "辽河流域", "<span data-toggle='tooltip' data-placement='right' title='所在地市:丹东市&#10;所属河流:鸭绿江'>江桥</span>", "10-05 08:00", "Ⅱ", "<span data-toggle='tooltip' data-placement='right' title='原始值：17.3'>17.3</span>", "<span data-toggle='tooltip' data-placement='right' title='原始值：6.65'>6.65</span>", "<span data-toggle='tooltip' data-placement='right' title='原始值：7.355'>7.36</span>", "<span data-toggle='tooltip' data-placement='right' title='原始值：134'>134.0</span>", "<span data-toggle='tooltip' data-placement='right' title='原始值：17.75938'>17.8</span>", "<span data-toggle='tooltip' data-placement='right' title='原始值：1.16'>1.16</span>", "<span data-toggle='tooltip' data-placement='right' title='原始值：0.172'>0.172</span>", "<span data-toggle='tooltip' data-placement='right' title='原始值：0.02153'>0.022</span>", "<span data-toggle='tooltip' data-placement='right' title='原始值：1.99017'>1.99</span>", "*", "*", "正常"], ["辽宁省", "辽河流域", "<span data-toggle='tooltip' data-placement='right' title='所在地市:营口市&#10;所属河流:大辽河'>辽河公园</span>", "10-05 08:00", "Ⅳ", "<span data-toggle='tooltip' data-placement='right' title='原始值：19.42253'>19.4</span>", "<span data-toggle='tooltip' data-placement='right' title='原始值：6.38141'>6.38</span>", "<span data-toggle='tooltip' data-placement='right' title='原始值：6.76312'>6.76</span>", "<span data-toggle='tooltip' data-placement='right' title='原始值：2172.809'>2172.8</span>", "<span data-toggle='tooltip' data-placement='right' title='原始值：186.3668'>186.4</span>", "<span data-toggle='tooltip' data-placement='right' title='原始值：6.45236'>6.45</span>", "<span data-toggle='tooltip' data-placement='right' title='原始值：0.08932'>0.089</span>", "<span data-toggle='tooltip' data-placement='right' title='原始值：0.18061'>0.181</span>", "<span data-toggle='tooltip' data-placement='right' title='原始值：3.64224'>3.64</span>", "*", "*", "正常"], ["辽宁省", "辽河流域", "<span data-toggle='tooltip' data-placement='right' title='所在地市:辽阳市&#10;所属河流:太子河'>汤河水库</span>", null, "", "--", "--", "--", "--", "--", "--", "--", "--", "--", "*", "*", "停站"], ["辽宁省", "辽河流域", "<span data-toggle='tooltip' data-placement='right' title='所在地市:盘锦市&#10;所属河流:辽河'>盘锦兴安(兴安)</span>", null, "", "--", "--", "--", "--", "--", "--", "--", "--", "--", "*", "*", "停站"], ["辽宁省", "辽河流域", "<span data-toggle='tooltip' data-placement='right' title='所在地市:铁岭市&#10;所属河流:辽河'>珠尔山</span>", "10-05 08:00", "Ⅲ", "<span data-toggle='tooltip' data-placement='right' title='原始值：14.04184'>14.0</span>", "<span data-toggle='tooltip' data-placement='right' title='原始值：7.3858'>7.39</span>", "<span data-toggle='tooltip' data-placement='right' title='原始值：14.1683'>14.17</span>", "<span data-toggle='tooltip' data-placement='right' title='原始值：435.9292'>435.9</span>", "<span data-toggle='tooltip' data-placement='right' title='原始值：52.41538'>52.4</span>", "<span data-toggle='tooltip' data-placement='right' title='原始值：3.62955'>3.63</span>", "<span data-toggle='tooltip' data-placement='right' title='原始值：0.16'>0.160</span>", "<span data-toggle='tooltip' data-placement='right' title='原始值：0.15564'>0.156</span>", "<span data-toggle='tooltip' data-placement='right' title='原始值：5.05236'>5.05</span>", "*", "*", "正常"], ["吉林省", "松花江流域", "<span data-toggle='tooltip' data-placement='right' title='所在地市:长春市&#10;所属河流:松花江'>松花江村</span>", null, "", "--", "--", "--", "--", "--", "--", "--", "--", "--", "*", "*", "停站"], ["吉林省", "松花江流域", "<span data-toggle='tooltip' data-placement='right' title='所在地市:白城市&#10;所属河流:嫩江'>白沙滩</span>", null, "", "--", "--", "--", "--", "--", "--", "--", "--", "--", "*", "*", "停站"], ["吉林省", "松花江流域", "<span data-toggle='tooltip' data-placement='right' title='所在地市:延边朝鲜族自治州&#10;所属河流:图们江'>圈河</span>", "10-05 08:00", "Ⅲ", "<span data-toggle='tooltip' data-placement='right' title='原始值：15.99375'>16.0</span>", "<span data-toggle='tooltip' data-placement='right' title='原始值：7.29'>7.29</span>", "<span data-toggle='tooltip' data-placement='right' title='原始值：8.22'>8.22</span>", "<span data-toggle='tooltip' data-placement='right' title='原始值：147'>147.0</span>", "<span data-toggle='tooltip' data-placement='right' title='原始值：33'>33.0</span>", "<span data-toggle='tooltip' data-placement='right' title='原始值：5.64'>5.64</span>", "<span data-toggle='tooltip' data-placement='right' title='原始值：0.16734'>0.167</span>", "<span data-toggle='tooltip' data-placement='right' title='原始值：0.09377'>0.094</span>", "<span data-toggle='tooltip' data-placement='right' title='原始值：1.30607'>1.31</span>", "*", "*", "正常"], ["黑龙江省", "松花江流域", "<span data-toggle='tooltip' data-placement='right' title='所在地市:大庆市&#10;所属河流:松花江'>肇源</span>", null, "", "--", "--", "--", "--", "--", "--", "--", "--", "--", "*", "*", "停站"], ["黑龙江省", "松花江流域", "<span data-toggle='tooltip' data-placement='right' title='所在地市:佳木斯市&#10;所属河流:乌苏里江'>乌苏镇</span>", null, "", "--", "--", "--", "--", "--", "--", "--", "--", "--", "*", "*", "停站"], ["黑龙江省", "松花江流域", "<span data-toggle='tooltip' data-placement='right' title='所在地市:佳木斯市&#10;所属河流:松花江'>同江</span>", "10-05 08:00", "Ⅳ", "<span data-toggle='tooltip' data-placement='right' title='原始值：13.84264'>13.8</span>", "<span data-toggle='tooltip' data-placement='right' title='原始值：7.50001'>7.50</span>", "<span data-toggle='tooltip' data-placement='right' title='原始值：9.12502'>9.13</span>", "<span data-toggle='tooltip' data-placement='right' title='原始值：199.219'>199.2</span>", "<span data-toggle='tooltip' data-placement='right' title='原始值：104.5021'>104.5</span>", "<span data-toggle='tooltip' data-placement='right' title='原始值：6.36759'>6.37</span>", "<span data-toggle='tooltip' data-placement='right' title='原始值：0.15061'>0.151</span>", "<span data-toggle='tooltip' data-placement='right' title='原始值：0.1206'>0.121</span>", "<span data-toggle='tooltip' data-placement='right' title='原始值：2.45119'>2.45</span>", "*", "*", "正常"], ["黑龙江省", "松花江流域", "<span data-toggle='tooltip' data-placement='right' title='所在地市:黑河市&#10;所属河流:黑龙江'>黑河下(黑河)</span>", null, "", "--", "--", "--", "--", "--", "--", "--", "--", "--", "*", "*", "停站"], ["上海市", "长江流域", "<span data-toggle='tooltip' data-placement='right' title='所在地市:青浦区&#10;所属河流:淀山湖'>急水港桥</span>", "10-05 04:00", "Ⅳ", "<span data-toggle='tooltip' data-placement='right' title='原始值：24.6'>24.6</span>", "<span data-toggle='tooltip' data-placement='right' title='原始值：7.19'>7.19</span>", "<span data-toggle='tooltip' data-placement='right' title='原始值：7.8'>7.80</span>", "<span data-toggle='tooltip' data-placement='right' title='原始值：462'>462.0</span>", "<span data-toggle='tooltip' data-placement='right' title='原始值：163.7'>163.7</span>", "<span data-toggle='tooltip' data-placement='right' title='原始值：3.75'>3.75</span>", "<span data-toggle='tooltip' data-placement='right' title='原始值：0.33902'>0.339</span>", "<span data-toggle='tooltip' data-placement='right' title='原始值：0.07422'>0.074</span>", "<span data-toggle='tooltip' data-placement='right' title='原始值：1.83595'>1.84</span>", "<span data-toggle='tooltip' data-placement='right' title='原始值：0.00296'>0.003</span>", "<span data-toggle='tooltip' data-placement='right' title='原始值：2.057566E+07'>20575660</span>", "正常"], ["江苏省", "长江流域", "<span data-toggle='tooltip' data-placement='right' title='所在地市:南京市&#10;所属河流:长江'>林山</span>", null, "", "--", "--", "--", "--", "--", "--", "--", "--", "--", "*", "*", "停站"], ["江苏省", "太湖流域", "<span data-toggle='tooltip' data-placement='right' title='所在地市:无锡市&#10;所属河流:太湖'>沙渚</span>", "10-05 08:00", "Ⅳ", "<span data-toggle='tooltip' data-placement='right' title='原始值：21.44612'>21.4</span>", "<span data-toggle='tooltip' data-placement='right' title='原始值：8.570627'>8.57</span>", "<span data-toggle='tooltip' data-placement='right' title='原始值：7.363505'>7.36</span>", "<span data-toggle='tooltip' data-placement='right' title='原始值：444.0955'>444.1</span>", "<span data-toggle='tooltip' data-placement='right' title='原始值：129.7522'>129.8</span>", "<span data-toggle='tooltip' data-placement='right' title='原始值：7.86'>7.86</span>", "<span data-toggle='tooltip' data-placement='right' title='原始值：0.19'>0.190</span>", "<span data-toggle='tooltip' data-placement='right' title='原始值：0.1746'>0.175</span>", "<span data-toggle='tooltip' data-placement='right' title='原始值：2.513'>2.51</span>", "*", "*", "正常"], ["江苏省", "淮河流域", "<span data-toggle='tooltip' data-placement='right' title='所在地市:徐州市&#10;所属河流:武河'>小红圈</span>", "10-05 08:00", "Ⅰ", "<span data-toggle='tooltip' data-placement='right' title='原始值：16.74'>16.7</span>", "<span data-toggle='tooltip' data-placement='right' title='原始值：7.56'>7.56</span>", "<span data-toggle='tooltip' data-placement='right' title='原始值：9.47'>9.47</span>", "<span data-toggle='tooltip' data-placement='right' title='原始值：852.4'>852.4</span>", "<span data-toggle='tooltip' data-placement='right' title='原始值：13.39'>13.4</span>", "<span data-toggle='tooltip' data-placement='right' title='原始值：1.86'>1.86</span>", "<span data-toggle='tooltip' data-placement='right' title='原始值：0.07'>0.070</span>", "*", "*", "*", "*", "正常"], ["江苏省", "淮河流域", "<span data-toggle='tooltip' data-placement='right' title='所在地市:徐州市&#10;所属河流:沿河'>李集桥</span>", null, "", "--", "--", "--", "--", "--", "--", "--", "--", "--", "*", "*", "维护"], ["江苏省", "淮河流域", "<span data-toggle='tooltip' data-placement='right' title='所在地市:徐州市&#10;所属河流:邳苍分洪道'>艾山西大桥</span>", "10-05 08:00", "Ⅱ", "<span data-toggle='tooltip' data-placement='right' title='原始值：18.426'>18.4</span>", "<span data-toggle='tooltip' data-placement='right' title='原始值：8.14725'>8.15</span>", "<span data-toggle='tooltip' data-placement='right' title='原始值：9.48804'>9.49</span>", "<span data-toggle='tooltip' data-placement='right' title='原始值：830.513'>830.5</span>", "<span data-toggle='tooltip' data-placement='right' title='原始值：9.15833'>9.2</span>", "<span data-toggle='tooltip' data-placement='right' title='原始值：2.89'>2.89</span>", "<span data-toggle='tooltip' data-placement='right' title='原始值：0.1'>0.100</span>", "<span data-toggle='tooltip' data-placement='right' title='原始值：0.06154'>0.062</span>", "<span data-toggle='tooltip' data-placement='right' title='原始值：9.96222'>9.96</span>", "*", "*", "正常"], ["江苏省", "太湖流域", "<span data-toggle='tooltip' data-placement='right' title='所在地市:苏州市&#10;所属河流:太湖'>兰山嘴(老)</span>", "10-05 08:00", "Ⅳ", "<span data-toggle='tooltip' data-placement='right' title='原始值：21.20366'>21.2</span>", "<span data-toggle='tooltip' data-placement='right' title='原始值：7.11482'>7.11</span>", "<span data-toggle='tooltip' data-placement='right' title='原始值：5.23982'>5.24</span>", "<span data-toggle='tooltip' data-placement='right' title='原始值：269.6981'>269.7</span>", "<span data-toggle='tooltip' data-placement='right' title='原始值：186.6634'>186.7</span>", "<span data-toggle='tooltip' data-placement='right' title='原始值：5.23'>5.23</span>", "<span data-toggle='tooltip' data-placement='right' title='原始值：0.99'>0.990</span>", "<span data-toggle='tooltip' data-placement='right' title='原始值：0.21068'>0.211</span>", "<span data-toggle='tooltip' data-placement='right' title='原始值：6.36783'>6.37</span>", "*", "*", "正常"], ["江苏省", "太湖流域", "<span data-toggle='tooltip' data-placement='right' title='所在地市:苏州市&#10;所属河流:太湖'>西山</span>", null, "", "--", "--", "--", "--", "--", "--", "--", "--", "--", "*", "*", "维护"], ["江苏省", "淮河流域", "<span data-toggle='tooltip' data-placement='right' title='所在地市:连云港市&#10;所属河流:新沭河'>大兴桥</span>", "10-05 08:00", "Ⅲ", "<span data-toggle='tooltip' data-placement='right' title='原始值：20.8'>20.8</span>", "<span data-toggle='tooltip' data-placement='right' title='原始值：7.61'>7.61</span>", "<span data-toggle='tooltip' data-placement='right' title='原始值：8.81'>8.81</span>", "<span data-toggle='tooltip' data-placement='right' title='原始值：657.4'>657.4</span>", "<span data-toggle='tooltip' data-placement='right' title='原始值：106.32'>106.3</span>", "<span data-toggle='tooltip' data-placement='right' title='原始值：4.4'>4.40</span>", "<span data-toggle='tooltip' data-placement='right' title='原始值：0.092'>0.092</span>", "*", "*", "*", "*", "正常"], ["江苏省", "淮河流域", "<span data-toggle='tooltip' data-placement='right' title='所在地市:淮安市&#10;所属河流:淮河'>淮河大桥</span>", "10-05 08:00", "Ⅲ", "<span data-toggle='tooltip' data-placement='right' title='原始值：22.92745'>22.9</span>", "<span data-toggle='tooltip' data-placement='right' title='原始值：8.27065'>8.27</span>", "<span data-toggle='tooltip' data-placement='right' title='原始值：7.43546'>7.44</span>", "<span data-toggle='tooltip' data-placement='right' title='原始值：457.2575'>457.3</span>", "<span data-toggle='tooltip' data-placement='right' title='原始值：40.30473'>40.3</span>", "<span data-toggle='tooltip' data-placement='right' title='原始值：4.84'>4.84</span>", "<span data-toggle='tooltip' data-placement='right' title='原始值：0.15'>0.150</span>", "<span data-toggle='tooltip' data-placement='right' title='原始值：0.0884'>0.088</span>", "<span data-toggle='tooltip' data-placement='right' title='原始值：2.33'>2.33</span>", "*", "*", "正常"], ["江苏省", "长江流域", "<span data-toggle='tooltip' data-placement='right' title='所在地市:扬州市&#10;所属河流:夹江'>三江营</span>", "10-05 08:00", "Ⅱ", "<span data-toggle='tooltip' data-placement='right' title='原始值：23.45'>23.4</span>", "<span data-toggle='tooltip' data-placement='right' title='原始值：7.77'>7.77</span>", "<span data-toggle='tooltip' data-placement='right' title='原始值：6.86'>6.86</span>", "<span data-toggle='tooltip' data-placement='right' title='原始值：297.14'>297.1</span>", "<span data-toggle='tooltip' data-placement='right' title='原始值：66.73'>66.7</span>", "<span data-toggle='tooltip' data-placement='right' title='原始值：2.064'>2.06</span>", "<span data-toggle='tooltip' data-placement='right' title='原始值：0.055'>0.055</span>", "<span data-toggle='tooltip' data-placement='right' title='原始值：0.084'>0.084</span>", "<span data-toggle='tooltip' data-placement='right' title='原始值：1.73'>1.73</span>", "*", "*", "正常"], ["江苏省", "淮河流域", "<span data-toggle='tooltip' data-placement='right' title='所在地市:宿迁市&#10;所属河流:新濉河'>大屈</span>", "10-05 08:00", "Ⅲ", "<span data-toggle='tooltip' data-placement='right' title='原始值：19.6'>19.6</span>", "<span data-toggle='tooltip' data-placement='right' title='原始值：8.21'>8.21</span>", "<span data-toggle='tooltip' data-placement='right' title='原始值：8.33'>8.33</span>", "<span data-toggle='tooltip' data-placement='right' title='原始值：761.6'>761.6</span>", "<span data-toggle='tooltip' data-placement='right' title='原始值：27.14'>27.1</span>", "<span data-toggle='tooltip' data-placement='right' title='原始值：4.08'>4.08</span>", "<span data-toggle='tooltip' data-placement='right' title='原始值：0.08'>0.080</span>", "<span data-toggle='tooltip' data-placement='right' title='原始值：0.132'>0.132</span>", "<span data-toggle='tooltip' data-placement='right' title='原始值：1.06'>1.06</span>", "*", "*", "正常"], ["浙江省", "浙闽片河流", "<span data-toggle='tooltip' data-placement='right' title='所在地市:杭州市&#10;所属河流:新安江'>街口(鸠坑口)</span>", "10-05 08:00", "Ⅰ", "<span data-toggle='tooltip' data-placement='right' title='原始值：23.76'>23.8</span>", "<span data-toggle='tooltip' data-placement='right' title='原始值：7.75'>7.75</span>", "<span data-toggle='tooltip' data-placement='right' title='原始值：8.65'>8.65</span>", "<span data-toggle='tooltip' data-placement='right' title='原始值：155.32'>155.3</span>", "<span data-toggle='tooltip' data-placement='right' title='原始值：46.25'>46.2</span>", "<span data-toggle='tooltip' data-placement='right' title='原始值：1.379'>1.38</span>", "<span data-toggle='tooltip' data-placement='right' title='原始值：0.004'>0.004</span>", "<span data-toggle='tooltip' data-placement='right' title='原始值：0.012'>0.012</span>", "<span data-toggle='tooltip' data-placement='right' title='原始值：0.661'>0.66</span>", "*", "*", "正常"], ["浙江省", "太湖流域", "<span data-toggle='tooltip' data-placement='right' title='所在地市:嘉兴市&#10;所属河流:斜路港河'>斜路港</span>", "10-05 08:00", "Ⅳ", "<span data-toggle='tooltip' data-placement='right' title='原始值：23.6'>23.6</span>", "<span data-toggle='tooltip' data-placement='right' title='原始值：7.23'>7.23</span>", "<span data-toggle='tooltip' data-placement='right' title='原始值：4'>4.00</span>", "<span data-toggle='tooltip' data-placement='right' title='原始值：477'>477.0</span>", "<span data-toggle='tooltip' data-placement='right' title='原始值：258.6'>258.6</span>", "<span data-toggle='tooltip' data-placement='right' title='原始值：5.27'>5.27</span>", "<span data-toggle='tooltip' data-placement='right' title='原始值：0.15692'>0.157</span>", "<span data-toggle='tooltip' data-placement='right' title='原始值：0.10468'>0.105</span>", "<span data-toggle='tooltip' data-placement='right' title='原始值：1.35805'>1.36</span>", "*", "*", "正常"], ["浙江省", "太湖流域", "<span data-toggle='tooltip' data-placement='right' title='所在地市:嘉兴市&#10;所属河流:京杭运河'>王江泾</span>", "10-05 08:00", "Ⅳ", "<span data-toggle='tooltip' data-placement='right' title='原始值：24.43'>24.4</span>", "<span data-toggle='tooltip' data-placement='right' title='原始值：7.27'>7.27</span>", "<span data-toggle='tooltip' data-placement='right' title='原始值：4.05'>4.05</span>", "<span data-toggle='tooltip' data-placement='right' title='原始值：550.65'>550.6</span>", "<span data-toggle='tooltip' data-placement='right' title='原始值：48.3'>48.3</span>", "<span data-toggle='tooltip' data-placement='right' title='原始值：4.299'>4.30</span>", "<span data-toggle='tooltip' data-placement='right' title='原始值：0.082'>0.082</span>", "<span data-toggle='tooltip' data-placement='right' title='原始值：0.066'>0.066</span>", "<span data-toggle='tooltip' data-placement='right' title='原始值：1.403'>1.40</span>", "*", "*", "正常"], ["浙江省", "太湖流域", "<span data-toggle='tooltip' data-placement='right' title='所在地市:湖州市&#10;所属河流:西苕溪'>新港口(新塘港)</span>", "10-05 08:00", "Ⅳ", "<span data-toggle='tooltip' data-placement='right' title='原始值：21.3468'>21.3</span>", "<span data-toggle='tooltip' data-placement='right' title='原始值：7.79118'>7.79</span>", "<span data-toggle='tooltip' data-placement='right' title='原始值：6.87604'>6.88</span>", "<span data-toggle='tooltip' data-placement='right' title='原始值：293.468'>293.5</span>", "<span data-toggle='tooltip' data-placement='right' title='原始值：171.833'>171.8</span>", "<span data-toggle='tooltip' data-placement='right' title='原始值：6.47694'>6.48</span>", "<span data-toggle='tooltip' data-placement='right' title='原始值：0.35134'>0.351</span>", "<span data-toggle='tooltip' data-placement='right' title='原始值：0.13052'>0.131</span>", "<span data-toggle='tooltip' data-placement='right' title='原始值：9.58114'>9.58</span>", "*", "*", "正常"], ["安徽省", "巢湖流域", "<span data-toggle='tooltip' data-placement='right' title='所在地市:合肥市&#10;所属河流:巢湖'>湖滨(老)</span>", "10-05 08:00", "Ⅳ", "<span data-toggle='tooltip' data-placement='right' title='原始值：21.63174'>21.6</span>", "<span data-toggle='tooltip' data-placement='right' title='原始值：6.4604'>6.46</span>", "<span data-toggle='tooltip' data-placement='right' title='原始值：6.5479'>6.55</span>", "<span data-toggle='tooltip' data-placement='right' title='原始值：221.2641'>221.3</span>", "<span data-toggle='tooltip' data-placement='right' title='原始值：106.192'>106.2</span>", "<span data-toggle='tooltip' data-placement='right' title='原始值：5.51'>5.51</span>", "<span data-toggle='tooltip' data-placement='right' title='原始值：0.66'>0.660</span>", "<span data-toggle='tooltip' data-placement='right' title='原始值：0.0824'>0.082</span>", "<span data-toggle='tooltip' data-placement='right' title='原始值：2.103'>2.10</span>", "<span data-toggle='tooltip' data-placement='right' title='原始值：0.02216'>0.022</span>", "*", "正常"], ["安徽省", "巢湖流域", "<span data-toggle='tooltip' data-placement='right' title='所在地市:芜湖市&#10;所属河流:巢湖'>裕溪口(老)</span>", "10-05 08:00", "Ⅴ", "<span data-toggle='tooltip' data-placement='right' title='原始值：22.15071'>22.2</span>", "<span data-toggle='tooltip' data-placement='right' title='原始值：7.81661'>7.82</span>", "<span data-toggle='tooltip' data-placement='right' title='原始值：7.81707'>7.82</span>", "<span data-toggle='tooltip' data-placement='right' title='原始值：243.0656'>243.1</span>", "<span data-toggle='tooltip' data-placement='right' title='原始值：135.3582'>135.4</span>", "<span data-toggle='tooltip' data-placement='right' title='原始值：3.29'>3.29</span>", "<span data-toggle='tooltip' data-placement='right' title='原始值：0.21'>0.210</span>", "<span data-toggle='tooltip' data-placement='right' title='原始值：0.1094'>0.109</span>", "<span data-toggle='tooltip' data-placement='right' title='原始值：2.755'>2.76</span>", "*", "*", "正常"], ["安徽省", "淮河流域", "<span data-toggle='tooltip' data-placement='right' title='所在地市:蚌埠市&#10;所属河流:淮河'>蚌埠闸上(蚌埠闸)</span>", "10-05 08:00", "Ⅳ", "<span data-toggle='tooltip' data-placement='right' title='原始值：22.97'>23.0</span>", "<span data-toggle='tooltip' data-placement='right' title='原始值：7.42'>7.42</span>", "<span data-toggle='tooltip' data-placement='right' title='原始值：9'>9.00</span>", "<span data-toggle='tooltip' data-placement='right' title='原始值：582.53'>582.5</span>", "<span data-toggle='tooltip' data-placement='right' title='原始值：181.23'>181.2</span>", "<span data-toggle='tooltip' data-placement='right' title='原始值：9.225'>9.22</span>", "<span data-toggle='tooltip' data-placement='right' title='原始值：0.201'>0.201</span>", "<span data-toggle='tooltip' data-placement='right' title='原始值：0.211'>0.211</span>", "<span data-toggle='tooltip' data-placement='right' title='原始值：1.367'>1.37</span>", "*", "*", "正常"], ["安徽省", "淮河流域", "<span data-toggle='tooltip' data-placement='right' title='所在地市:淮南市&#10;所属河流:淮河'>石头埠(老)</span>", "10-05 08:00", "Ⅳ", "<span data-toggle='tooltip' data-placement='right' title='原始值：20.91821'>20.9</span>", "<span data-toggle='tooltip' data-placement='right' title='原始值：7.29102'>7.29</span>", "<span data-toggle='tooltip' data-placement='right' title='原始值：3.23379'>3.23</span>", "<span data-toggle='tooltip' data-placement='right' title='原始值：277.3848'>277.4</span>", "<span data-toggle='tooltip' data-placement='right' title='原始值：34.20184'>34.2</span>", "<span data-toggle='tooltip' data-placement='right' title='原始值：4.74'>4.74</span>", "<span data-toggle='tooltip' data-placement='right' title='原始值：0.13'>0.130</span>", "*", "*", "*", "*", "正常"], ["安徽省", "淮河流域", "<span data-toggle='tooltip' data-placement='right' title='所在地市:淮北市&#10;所属河流:沱河'>小王桥</span>", "10-05 08:00", "Ⅴ", "<span data-toggle='tooltip' data-placement='right' title='原始值：21.83'>21.8</span>", "<span data-toggle='tooltip' data-placement='right' title='原始值：8.01'>8.01</span>", "<span data-toggle='tooltip' data-placement='right' title='原始值：3.61'>3.61</span>", "<span data-toggle='tooltip' data-placement='right' title='原始值：1360.43'>1360.4</span>", "<span data-toggle='tooltip' data-placement='right' title='原始值：12.13'>12.1</span>", "<span data-toggle='tooltip' data-placement='right' title='原始值：7.416'>7.42</span>", "<span data-toggle='tooltip' data-placement='right' title='原始值：0.037'>0.037</span>", "<span data-toggle='tooltip' data-placement='right' title='原始值：0.376'>0.376</span>", "<span data-toggle='tooltip' data-placement='right' title='原始值：1.09'>1.09</span>", "*", "*", "正常"], ["安徽省", "长江流域", "<span data-toggle='tooltip' data-placement='right' title='所在地市:安庆市&#10;所属河流:长江'>皖河口</span>", "10-05 08:00", "Ⅱ", "<span data-toggle='tooltip' data-placement='right' title='原始值：22.91'>22.9</span>", "<span data-toggle='tooltip' data-placement='right' title='原始值：7.347'>7.35</span>", "<span data-toggle='tooltip' data-placement='right' title='原始值：6.41'>6.41</span>", "<span data-toggle='tooltip' data-placement='right' title='原始值：269.25'>269.2</span>", "<span data-toggle='tooltip' data-placement='right' title='原始值：48.75'>48.8</span>", "<span data-toggle='tooltip' data-placement='right' title='原始值：2'>2.00</span>", "<span data-toggle='tooltip' data-placement='right' title='原始值：0.04'>0.040</span>", "<span data-toggle='tooltip' data-placement='right' title='原始值：0.0537'>0.054</span>", "<span data-toggle='tooltip' data-placement='right' title='原始值：2.128'>2.13</span>", "*", "*", "正常"], ["安徽省", "淮河流域", "<span data-toggle='tooltip' data-placement='right' title='所在地市:滁州市&#10;所属河流:淮河'>小柳巷</span>", "10-05 08:00", "Ⅲ", "<span data-toggle='tooltip' data-placement='right' title='原始值：23.4'>23.4</span>", "<span data-toggle='tooltip' data-placement='right' title='原始值：7.46'>7.46</span>", "<span data-toggle='tooltip' data-placement='right' title='原始值：6.74'>6.74</span>", "<span data-toggle='tooltip' data-placement='right' title='原始值：379.7'>379.7</span>", "<span data-toggle='tooltip' data-placement='right' title='原始值：89.99'>90.0</span>", "<span data-toggle='tooltip' data-placement='right' title='原始值：2.11'>2.11</span>", "<span data-toggle='tooltip' data-placement='right' title='原始值：0.04'>0.040</span>", "<span data-toggle='tooltip' data-placement='right' title='原始值：0.148'>0.148</span>", "<span data-toggle='tooltip' data-placement='right' title='原始值：1.261'>1.26</span>", "*", "*", "正常"], ["安徽省", "淮河流域", "<span data-toggle='tooltip' data-placement='right' title='所在地市:阜阳市&#10;所属河流:黑茨河'>张大桥</span>", null, "", "--", "--", "--", "--", "--", "--", "--", "--", "--", "*", "*", "停站"], ["安徽省", "淮河流域", "<span data-toggle='tooltip' data-placement='right' title='所在地市:阜阳市&#10;所属河流:淮河'>王家坝</span>", "10-05 08:00", "Ⅴ", "<span data-toggle='tooltip' data-placement='right' title='原始值：20.71'>20.7</span>", "<span data-toggle='tooltip' data-placement='right' title='原始值：7.0599'>7.06</span>", "<span data-toggle='tooltip' data-placement='right' title='原始值：6.39348'>6.39</span>", "<span data-toggle='tooltip' data-placement='right' title='原始值：291.1049'>291.1</span>", "<span data-toggle='tooltip' data-placement='right' title='原始值：136.4248'>136.4</span>", "<span data-toggle='tooltip' data-placement='right' title='原始值：3.46'>3.46</span>", "<span data-toggle='tooltip' data-placement='right' title='原始值：0.298'>0.298</span>", "<span data-toggle='tooltip' data-placement='right' title='原始值：0.36021'>0.360</span>", "<span data-toggle='tooltip' data-placement='right' title='原始值：1.07001'>1.07</span>", "*", "*", "正常"], ["安徽省", "淮河流域", "<span data-toggle='tooltip' data-placement='right' title='所在地市:阜阳市&#10;所属河流:颍河'>界首七渡口(七渡口)</span>", "10-05 08:00", "Ⅳ", "<span data-toggle='tooltip' data-placement='right' title='原始值：22.19943'>22.2</span>", "<span data-toggle='tooltip' data-placement='right' title='原始值：8.42448'>8.42</span>", "<span data-toggle='tooltip' data-placement='right' title='原始值：3.59618'>3.60</span>", "<span data-toggle='tooltip' data-placement='right' title='原始值：863.4797'>863.5</span>", "<span data-toggle='tooltip' data-placement='right' title='原始值：21.36062'>21.4</span>", "<span data-toggle='tooltip' data-placement='right' title='原始值：3.27'>3.27</span>", "<span data-toggle='tooltip' data-placement='right' title='原始值：0.29'>0.290</span>", "<span data-toggle='tooltip' data-placement='right' title='原始值：0.10534'>0.105</span>", "<span data-toggle='tooltip' data-placement='right' title='原始值：3.38989'>3.39</span>", "*", "*", "正常"], ["安徽省", "淮河流域", "<span data-toggle='tooltip' data-placement='right' title='所在地市:阜阳市&#10;所属河流:泉河'>许庄(徐庄)</span>", "10-05 08:00", "Ⅴ", "<span data-toggle='tooltip' data-placement='right' title='原始值：19.6'>19.6</span>", "<span data-toggle='tooltip' data-placement='right' title='原始值：7.67'>7.67</span>", "<span data-toggle='tooltip' data-placement='right' title='原始值：2.81'>2.81</span>", "<span data-toggle='tooltip' data-placement='right' title='原始值：818.5'>818.5</span>", "<span data-toggle='tooltip' data-placement='right' title='原始值：67.74'>67.7</span>", "<span data-toggle='tooltip' data-placement='right' title='原始值：2.15'>2.15</span>", "<span data-toggle='tooltip' data-placement='right' title='原始值：0.01'>0.010</span>", "<span data-toggle='tooltip' data-placement='right' title='原始值：0.167'>0.167</span>", "<span data-toggle='tooltip' data-placement='right' title='原始值：1.034'>1.03</span>", "*", "*", "正常"], ["安徽省", "淮河流域", "<span data-toggle='tooltip' data-placement='right' title='所在地市:宿州市&#10;所属河流:奎河'>杨庄</span>", "10-05 08:00", "Ⅲ", "<span data-toggle='tooltip' data-placement='right' title='原始值：20.67'>20.7</span>", "<span data-toggle='tooltip' data-placement='right' title='原始值：7.75'>7.75</span>", "<span data-toggle='tooltip' data-placement='right' title='原始值：8.48'>8.48</span>", "<span data-toggle='tooltip' data-placement='right' title='原始值：929'>929.0</span>", "<span data-toggle='tooltip' data-placement='right' title='原始值：63.16'>63.2</span>", "<span data-toggle='tooltip' data-placement='right' title='原始值：4.73'>4.73</span>", "<span data-toggle='tooltip' data-placement='right' title='原始值：0.39'>0.390</span>", "*", "*", "*", "*", "正常"], ["安徽省", "淮河流域", "<span data-toggle='tooltip' data-placement='right' title='所在地市:宿州市&#10;所属河流:新汴河'>泗县公路桥</span>", "10-05 08:00", "Ⅳ", "<span data-toggle='tooltip' data-placement='right' title='原始值：21.2'>21.2</span>", "<span data-toggle='tooltip' data-placement='right' title='原始值：8.37'>8.37</span>", "<span data-toggle='tooltip' data-placement='right' title='原始值：8.84'>8.84</span>", "<span data-toggle='tooltip' data-placement='right' title='原始值：938.2'>938.2</span>", "<span data-toggle='tooltip' data-placement='right' title='原始值：53.35'>53.4</span>", "<span data-toggle='tooltip' data-placement='right' title='原始值：7.28'>7.28</span>", "<span data-toggle='tooltip' data-placement='right' title='原始值：0.074'>0.074</span>", "*", "*", "*", "*", "正常"], ["安徽省", "淮河流域", "<span data-toggle='tooltip' data-placement='right' title='所在地市:亳州市&#10;所属河流:包河'>颜集</span>", "10-05 08:00", "Ⅳ", "<span data-toggle='tooltip' data-placement='right' title='原始值：17'>17.0</span>", "<span data-toggle='tooltip' data-placement='right' title='原始值：7.92'>7.92</span>", "<span data-toggle='tooltip' data-placement='right' title='原始值：6.61'>6.61</span>", "<span data-toggle='tooltip' data-placement='right' title='原始值：1531.9'>1531.9</span>", "<span data-toggle='tooltip' data-placement='right' title='原始值：164.87'>164.9</span>", "<span data-toggle='tooltip' data-placement='right' title='原始值：4.54'>4.54</span>", "<span data-toggle='tooltip' data-placement='right' title='原始值：0.21'>0.210</span>", "<span data-toggle='tooltip' data-placement='right' title='原始值：0.232'>0.232</span>", "<span data-toggle='tooltip' data-placement='right' title='原始值：3.569'>3.57</span>", "*", "*", "正常"], ["福建省", "浙闽片河流", "<span data-toggle='tooltip' data-placement='right' title='所在地市:福州市&#10;所属河流:闽江'>白岩潭</span>", "10-05 08:00", "Ⅱ", "<span data-toggle='tooltip' data-placement='right' title='原始值：27.09'>27.1</span>", "<span data-toggle='tooltip' data-placement='right' title='原始值：6.83'>6.83</span>", "<span data-toggle='tooltip' data-placement='right' title='原始值：7.89'>7.89</span>", "<span data-toggle='tooltip' data-placement='right' title='原始值：150.5'>150.5</span>", "<span data-toggle='tooltip' data-placement='right' title='原始值：60.77'>60.8</span>", "<span data-toggle='tooltip' data-placement='right' title='原始值：2.68'>2.68</span>", "<span data-toggle='tooltip' data-placement='right' title='原始值：0.115'>0.115</span>", "*", "*", "*", "*", "正常"], ["江西省", "长江流域", "<span data-toggle='tooltip' data-placement='right' title='所在地市:南昌市&#10;所属河流:赣江南支'>滁槎</span>", null, "", "--", "--", "--", "--", "--", "--", "--", "--", "--", "*", "*", "停站"], ["江西省", "长江流域", "<span data-toggle='tooltip' data-placement='right' title='所在地市:九江市&#10;所属河流:长江'>姚港(河西水厂)</span>", "10-05 08:00", "", "<span data-toggle='tooltip' data-placement='right' title='原始值：22.17'>22.2</span>", "<span data-toggle='tooltip' data-placement='right' title='原始值：7.42'>7.42</span>", "<span data-toggle='tooltip' data-placement='right' title='原始值：7.83'>7.83</span>", "<span data-toggle='tooltip' data-placement='right' title='原始值：302.02'>302.0</span>", "<span data-toggle='tooltip' data-placement='right' title='原始值：47.11'>47.1</span>", "<span data-toggle='tooltip' data-placement='right' title='原始值：1.121'>1.12</span>", "<span data-toggle='tooltip' data-placement='right' title='极值过滤'>--</span>", "<span data-toggle='tooltip' data-placement='right' title='原始值：0.079'>0.079</span>", "<span data-toggle='tooltip' data-placement='right' title='原始值：1.31'>1.31</span>", "*", "*", "维护"], ["江西省", "长江流域", "<span data-toggle='tooltip' data-placement='right' title='所在地市:九江市&#10;所属河流:鄱阳湖'>蛤蟆石</span>", "10-05 08:00", "Ⅲ", "<span data-toggle='tooltip' data-placement='right' title='原始值：22.88'>22.9</span>", "<span data-toggle='tooltip' data-placement='right' title='原始值：7.18'>7.18</span>", "<span data-toggle='tooltip' data-placement='right' title='原始值：8.25'>8.25</span>", "<span data-toggle='tooltip' data-placement='right' title='原始值：147.84'>147.8</span>", "<span data-toggle='tooltip' data-placement='right' title='原始值：23.31'>23.3</span>", "<span data-toggle='tooltip' data-placement='right' title='原始值：1.956'>1.96</span>", "<span data-toggle='tooltip' data-placement='right' title='原始值：0.027'>0.027</span>", "<span data-toggle='tooltip' data-placement='right' title='原始值：0.0295'>0.030</span>", "<span data-toggle='tooltip' data-placement='right' title='原始值：0.732'>0.73</span>", "<span data-toggle='tooltip' data-placement='right' title='原始值：0.00468'>0.005</span>", "<span data-toggle='tooltip' data-placement='right' title='原始值：1787742'>1787742</span>", "正常"], ["山东省", "黄河流域", "<span data-toggle='tooltip' data-placement='right' title='所在地市:济南市&#10;所属河流:黄河'>泺口</span>", "10-05 08:00", "Ⅱ", "<span data-toggle='tooltip' data-placement='right' title='原始值：18.0189'>18.0</span>", "<span data-toggle='tooltip' data-placement='right' title='原始值：8.23985'>8.24</span>", "<span data-toggle='tooltip' data-placement='right' title='原始值：8.89009'>8.89</span>", "<span data-toggle='tooltip' data-placement='right' title='原始值：726.65'>726.6</span>", "<span data-toggle='tooltip' data-placement='right' title='原始值：2294.74'>2294.7</span>", "<span data-toggle='tooltip' data-placement='right' title='原始值：3.25'>3.25</span>", "<span data-toggle='tooltip' data-placement='right' title='原始值：0.15564'>0.156</span>", "<span data-toggle='tooltip' data-placement='right' title='原始值：0.02592'>0.026</span>", "<span data-toggle='tooltip' data-placement='right' title='原始值：3.092'>3.09</span>", "*", "*", "正常"], ["山东省", "淮河流域", "<span data-toggle='tooltip' data-placement='right' title='所在地市:枣庄市&#10;所属河流:京杭大运河（韩庄运河）'>台儿庄大桥</span>", "10-05 08:00", "Ⅱ", "<span data-toggle='tooltip' data-placement='right' title='原始值：21.88'>21.9</span>", "<span data-toggle='tooltip' data-placement='right' title='原始值：7.68004'>7.68</span>", "<span data-toggle='tooltip' data-placement='right' title='原始值：6.62681'>6.63</span>", "<span data-toggle='tooltip' data-placement='right' title='原始值：843.2575'>843.3</span>", "<span data-toggle='tooltip' data-placement='right' title='原始值：39.74202'>39.7</span>", "<span data-toggle='tooltip' data-placement='right' title='原始值：3.46891'>3.47</span>", "<span data-toggle='tooltip' data-placement='right' title='原始值：0.05064'>0.051</span>", "<span data-toggle='tooltip' data-placement='right' title='原始值：0.06716'>0.067</span>", "<span data-toggle='tooltip' data-placement='right' title='原始值：1.9694'>1.97</span>", "*", "*", "正常"], ["山东省", "淮河流域", "<span data-toggle='tooltip' data-placement='right' title='所在地市:临沂市&#10;所属河流:沭河'>清泉寺</span>", "10-05 08:00", "Ⅲ", "<span data-toggle='tooltip' data-placement='right' title='原始值：19.55167'>19.6</span>", "<span data-toggle='tooltip' data-placement='right' title='原始值：8.45068'>8.45</span>", "<span data-toggle='tooltip' data-placement='right' title='原始值：7.29685'>7.30</span>", "<span data-toggle='tooltip' data-placement='right' title='原始值：844.351'>844.4</span>", "<span data-toggle='tooltip' data-placement='right' title='原始值：35.16982'>35.2</span>", "<span data-toggle='tooltip' data-placement='right' title='原始值：5.91'>5.91</span>", "<span data-toggle='tooltip' data-placement='right' title='原始值：0.3'>0.300</span>", "*", "*", "*", "*", "正常"], ["山东省", "淮河流域", "<span data-toggle='tooltip' data-placement='right' title='所在地市:临沂市&#10;所属河流:沂河'>重坊桥</span>", "10-05 08:00", "Ⅱ", "<span data-toggle='tooltip' data-placement='right' title='原始值：19.40001'>19.4</span>", "<span data-toggle='tooltip' data-placement='right' title='原始值：8.02631'>8.03</span>", "<span data-toggle='tooltip' data-placement='right' title='原始值：8.54158'>8.54</span>", "<span data-toggle='tooltip' data-placement='right' title='原始值：612'>612.0</span>", "<span data-toggle='tooltip' data-placement='right' title='原始值：12.81019'>12.8</span>", "<span data-toggle='tooltip' data-placement='right' title='原始值：3.19'>3.19</span>", "<span data-toggle='tooltip' data-placement='right' title='原始值：0.14967'>0.150</span>", "*", "*", "*", "*", "正常"], ["山东省", "淮河流域", "<span data-toggle='tooltip' data-placement='right' title='所在地市:临沂市&#10;所属河流:白马河'>捷庄(涝沟桥)</span>", "10-05 08:00", "Ⅲ", "<span data-toggle='tooltip' data-placement='right' title='原始值：17.2'>17.2</span>", "<span data-toggle='tooltip' data-placement='right' title='原始值：7.56'>7.56</span>", "<span data-toggle='tooltip' data-placement='right' title='原始值：8.53937'>8.54</span>", "<span data-toggle='tooltip' data-placement='right' title='原始值：888.5'>888.5</span>", "<span data-toggle='tooltip' data-placement='right' title='原始值：107.0513'>107.1</span>", "<span data-toggle='tooltip' data-placement='right' title='原始值：5.75'>5.75</span>", "<span data-toggle='tooltip' data-placement='right' title='原始值：0.05989'>0.060</span>", "<span data-toggle='tooltip' data-placement='right' title='原始值：0.1181'>0.118</span>", "<span data-toggle='tooltip' data-placement='right' title='原始值：3.70754'>3.71</span>", "*", "*", "正常"], ["山东省", "海河流域", "<span data-toggle='tooltip' data-placement='right' title='所在地市:聊城市&#10;所属河流:卫运河'>秤勾湾(秤钩湾)</span>", null, "", "--", "--", "--", "--", "--", "--", "--", "--", "--", "*", "*", "停站"], ["河南省", "长江流域", "<span data-toggle='tooltip' data-placement='right' title='所在地市:南阳市&#10;所属河流:丹江口水库'>陶岔</span>", "10-05 08:00", "Ⅱ", "<span data-toggle='tooltip' data-placement='right' title='原始值：22.9'>22.9</span>", "<span data-toggle='tooltip' data-placement='right' title='原始值：7.74085'>7.74</span>", "<span data-toggle='tooltip' data-placement='right' title='原始值：7.56853'>7.57</span>", "<span data-toggle='tooltip' data-placement='right' title='原始值：280.4492'>280.4</span>", "<span data-toggle='tooltip' data-placement='right' title='原始值：2.43969'>2.4</span>", "<span data-toggle='tooltip' data-placement='right' title='原始值：1.67'>1.67</span>", "<span data-toggle='tooltip' data-placement='right' title='原始值：0.03813'>0.038</span>", "<span data-toggle='tooltip' data-placement='right' title='原始值：0.01124'>0.011</span>", "<span data-toggle='tooltip' data-placement='right' title='原始值：0.95159'>0.95</span>", "<span data-toggle='tooltip' data-placement='right' title='原始值：0.00386'>0.004</span>", "<span data-toggle='tooltip' data-placement='right' title='原始值：121991.7'>121992</span>", "正常"], ["河南省", "淮河流域", "<span data-toggle='tooltip' data-placement='right' title='所在地市:商丘市&#10;所属河流:浍河'>黄口</span>", "10-05 08:00", "Ⅳ", "<span data-toggle='tooltip' data-placement='right' title='原始值：20.6'>20.6</span>", "<span data-toggle='tooltip' data-placement='right' title='原始值：7.77063'>7.77</span>", "<span data-toggle='tooltip' data-placement='right' title='原始值：5.15'>5.15</span>", "<span data-toggle='tooltip' data-placement='right' title='原始值：2531.938'>2531.9</span>", "<span data-toggle='tooltip' data-placement='right' title='原始值：53.14079'>53.1</span>", "<span data-toggle='tooltip' data-placement='right' title='原始值：7.28'>7.28</span>", "<span data-toggle='tooltip' data-placement='right' title='原始值：0.21206'>0.212</span>", "<span data-toggle='tooltip' data-placement='right' title='原始值：0.143'>0.143</span>", "<span data-toggle='tooltip' data-placement='right' title='原始值：0.12415'>0.12</span>", "*", "*", "正常"], ["河南省", "淮河流域", "<span data-toggle='tooltip' data-placement='right' title='所在地市:信阳市&#10;所属河流:史灌河'>蒋集</span>", "10-05 08:00", "Ⅲ", "<span data-toggle='tooltip' data-placement='right' title='原始值：21.33752'>21.3</span>", "<span data-toggle='tooltip' data-placement='right' title='原始值：7.07525'>7.08</span>", "<span data-toggle='tooltip' data-placement='right' title='原始值：5.77125'>5.77</span>", "<span data-toggle='tooltip' data-placement='right' title='原始值：227.0525'>227.1</span>", "<span data-toggle='tooltip' data-placement='right' title='原始值：230.8439'>230.8</span>", "<span data-toggle='tooltip' data-placement='right' title='原始值：2.68'>2.68</span>", "<span data-toggle='tooltip' data-placement='right' title='原始值：0.39636'>0.396</span>", "*", "*", "*", "*", "正常"], ["河南省", "淮河流域", "<span data-toggle='tooltip' data-placement='right' title='所在地市:信阳市&#10;所属河流:淮河'>淮滨水文站(淮滨)</span>", null, "", "--", "--", "--", "--", "--", "--", "--", "--", "--", "*", "*", "维护"], ["河南省", "淮河流域", "<span data-toggle='tooltip' data-placement='right' title='所在地市:周口市&#10;所属河流:沙河'>沈丘闸</span>", "10-05 08:00", "", "<span data-toggle='tooltip' data-placement='right' title='原始值：22.07395'>22.1</span>", "<span data-toggle='tooltip' data-placement='right' title='原始值：7.20592'>7.21</span>", "<span data-toggle='tooltip' data-placement='right' title='原始值：3.21833'>3.22</span>", "<span data-toggle='tooltip' data-placement='right' title='原始值：979.6364'>979.6</span>", "<span data-toggle='tooltip' data-placement='right' title='原始值：15.71786'>15.7</span>", "<span data-toggle='tooltip' data-placement='right' title='原始值：2.88013'>2.88</span>", "<span data-toggle='tooltip' data-placement='right' title='极值过滤'>--</span>", "*", "*", "*", "*", "维护"], ["河南省", "淮河流域", "<span data-toggle='tooltip' data-placement='right' title='所在地市:周口市&#10;所属河流:涡河'>鹿邑付桥(鹿邑付桥闸)</span>", "10-05 08:00", "Ⅳ", "<span data-toggle='tooltip' data-placement='right' title='原始值：20.66775'>20.7</span>", "<span data-toggle='tooltip' data-placement='right' title='原始值：8.4512'>8.45</span>", "<span data-toggle='tooltip' data-placement='right' title='原始值：7.08628'>7.09</span>", "<span data-toggle='tooltip' data-placement='right' title='原始值：1417.771'>1417.8</span>", "<span data-toggle='tooltip' data-placement='right' title='原始值：10.96985'>11.0</span>", "<span data-toggle='tooltip' data-placement='right' title='原始值：6.015'>6.02</span>", "<span data-toggle='tooltip' data-placement='right' title='原始值：0.09'>0.090</span>", "<span data-toggle='tooltip' data-placement='right' title='原始值：0.1493'>0.149</span>", "<span data-toggle='tooltip' data-placement='right' title='原始值：1.26035'>1.26</span>", "*", "*", "正常"], ["河南省", "淮河流域", "<span data-toggle='tooltip' data-placement='right' title='所在地市:驻马店市&#10;所属河流:洪河'>新蔡班台(班台)</span>", "10-05 08:00", "Ⅴ", "<span data-toggle='tooltip' data-placement='right' title='原始值：19.25619'>19.3</span>", "<span data-toggle='tooltip' data-placement='right' title='原始值：7.38712'>7.39</span>", "<span data-toggle='tooltip' data-placement='right' title='原始值：6.91922'>6.92</span>", "<span data-toggle='tooltip' data-placement='right' title='原始值：805.463'>805.5</span>", "<span data-toggle='tooltip' data-placement='right' title='原始值：7.45595'>7.5</span>", "<span data-toggle='tooltip' data-placement='right' title='原始值：3.51'>3.51</span>", "<span data-toggle='tooltip' data-placement='right' title='原始值：0.41'>0.410</span>", "<span data-toggle='tooltip' data-placement='right' title='原始值：0.31368'>0.314</span>", "<span data-toggle='tooltip' data-placement='right' title='原始值：3.33224'>3.33</span>", "*", "*", "正常"], ["河南省", "黄河流域", "<span data-toggle='tooltip' data-placement='right' title='所在地市:济源市&#10;所属河流:黄河'>小浪底水库(小浪底)</span>", "10-05 08:00", "Ⅱ", "<span data-toggle='tooltip' data-placement='right' title='原始值：21.18244'>21.2</span>", "<span data-toggle='tooltip' data-placement='right' title='原始值：8.18632'>8.19</span>", "<span data-toggle='tooltip' data-placement='right' title='原始值：8.3519'>8.35</span>", "<span data-toggle='tooltip' data-placement='right' title='原始值：597.4099'>597.4</span>", "<span data-toggle='tooltip' data-placement='right' title='原始值：33.13073'>33.1</span>", "<span data-toggle='tooltip' data-placement='right' title='原始值：1.2425'>1.24</span>", "<span data-toggle='tooltip' data-placement='right' title='原始值：0.1'>0.100</span>", "<span data-toggle='tooltip' data-placement='right' title='原始值：0.07927'>0.079</span>", "<span data-toggle='tooltip' data-placement='right' title='原始值：2.8775'>2.88</span>", "*", "*", "正常"], ["湖北省", "长江流域", "<span data-toggle='tooltip' data-placement='right' title='所在地市:武汉市&#10;所属河流:汉江'>宗关</span>", null, "", "--", "--", "--", "--", "--", "--", "--", "--", "--", "--", "*", "维护"], ["湖北省", "长江流域", "<span data-toggle='tooltip' data-placement='right' title='所在地市:十堰市&#10;所属河流:丹江口水库'>坝上中(胡家岭)</span>", "10-05 08:00", "Ⅱ", "<span data-toggle='tooltip' data-placement='right' title='原始值：23.8'>23.8</span>", "<span data-toggle='tooltip' data-placement='right' title='原始值：7.802729'>7.80</span>", "<span data-toggle='tooltip' data-placement='right' title='原始值：6.497072'>6.50</span>", "<span data-toggle='tooltip' data-placement='right' title='原始值：235.59'>235.6</span>", "<span data-toggle='tooltip' data-placement='right' title='原始值：2.002547'>2.0</span>", "<span data-toggle='tooltip' data-placement='right' title='原始值：2.3'>2.30</span>", "<span data-toggle='tooltip' data-placement='right' title='原始值：0.089'>0.089</span>", "<span data-toggle='tooltip' data-placement='right' title='原始值：0.019'>0.019</span>", "<span data-toggle='tooltip' data-placement='right' title='原始值：1.246'>1.25</span>", "<span data-toggle='tooltip' data-placement='right' title='原始值：0.0466665'>0.047</span>", "<span data-toggle='tooltip' data-placement='right' title='原始值：1.1574E+07'>11574000</span>", "正常"], ["湖北省", "长江流域", "<span data-toggle='tooltip' data-placement='right' title='所在地市:宜昌市&#10;所属河流:长江'>南津关</span>", null, "", "--", "--", "--", "--", "--", "--", "--", "--", "--", "--", "*", "维护"], ["湖南省", "长江流域", "<span data-toggle='tooltip' data-placement='right' title='所在地市:长沙市&#10;所属河流:湘江'>新港</span>", "10-05 08:00", "Ⅱ", "<span data-toggle='tooltip' data-placement='right' title='原始值：22.2'>22.2</span>", "<span data-toggle='tooltip' data-placement='right' title='原始值：7.31'>7.31</span>", "<span data-toggle='tooltip' data-placement='right' title='原始值：8.37'>8.37</span>", "<span data-toggle='tooltip' data-placement='right' title='原始值：268.36'>268.4</span>", "<span data-toggle='tooltip' data-placement='right' title='原始值：45.72'>45.7</span>", "<span data-toggle='tooltip' data-placement='right' title='原始值：1.55'>1.55</span>", "<span data-toggle='tooltip' data-placement='right' title='原始值：0.008'>0.008</span>", "<span data-toggle='tooltip' data-placement='right' title='原始值：0.068'>0.068</span>", "<span data-toggle='tooltip' data-placement='right' title='原始值：1.75'>1.75</span>", "*", "*", "正常"], ["湖南省", "长江流域", "<span data-toggle='tooltip' data-placement='right' title='所在地市:岳阳市&#10;所属河流:洞庭湖'>岳阳楼</span>", "10-05 08:00", "Ⅳ", "<span data-toggle='tooltip' data-placement='right' title='原始值：19.46'>19.5</span>", "<span data-toggle='tooltip' data-placement='right' title='原始值：7.958627'>7.96</span>", "<span data-toggle='tooltip' data-placement='right' title='原始值：7.484646'>7.48</span>", "<span data-toggle='tooltip' data-placement='right' title='原始值：236.2775'>236.3</span>", "<span data-toggle='tooltip' data-placement='right' title='原始值：57.12283'>57.1</span>", "<span data-toggle='tooltip' data-placement='right' title='原始值：1.85'>1.85</span>", "<span data-toggle='tooltip' data-placement='right' title='原始值：0.008'>0.008</span>", "<span data-toggle='tooltip' data-placement='right' title='原始值：0.062'>0.062</span>", "<span data-toggle='tooltip' data-placement='right' title='原始值：2.234'>2.23</span>", "<span data-toggle='tooltip' data-placement='right' title='原始值：0.0031719'>0.003</span>", "<span data-toggle='tooltip' data-placement='right' title='原始值：289.837'>290</span>", "正常"], ["湖南省", "长江流域", "<span data-toggle='tooltip' data-placement='right' title='所在地市:岳阳市&#10;所属河流:长江'>城陵矶</span>", "10-05 08:00", "Ⅲ", "<span data-toggle='tooltip' data-placement='right' title='原始值：20.04'>20.0</span>", "<span data-toggle='tooltip' data-placement='right' title='原始值：7.779749'>7.78</span>", "<span data-toggle='tooltip' data-placement='right' title='原始值：8.612554'>8.61</span>", "<span data-toggle='tooltip' data-placement='right' title='原始值：233.972'>234.0</span>", "<span data-toggle='tooltip' data-placement='right' title='原始值：61.31683'>61.3</span>", "<span data-toggle='tooltip' data-placement='right' title='原始值：1.37'>1.37</span>", "<span data-toggle='tooltip' data-placement='right' title='原始值：0.018'>0.018</span>", "<span data-toggle='tooltip' data-placement='right' title='原始值：0.104'>0.104</span>", "<span data-toggle='tooltip' data-placement='right' title='原始值：1.0684'>1.07</span>", "*", "*", "正常"], ["广东省", "珠江流域", "<span data-toggle='tooltip' data-placement='right' title='所在地市:清远市&#10;所属河流:北江'>七星岗</span>", "10-05 08:00", "Ⅱ", "<span data-toggle='tooltip' data-placement='right' title='原始值：28.27754'>28.3</span>", "<span data-toggle='tooltip' data-placement='right' title='原始值：7.56375'>7.56</span>", "<span data-toggle='tooltip' data-placement='right' title='原始值：6.29484'>6.29</span>", "<span data-toggle='tooltip' data-placement='right' title='原始值：246.3052'>246.3</span>", "<span data-toggle='tooltip' data-placement='right' title='原始值：13.23342'>13.2</span>", "<span data-toggle='tooltip' data-placement='right' title='原始值：1.44'>1.44</span>", "<span data-toggle='tooltip' data-placement='right' title='原始值：0.11582'>0.116</span>", "<span data-toggle='tooltip' data-placement='right' title='原始值：0.02308'>0.023</span>", "<span data-toggle='tooltip' data-placement='right' title='原始值：0.8275'>0.83</span>", "*", "*", "正常"], ["广东省", "珠江流域", "<span data-toggle='tooltip' data-placement='right' title='所在地市:中山市&#10;所属河流:西江'>横栏</span>", "10-05 08:00", "Ⅰ", "<span data-toggle='tooltip' data-placement='right' title='原始值：26'>26.0</span>", "<span data-toggle='tooltip' data-placement='right' title='原始值：7.79'>7.79</span>", "<span data-toggle='tooltip' data-placement='right' title='原始值：7.97'>7.97</span>", "<span data-toggle='tooltip' data-placement='right' title='原始值：253'>253.0</span>", "<span data-toggle='tooltip' data-placement='right' title='原始值：23.1'>23.1</span>", "<span data-toggle='tooltip' data-placement='right' title='原始值：1.75'>1.75</span>", "<span data-toggle='tooltip' data-placement='right' title='原始值：0.11274'>0.113</span>", "*", "*", "*", "*", "正常"], ["广西壮族自治区", "珠江流域", "<span data-toggle='tooltip' data-placement='right' title='所在地市:南宁市&#10;所属河流:邕江'>老口</span>", "10-05 08:00", "Ⅱ", "<span data-toggle='tooltip' data-placement='right' title='原始值：26.82864'>26.8</span>", "<span data-toggle='tooltip' data-placement='right' title='原始值：7.49074'>7.49</span>", "<span data-toggle='tooltip' data-placement='right' title='原始值：6.6262'>6.63</span>", "<span data-toggle='tooltip' data-placement='right' title='原始值：349.2574'>349.3</span>", "<span data-toggle='tooltip' data-placement='right' title='原始值：9.16636'>9.2</span>", "<span data-toggle='tooltip' data-placement='right' title='原始值：1.54477'>1.54</span>", "<span data-toggle='tooltip' data-placement='right' title='原始值：0.10803'>0.108</span>", "<span data-toggle='tooltip' data-placement='right' title='原始值：0.03592'>0.036</span>", "<span data-toggle='tooltip' data-placement='right' title='原始值：1.86558'>1.87</span>", "*", "*", "正常"], ["广西壮族自治区", "珠江流域", "<span data-toggle='tooltip' data-placement='right' title='所在地市:桂林市&#10;所属河流:漓江'>阳朔</span>", null, "", "--", "--", "--", "--", "--", "--", "--", "--", "--", "*", "*", "停站"], ["广西壮族自治区", "珠江流域", "<span data-toggle='tooltip' data-placement='right' title='所在地市:梧州市&#10;所属河流:浔江'>界首</span>", null, "", "--", "--", "--", "--", "--", "--", "--", "--", "--", "*", "*", "停站"], ["广西壮族自治区", "珠江流域", "<span data-toggle='tooltip' data-placement='right' title='所在地市:贵港市&#10;所属河流:浔江'>石嘴</span>", "10-05 08:00", "Ⅰ", "<span data-toggle='tooltip' data-placement='right' title='原始值：26.93373'>26.9</span>", "<span data-toggle='tooltip' data-placement='right' title='原始值：7.97867'>7.98</span>", "<span data-toggle='tooltip' data-placement='right' title='原始值：7.92074'>7.92</span>", "<span data-toggle='tooltip' data-placement='right' title='原始值：292.665'>292.7</span>", "<span data-toggle='tooltip' data-placement='right' title='原始值：19.55164'>19.6</span>", "<span data-toggle='tooltip' data-placement='right' title='原始值：1.28'>1.28</span>", "<span data-toggle='tooltip' data-placement='right' title='原始值：0.09'>0.090</span>", "<span data-toggle='tooltip' data-placement='right' title='原始值：0.01045'>0.010</span>", "<span data-toggle='tooltip' data-placement='right' title='原始值：0.2399'>0.24</span>", "*", "*", "正常"], ["广西壮族自治区", "珠江流域", "<span data-toggle='tooltip' data-placement='right' title='所在地市:崇左市&#10;所属河流:平而河'>平而关</span>", "10-05 08:00", "Ⅱ", "<span data-toggle='tooltip' data-placement='right' title='原始值：27.56163'>27.6</span>", "<span data-toggle='tooltip' data-placement='right' title='原始值：7.75495'>7.75</span>", "<span data-toggle='tooltip' data-placement='right' title='原始值：7.03428'>7.03</span>", "<span data-toggle='tooltip' data-placement='right' title='原始值：214.4916'>214.5</span>", "<span data-toggle='tooltip' data-placement='right' title='原始值：54.1349'>54.1</span>", "<span data-toggle='tooltip' data-placement='right' title='原始值：1.82108'>1.82</span>", "<span data-toggle='tooltip' data-placement='right' title='原始值：0.05'>0.050</span>", "*", "*", "*", "*", "正常"], ["重庆市", "长江流域", "<span data-toggle='tooltip' data-placement='right' title='所在地市:永川区&#10;所属河流:长江'>朱沱</span>", null, "", "--", "--", "--", "--", "--", "--", "--", "--", "--", "*", "*", "停站"], ["四川省", "长江流域", "<span data-toggle='tooltip' data-placement='right' title='所在地市:攀枝花市&#10;所属河流:金沙江'>龙洞</span>", "10-05 08:00", "Ⅰ", "<span data-toggle='tooltip' data-placement='right' title='原始值：20.55'>20.6</span>", "<span data-toggle='tooltip' data-placement='right' title='原始值：8.266537'>8.27</span>", "<span data-toggle='tooltip' data-placement='right' title='原始值：9.54022'>9.54</span>", "<span data-toggle='tooltip' data-placement='right' title='原始值：827.887'>827.9</span>", "<span data-toggle='tooltip' data-placement='right' title='原始值：9.205547'>9.2</span>", "<span data-toggle='tooltip' data-placement='right' title='原始值：1'>1.00</span>", "<span data-toggle='tooltip' data-placement='right' title='原始值：0.011'>0.011</span>", "<span data-toggle='tooltip' data-placement='right' title='原始值：0.0122154'>0.012</span>", "<span data-toggle='tooltip' data-placement='right' title='原始值：0.678529'>0.68</span>", "*", "*", "正常"], ["四川省", "长江流域", "<span data-toggle='tooltip' data-placement='right' title='所在地市:泸州市&#10;所属河流:沱江'>沱江大桥(沱江二桥)</span>", "10-05 08:00", "Ⅲ", "<span data-toggle='tooltip' data-placement='right' title='原始值：22.88'>22.9</span>", "<span data-toggle='tooltip' data-placement='right' title='原始值：8.16455'>8.16</span>", "<span data-toggle='tooltip' data-placement='right' title='原始值：8.29899'>8.30</span>", "<span data-toggle='tooltip' data-placement='right' title='原始值：494.8828'>494.9</span>", "<span data-toggle='tooltip' data-placement='right' title='原始值：91.13535'>91.1</span>", "<span data-toggle='tooltip' data-placement='right' title='原始值：3.23'>3.23</span>", "<span data-toggle='tooltip' data-placement='right' title='原始值：0.007'>0.007</span>", "<span data-toggle='tooltip' data-placement='right' title='原始值：0.196613'>0.197</span>", "<span data-toggle='tooltip' data-placement='right' title='原始值：4.306001'>4.31</span>", "*", "*", "正常"], ["四川省", "长江流域", "<span data-toggle='tooltip' data-placement='right' title='所在地市:广元市&#10;所属河流:嘉陵江'>清风峡</span>", null, "", "--", "--", "--", "--", "--", "--", "--", "--", "--", "*", "*", "停站"], ["四川省", "长江流域", "<span data-toggle='tooltip' data-placement='right' title='所在地市:乐山市&#10;所属河流:岷江'>岷江大桥</span>", null, "", "--", "--", "--", "--", "--", "--", "--", "--", "--", "*", "*", "停站"], ["四川省", "长江流域", "<span data-toggle='tooltip' data-placement='right' title='所在地市:宜宾市&#10;所属河流:岷江'>凉姜沟</span>", "10-05 08:00", "Ⅲ", "<span data-toggle='tooltip' data-placement='right' title='原始值：18.99'>19.0</span>", "<span data-toggle='tooltip' data-placement='right' title='原始值：8.051563'>8.05</span>", "<span data-toggle='tooltip' data-placement='right' title='原始值：10.11974'>10.12</span>", "<span data-toggle='tooltip' data-placement='right' title='原始值：265.5405'>265.5</span>", "<span data-toggle='tooltip' data-placement='right' title='原始值：103.1492'>103.1</span>", "<span data-toggle='tooltip' data-placement='right' title='原始值：1.79'>1.79</span>", "<span data-toggle='tooltip' data-placement='right' title='原始值：0.005'>0.005</span>", "<span data-toggle='tooltip' data-placement='right' title='原始值：0.113312'>0.113</span>", "<span data-toggle='tooltip' data-placement='right' title='原始值：1.889817'>1.89</span>", "*", "*", "正常"], ["云南省", "滇池流域", "<span data-toggle='tooltip' data-placement='right' title='所在地市:昆明市&#10;所属河流:滇池'>西苑隧道</span>", null, "", "--", "--", "--", "--", "--", "--", "--", "--", "--", "--", "--", "停站"], ["云南省", "滇池流域", "<span data-toggle='tooltip' data-placement='right' title='所在地市:昆明市&#10;所属河流:滇池'>观音山</span>", "10-05 08:00", "Ⅳ", "<span data-toggle='tooltip' data-placement='right' title='原始值：22.06683'>22.1</span>", "<span data-toggle='tooltip' data-placement='right' title='原始值：8.49298'>8.49</span>", "<span data-toggle='tooltip' data-placement='right' title='原始值：7.41957'>7.42</span>", "<span data-toggle='tooltip' data-placement='right' title='原始值：433.3492'>433.3</span>", "<span data-toggle='tooltip' data-placement='right' title='原始值：27.84398'>27.8</span>", "<span data-toggle='tooltip' data-placement='right' title='原始值：5.83846'>5.84</span>", "<span data-toggle='tooltip' data-placement='right' title='原始值：0.04'>0.040</span>", "<span data-toggle='tooltip' data-placement='right' title='原始值：0.0708'>0.071</span>", "<span data-toggle='tooltip' data-placement='right' title='原始值：1.217'>1.22</span>", "<span data-toggle='tooltip' data-placement='right' title='原始值：0.0017'>0.002</span>", "<span data-toggle='tooltip' data-placement='right' title='原始值：1.294027E+07'>12940270</span>", "正常"], ["云南省", "西南诸河", "<span data-toggle='tooltip' data-placement='right' title='所在地市:红河哈尼族彝族自治州&#10;所属河流:红河'>河口县医院(河口)</span>", "10-05 08:00", "Ⅱ", "<span data-toggle='tooltip' data-placement='right' title='原始值：25.23794'>25.2</span>", "<span data-toggle='tooltip' data-placement='right' title='原始值：6.9454'>6.95</span>", "<span data-toggle='tooltip' data-placement='right' title='原始值：7.93377'>7.93</span>", "<span data-toggle='tooltip' data-placement='right' title='原始值：250.8631'>250.9</span>", "<span data-toggle='tooltip' data-placement='right' title='原始值：79.66138'>79.7</span>", "<span data-toggle='tooltip' data-placement='right' title='原始值：2.29635'>2.30</span>", "<span data-toggle='tooltip' data-placement='right' title='原始值：0.01622'>0.016</span>", "<span data-toggle='tooltip' data-placement='right' title='原始值：0.09526'>0.095</span>", "<span data-toggle='tooltip' data-placement='right' title='原始值：1.60716'>1.61</span>", "*", "*", "正常"], ["云南省", "西南诸河", "<span data-toggle='tooltip' data-placement='right' title='所在地市:西双版纳傣族自治州&#10;所属河流:澜沧江'>橄榄坝</span>", "10-05 08:00", "Ⅰ", "<span data-toggle='tooltip' data-placement='right' title='原始值：20.12855'>20.1</span>", "<span data-toggle='tooltip' data-placement='right' title='原始值：7.73537'>7.74</span>", "<span data-toggle='tooltip' data-placement='right' title='原始值：14.34472'>14.34</span>", "<span data-toggle='tooltip' data-placement='right' title='原始值：450.2416'>450.2</span>", "<span data-toggle='tooltip' data-placement='right' title='原始值：76.65467'>76.7</span>", "<span data-toggle='tooltip' data-placement='right' title='原始值：1.99'>1.99</span>", "<span data-toggle='tooltip' data-placement='right' title='原始值：0.07974'>0.080</span>", "*", "*", "*", "*", "正常"], ["陕西省", "黄河流域", "<span data-toggle='tooltip' data-placement='right' title='所在地市:渭南市&#10;所属河流:渭河'>潼关吊桥</span>", null, "", "--", "--", "--", "--", "--", "--", "--", "--", "--", "*", "*", "停站"], ["甘肃省", "黄河流域", "<span data-toggle='tooltip' data-placement='right' title='所在地市:兰州市&#10;所属河流:黄河'>新城桥</span>", null, "", "--", "--", "--", "--", "--", "--", "--", "--", "--", "*", "*", "维护"], ["宁夏回族自治区", "黄河流域", "<span data-toggle='tooltip' data-placement='right' title='所在地市:中卫市&#10;所属河流:黄河'>中卫下河沿(新墩)</span>", "10-05 08:00", "Ⅱ", "<span data-toggle='tooltip' data-placement='right' title='原始值：15.37801'>15.4</span>", "<span data-toggle='tooltip' data-placement='right' title='原始值：7.49143'>7.49</span>", "<span data-toggle='tooltip' data-placement='right' title='原始值：8.32735'>8.33</span>", "<span data-toggle='tooltip' data-placement='right' title='原始值：540.4648'>540.5</span>", "<span data-toggle='tooltip' data-placement='right' title='原始值：227.7374'>227.7</span>", "<span data-toggle='tooltip' data-placement='right' title='原始值：1.14'>1.14</span>", "<span data-toggle='tooltip' data-placement='right' title='原始值：0.14'>0.140</span>", "<span data-toggle='tooltip' data-placement='right' title='原始值：0.0633'>0.063</span>", "<span data-toggle='tooltip' data-placement='right' title='原始值：1.3583'>1.36</span>", "*", "*", "正常"]]}