{"result": 1, "total": 1, "records": 98, "thead": ["省份", "流域", "断面名称", "监测时间", "水质类别", "水温<br/><span class='unit'>(℃)</span>", "pH<br/><span class='unit'>(无量纲)</span>", "溶解氧<br/><span class='unit'>(mg/L)</span>", "电导率<br/><span class='unit'>(μS/cm)</span>", "浊度<br/><span class='unit'>(NTU)</span>", "高锰酸盐指数<br/><span class='unit'>(mg/L)</span>", "氨氮<br/><span class='unit'>(mg/L)</span>", "总磷<br/><span class='unit'>(mg/L)</span>", "总氮<br/><span class='unit'>(mg/L)</span>", "叶绿素α<br/><span class='unit'>(mg/L)</span>", "藻密度<br/><span class='unit'>(cells/L)</span>", "站点情况"], "tbody": [["北京市", "海河流域", "<span data-toggle='tooltip' data-placement='right' title='所在地市:门头沟区&#10;所属河流:永定河'>沿河城</span>", "10-14 08:00", "Ⅲ", "<span data-toggle='tooltip' data-placement='right' title='原始值：13.82658'>13.8</span>", "<span data-toggle='tooltip' data-placement='right' title='原始值：8.36887'>8.37</span>", "<span data-toggle='tooltip' data-placement='right' title='原始值：9.48994'>9.49</span>", "<span data-toggle='tooltip' data-placement='right' title='原始值：1521.699'>1521.7</span>", "<span data-toggle='tooltip' data-placement='right' title='原始值：10.46389'>10.5</span>", "<span data-toggle='tooltip' data-placement='right' title='原始值：5.39'>5.39</span>", "<span data-toggle='tooltip' data-placement='right' title='原始值：0.16'>0.160</span>", "<span data-toggle='tooltip' data-placement='right' title='原始值：0.03133'>0.031</span>", "<span data-toggle='tooltip' data-placement='right' title='原始值：0.85563'>0.86</span>", "*", "*", "正常"], ["北京市", "海河流域", "<span data-toggle='tooltip' data-placement='right' title='所在地市:密云区&#10;所属河流:潮河'>古北口</span>", "10-14 08:00", "Ⅱ", "<span data-toggle='tooltip' data-placement='right' title='原始值：11.81411'>11.8</span>", "<span data-toggle='tooltip' data-placement='right' title='原始值：7.65331'>7.65</span>", "<span data-toggle='tooltip' data-placement='right' title='原始值：10.33028'>10.33</span>", "<span data-toggle='tooltip' data-placement='right' title='原始值：692.7448'>692.7</span>", "<span data-toggle='tooltip' data-placement='right' title='原始值：1.83123'>1.8</span>", "<span data-toggle='tooltip' data-placement='right' title='原始值：1.1675'>1.17</span>", "<span data-toggle='tooltip' data-placement='right' title='原始值：0.16'>0.160</span>", "<span data-toggle='tooltip' data-placement='right' title='原始值：0.0031'>0.003</span>", "<span data-toggle='tooltip' data-placement='right' title='原始值：7.8552'>7.86</span>", "*", "*", "正常"], ["天津市", "海河流域", "<span data-toggle='tooltip' data-placement='right' title='所在地市:河北区&#10;所属河流:海河'>三岔口</span>", "10-14 08:00", "劣Ⅴ", "<span data-toggle='tooltip' data-placement='right' title='原始值：17.8771'>17.9</span>", "<span data-toggle='tooltip' data-placement='right' title='原始值：7.7337'>7.73</span>", "<span data-toggle='tooltip' data-placement='right' title='原始值：7.029'>7.03</span>", "<span data-toggle='tooltip' data-placement='right' title='原始值：659.66'>659.7</span>", "<span data-toggle='tooltip' data-placement='right' title='原始值：18.897'>18.9</span>", "<span data-toggle='tooltip' data-placement='right' title='原始值：2.36'>2.36</span>", "<span data-toggle='tooltip' data-placement='right' title='原始值：2.29'>2.290</span>", "<span data-toggle='tooltip' data-placement='right' title='原始值：0.001'>0.001</span>", "<span data-toggle='tooltip' data-placement='right' title='原始值：1.223'>1.22</span>", "*", "*", "正常"], ["天津市", "海河流域", "<span data-toggle='tooltip' data-placement='right' title='所在地市:蓟州区&#10;所属河流:果河'>果河桥</span>", "10-14 04:00", "Ⅱ", "<span data-toggle='tooltip' data-placement='right' title='原始值：15.8'>15.8</span>", "<span data-toggle='tooltip' data-placement='right' title='原始值：8.21'>8.21</span>", "<span data-toggle='tooltip' data-placement='right' title='原始值：8.821'>8.82</span>", "<span data-toggle='tooltip' data-placement='right' title='原始值：595.453'>595.5</span>", "<span data-toggle='tooltip' data-placement='right' title='原始值：9.9'>9.9</span>", "<span data-toggle='tooltip' data-placement='right' title='原始值：2.2717'>2.27</span>", "<span data-toggle='tooltip' data-placement='right' title='原始值：0.25'>0.250</span>", "<span data-toggle='tooltip' data-placement='right' title='原始值：0.0617'>0.062</span>", "<span data-toggle='tooltip' data-placement='right' title='原始值：3.4616'>3.46</span>", "*", "*", "正常"], ["河北省", "海河流域", "<span data-toggle='tooltip' data-placement='right' title='所在地市:石家庄市&#10;所属河流:滹沱河'>岗南水库</span>", "10-14 08:00", "Ⅱ", "<span data-toggle='tooltip' data-placement='right' title='原始值：21.36806'>21.4</span>", "<span data-toggle='tooltip' data-placement='right' title='原始值：8.34926'>8.35</span>", "<span data-toggle='tooltip' data-placement='right' title='原始值：7.87158'>7.87</span>", "<span data-toggle='tooltip' data-placement='right' title='原始值：528.4442'>528.4</span>", "<span data-toggle='tooltip' data-placement='right' title='原始值：1.68073'>1.7</span>", "<span data-toggle='tooltip' data-placement='right' title='原始值：1.91626'>1.92</span>", "<span data-toggle='tooltip' data-placement='right' title='原始值：0.08'>0.080</span>", "<span data-toggle='tooltip' data-placement='right' title='原始值：0.02184'>0.022</span>", "<span data-toggle='tooltip' data-placement='right' title='原始值：2.74849'>2.75</span>", "*", "*", "正常"], ["河北省", "海河流域", "<span data-toggle='tooltip' data-placement='right' title='所在地市:张家口市&#10;所属河流:永定河'>八号桥</span>", "10-14 08:00", "Ⅲ", "<span data-toggle='tooltip' data-placement='right' title='原始值：11.54024'>11.5</span>", "<span data-toggle='tooltip' data-placement='right' title='原始值：8.64272'>8.64</span>", "<span data-toggle='tooltip' data-placement='right' title='原始值：10.09746'>10.10</span>", "<span data-toggle='tooltip' data-placement='right' title='原始值：1001.91'>1001.9</span>", "<span data-toggle='tooltip' data-placement='right' title='原始值：63.6141'>63.6</span>", "<span data-toggle='tooltip' data-placement='right' title='原始值：4.97'>4.97</span>", "<span data-toggle='tooltip' data-placement='right' title='原始值：0.12'>0.120</span>", "<span data-toggle='tooltip' data-placement='right' title='原始值：0.17028'>0.170</span>", "<span data-toggle='tooltip' data-placement='right' title='原始值：5.71'>5.71</span>", "*", "*", "正常"], ["山西省", "黄河流域", "<span data-toggle='tooltip' data-placement='right' title='所在地市:运城市&#10;所属河流:汾河'>河津大桥</span>", "10-14 08:00", "Ⅳ", "<span data-toggle='tooltip' data-placement='right' title='原始值：18.21827'>18.2</span>", "<span data-toggle='tooltip' data-placement='right' title='原始值：7.98709'>7.99</span>", "<span data-toggle='tooltip' data-placement='right' title='原始值：8.13788'>8.14</span>", "<span data-toggle='tooltip' data-placement='right' title='原始值：1653.8'>1653.8</span>", "<span data-toggle='tooltip' data-placement='right' title='原始值：137.1045'>137.1</span>", "<span data-toggle='tooltip' data-placement='right' title='原始值：0.025'>0.02</span>", "<span data-toggle='tooltip' data-placement='right' title='原始值：1.02'>1.020</span>", "*", "*", "*", "*", "正常"], ["山西省", "黄河流域", "<span data-toggle='tooltip' data-placement='right' title='所在地市:忻州市&#10;所属河流:黄河'>万家寨水库</span>", "10-14 08:00", "Ⅲ", "<span data-toggle='tooltip' data-placement='right' title='原始值：13.18241'>13.2</span>", "<span data-toggle='tooltip' data-placement='right' title='原始值：8.14263'>8.14</span>", "<span data-toggle='tooltip' data-placement='right' title='原始值：10.03106'>10.03</span>", "<span data-toggle='tooltip' data-placement='right' title='原始值：585.9973'>586.0</span>", "<span data-toggle='tooltip' data-placement='right' title='原始值：42.02721'>42.0</span>", "<span data-toggle='tooltip' data-placement='right' title='原始值：4.13'>4.13</span>", "<span data-toggle='tooltip' data-placement='right' title='原始值：0.38'>0.380</span>", "<span data-toggle='tooltip' data-placement='right' title='原始值：0.118'>0.118</span>", "<span data-toggle='tooltip' data-placement='right' title='原始值：2.2875'>2.29</span>", "*", "*", "正常"], ["内蒙古自治区", "黄河流域", "<span data-toggle='tooltip' data-placement='right' title='所在地市:包头市&#10;所属河流:黄河'>画匠营子</span>", "10-14 08:00", "Ⅱ", "<span data-toggle='tooltip' data-placement='right' title='原始值：14.20424'>14.2</span>", "<span data-toggle='tooltip' data-placement='right' title='原始值：8.04231'>8.04</span>", "<span data-toggle='tooltip' data-placement='right' title='原始值：8.74401'>8.74</span>", "<span data-toggle='tooltip' data-placement='right' title='原始值：719.4426'>719.4</span>", "<span data-toggle='tooltip' data-placement='right' title='原始值：1338.409'>1338.4</span>", "<span data-toggle='tooltip' data-placement='right' title='原始值：3.9765'>3.98</span>", "<span data-toggle='tooltip' data-placement='right' title='原始值：0.04171'>0.042</span>", "*", "*", "*", "*", "正常"], ["内蒙古自治区", "黄河流域", "<span data-toggle='tooltip' data-placement='right' title='所在地市:乌海市&#10;所属河流:黄河'>海勃湾</span>", "10-14 08:00", "Ⅱ", "<span data-toggle='tooltip' data-placement='right' title='原始值：14.71644'>14.7</span>", "<span data-toggle='tooltip' data-placement='right' title='原始值：7.93342'>7.93</span>", "<span data-toggle='tooltip' data-placement='right' title='原始值：7.49172'>7.49</span>", "<span data-toggle='tooltip' data-placement='right' title='原始值：601.5333'>601.5</span>", "<span data-toggle='tooltip' data-placement='right' title='原始值：115.0904'>115.1</span>", "<span data-toggle='tooltip' data-placement='right' title='原始值：3.13'>3.13</span>", "<span data-toggle='tooltip' data-placement='right' title='原始值：0.13'>0.130</span>", "*", "*", "*", "*", "正常"], ["内蒙古自治区", "松花江流域", "<span data-toggle='tooltip' data-placement='right' title='所在地市:呼伦贝尔市&#10;所属河流:额尔古纳河'>黑山头</span>", null, "", "--", "--", "--", "--", "--", "--", "--", "--", "--", "*", "*", "停站"], ["辽宁省", "辽河流域", "<span data-toggle='tooltip' data-placement='right' title='所在地市:抚顺市&#10;所属河流:浑河'>大伙房水库</span>", null, "", "--", "--", "--", "--", "--", "--", "--", "--", "--", "--", "*", "维护"], ["辽宁省", "辽河流域", "<span data-toggle='tooltip' data-placement='right' title='所在地市:丹东市&#10;所属河流:鸭绿江'>江桥</span>", "10-14 08:00", "Ⅱ", "<span data-toggle='tooltip' data-placement='right' title='原始值：16.9'>16.9</span>", "<span data-toggle='tooltip' data-placement='right' title='原始值：6.66'>6.66</span>", "<span data-toggle='tooltip' data-placement='right' title='原始值：8.09001'>8.09</span>", "<span data-toggle='tooltip' data-placement='right' title='原始值：123'>123.0</span>", "<span data-toggle='tooltip' data-placement='right' title='原始值：8.9'>8.9</span>", "<span data-toggle='tooltip' data-placement='right' title='原始值：1.16'>1.16</span>", "<span data-toggle='tooltip' data-placement='right' title='原始值：0.03339'>0.033</span>", "<span data-toggle='tooltip' data-placement='right' title='原始值：0.02038'>0.020</span>", "<span data-toggle='tooltip' data-placement='right' title='原始值：1.8382'>1.84</span>", "*", "*", "正常"], ["辽宁省", "辽河流域", "<span data-toggle='tooltip' data-placement='right' title='所在地市:营口市&#10;所属河流:大辽河'>辽河公园</span>", "10-14 08:00", "Ⅳ", "<span data-toggle='tooltip' data-placement='right' title='原始值：17.93735'>17.9</span>", "<span data-toggle='tooltip' data-placement='right' title='原始值：6.41539'>6.42</span>", "<span data-toggle='tooltip' data-placement='right' title='原始值：7.08794'>7.09</span>", "<span data-toggle='tooltip' data-placement='right' title='原始值：963.587'>963.6</span>", "<span data-toggle='tooltip' data-placement='right' title='原始值：89.93875'>89.9</span>", "<span data-toggle='tooltip' data-placement='right' title='原始值：7.81719'>7.82</span>", "<span data-toggle='tooltip' data-placement='right' title='原始值：0.076'>0.076</span>", "<span data-toggle='tooltip' data-placement='right' title='原始值：0.17379'>0.174</span>", "<span data-toggle='tooltip' data-placement='right' title='原始值：4.07131'>4.07</span>", "*", "*", "正常"], ["辽宁省", "辽河流域", "<span data-toggle='tooltip' data-placement='right' title='所在地市:辽阳市&#10;所属河流:太子河'>汤河水库</span>", null, "", "--", "--", "--", "--", "--", "--", "--", "--", "--", "*", "*", "停站"], ["辽宁省", "辽河流域", "<span data-toggle='tooltip' data-placement='right' title='所在地市:盘锦市&#10;所属河流:辽河'>盘锦兴安(兴安)</span>", null, "", "--", "--", "--", "--", "--", "--", "--", "--", "--", "*", "*", "停站"], ["辽宁省", "辽河流域", "<span data-toggle='tooltip' data-placement='right' title='所在地市:铁岭市&#10;所属河流:辽河'>珠尔山</span>", "10-14 08:00", "Ⅲ", "<span data-toggle='tooltip' data-placement='right' title='原始值：11.42708'>11.4</span>", "<span data-toggle='tooltip' data-placement='right' title='原始值：7.45466'>7.45</span>", "<span data-toggle='tooltip' data-placement='right' title='原始值：10.30215'>10.30</span>", "<span data-toggle='tooltip' data-placement='right' title='原始值：430.6826'>430.7</span>", "<span data-toggle='tooltip' data-placement='right' title='原始值：38.94191'>38.9</span>", "<span data-toggle='tooltip' data-placement='right' title='原始值：3.21763'>3.22</span>", "<span data-toggle='tooltip' data-placement='right' title='原始值：0.14'>0.140</span>", "<span data-toggle='tooltip' data-placement='right' title='原始值：0.14372'>0.144</span>", "<span data-toggle='tooltip' data-placement='right' title='原始值：3.34417'>3.34</span>", "*", "*", "正常"], ["吉林省", "松花江流域", "<span data-toggle='tooltip' data-placement='right' title='所在地市:长春市&#10;所属河流:松花江'>松花江村</span>", null, "", "--", "--", "--", "--", "--", "--", "--", "--", "--", "*", "*", "停站"], ["吉林省", "松花江流域", "<span data-toggle='tooltip' data-placement='right' title='所在地市:白城市&#10;所属河流:嫩江'>白沙滩</span>", null, "", "--", "--", "--", "--", "--", "--", "--", "--", "--", "*", "*", "停站"], ["吉林省", "松花江流域", "<span data-toggle='tooltip' data-placement='right' title='所在地市:延边朝鲜族自治州&#10;所属河流:图们江'>圈河</span>", "10-14 08:00", "Ⅳ", "<span data-toggle='tooltip' data-placement='right' title='原始值：17.1'>17.1</span>", "<span data-toggle='tooltip' data-placement='right' title='原始值：7.03'>7.03</span>", "<span data-toggle='tooltip' data-placement='right' title='原始值：4.08'>4.08</span>", "<span data-toggle='tooltip' data-placement='right' title='原始值：173'>173.0</span>", "<span data-toggle='tooltip' data-placement='right' title='原始值：28.12494'>28.1</span>", "<span data-toggle='tooltip' data-placement='right' title='原始值：3.28'>3.28</span>", "<span data-toggle='tooltip' data-placement='right' title='原始值：0.24192'>0.242</span>", "<span data-toggle='tooltip' data-placement='right' title='原始值：0.0599'>0.060</span>", "<span data-toggle='tooltip' data-placement='right' title='原始值：0.43251'>0.43</span>", "*", "*", "正常"], ["黑龙江省", "松花江流域", "<span data-toggle='tooltip' data-placement='right' title='所在地市:大庆市&#10;所属河流:松花江'>肇源</span>", null, "", "--", "--", "--", "--", "--", "--", "--", "--", "--", "*", "*", "停站"], ["黑龙江省", "松花江流域", "<span data-toggle='tooltip' data-placement='right' title='所在地市:佳木斯市&#10;所属河流:乌苏里江'>乌苏镇</span>", null, "", "--", "--", "--", "--", "--", "--", "--", "--", "--", "*", "*", "停站"], ["黑龙江省", "松花江流域", "<span data-toggle='tooltip' data-placement='right' title='所在地市:佳木斯市&#10;所属河流:松花江'>同江</span>", "10-14 08:00", "Ⅴ", "<span data-toggle='tooltip' data-placement='right' title='原始值：11.04364'>11.0</span>", "<span data-toggle='tooltip' data-placement='right' title='原始值：7.12501'>7.13</span>", "<span data-toggle='tooltip' data-placement='right' title='原始值：10.31252'>10.31</span>", "<span data-toggle='tooltip' data-placement='right' title='原始值：177.7346'>177.7</span>", "<span data-toggle='tooltip' data-placement='right' title='原始值：75.50211'>75.5</span>", "<span data-toggle='tooltip' data-placement='right' title='原始值：11.33287'>11.33</span>", "<span data-toggle='tooltip' data-placement='right' title='原始值：0.2005'>0.200</span>", "<span data-toggle='tooltip' data-placement='right' title='原始值：0.10938'>0.109</span>", "<span data-toggle='tooltip' data-placement='right' title='原始值：2.43325'>2.43</span>", "*", "*", "正常"], ["黑龙江省", "松花江流域", "<span data-toggle='tooltip' data-placement='right' title='所在地市:黑河市&#10;所属河流:黑龙江'>黑河下(黑河)</span>", null, "", "--", "--", "--", "--", "--", "--", "--", "--", "--", "*", "*", "停站"], ["上海市", "长江流域", "<span data-toggle='tooltip' data-placement='right' title='所在地市:青浦区&#10;所属河流:淀山湖'>急水港桥</span>", "10-14 08:00", "Ⅳ", "<span data-toggle='tooltip' data-placement='right' title='原始值：23.7'>23.7</span>", "<span data-toggle='tooltip' data-placement='right' title='原始值：7.2'>7.20</span>", "<span data-toggle='tooltip' data-placement='right' title='原始值：5.47'>5.47</span>", "<span data-toggle='tooltip' data-placement='right' title='原始值：478'>478.0</span>", "<span data-toggle='tooltip' data-placement='right' title='原始值：92.7'>92.7</span>", "<span data-toggle='tooltip' data-placement='right' title='原始值：3.29688'>3.30</span>", "<span data-toggle='tooltip' data-placement='right' title='原始值：0.10353'>0.104</span>", "<span data-toggle='tooltip' data-placement='right' title='原始值：0.05493'>0.055</span>", "<span data-toggle='tooltip' data-placement='right' title='原始值：2.48439'>2.48</span>", "<span data-toggle='tooltip' data-placement='right' title='原始值：0.00256'>0.003</span>", "<span data-toggle='tooltip' data-placement='right' title='原始值：3741326'>3741326</span>", "正常"], ["江苏省", "长江流域", "<span data-toggle='tooltip' data-placement='right' title='所在地市:南京市&#10;所属河流:长江'>林山</span>", null, "", "--", "--", "--", "--", "--", "--", "--", "--", "--", "*", "*", "停站"], ["江苏省", "太湖流域", "<span data-toggle='tooltip' data-placement='right' title='所在地市:无锡市&#10;所属河流:太湖'>沙渚</span>", null, "", "--", "--", "--", "--", "--", "--", "--", "--", "--", "--", "*", "维护"], ["江苏省", "淮河流域", "<span data-toggle='tooltip' data-placement='right' title='所在地市:徐州市&#10;所属河流:武河'>小红圈</span>", "10-14 08:00", "Ⅰ", "<span data-toggle='tooltip' data-placement='right' title='原始值：18.28'>18.3</span>", "<span data-toggle='tooltip' data-placement='right' title='原始值：7.33'>7.33</span>", "<span data-toggle='tooltip' data-placement='right' title='原始值：9.23'>9.23</span>", "<span data-toggle='tooltip' data-placement='right' title='原始值：1089.6'>1089.6</span>", "<span data-toggle='tooltip' data-placement='right' title='原始值：8.96'>9.0</span>", "<span data-toggle='tooltip' data-placement='right' title='原始值：1.47'>1.47</span>", "<span data-toggle='tooltip' data-placement='right' title='原始值：0.073'>0.073</span>", "*", "*", "*", "*", "正常"], ["江苏省", "淮河流域", "<span data-toggle='tooltip' data-placement='right' title='所在地市:徐州市&#10;所属河流:沿河'>李集桥</span>", null, "", "--", "--", "--", "--", "--", "--", "--", "--", "--", "*", "*", "维护"], ["江苏省", "淮河流域", "<span data-toggle='tooltip' data-placement='right' title='所在地市:徐州市&#10;所属河流:邳苍分洪道'>艾山西大桥</span>", "10-14 08:00", "Ⅳ", "<span data-toggle='tooltip' data-placement='right' title='原始值：18.7701'>18.8</span>", "<span data-toggle='tooltip' data-placement='right' title='原始值：8.16086'>8.16</span>", "<span data-toggle='tooltip' data-placement='right' title='原始值：11.7107'>11.71</span>", "<span data-toggle='tooltip' data-placement='right' title='原始值：875.454'>875.5</span>", "<span data-toggle='tooltip' data-placement='right' title='原始值：7.65362'>7.7</span>", "<span data-toggle='tooltip' data-placement='right' title='原始值：7.6'>7.60</span>", "<span data-toggle='tooltip' data-placement='right' title='原始值：0.12'>0.120</span>", "<span data-toggle='tooltip' data-placement='right' title='原始值：0.03901'>0.039</span>", "<span data-toggle='tooltip' data-placement='right' title='原始值：11.29249'>11.29</span>", "*", "*", "正常"], ["江苏省", "太湖流域", "<span data-toggle='tooltip' data-placement='right' title='所在地市:苏州市&#10;所属河流:太湖'>兰山嘴(老)</span>", null, "", "--", "--", "--", "--", "--", "--", "--", "--", "--", "--", "*", "维护"], ["江苏省", "太湖流域", "<span data-toggle='tooltip' data-placement='right' title='所在地市:苏州市&#10;所属河流:太湖'>西山</span>", null, "", "--", "--", "--", "--", "--", "--", "--", "--", "--", "--", "*", "维护"], ["江苏省", "淮河流域", "<span data-toggle='tooltip' data-placement='right' title='所在地市:连云港市&#10;所属河流:新沭河'>大兴桥</span>", "10-14 08:00", "劣Ⅴ", "<span data-toggle='tooltip' data-placement='right' title='原始值：20'>20.0</span>", "<span data-toggle='tooltip' data-placement='right' title='原始值：7.92'>7.92</span>", "<span data-toggle='tooltip' data-placement='right' title='原始值：9.52'>9.52</span>", "<span data-toggle='tooltip' data-placement='right' title='原始值：743.5'>743.5</span>", "<span data-toggle='tooltip' data-placement='right' title='原始值：15.43'>15.4</span>", "<span data-toggle='tooltip' data-placement='right' title='原始值：4.24'>4.24</span>", "<span data-toggle='tooltip' data-placement='right' title='原始值：9.31'>9.310</span>", "*", "*", "*", "*", "正常"], ["江苏省", "淮河流域", "<span data-toggle='tooltip' data-placement='right' title='所在地市:淮安市&#10;所属河流:淮河'>淮河大桥</span>", "10-14 08:00", "", "<span data-toggle='tooltip' data-placement='right' title='原始值：21.38549'>21.4</span>", "<span data-toggle='tooltip' data-placement='right' title='原始值：7.88858'>7.89</span>", "<span data-toggle='tooltip' data-placement='right' title='原始值：6.68656'>6.69</span>", "<span data-toggle='tooltip' data-placement='right' title='原始值：458.812'>458.8</span>", "<span data-toggle='tooltip' data-placement='right' title='原始值：45.523'>45.5</span>", "<span data-toggle='tooltip' data-placement='right' title='极值过滤'>--</span>", "<span data-toggle='tooltip' data-placement='right' title='原始值：0.21'>0.210</span>", "<span data-toggle='tooltip' data-placement='right' title='原始值：0.1507'>0.151</span>", "<span data-toggle='tooltip' data-placement='right' title='原始值：1.812'>1.81</span>", "*", "*", "维护"], ["江苏省", "长江流域", "<span data-toggle='tooltip' data-placement='right' title='所在地市:扬州市&#10;所属河流:夹江'>三江营</span>", "10-14 08:00", "Ⅱ", "<span data-toggle='tooltip' data-placement='right' title='原始值：22.03'>22.0</span>", "<span data-toggle='tooltip' data-placement='right' title='原始值：7.83'>7.83</span>", "<span data-toggle='tooltip' data-placement='right' title='原始值：7.15'>7.15</span>", "<span data-toggle='tooltip' data-placement='right' title='原始值：298.55'>298.6</span>", "<span data-toggle='tooltip' data-placement='right' title='原始值：28.46'>28.5</span>", "<span data-toggle='tooltip' data-placement='right' title='原始值：1.812'>1.81</span>", "<span data-toggle='tooltip' data-placement='right' title='原始值：0.04'>0.040</span>", "<span data-toggle='tooltip' data-placement='right' title='原始值：0.061'>0.061</span>", "<span data-toggle='tooltip' data-placement='right' title='原始值：1.52'>1.52</span>", "*", "*", "正常"], ["江苏省", "淮河流域", "<span data-toggle='tooltip' data-placement='right' title='所在地市:宿迁市&#10;所属河流:新濉河'>大屈</span>", "10-14 08:00", "Ⅱ", "<span data-toggle='tooltip' data-placement='right' title='原始值：20'>20.0</span>", "<span data-toggle='tooltip' data-placement='right' title='原始值：8.08'>8.08</span>", "<span data-toggle='tooltip' data-placement='right' title='原始值：7.9'>7.90</span>", "<span data-toggle='tooltip' data-placement='right' title='原始值：770.9'>770.9</span>", "<span data-toggle='tooltip' data-placement='right' title='原始值：24.54'>24.5</span>", "<span data-toggle='tooltip' data-placement='right' title='原始值：3.89'>3.89</span>", "<span data-toggle='tooltip' data-placement='right' title='原始值：0.09'>0.090</span>", "<span data-toggle='tooltip' data-placement='right' title='原始值：0.081'>0.081</span>", "<span data-toggle='tooltip' data-placement='right' title='原始值：0.898'>0.90</span>", "*", "*", "正常"], ["浙江省", "浙闽片河流", "<span data-toggle='tooltip' data-placement='right' title='所在地市:杭州市&#10;所属河流:新安江'>街口(鸠坑口)</span>", "10-14 08:00", "Ⅰ", "<span data-toggle='tooltip' data-placement='right' title='原始值：23.78'>23.8</span>", "<span data-toggle='tooltip' data-placement='right' title='原始值：7.8'>7.80</span>", "<span data-toggle='tooltip' data-placement='right' title='原始值：8.54'>8.54</span>", "<span data-toggle='tooltip' data-placement='right' title='原始值：155.6'>155.6</span>", "<span data-toggle='tooltip' data-placement='right' title='原始值：23.99'>24.0</span>", "<span data-toggle='tooltip' data-placement='right' title='原始值：1.492'>1.49</span>", "<span data-toggle='tooltip' data-placement='right' title='原始值：0.003'>0.003</span>", "<span data-toggle='tooltip' data-placement='right' title='原始值：0.015'>0.015</span>", "<span data-toggle='tooltip' data-placement='right' title='原始值：0.673'>0.67</span>", "*", "*", "正常"], ["浙江省", "太湖流域", "<span data-toggle='tooltip' data-placement='right' title='所在地市:嘉兴市&#10;所属河流:斜路港河'>斜路港</span>", "10-14 08:00", "Ⅳ", "<span data-toggle='tooltip' data-placement='right' title='原始值：22.5'>22.5</span>", "<span data-toggle='tooltip' data-placement='right' title='原始值：7.61'>7.61</span>", "<span data-toggle='tooltip' data-placement='right' title='原始值：4.82'>4.82</span>", "<span data-toggle='tooltip' data-placement='right' title='原始值：493'>493.0</span>", "<span data-toggle='tooltip' data-placement='right' title='原始值：89.6'>89.6</span>", "<span data-toggle='tooltip' data-placement='right' title='原始值：5.15'>5.15</span>", "<span data-toggle='tooltip' data-placement='right' title='原始值：0.16196'>0.162</span>", "<span data-toggle='tooltip' data-placement='right' title='原始值：0.07149'>0.071</span>", "<span data-toggle='tooltip' data-placement='right' title='原始值：0.99489'>0.99</span>", "*", "*", "正常"], ["浙江省", "太湖流域", "<span data-toggle='tooltip' data-placement='right' title='所在地市:嘉兴市&#10;所属河流:京杭运河'>王江泾</span>", "10-14 08:00", "Ⅲ", "<span data-toggle='tooltip' data-placement='right' title='原始值：23.46'>23.5</span>", "<span data-toggle='tooltip' data-placement='right' title='原始值：7.3'>7.30</span>", "<span data-toggle='tooltip' data-placement='right' title='原始值：6.23'>6.23</span>", "<span data-toggle='tooltip' data-placement='right' title='原始值：551.63'>551.6</span>", "<span data-toggle='tooltip' data-placement='right' title='原始值：84.21'>84.2</span>", "<span data-toggle='tooltip' data-placement='right' title='原始值：4.498'>4.50</span>", "<span data-toggle='tooltip' data-placement='right' title='原始值：0.029'>0.029</span>", "<span data-toggle='tooltip' data-placement='right' title='原始值：0.068'>0.068</span>", "<span data-toggle='tooltip' data-placement='right' title='原始值：1.027'>1.03</span>", "*", "*", "正常"], ["浙江省", "太湖流域", "<span data-toggle='tooltip' data-placement='right' title='所在地市:湖州市&#10;所属河流:西苕溪'>新港口(新塘港)</span>", null, "", "--", "--", "--", "--", "--", "--", "--", "--", "--", "--", "*", "维护"], ["安徽省", "巢湖流域", "<span data-toggle='tooltip' data-placement='right' title='所在地市:合肥市&#10;所属河流:巢湖'>湖滨(老)</span>", "10-14 08:00", "Ⅳ", "<span data-toggle='tooltip' data-placement='right' title='原始值：20.84062'>20.8</span>", "<span data-toggle='tooltip' data-placement='right' title='原始值：6.70797'>6.71</span>", "<span data-toggle='tooltip' data-placement='right' title='原始值：6.84361'>6.84</span>", "<span data-toggle='tooltip' data-placement='right' title='原始值：335.9676'>336.0</span>", "<span data-toggle='tooltip' data-placement='right' title='原始值：98.21834'>98.2</span>", "<span data-toggle='tooltip' data-placement='right' title='原始值：5.32'>5.32</span>", "<span data-toggle='tooltip' data-placement='right' title='原始值：0.23'>0.230</span>", "<span data-toggle='tooltip' data-placement='right' title='原始值：0.0902'>0.090</span>", "<span data-toggle='tooltip' data-placement='right' title='原始值：0.867'>0.87</span>", "<span data-toggle='tooltip' data-placement='right' title='原始值：0.01475'>0.015</span>", "*", "正常"], ["安徽省", "巢湖流域", "<span data-toggle='tooltip' data-placement='right' title='所在地市:芜湖市&#10;所属河流:巢湖'>裕溪口(老)</span>", "10-14 08:00", "Ⅴ", "<span data-toggle='tooltip' data-placement='right' title='原始值：23.33937'>23.3</span>", "<span data-toggle='tooltip' data-placement='right' title='原始值：7.63554'>7.64</span>", "<span data-toggle='tooltip' data-placement='right' title='原始值：5.87512'>5.88</span>", "<span data-toggle='tooltip' data-placement='right' title='原始值：293.1583'>293.2</span>", "<span data-toggle='tooltip' data-placement='right' title='原始值：102.025'>102.0</span>", "<span data-toggle='tooltip' data-placement='right' title='原始值：3.09'>3.09</span>", "<span data-toggle='tooltip' data-placement='right' title='原始值：0.19'>0.190</span>", "<span data-toggle='tooltip' data-placement='right' title='原始值：0.1065'>0.106</span>", "<span data-toggle='tooltip' data-placement='right' title='原始值：2.814'>2.81</span>", "*", "*", "正常"], ["安徽省", "淮河流域", "<span data-toggle='tooltip' data-placement='right' title='所在地市:蚌埠市&#10;所属河流:淮河'>蚌埠闸上(蚌埠闸)</span>", "10-14 08:00", "Ⅳ", "<span data-toggle='tooltip' data-placement='right' title='原始值：22.83'>22.8</span>", "<span data-toggle='tooltip' data-placement='right' title='原始值：7.55'>7.55</span>", "<span data-toggle='tooltip' data-placement='right' title='原始值：9.08'>9.08</span>", "<span data-toggle='tooltip' data-placement='right' title='原始值：401.16'>401.2</span>", "<span data-toggle='tooltip' data-placement='right' title='原始值：213.79'>213.8</span>", "<span data-toggle='tooltip' data-placement='right' title='原始值：4.122'>4.12</span>", "<span data-toggle='tooltip' data-placement='right' title='原始值：0.151'>0.151</span>", "<span data-toggle='tooltip' data-placement='right' title='原始值：0.211'>0.211</span>", "<span data-toggle='tooltip' data-placement='right' title='原始值：1.381'>1.38</span>", "*", "*", "正常"], ["安徽省", "淮河流域", "<span data-toggle='tooltip' data-placement='right' title='所在地市:淮南市&#10;所属河流:淮河'>石头埠(老)</span>", "10-14 08:00", "Ⅳ", "<span data-toggle='tooltip' data-placement='right' title='原始值：22.47802'>22.5</span>", "<span data-toggle='tooltip' data-placement='right' title='原始值：7.27635'>7.28</span>", "<span data-toggle='tooltip' data-placement='right' title='原始值：4.47734'>4.48</span>", "<span data-toggle='tooltip' data-placement='right' title='原始值：170.7531'>170.8</span>", "<span data-toggle='tooltip' data-placement='right' title='原始值：56.04205'>56.0</span>", "<span data-toggle='tooltip' data-placement='right' title='原始值：4.18'>4.18</span>", "<span data-toggle='tooltip' data-placement='right' title='原始值：0.1'>0.100</span>", "*", "*", "*", "*", "正常"], ["安徽省", "淮河流域", "<span data-toggle='tooltip' data-placement='right' title='所在地市:淮北市&#10;所属河流:沱河'>小王桥</span>", "10-14 08:00", "Ⅴ", "<span data-toggle='tooltip' data-placement='right' title='原始值：20.66'>20.7</span>", "<span data-toggle='tooltip' data-placement='right' title='原始值：8'>8.00</span>", "<span data-toggle='tooltip' data-placement='right' title='原始值：4.75'>4.75</span>", "<span data-toggle='tooltip' data-placement='right' title='原始值：1367.33'>1367.3</span>", "<span data-toggle='tooltip' data-placement='right' title='原始值：24.15'>24.2</span>", "<span data-toggle='tooltip' data-placement='right' title='原始值：6.464'>6.46</span>", "<span data-toggle='tooltip' data-placement='right' title='原始值：0.031'>0.031</span>", "<span data-toggle='tooltip' data-placement='right' title='原始值：0.335'>0.335</span>", "<span data-toggle='tooltip' data-placement='right' title='原始值：0.918'>0.92</span>", "*", "*", "正常"], ["安徽省", "长江流域", "<span data-toggle='tooltip' data-placement='right' title='所在地市:安庆市&#10;所属河流:长江'>皖河口</span>", "10-14 08:00", "Ⅱ", "<span data-toggle='tooltip' data-placement='right' title='原始值：21.26'>21.3</span>", "<span data-toggle='tooltip' data-placement='right' title='原始值：7.403'>7.40</span>", "<span data-toggle='tooltip' data-placement='right' title='原始值：7.06'>7.06</span>", "<span data-toggle='tooltip' data-placement='right' title='原始值：277.74'>277.7</span>", "<span data-toggle='tooltip' data-placement='right' title='原始值：6.75'>6.8</span>", "<span data-toggle='tooltip' data-placement='right' title='原始值：1.803'>1.80</span>", "<span data-toggle='tooltip' data-placement='right' title='原始值：0.03'>0.030</span>", "<span data-toggle='tooltip' data-placement='right' title='原始值：0.0592'>0.059</span>", "<span data-toggle='tooltip' data-placement='right' title='原始值：2.369'>2.37</span>", "*", "*", "正常"], ["安徽省", "淮河流域", "<span data-toggle='tooltip' data-placement='right' title='所在地市:滁州市&#10;所属河流:淮河'>小柳巷</span>", "10-14 08:00", "Ⅲ", "<span data-toggle='tooltip' data-placement='right' title='原始值：21.9'>21.9</span>", "<span data-toggle='tooltip' data-placement='right' title='原始值：7.44'>7.44</span>", "<span data-toggle='tooltip' data-placement='right' title='原始值：7.13'>7.13</span>", "<span data-toggle='tooltip' data-placement='right' title='原始值：441'>441.0</span>", "<span data-toggle='tooltip' data-placement='right' title='原始值：177.41'>177.4</span>", "<span data-toggle='tooltip' data-placement='right' title='原始值：3.42'>3.42</span>", "<span data-toggle='tooltip' data-placement='right' title='原始值：0.08'>0.080</span>", "<span data-toggle='tooltip' data-placement='right' title='原始值：0.153'>0.153</span>", "<span data-toggle='tooltip' data-placement='right' title='原始值：1.45'>1.45</span>", "*", "*", "正常"], ["安徽省", "淮河流域", "<span data-toggle='tooltip' data-placement='right' title='所在地市:阜阳市&#10;所属河流:黑茨河'>张大桥</span>", null, "", "--", "--", "--", "--", "--", "--", "--", "--", "--", "*", "*", "停站"], ["安徽省", "淮河流域", "<span data-toggle='tooltip' data-placement='right' title='所在地市:阜阳市&#10;所属河流:淮河'>王家坝</span>", "10-14 08:00", "Ⅳ", "<span data-toggle='tooltip' data-placement='right' title='原始值：19.44'>19.4</span>", "<span data-toggle='tooltip' data-placement='right' title='原始值：7.22235'>7.22</span>", "<span data-toggle='tooltip' data-placement='right' title='原始值：5.50109'>5.50</span>", "<span data-toggle='tooltip' data-placement='right' title='原始值：403.1429'>403.1</span>", "<span data-toggle='tooltip' data-placement='right' title='原始值：104.6091'>104.6</span>", "<span data-toggle='tooltip' data-placement='right' title='原始值：3.04'>3.04</span>", "<span data-toggle='tooltip' data-placement='right' title='原始值：0.207'>0.207</span>", "<span data-toggle='tooltip' data-placement='right' title='原始值：0.23951'>0.240</span>", "<span data-toggle='tooltip' data-placement='right' title='原始值：1.80569'>1.81</span>", "*", "*", "正常"], ["安徽省", "淮河流域", "<span data-toggle='tooltip' data-placement='right' title='所在地市:阜阳市&#10;所属河流:颍河'>界首七渡口(七渡口)</span>", "10-14 08:00", "Ⅳ", "<span data-toggle='tooltip' data-placement='right' title='原始值：21.06395'>21.1</span>", "<span data-toggle='tooltip' data-placement='right' title='原始值：8.38102'>8.38</span>", "<span data-toggle='tooltip' data-placement='right' title='原始值：3.25368'>3.25</span>", "<span data-toggle='tooltip' data-placement='right' title='原始值：825.9558'>826.0</span>", "<span data-toggle='tooltip' data-placement='right' title='原始值：16.23302'>16.2</span>", "<span data-toggle='tooltip' data-placement='right' title='原始值：3.25'>3.25</span>", "<span data-toggle='tooltip' data-placement='right' title='原始值：0.16'>0.160</span>", "<span data-toggle='tooltip' data-placement='right' title='原始值：0.09998'>0.100</span>", "<span data-toggle='tooltip' data-placement='right' title='原始值：2.89278'>2.89</span>", "*", "*", "正常"], ["安徽省", "淮河流域", "<span data-toggle='tooltip' data-placement='right' title='所在地市:阜阳市&#10;所属河流:泉河'>许庄(徐庄)</span>", "10-14 08:00", "Ⅲ", "<span data-toggle='tooltip' data-placement='right' title='原始值：18.6'>18.6</span>", "<span data-toggle='tooltip' data-placement='right' title='原始值：7.65'>7.65</span>", "<span data-toggle='tooltip' data-placement='right' title='原始值：6.51'>6.51</span>", "<span data-toggle='tooltip' data-placement='right' title='原始值：917.7'>917.7</span>", "<span data-toggle='tooltip' data-placement='right' title='原始值：94.38'>94.4</span>", "<span data-toggle='tooltip' data-placement='right' title='原始值：4.74'>4.74</span>", "<span data-toggle='tooltip' data-placement='right' title='原始值：0.02'>0.020</span>", "<span data-toggle='tooltip' data-placement='right' title='原始值：0.133'>0.133</span>", "<span data-toggle='tooltip' data-placement='right' title='原始值：1.348'>1.35</span>", "*", "*", "正常"], ["安徽省", "淮河流域", "<span data-toggle='tooltip' data-placement='right' title='所在地市:宿州市&#10;所属河流:奎河'>杨庄</span>", "10-14 08:00", "Ⅲ", "<span data-toggle='tooltip' data-placement='right' title='原始值：20.26'>20.3</span>", "<span data-toggle='tooltip' data-placement='right' title='原始值：7.73'>7.73</span>", "<span data-toggle='tooltip' data-placement='right' title='原始值：8.36'>8.36</span>", "<span data-toggle='tooltip' data-placement='right' title='原始值：895.6'>895.6</span>", "<span data-toggle='tooltip' data-placement='right' title='原始值：79.28'>79.3</span>", "<span data-toggle='tooltip' data-placement='right' title='原始值：4.78'>4.78</span>", "<span data-toggle='tooltip' data-placement='right' title='原始值：0.362'>0.362</span>", "*", "*", "*", "*", "正常"], ["安徽省", "淮河流域", "<span data-toggle='tooltip' data-placement='right' title='所在地市:宿州市&#10;所属河流:新汴河'>泗县公路桥</span>", "10-14 08:00", "Ⅳ", "<span data-toggle='tooltip' data-placement='right' title='原始值：20.8'>20.8</span>", "<span data-toggle='tooltip' data-placement='right' title='原始值：8.43'>8.43</span>", "<span data-toggle='tooltip' data-placement='right' title='原始值：8.27'>8.27</span>", "<span data-toggle='tooltip' data-placement='right' title='原始值：972.8'>972.8</span>", "<span data-toggle='tooltip' data-placement='right' title='原始值：271.52'>271.5</span>", "<span data-toggle='tooltip' data-placement='right' title='原始值：7.1'>7.10</span>", "<span data-toggle='tooltip' data-placement='right' title='原始值：0.118'>0.118</span>", "*", "*", "*", "*", "正常"], ["安徽省", "淮河流域", "<span data-toggle='tooltip' data-placement='right' title='所在地市:亳州市&#10;所属河流:包河'>颜集</span>", "10-14 04:00", "Ⅲ", "<span data-toggle='tooltip' data-placement='right' title='原始值：18.5'>18.5</span>", "<span data-toggle='tooltip' data-placement='right' title='原始值：7.97'>7.97</span>", "<span data-toggle='tooltip' data-placement='right' title='原始值：6.09'>6.09</span>", "<span data-toggle='tooltip' data-placement='right' title='原始值：1844.1'>1844.1</span>", "<span data-toggle='tooltip' data-placement='right' title='原始值：198.1'>198.1</span>", "<span data-toggle='tooltip' data-placement='right' title='原始值：3.92'>3.92</span>", "<span data-toggle='tooltip' data-placement='right' title='原始值：0.05'>0.050</span>", "<span data-toggle='tooltip' data-placement='right' title='原始值：0.2'>0.200</span>", "<span data-toggle='tooltip' data-placement='right' title='原始值：7.203'>7.20</span>", "*", "*", "正常"], ["福建省", "浙闽片河流", "<span data-toggle='tooltip' data-placement='right' title='所在地市:福州市&#10;所属河流:闽江'>白岩潭</span>", "10-14 08:00", "Ⅱ", "<span data-toggle='tooltip' data-placement='right' title='原始值：25.14'>25.1</span>", "<span data-toggle='tooltip' data-placement='right' title='原始值：7.07'>7.07</span>", "<span data-toggle='tooltip' data-placement='right' title='原始值：7.38'>7.38</span>", "<span data-toggle='tooltip' data-placement='right' title='原始值：868.8'>868.8</span>", "<span data-toggle='tooltip' data-placement='right' title='原始值：90.99'>91.0</span>", "<span data-toggle='tooltip' data-placement='right' title='原始值：1.93'>1.93</span>", "<span data-toggle='tooltip' data-placement='right' title='原始值：0.116'>0.116</span>", "*", "*", "*", "*", "正常"], ["江西省", "长江流域", "<span data-toggle='tooltip' data-placement='right' title='所在地市:南昌市&#10;所属河流:赣江南支'>滁槎</span>", null, "", "--", "--", "--", "--", "--", "--", "--", "--", "--", "*", "*", "维护"], ["江西省", "长江流域", "<span data-toggle='tooltip' data-placement='right' title='所在地市:九江市&#10;所属河流:长江'>姚港(河西水厂)</span>", "10-14 08:00", "Ⅱ", "<span data-toggle='tooltip' data-placement='right' title='原始值：20.84'>20.8</span>", "<span data-toggle='tooltip' data-placement='right' title='原始值：7.42'>7.42</span>", "<span data-toggle='tooltip' data-placement='right' title='原始值：8.24'>8.24</span>", "<span data-toggle='tooltip' data-placement='right' title='原始值：311.87'>311.9</span>", "<span data-toggle='tooltip' data-placement='right' title='原始值：43.74'>43.7</span>", "<span data-toggle='tooltip' data-placement='right' title='原始值：1.318'>1.32</span>", "<span data-toggle='tooltip' data-placement='right' title='原始值：0.045'>0.045</span>", "<span data-toggle='tooltip' data-placement='right' title='原始值：0.095'>0.095</span>", "<span data-toggle='tooltip' data-placement='right' title='原始值：1.46'>1.46</span>", "*", "*", "正常"], ["江西省", "长江流域", "<span data-toggle='tooltip' data-placement='right' title='所在地市:九江市&#10;所属河流:鄱阳湖'>蛤蟆石</span>", "10-14 08:00", "Ⅳ", "<span data-toggle='tooltip' data-placement='right' title='原始值：21.24'>21.2</span>", "<span data-toggle='tooltip' data-placement='right' title='原始值：7.24'>7.24</span>", "<span data-toggle='tooltip' data-placement='right' title='原始值：8.74'>8.74</span>", "<span data-toggle='tooltip' data-placement='right' title='原始值：151.12'>151.1</span>", "<span data-toggle='tooltip' data-placement='right' title='原始值：128.87'>128.9</span>", "<span data-toggle='tooltip' data-placement='right' title='原始值：2.553'>2.55</span>", "<span data-toggle='tooltip' data-placement='right' title='原始值：0.013'>0.013</span>", "<span data-toggle='tooltip' data-placement='right' title='原始值：0.0577'>0.058</span>", "<span data-toggle='tooltip' data-placement='right' title='原始值：1.288'>1.29</span>", "<span data-toggle='tooltip' data-placement='right' title='原始值：0.00347'>0.003</span>", "<span data-toggle='tooltip' data-placement='right' title='原始值：1441161'>1441161</span>", "正常"], ["山东省", "黄河流域", "<span data-toggle='tooltip' data-placement='right' title='所在地市:济南市&#10;所属河流:黄河'>泺口</span>", "10-14 08:00", "Ⅱ", "<span data-toggle='tooltip' data-placement='right' title='原始值：18.7928'>18.8</span>", "<span data-toggle='tooltip' data-placement='right' title='原始值：8.05741'>8.06</span>", "<span data-toggle='tooltip' data-placement='right' title='原始值：8.506'>8.51</span>", "<span data-toggle='tooltip' data-placement='right' title='原始值：763.135'>763.1</span>", "<span data-toggle='tooltip' data-placement='right' title='原始值：75.4182'>75.4</span>", "<span data-toggle='tooltip' data-placement='right' title='原始值：2.31'>2.31</span>", "<span data-toggle='tooltip' data-placement='right' title='原始值：0.09247'>0.092</span>", "<span data-toggle='tooltip' data-placement='right' title='原始值：0.02433'>0.024</span>", "<span data-toggle='tooltip' data-placement='right' title='原始值：3.294'>3.29</span>", "*", "*", "正常"], ["山东省", "淮河流域", "<span data-toggle='tooltip' data-placement='right' title='所在地市:枣庄市&#10;所属河流:京杭大运河（韩庄运河）'>台儿庄大桥</span>", "10-14 08:00", "Ⅱ", "<span data-toggle='tooltip' data-placement='right' title='原始值：20.19'>20.2</span>", "<span data-toggle='tooltip' data-placement='right' title='原始值：7.75183'>7.75</span>", "<span data-toggle='tooltip' data-placement='right' title='原始值：6.69488'>6.69</span>", "<span data-toggle='tooltip' data-placement='right' title='原始值：849.7654'>849.8</span>", "<span data-toggle='tooltip' data-placement='right' title='原始值：36.24185'>36.2</span>", "<span data-toggle='tooltip' data-placement='right' title='原始值：3.3425'>3.34</span>", "<span data-toggle='tooltip' data-placement='right' title='原始值：0.05463'>0.055</span>", "<span data-toggle='tooltip' data-placement='right' title='原始值：0.06695'>0.067</span>", "<span data-toggle='tooltip' data-placement='right' title='原始值：2.08896'>2.09</span>", "*", "*", "正常"], ["山东省", "淮河流域", "<span data-toggle='tooltip' data-placement='right' title='所在地市:临沂市&#10;所属河流:沭河'>清泉寺</span>", "10-14 08:00", "Ⅳ", "<span data-toggle='tooltip' data-placement='right' title='原始值：19.12411'>19.1</span>", "<span data-toggle='tooltip' data-placement='right' title='原始值：8.15697'>8.16</span>", "<span data-toggle='tooltip' data-placement='right' title='原始值：9.42549'>9.43</span>", "<span data-toggle='tooltip' data-placement='right' title='原始值：841.3729'>841.4</span>", "<span data-toggle='tooltip' data-placement='right' title='原始值：27.96184'>28.0</span>", "<span data-toggle='tooltip' data-placement='right' title='原始值：6.57999'>6.58</span>", "<span data-toggle='tooltip' data-placement='right' title='原始值：0.26'>0.260</span>", "*", "*", "*", "*", "正常"], ["山东省", "淮河流域", "<span data-toggle='tooltip' data-placement='right' title='所在地市:临沂市&#10;所属河流:沂河'>重坊桥</span>", "10-14 08:00", "Ⅱ", "<span data-toggle='tooltip' data-placement='right' title='原始值：19.56541'>19.6</span>", "<span data-toggle='tooltip' data-placement='right' title='原始值：8.10448'>8.10</span>", "<span data-toggle='tooltip' data-placement='right' title='原始值：8.38318'>8.38</span>", "<span data-toggle='tooltip' data-placement='right' title='原始值：697'>697.0</span>", "<span data-toggle='tooltip' data-placement='right' title='原始值：7.37663'>7.4</span>", "<span data-toggle='tooltip' data-placement='right' title='原始值：3.48'>3.48</span>", "<span data-toggle='tooltip' data-placement='right' title='原始值：0.0933'>0.093</span>", "*", "*", "*", "*", "正常"], ["山东省", "淮河流域", "<span data-toggle='tooltip' data-placement='right' title='所在地市:临沂市&#10;所属河流:白马河'>捷庄(涝沟桥)</span>", "10-14 08:00", "Ⅳ", "<span data-toggle='tooltip' data-placement='right' title='原始值：19.1'>19.1</span>", "<span data-toggle='tooltip' data-placement='right' title='原始值：8.1'>8.10</span>", "<span data-toggle='tooltip' data-placement='right' title='原始值：10.22452'>10.22</span>", "<span data-toggle='tooltip' data-placement='right' title='原始值：866.5'>866.5</span>", "<span data-toggle='tooltip' data-placement='right' title='原始值：30.71881'>30.7</span>", "<span data-toggle='tooltip' data-placement='right' title='原始值：6.28'>6.28</span>", "<span data-toggle='tooltip' data-placement='right' title='原始值：0.06606'>0.066</span>", "<span data-toggle='tooltip' data-placement='right' title='原始值：0.16107'>0.161</span>", "<span data-toggle='tooltip' data-placement='right' title='原始值：4.9374'>4.94</span>", "*", "*", "正常"], ["山东省", "海河流域", "<span data-toggle='tooltip' data-placement='right' title='所在地市:聊城市&#10;所属河流:卫运河'>秤勾湾(秤钩湾)</span>", null, "", "--", "--", "--", "--", "--", "--", "--", "--", "--", "*", "*", "停站"], ["河南省", "长江流域", "<span data-toggle='tooltip' data-placement='right' title='所在地市:南阳市&#10;所属河流:丹江口水库'>陶岔</span>", "10-14 08:00", "Ⅰ", "<span data-toggle='tooltip' data-placement='right' title='原始值：22.03'>22.0</span>", "<span data-toggle='tooltip' data-placement='right' title='原始值：7.7359'>7.74</span>", "<span data-toggle='tooltip' data-placement='right' title='原始值：7.81309'>7.81</span>", "<span data-toggle='tooltip' data-placement='right' title='原始值：296.381'>296.4</span>", "<span data-toggle='tooltip' data-placement='right' title='原始值：1.86428'>1.9</span>", "<span data-toggle='tooltip' data-placement='right' title='原始值：1.67'>1.67</span>", "<span data-toggle='tooltip' data-placement='right' title='原始值：0.05046'>0.050</span>", "<span data-toggle='tooltip' data-placement='right' title='原始值：0.00756'>0.008</span>", "<span data-toggle='tooltip' data-placement='right' title='极值过滤'>--</span>", "<span data-toggle='tooltip' data-placement='right' title='原始值：0.00656'>0.007</span>", "<span data-toggle='tooltip' data-placement='right' title='原始值：682121.2'>682121</span>", "维护"], ["河南省", "淮河流域", "<span data-toggle='tooltip' data-placement='right' title='所在地市:商丘市&#10;所属河流:浍河'>黄口</span>", "10-14 08:00", "Ⅲ", "<span data-toggle='tooltip' data-placement='right' title='原始值：18'>18.0</span>", "<span data-toggle='tooltip' data-placement='right' title='原始值：7.54001'>7.54</span>", "<span data-toggle='tooltip' data-placement='right' title='原始值：6.70033'>6.70</span>", "<span data-toggle='tooltip' data-placement='right' title='原始值：1991.03'>1991.0</span>", "<span data-toggle='tooltip' data-placement='right' title='原始值：55.16241'>55.2</span>", "<span data-toggle='tooltip' data-placement='right' title='原始值：4.14'>4.14</span>", "<span data-toggle='tooltip' data-placement='right' title='原始值：0.06165'>0.062</span>", "<span data-toggle='tooltip' data-placement='right' title='原始值：0.1316'>0.132</span>", "<span data-toggle='tooltip' data-placement='right' title='原始值：7.63553'>7.64</span>", "*", "*", "正常"], ["河南省", "淮河流域", "<span data-toggle='tooltip' data-placement='right' title='所在地市:信阳市&#10;所属河流:史灌河'>蒋集</span>", "10-14 08:00", "Ⅱ", "<span data-toggle='tooltip' data-placement='right' title='原始值：21.4375'>21.4</span>", "<span data-toggle='tooltip' data-placement='right' title='原始值：6.909'>6.91</span>", "<span data-toggle='tooltip' data-placement='right' title='原始值：6.13488'>6.13</span>", "<span data-toggle='tooltip' data-placement='right' title='原始值：194.9794'>195.0</span>", "<span data-toggle='tooltip' data-placement='right' title='原始值：234.1799'>234.2</span>", "<span data-toggle='tooltip' data-placement='right' title='原始值：3.26'>3.26</span>", "<span data-toggle='tooltip' data-placement='right' title='原始值：0.03623'>0.036</span>", "*", "*", "*", "*", "正常"], ["河南省", "淮河流域", "<span data-toggle='tooltip' data-placement='right' title='所在地市:信阳市&#10;所属河流:淮河'>淮滨水文站(淮滨)</span>", "10-14 08:00", "Ⅳ", "<span data-toggle='tooltip' data-placement='right' title='原始值：18.3'>18.3</span>", "<span data-toggle='tooltip' data-placement='right' title='原始值：7.11'>7.11</span>", "<span data-toggle='tooltip' data-placement='right' title='原始值：7.41'>7.41</span>", "<span data-toggle='tooltip' data-placement='right' title='原始值：271'>271.0</span>", "<span data-toggle='tooltip' data-placement='right' title='原始值：146.8405'>146.8</span>", "<span data-toggle='tooltip' data-placement='right' title='原始值：3.18488'>3.18</span>", "<span data-toggle='tooltip' data-placement='right' title='原始值：0.18741'>0.187</span>", "<span data-toggle='tooltip' data-placement='right' title='原始值：0.24211'>0.242</span>", "<span data-toggle='tooltip' data-placement='right' title='原始值：0.41971'>0.42</span>", "*", "*", "正常"], ["河南省", "淮河流域", "<span data-toggle='tooltip' data-placement='right' title='所在地市:周口市&#10;所属河流:沙河'>沈丘闸</span>", "10-14 08:00", "Ⅳ", "<span data-toggle='tooltip' data-placement='right' title='原始值：19.894'>19.9</span>", "<span data-toggle='tooltip' data-placement='right' title='原始值：7.20738'>7.21</span>", "<span data-toggle='tooltip' data-placement='right' title='原始值：3.06127'>3.06</span>", "<span data-toggle='tooltip' data-placement='right' title='原始值：1092.582'>1092.6</span>", "<span data-toggle='tooltip' data-placement='right' title='原始值：31.60064'>31.6</span>", "<span data-toggle='tooltip' data-placement='right' title='原始值：3.7'>3.70</span>", "<span data-toggle='tooltip' data-placement='right' title='原始值：0.15'>0.150</span>", "*", "*", "*", "*", "正常"], ["河南省", "淮河流域", "<span data-toggle='tooltip' data-placement='right' title='所在地市:周口市&#10;所属河流:涡河'>鹿邑付桥(鹿邑付桥闸)</span>", "10-14 08:00", "Ⅲ", "<span data-toggle='tooltip' data-placement='right' title='原始值：20.15252'>20.2</span>", "<span data-toggle='tooltip' data-placement='right' title='原始值：8.31128'>8.31</span>", "<span data-toggle='tooltip' data-placement='right' title='原始值：7.28062'>7.28</span>", "<span data-toggle='tooltip' data-placement='right' title='原始值：1425.186'>1425.2</span>", "<span data-toggle='tooltip' data-placement='right' title='原始值：12.09144'>12.1</span>", "<span data-toggle='tooltip' data-placement='right' title='原始值：5.79958'>5.80</span>", "<span data-toggle='tooltip' data-placement='right' title='原始值：0.13'>0.130</span>", "<span data-toggle='tooltip' data-placement='right' title='原始值：0.1431'>0.143</span>", "<span data-toggle='tooltip' data-placement='right' title='原始值：0.95417'>0.95</span>", "*", "*", "正常"], ["河南省", "淮河流域", "<span data-toggle='tooltip' data-placement='right' title='所在地市:驻马店市&#10;所属河流:洪河'>新蔡班台(班台)</span>", "10-14 08:00", "Ⅳ", "<span data-toggle='tooltip' data-placement='right' title='原始值：21.34736'>21.3</span>", "<span data-toggle='tooltip' data-placement='right' title='原始值：7.39614'>7.40</span>", "<span data-toggle='tooltip' data-placement='right' title='原始值：6.88021'>6.88</span>", "<span data-toggle='tooltip' data-placement='right' title='原始值：653.9123'>653.9</span>", "<span data-toggle='tooltip' data-placement='right' title='原始值：20.71796'>20.7</span>", "<span data-toggle='tooltip' data-placement='right' title='原始值：4.025'>4.02</span>", "<span data-toggle='tooltip' data-placement='right' title='原始值：0.15'>0.150</span>", "<span data-toggle='tooltip' data-placement='right' title='原始值：0.25135'>0.251</span>", "<span data-toggle='tooltip' data-placement='right' title='原始值：2.55174'>2.55</span>", "*", "*", "正常"], ["河南省", "黄河流域", "<span data-toggle='tooltip' data-placement='right' title='所在地市:济源市&#10;所属河流:黄河'>小浪底水库(小浪底)</span>", "10-14 08:00", "Ⅱ", "<span data-toggle='tooltip' data-placement='right' title='原始值：18.2022'>18.2</span>", "<span data-toggle='tooltip' data-placement='right' title='原始值：8.22882'>8.23</span>", "<span data-toggle='tooltip' data-placement='right' title='原始值：7.48734'>7.49</span>", "<span data-toggle='tooltip' data-placement='right' title='原始值：750.2809'>750.3</span>", "<span data-toggle='tooltip' data-placement='right' title='原始值：13.66169'>13.7</span>", "<span data-toggle='tooltip' data-placement='right' title='原始值：1.10734'>1.11</span>", "<span data-toggle='tooltip' data-placement='right' title='原始值：0.14'>0.140</span>", "<span data-toggle='tooltip' data-placement='right' title='原始值：0.0645'>0.064</span>", "<span data-toggle='tooltip' data-placement='right' title='原始值：3.1975'>3.20</span>", "*", "*", "正常"], ["湖北省", "长江流域", "<span data-toggle='tooltip' data-placement='right' title='所在地市:武汉市&#10;所属河流:汉江'>宗关</span>", null, "", "--", "--", "--", "--", "--", "--", "--", "--", "--", "--", "*", "维护"], ["湖北省", "长江流域", "<span data-toggle='tooltip' data-placement='right' title='所在地市:十堰市&#10;所属河流:丹江口水库'>坝上中(胡家岭)</span>", "10-14 08:00", "Ⅱ", "<span data-toggle='tooltip' data-placement='right' title='原始值：22.75'>22.8</span>", "<span data-toggle='tooltip' data-placement='right' title='原始值：7.793762'>7.79</span>", "<span data-toggle='tooltip' data-placement='right' title='原始值：6.093749'>6.09</span>", "<span data-toggle='tooltip' data-placement='right' title='原始值：237.144'>237.1</span>", "<span data-toggle='tooltip' data-placement='right' title='原始值：1.838679'>1.8</span>", "<span data-toggle='tooltip' data-placement='right' title='原始值：2.27'>2.27</span>", "<span data-toggle='tooltip' data-placement='right' title='原始值：0.118'>0.118</span>", "<span data-toggle='tooltip' data-placement='right' title='原始值：0.019'>0.019</span>", "<span data-toggle='tooltip' data-placement='right' title='原始值：1.2629'>1.26</span>", "<span data-toggle='tooltip' data-placement='right' title='原始值：0.0124221'>0.012</span>", "<span data-toggle='tooltip' data-placement='right' title='原始值：1.053E+07'>10530000</span>", "正常"], ["湖北省", "长江流域", "<span data-toggle='tooltip' data-placement='right' title='所在地市:宜昌市&#10;所属河流:长江'>南津关</span>", null, "", "--", "--", "--", "--", "--", "--", "--", "--", "--", "--", "*", "维护"], ["湖南省", "长江流域", "<span data-toggle='tooltip' data-placement='right' title='所在地市:长沙市&#10;所属河流:湘江'>新港</span>", "10-14 08:00", "Ⅱ", "<span data-toggle='tooltip' data-placement='right' title='原始值：21.67'>21.7</span>", "<span data-toggle='tooltip' data-placement='right' title='原始值：7.25'>7.25</span>", "<span data-toggle='tooltip' data-placement='right' title='原始值：9.18'>9.18</span>", "<span data-toggle='tooltip' data-placement='right' title='原始值：254.57'>254.6</span>", "<span data-toggle='tooltip' data-placement='right' title='原始值：32.52'>32.5</span>", "<span data-toggle='tooltip' data-placement='right' title='原始值：1.45'>1.45</span>", "<span data-toggle='tooltip' data-placement='right' title='原始值：0.035'>0.035</span>", "<span data-toggle='tooltip' data-placement='right' title='原始值：0.06'>0.060</span>", "<span data-toggle='tooltip' data-placement='right' title='原始值：1.98'>1.98</span>", "*", "*", "正常"], ["湖南省", "长江流域", "<span data-toggle='tooltip' data-placement='right' title='所在地市:岳阳市&#10;所属河流:洞庭湖'>岳阳楼</span>", "10-14 08:00", "Ⅳ", "<span data-toggle='tooltip' data-placement='right' title='原始值：20.25'>20.2</span>", "<span data-toggle='tooltip' data-placement='right' title='原始值：7.983372'>7.98</span>", "<span data-toggle='tooltip' data-placement='right' title='原始值：7.764951'>7.76</span>", "<span data-toggle='tooltip' data-placement='right' title='原始值：249.7384'>249.7</span>", "<span data-toggle='tooltip' data-placement='right' title='原始值：35.06339'>35.1</span>", "<span data-toggle='tooltip' data-placement='right' title='原始值：1.82'>1.82</span>", "<span data-toggle='tooltip' data-placement='right' title='原始值：0.017'>0.017</span>", "<span data-toggle='tooltip' data-placement='right' title='原始值：0.053'>0.053</span>", "<span data-toggle='tooltip' data-placement='right' title='原始值：2.524'>2.52</span>", "<span data-toggle='tooltip' data-placement='right' title='原始值：0.0032031'>0.003</span>", "<span data-toggle='tooltip' data-placement='right' title='原始值：347.933'>348</span>", "正常"], ["湖南省", "长江流域", "<span data-toggle='tooltip' data-placement='right' title='所在地市:岳阳市&#10;所属河流:长江'>城陵矶</span>", "10-14 08:00", "Ⅱ", "<span data-toggle='tooltip' data-placement='right' title='原始值：21.59'>21.6</span>", "<span data-toggle='tooltip' data-placement='right' title='原始值：7.823332'>7.82</span>", "<span data-toggle='tooltip' data-placement='right' title='原始值：8.924255'>8.92</span>", "<span data-toggle='tooltip' data-placement='right' title='原始值：294.917'>294.9</span>", "<span data-toggle='tooltip' data-placement='right' title='原始值：35.38484'>35.4</span>", "<span data-toggle='tooltip' data-placement='right' title='原始值：1.85'>1.85</span>", "<span data-toggle='tooltip' data-placement='right' title='原始值：0.001'>0.001</span>", "<span data-toggle='tooltip' data-placement='right' title='原始值：0.038'>0.038</span>", "<span data-toggle='tooltip' data-placement='right' title='原始值：1.7686'>1.77</span>", "*", "*", "正常"], ["广东省", "珠江流域", "<span data-toggle='tooltip' data-placement='right' title='所在地市:清远市&#10;所属河流:北江'>七星岗</span>", "10-14 08:00", "Ⅱ", "<span data-toggle='tooltip' data-placement='right' title='原始值：27.10274'>27.1</span>", "<span data-toggle='tooltip' data-placement='right' title='原始值：7.62353'>7.62</span>", "<span data-toggle='tooltip' data-placement='right' title='原始值：7.2767'>7.28</span>", "<span data-toggle='tooltip' data-placement='right' title='原始值：240.7204'>240.7</span>", "<span data-toggle='tooltip' data-placement='right' title='原始值：14.78835'>14.8</span>", "<span data-toggle='tooltip' data-placement='right' title='原始值：0.15'>0.15</span>", "<span data-toggle='tooltip' data-placement='right' title='原始值：0.15747'>0.157</span>", "<span data-toggle='tooltip' data-placement='right' title='原始值：0.03562'>0.036</span>", "<span data-toggle='tooltip' data-placement='right' title='原始值：2.1605'>2.16</span>", "*", "*", "正常"], ["广东省", "珠江流域", "<span data-toggle='tooltip' data-placement='right' title='所在地市:中山市&#10;所属河流:西江'>横栏</span>", "10-14 08:00", "Ⅰ", "<span data-toggle='tooltip' data-placement='right' title='原始值：24.6'>24.6</span>", "<span data-toggle='tooltip' data-placement='right' title='原始值：7.87'>7.87</span>", "<span data-toggle='tooltip' data-placement='right' title='原始值：7.79'>7.79</span>", "<span data-toggle='tooltip' data-placement='right' title='原始值：280'>280.0</span>", "<span data-toggle='tooltip' data-placement='right' title='原始值：6.4'>6.4</span>", "<span data-toggle='tooltip' data-placement='right' title='原始值：1.71'>1.71</span>", "<span data-toggle='tooltip' data-placement='right' title='原始值：0.11694'>0.117</span>", "*", "*", "*", "*", "正常"], ["广西壮族自治区", "珠江流域", "<span data-toggle='tooltip' data-placement='right' title='所在地市:南宁市&#10;所属河流:邕江'>老口</span>", "10-14 08:00", "Ⅱ", "<span data-toggle='tooltip' data-placement='right' title='原始值：24.94106'>24.9</span>", "<span data-toggle='tooltip' data-placement='right' title='原始值：7.5761'>7.58</span>", "<span data-toggle='tooltip' data-placement='right' title='原始值：7.07942'>7.08</span>", "<span data-toggle='tooltip' data-placement='right' title='原始值：291.912'>291.9</span>", "<span data-toggle='tooltip' data-placement='right' title='原始值：8.74212'>8.7</span>", "<span data-toggle='tooltip' data-placement='right' title='原始值：1.14476'>1.14</span>", "<span data-toggle='tooltip' data-placement='right' title='原始值：0.103'>0.103</span>", "<span data-toggle='tooltip' data-placement='right' title='原始值：0.03105'>0.031</span>", "<span data-toggle='tooltip' data-placement='right' title='原始值：1.65122'>1.65</span>", "*", "*", "正常"], ["广西壮族自治区", "珠江流域", "<span data-toggle='tooltip' data-placement='right' title='所在地市:桂林市&#10;所属河流:漓江'>阳朔</span>", null, "", "--", "--", "--", "--", "--", "--", "--", "--", "--", "*", "*", "停站"], ["广西壮族自治区", "珠江流域", "<span data-toggle='tooltip' data-placement='right' title='所在地市:梧州市&#10;所属河流:浔江'>界首</span>", null, "", "--", "--", "--", "--", "--", "--", "--", "--", "--", "*", "*", "停站"], ["广西壮族自治区", "珠江流域", "<span data-toggle='tooltip' data-placement='right' title='所在地市:贵港市&#10;所属河流:浔江'>石嘴</span>", "10-14 08:00", "Ⅱ", "<span data-toggle='tooltip' data-placement='right' title='原始值：26.05157'>26.1</span>", "<span data-toggle='tooltip' data-placement='right' title='原始值：7.93298'>7.93</span>", "<span data-toggle='tooltip' data-placement='right' title='原始值：8.1771'>8.18</span>", "<span data-toggle='tooltip' data-placement='right' title='原始值：301.8018'>301.8</span>", "<span data-toggle='tooltip' data-placement='right' title='原始值：26.54618'>26.5</span>", "<span data-toggle='tooltip' data-placement='right' title='原始值：1.1'>1.10</span>", "<span data-toggle='tooltip' data-placement='right' title='原始值：0.16'>0.160</span>", "<span data-toggle='tooltip' data-placement='right' title='原始值：0.03008'>0.030</span>", "<span data-toggle='tooltip' data-placement='right' title='原始值：2.408'>2.41</span>", "*", "*", "正常"], ["广西壮族自治区", "珠江流域", "<span data-toggle='tooltip' data-placement='right' title='所在地市:崇左市&#10;所属河流:平而河'>平而关</span>", "10-14 04:00", "Ⅰ", "<span data-toggle='tooltip' data-placement='right' title='原始值：26.58027'>26.6</span>", "<span data-toggle='tooltip' data-placement='right' title='原始值：8.03915'>8.04</span>", "<span data-toggle='tooltip' data-placement='right' title='原始值：7.64186'>7.64</span>", "<span data-toggle='tooltip' data-placement='right' title='原始值：243.7538'>243.8</span>", "<span data-toggle='tooltip' data-placement='right' title='原始值：31.08803'>31.1</span>", "<span data-toggle='tooltip' data-placement='right' title='原始值：1.155'>1.16</span>", "<span data-toggle='tooltip' data-placement='right' title='原始值：0.02'>0.020</span>", "*", "*", "*", "*", "正常"], ["重庆市", "长江流域", "<span data-toggle='tooltip' data-placement='right' title='所在地市:永川区&#10;所属河流:长江'>朱沱</span>", null, "", "--", "--", "--", "--", "--", "--", "--", "--", "--", "*", "*", "停站"], ["四川省", "长江流域", "<span data-toggle='tooltip' data-placement='right' title='所在地市:攀枝花市&#10;所属河流:金沙江'>龙洞</span>", "10-14 08:00", "Ⅰ", "<span data-toggle='tooltip' data-placement='right' title='原始值：20.19'>20.2</span>", "<span data-toggle='tooltip' data-placement='right' title='原始值：8.312664'>8.31</span>", "<span data-toggle='tooltip' data-placement='right' title='原始值：9.431065'>9.43</span>", "<span data-toggle='tooltip' data-placement='right' title='原始值：852.2'>852.2</span>", "<span data-toggle='tooltip' data-placement='right' title='原始值：0.101122'>0.1</span>", "<span data-toggle='tooltip' data-placement='right' title='原始值：0.97'>0.97</span>", "<span data-toggle='tooltip' data-placement='right' title='原始值：0.009'>0.009</span>", "<span data-toggle='tooltip' data-placement='right' title='原始值：0.0081804'>0.008</span>", "<span data-toggle='tooltip' data-placement='right' title='原始值：0.460895'>0.46</span>", "*", "*", "正常"], ["四川省", "长江流域", "<span data-toggle='tooltip' data-placement='right' title='所在地市:泸州市&#10;所属河流:沱江'>沱江大桥(沱江二桥)</span>", "10-14 08:00", "Ⅲ", "<span data-toggle='tooltip' data-placement='right' title='原始值：20.87'>20.9</span>", "<span data-toggle='tooltip' data-placement='right' title='原始值：8.163586'>8.16</span>", "<span data-toggle='tooltip' data-placement='right' title='原始值：8.981476'>8.98</span>", "<span data-toggle='tooltip' data-placement='right' title='原始值：469.9951'>470.0</span>", "<span data-toggle='tooltip' data-placement='right' title='原始值：123.4194'>123.4</span>", "<span data-toggle='tooltip' data-placement='right' title='原始值：3.27'>3.27</span>", "<span data-toggle='tooltip' data-placement='right' title='原始值：0.001'>0.001</span>", "<span data-toggle='tooltip' data-placement='right' title='原始值：0.198231'>0.198</span>", "<span data-toggle='tooltip' data-placement='right' title='原始值：4.156013'>4.16</span>", "*", "*", "正常"], ["四川省", "长江流域", "<span data-toggle='tooltip' data-placement='right' title='所在地市:广元市&#10;所属河流:嘉陵江'>清风峡</span>", null, "", "--", "--", "--", "--", "--", "--", "--", "--", "--", "*", "*", "停站"], ["四川省", "长江流域", "<span data-toggle='tooltip' data-placement='right' title='所在地市:乐山市&#10;所属河流:岷江'>岷江大桥</span>", null, "", "--", "--", "--", "--", "--", "--", "--", "--", "--", "*", "*", "停站"], ["四川省", "长江流域", "<span data-toggle='tooltip' data-placement='right' title='所在地市:宜宾市&#10;所属河流:岷江'>凉姜沟</span>", "10-14 08:00", "Ⅱ", "<span data-toggle='tooltip' data-placement='right' title='原始值：18.08'>18.1</span>", "<span data-toggle='tooltip' data-placement='right' title='原始值：8.068932'>8.07</span>", "<span data-toggle='tooltip' data-placement='right' title='原始值：9.57475'>9.57</span>", "<span data-toggle='tooltip' data-placement='right' title='原始值：279.9292'>279.9</span>", "<span data-toggle='tooltip' data-placement='right' title='原始值：47.34957'>47.3</span>", "<span data-toggle='tooltip' data-placement='right' title='原始值：1.57'>1.57</span>", "<span data-toggle='tooltip' data-placement='right' title='原始值：0.007'>0.007</span>", "<span data-toggle='tooltip' data-placement='right' title='原始值：0.0680148'>0.068</span>", "<span data-toggle='tooltip' data-placement='right' title='原始值：1.830124'>1.83</span>", "*", "*", "正常"], ["云南省", "滇池流域", "<span data-toggle='tooltip' data-placement='right' title='所在地市:昆明市&#10;所属河流:滇池'>西苑隧道</span>", "10-14 08:00", "Ⅳ", "<span data-toggle='tooltip' data-placement='right' title='原始值：20.78'>20.8</span>", "<span data-toggle='tooltip' data-placement='right' title='原始值：7.78695'>7.79</span>", "<span data-toggle='tooltip' data-placement='right' title='原始值：5.769'>5.77</span>", "<span data-toggle='tooltip' data-placement='right' title='原始值：653.179'>653.2</span>", "<span data-toggle='tooltip' data-placement='right' title='原始值：20.446'>20.4</span>", "<span data-toggle='tooltip' data-placement='right' title='原始值：8.41'>8.41</span>", "<span data-toggle='tooltip' data-placement='right' title='原始值：0.05086'>0.051</span>", "<span data-toggle='tooltip' data-placement='right' title='原始值：0.05862'>0.059</span>", "<span data-toggle='tooltip' data-placement='right' title='原始值：2.16872'>2.17</span>", "<span data-toggle='tooltip' data-placement='right' title='原始值：0.00436'>0.004</span>", "<span data-toggle='tooltip' data-placement='right' title='原始值：4184092'>4184092</span>", "正常"], ["云南省", "滇池流域", "<span data-toggle='tooltip' data-placement='right' title='所在地市:昆明市&#10;所属河流:滇池'>观音山</span>", "10-14 04:00", "Ⅳ", "<span data-toggle='tooltip' data-placement='right' title='原始值：21.90665'>21.9</span>", "<span data-toggle='tooltip' data-placement='right' title='原始值：8.88566'>8.89</span>", "<span data-toggle='tooltip' data-placement='right' title='原始值：8.40818'>8.41</span>", "<span data-toggle='tooltip' data-placement='right' title='原始值：416.8094'>416.8</span>", "<span data-toggle='tooltip' data-placement='right' title='原始值：27.63017'>27.6</span>", "<span data-toggle='tooltip' data-placement='right' title='原始值：6.6'>6.60</span>", "<span data-toggle='tooltip' data-placement='right' title='原始值：0.58'>0.580</span>", "<span data-toggle='tooltip' data-placement='right' title='原始值：0.0878'>0.088</span>", "<span data-toggle='tooltip' data-placement='right' title='原始值：1.202'>1.20</span>", "<span data-toggle='tooltip' data-placement='right' title='原始值：0.00138'>0.001</span>", "<span data-toggle='tooltip' data-placement='right' title='原始值：1.362269E+07'>13622690</span>", "正常"], ["云南省", "西南诸河", "<span data-toggle='tooltip' data-placement='right' title='所在地市:红河哈尼族彝族自治州&#10;所属河流:红河'>河口县医院(河口)</span>", "10-14 08:00", "Ⅱ", "<span data-toggle='tooltip' data-placement='right' title='原始值：25.11411'>25.1</span>", "<span data-toggle='tooltip' data-placement='right' title='原始值：6.8801'>6.88</span>", "<span data-toggle='tooltip' data-placement='right' title='原始值：7.90684'>7.91</span>", "<span data-toggle='tooltip' data-placement='right' title='原始值：199.8436'>199.8</span>", "<span data-toggle='tooltip' data-placement='right' title='原始值：60.03552'>60.0</span>", "<span data-toggle='tooltip' data-placement='right' title='原始值：1.52584'>1.53</span>", "<span data-toggle='tooltip' data-placement='right' title='原始值：0.09285'>0.093</span>", "<span data-toggle='tooltip' data-placement='right' title='原始值：0.05492'>0.055</span>", "<span data-toggle='tooltip' data-placement='right' title='原始值：1.37781'>1.38</span>", "*", "*", "正常"], ["云南省", "西南诸河", "<span data-toggle='tooltip' data-placement='right' title='所在地市:西双版纳傣族自治州&#10;所属河流:澜沧江'>橄榄坝</span>", "10-14 08:00", "Ⅱ", "<span data-toggle='tooltip' data-placement='right' title='原始值：19.78438'>19.8</span>", "<span data-toggle='tooltip' data-placement='right' title='原始值：7.755'>7.76</span>", "<span data-toggle='tooltip' data-placement='right' title='原始值：6.23733'>6.24</span>", "<span data-toggle='tooltip' data-placement='right' title='原始值：471.2037'>471.2</span>", "<span data-toggle='tooltip' data-placement='right' title='原始值：19.60311'>19.6</span>", "<span data-toggle='tooltip' data-placement='right' title='原始值：0.45'>0.45</span>", "<span data-toggle='tooltip' data-placement='right' title='原始值：0.02007'>0.020</span>", "*", "*", "*", "*", "正常"], ["陕西省", "黄河流域", "<span data-toggle='tooltip' data-placement='right' title='所在地市:渭南市&#10;所属河流:渭河'>潼关吊桥</span>", null, "", "--", "--", "--", "--", "--", "--", "--", "--", "--", "*", "*", "停站"], ["甘肃省", "黄河流域", "<span data-toggle='tooltip' data-placement='right' title='所在地市:兰州市&#10;所属河流:黄河'>新城桥</span>", "10-14 08:00", "Ⅰ", "<span data-toggle='tooltip' data-placement='right' title='原始值：14.07193'>14.1</span>", "<span data-toggle='tooltip' data-placement='right' title='原始值：7.15862'>7.16</span>", "<span data-toggle='tooltip' data-placement='right' title='原始值：8.40062'>8.40</span>", "<span data-toggle='tooltip' data-placement='right' title='原始值：418.0693'>418.1</span>", "<span data-toggle='tooltip' data-placement='right' title='原始值：70.38618'>70.4</span>", "<span data-toggle='tooltip' data-placement='right' title='原始值：1.85'>1.85</span>", "<span data-toggle='tooltip' data-placement='right' title='原始值：0.12'>0.120</span>", "<span data-toggle='tooltip' data-placement='right' title='原始值：0.01611'>0.016</span>", "<span data-toggle='tooltip' data-placement='right' title='原始值：1.53452'>1.53</span>", "*", "*", "正常"], ["宁夏回族自治区", "黄河流域", "<span data-toggle='tooltip' data-placement='right' title='所在地市:中卫市&#10;所属河流:黄河'>中卫下河沿(新墩)</span>", "10-14 08:00", "Ⅱ", "<span data-toggle='tooltip' data-placement='right' title='原始值：15.00338'>15.0</span>", "<span data-toggle='tooltip' data-placement='right' title='原始值：7.57327'>7.57</span>", "<span data-toggle='tooltip' data-placement='right' title='原始值：8.39077'>8.39</span>", "<span data-toggle='tooltip' data-placement='right' title='原始值：490.7771'>490.8</span>", "<span data-toggle='tooltip' data-placement='right' title='原始值：137.1774'>137.2</span>", "<span data-toggle='tooltip' data-placement='right' title='原始值：0.52'>0.52</span>", "<span data-toggle='tooltip' data-placement='right' title='原始值：0.09'>0.090</span>", "<span data-toggle='tooltip' data-placement='right' title='原始值：0.0444'>0.044</span>", "<span data-toggle='tooltip' data-placement='right' title='原始值：1.6677'>1.67</span>", "*", "*", "正常"]]}