{"result": 1, "total": 1, "records": 98, "thead": ["省份", "流域", "断面名称", "监测时间", "水质类别", "水温<br/><span class='unit'>(℃)</span>", "pH<br/><span class='unit'>(无量纲)</span>", "溶解氧<br/><span class='unit'>(mg/L)</span>", "电导率<br/><span class='unit'>(μS/cm)</span>", "浊度<br/><span class='unit'>(NTU)</span>", "高锰酸盐指数<br/><span class='unit'>(mg/L)</span>", "氨氮<br/><span class='unit'>(mg/L)</span>", "总磷<br/><span class='unit'>(mg/L)</span>", "总氮<br/><span class='unit'>(mg/L)</span>", "叶绿素α<br/><span class='unit'>(mg/L)</span>", "藻密度<br/><span class='unit'>(cells/L)</span>", "站点情况"], "tbody": [["北京市", "海河流域", "<span data-toggle='tooltip' data-placement='right' title='所在地市:门头沟区&#10;所属河流:永定河'>沿河城</span>", "07-16 08:00", "Ⅳ", "<span data-toggle='tooltip' data-placement='right' title='原始值：24.79303'>24.8</span>", "<span data-toggle='tooltip' data-placement='right' title='原始值：8.43497'>8.43</span>", "<span data-toggle='tooltip' data-placement='right' title='原始值：7.39831'>7.40</span>", "<span data-toggle='tooltip' data-placement='right' title='原始值：1446.088'>1446.1</span>", "<span data-toggle='tooltip' data-placement='right' title='原始值：15.52661'>15.5</span>", "<span data-toggle='tooltip' data-placement='right' title='原始值：6.63'>6.63</span>", "<span data-toggle='tooltip' data-placement='right' title='原始值：0.11'>0.110</span>", "<span data-toggle='tooltip' data-placement='right' title='原始值：0.03658'>0.037</span>", "<span data-toggle='tooltip' data-placement='right' title='原始值：0.91594'>0.92</span>", "*", "*", "正常"], ["北京市", "海河流域", "<span data-toggle='tooltip' data-placement='right' title='所在地市:密云区&#10;所属河流:潮河'>古北口</span>", "07-16 08:00", "Ⅱ", "<span data-toggle='tooltip' data-placement='right' title='原始值：25.50237'>25.5</span>", "<span data-toggle='tooltip' data-placement='right' title='原始值：7.35247'>7.35</span>", "<span data-toggle='tooltip' data-placement='right' title='原始值：6.90185'>6.90</span>", "<span data-toggle='tooltip' data-placement='right' title='原始值：619.9672'>620.0</span>", "<span data-toggle='tooltip' data-placement='right' title='原始值：5.06014'>5.1</span>", "<span data-toggle='tooltip' data-placement='right' title='原始值：1.205'>1.20</span>", "<span data-toggle='tooltip' data-placement='right' title='原始值：0.28'>0.280</span>", "<span data-toggle='tooltip' data-placement='right' title='原始值：0.0031'>0.003</span>", "<span data-toggle='tooltip' data-placement='right' title='原始值：3.0791'>3.08</span>", "*", "*", "正常"], ["天津市", "海河流域", "<span data-toggle='tooltip' data-placement='right' title='所在地市:河北区&#10;所属河流:海河'>三岔口</span>", "07-16 08:00", "Ⅱ", "<span data-toggle='tooltip' data-placement='right' title='原始值：28.2628'>28.3</span>", "<span data-toggle='tooltip' data-placement='right' title='原始值：7.5343'>7.53</span>", "<span data-toggle='tooltip' data-placement='right' title='原始值：6.514'>6.51</span>", "<span data-toggle='tooltip' data-placement='right' title='原始值：262.1307'>262.1</span>", "<span data-toggle='tooltip' data-placement='right' title='原始值：11.842'>11.8</span>", "<span data-toggle='tooltip' data-placement='right' title='原始值：1.63'>1.63</span>", "<span data-toggle='tooltip' data-placement='right' title='原始值：0.17'>0.170</span>", "<span data-toggle='tooltip' data-placement='right' title='原始值：0.0429'>0.043</span>", "<span data-toggle='tooltip' data-placement='right' title='原始值：1.08'>1.08</span>", "*", "*", "正常"], ["天津市", "海河流域", "<span data-toggle='tooltip' data-placement='right' title='所在地市:蓟州区&#10;所属河流:果河'>果河桥</span>", "07-16 08:00", "Ⅱ", "<span data-toggle='tooltip' data-placement='right' title='原始值：26.2'>26.2</span>", "<span data-toggle='tooltip' data-placement='right' title='原始值：8.406'>8.41</span>", "<span data-toggle='tooltip' data-placement='right' title='原始值：11.951'>11.95</span>", "<span data-toggle='tooltip' data-placement='right' title='原始值：568.227'>568.2</span>", "<span data-toggle='tooltip' data-placement='right' title='原始值：4.214'>4.2</span>", "<span data-toggle='tooltip' data-placement='right' title='原始值：2.2157'>2.22</span>", "<span data-toggle='tooltip' data-placement='right' title='原始值：0.16'>0.160</span>", "<span data-toggle='tooltip' data-placement='right' title='原始值：0.016'>0.016</span>", "<span data-toggle='tooltip' data-placement='right' title='原始值：2.9712'>2.97</span>", "*", "*", "正常"], ["河北省", "海河流域", "<span data-toggle='tooltip' data-placement='right' title='所在地市:石家庄市&#10;所属河流:滹沱河'>岗南水库</span>", "07-16 08:00", "Ⅱ", "<span data-toggle='tooltip' data-placement='right' title='原始值：26.61375'>26.6</span>", "<span data-toggle='tooltip' data-placement='right' title='原始值：8.44327'>8.44</span>", "<span data-toggle='tooltip' data-placement='right' title='原始值：8.72427'>8.72</span>", "<span data-toggle='tooltip' data-placement='right' title='原始值：578.1011'>578.1</span>", "<span data-toggle='tooltip' data-placement='right' title='原始值：3.24372'>3.2</span>", "<span data-toggle='tooltip' data-placement='right' title='原始值：2.09133'>2.09</span>", "<span data-toggle='tooltip' data-placement='right' title='原始值：0.04'>0.040</span>", "<span data-toggle='tooltip' data-placement='right' title='原始值：0.01413'>0.014</span>", "<span data-toggle='tooltip' data-placement='right' title='原始值：1.79994'>1.80</span>", "*", "*", "正常"], ["河北省", "海河流域", "<span data-toggle='tooltip' data-placement='right' title='所在地市:张家口市&#10;所属河流:永定河'>八号桥</span>", "07-16 08:00", "Ⅲ", "<span data-toggle='tooltip' data-placement='right' title='原始值：25.96634'>26.0</span>", "<span data-toggle='tooltip' data-placement='right' title='原始值：7.73488'>7.73</span>", "<span data-toggle='tooltip' data-placement='right' title='原始值：6.69972'>6.70</span>", "<span data-toggle='tooltip' data-placement='right' title='原始值：1295.397'>1295.4</span>", "<span data-toggle='tooltip' data-placement='right' title='原始值：57.12933'>57.1</span>", "<span data-toggle='tooltip' data-placement='right' title='原始值：5.53'>5.53</span>", "<span data-toggle='tooltip' data-placement='right' title='原始值：0.2'>0.200</span>", "<span data-toggle='tooltip' data-placement='right' title='原始值：0.179'>0.179</span>", "<span data-toggle='tooltip' data-placement='right' title='原始值：1.835'>1.84</span>", "*", "*", "正常"], ["山西省", "黄河流域", "<span data-toggle='tooltip' data-placement='right' title='所在地市:运城市&#10;所属河流:汾河'>河津大桥</span>", "07-16 08:00", "Ⅳ", "<span data-toggle='tooltip' data-placement='right' title='原始值：27.48565'>27.5</span>", "<span data-toggle='tooltip' data-placement='right' title='原始值：6.72197'>6.72</span>", "<span data-toggle='tooltip' data-placement='right' title='原始值：5.79031'>5.79</span>", "<span data-toggle='tooltip' data-placement='right' title='原始值：1154.689'>1154.7</span>", "<span data-toggle='tooltip' data-placement='right' title='原始值：356.5369'>356.5</span>", "<span data-toggle='tooltip' data-placement='right' title='原始值：6.675'>6.68</span>", "<span data-toggle='tooltip' data-placement='right' title='原始值：0.08'>0.080</span>", "*", "*", "*", "*", "正常"], ["山西省", "黄河流域", "<span data-toggle='tooltip' data-placement='right' title='所在地市:忻州市&#10;所属河流:黄河'>万家寨水库</span>", "07-16 08:00", "Ⅱ", "<span data-toggle='tooltip' data-placement='right' title='原始值：24.86932'>24.9</span>", "<span data-toggle='tooltip' data-placement='right' title='原始值：7.93083'>7.93</span>", "<span data-toggle='tooltip' data-placement='right' title='原始值：9.20939'>9.21</span>", "<span data-toggle='tooltip' data-placement='right' title='原始值：1031.758'>1031.8</span>", "<span data-toggle='tooltip' data-placement='right' title='原始值：31.47576'>31.5</span>", "<span data-toggle='tooltip' data-placement='right' title='原始值：3.93'>3.93</span>", "<span data-toggle='tooltip' data-placement='right' title='原始值：0.31'>0.310</span>", "<span data-toggle='tooltip' data-placement='right' title='原始值：0.07725'>0.077</span>", "<span data-toggle='tooltip' data-placement='right' title='原始值：1.725'>1.72</span>", "*", "*", "正常"], ["内蒙古自治区", "黄河流域", "<span data-toggle='tooltip' data-placement='right' title='所在地市:包头市&#10;所属河流:黄河'>画匠营子</span>", "07-16 08:00", "Ⅱ", "<span data-toggle='tooltip' data-placement='right' title='原始值：25.72919'>25.7</span>", "<span data-toggle='tooltip' data-placement='right' title='原始值：7.62641'>7.63</span>", "<span data-toggle='tooltip' data-placement='right' title='原始值：6.82152'>6.82</span>", "<span data-toggle='tooltip' data-placement='right' title='原始值：734.1556'>734.2</span>", "<span data-toggle='tooltip' data-placement='right' title='原始值：2043.332'>2043.3</span>", "<span data-toggle='tooltip' data-placement='right' title='原始值：3.57214'>3.57</span>", "<span data-toggle='tooltip' data-placement='right' title='原始值：0.05155'>0.052</span>", "*", "*", "*", "*", "正常"], ["内蒙古自治区", "黄河流域", "<span data-toggle='tooltip' data-placement='right' title='所在地市:乌海市&#10;所属河流:黄河'>海勃湾</span>", "07-16 08:00", "Ⅳ", "<span data-toggle='tooltip' data-placement='right' title='原始值：22.50617'>22.5</span>", "<span data-toggle='tooltip' data-placement='right' title='原始值：7.24709'>7.25</span>", "<span data-toggle='tooltip' data-placement='right' title='原始值：5.86634'>5.87</span>", "<span data-toggle='tooltip' data-placement='right' title='原始值：469.5333'>469.5</span>", "<span data-toggle='tooltip' data-placement='right' title='原始值：1543.572'>1543.6</span>", "<span data-toggle='tooltip' data-placement='right' title='原始值：2.03'>2.03</span>", "<span data-toggle='tooltip' data-placement='right' title='原始值：1.36'>1.360</span>", "*", "*", "*", "*", "正常"], ["内蒙古自治区", "松花江流域", "<span data-toggle='tooltip' data-placement='right' title='所在地市:呼伦贝尔市&#10;所属河流:额尔古纳河'>黑山头</span>", null, "", "--", "--", "--", "--", "--", "--", "--", "--", "--", "*", "*", "停站"], ["辽宁省", "辽河流域", "<span data-toggle='tooltip' data-placement='right' title='所在地市:抚顺市&#10;所属河流:浑河'>大伙房水库</span>", "07-16 08:00", "Ⅱ", "<span data-toggle='tooltip' data-placement='right' title='原始值：25.19204'>25.2</span>", "<span data-toggle='tooltip' data-placement='right' title='原始值：6.68176'>6.68</span>", "<span data-toggle='tooltip' data-placement='right' title='原始值：7.66012'>7.66</span>", "<span data-toggle='tooltip' data-placement='right' title='原始值：328.3922'>328.4</span>", "<span data-toggle='tooltip' data-placement='right' title='原始值：6.64577'>6.6</span>", "<span data-toggle='tooltip' data-placement='right' title='原始值：2.11138'>2.11</span>", "<span data-toggle='tooltip' data-placement='right' title='原始值：0.06'>0.060</span>", "<span data-toggle='tooltip' data-placement='right' title='原始值：0.01335'>0.013</span>", "<span data-toggle='tooltip' data-placement='right' title='原始值：2.00383'>2.00</span>", "<span data-toggle='tooltip' data-placement='right' title='极值过滤'>--</span>", "*", "维护"], ["辽宁省", "辽河流域", "<span data-toggle='tooltip' data-placement='right' title='所在地市:丹东市&#10;所属河流:鸭绿江'>江桥</span>", "07-16 08:00", "Ⅰ", "<span data-toggle='tooltip' data-placement='right' title='原始值：18.2'>18.2</span>", "<span data-toggle='tooltip' data-placement='right' title='原始值：6.85'>6.85</span>", "<span data-toggle='tooltip' data-placement='right' title='原始值：8.56'>8.56</span>", "<span data-toggle='tooltip' data-placement='right' title='原始值：149'>149.0</span>", "<span data-toggle='tooltip' data-placement='right' title='原始值：25.99395'>26.0</span>", "<span data-toggle='tooltip' data-placement='right' title='原始值：0.04'>0.04</span>", "<span data-toggle='tooltip' data-placement='right' title='原始值：0.02902'>0.029</span>", "<span data-toggle='tooltip' data-placement='right' title='原始值：0.00963'>0.010</span>", "<span data-toggle='tooltip' data-placement='right' title='原始值：2.02261'>2.02</span>", "*", "*", "正常"], ["辽宁省", "辽河流域", "<span data-toggle='tooltip' data-placement='right' title='所在地市:营口市&#10;所属河流:大辽河'>辽河公园</span>", "07-16 08:00", "劣Ⅴ", "<span data-toggle='tooltip' data-placement='right' title='原始值：24.62893'>24.6</span>", "<span data-toggle='tooltip' data-placement='right' title='原始值：5.34123'>5.34</span>", "<span data-toggle='tooltip' data-placement='right' title='原始值：8.09568'>8.10</span>", "<span data-toggle='tooltip' data-placement='right' title='原始值：32485.68'>32485.7</span>", "<span data-toggle='tooltip' data-placement='right' title='原始值：97.15417'>97.2</span>", "<span data-toggle='tooltip' data-placement='right' title='原始值：4.95719'>4.96</span>", "<span data-toggle='tooltip' data-placement='right' title='原始值：0.0703'>0.070</span>", "<span data-toggle='tooltip' data-placement='right' title='原始值：0.19296'>0.193</span>", "<span data-toggle='tooltip' data-placement='right' title='原始值：3.3032'>3.30</span>", "*", "*", "正常"], ["辽宁省", "辽河流域", "<span data-toggle='tooltip' data-placement='right' title='所在地市:辽阳市&#10;所属河流:太子河'>汤河水库</span>", "07-16 08:00", "", "<span data-toggle='tooltip' data-placement='right' title='原始值：17.1'>17.1</span>", "<span data-toggle='tooltip' data-placement='right' title='原始值：7.52'>7.52</span>", "<span data-toggle='tooltip' data-placement='right' title='原始值：0.78'>0.78</span>", "<span data-toggle='tooltip' data-placement='right' title='原始值：479.7734'>479.8</span>", "<span data-toggle='tooltip' data-placement='right' title='原始值：85.83434'>85.8</span>", "<span data-toggle='tooltip' data-placement='right' title='原始值：1.49'>1.49</span>", "<span data-toggle='tooltip' data-placement='right' title='原始值：0.01369'>0.014</span>", "<span data-toggle='tooltip' data-placement='right' title='极值过滤'>--</span>", "<span data-toggle='tooltip' data-placement='right' title='原始值：17.8277'>17.83</span>", "*", "*", "维护"], ["辽宁省", "辽河流域", "<span data-toggle='tooltip' data-placement='right' title='所在地市:盘锦市&#10;所属河流:辽河'>盘锦兴安(兴安)</span>", "07-16 08:00", "", "<span data-toggle='tooltip' data-placement='right' title='原始值：26.81788'>26.8</span>", "<span data-toggle='tooltip' data-placement='right' title='原始值：6.3719'>6.37</span>", "<span data-toggle='tooltip' data-placement='right' title='原始值：5.62832'>5.63</span>", "<span data-toggle='tooltip' data-placement='right' title='原始值：1030.29'>1030.3</span>", "<span data-toggle='tooltip' data-placement='right' title='原始值：166.6566'>166.7</span>", "<span data-toggle='tooltip' data-placement='right' title='原始值：3.14358'>3.14</span>", "<span data-toggle='tooltip' data-placement='right' title='极值过滤'>--</span>", "<span data-toggle='tooltip' data-placement='right' title='原始值：0.12934'>0.129</span>", "<span data-toggle='tooltip' data-placement='right' title='原始值：1.6795'>1.68</span>", "*", "*", "维护"], ["辽宁省", "辽河流域", "<span data-toggle='tooltip' data-placement='right' title='所在地市:铁岭市&#10;所属河流:辽河'>珠尔山</span>", "07-16 08:00", "Ⅲ", "<span data-toggle='tooltip' data-placement='right' title='原始值：25.9819'>26.0</span>", "<span data-toggle='tooltip' data-placement='right' title='原始值：7.50246'>7.50</span>", "<span data-toggle='tooltip' data-placement='right' title='原始值：7.21653'>7.22</span>", "<span data-toggle='tooltip' data-placement='right' title='原始值：391.5783'>391.6</span>", "<span data-toggle='tooltip' data-placement='right' title='原始值：43.07764'>43.1</span>", "<span data-toggle='tooltip' data-placement='right' title='原始值：5.32464'>5.32</span>", "<span data-toggle='tooltip' data-placement='right' title='原始值：0.16'>0.160</span>", "<span data-toggle='tooltip' data-placement='right' title='原始值：0.11527'>0.115</span>", "<span data-toggle='tooltip' data-placement='right' title='原始值：2.7576'>2.76</span>", "*", "*", "正常"], ["吉林省", "松花江流域", "<span data-toggle='tooltip' data-placement='right' title='所在地市:长春市&#10;所属河流:松花江'>松花江村</span>", null, "", "--", "--", "--", "--", "--", "--", "--", "--", "--", "*", "*", "停站"], ["吉林省", "松花江流域", "<span data-toggle='tooltip' data-placement='right' title='所在地市:白城市&#10;所属河流:嫩江'>白沙滩</span>", "07-16 08:00", "Ⅳ", "<span data-toggle='tooltip' data-placement='right' title='原始值：29.96428'>30.0</span>", "<span data-toggle='tooltip' data-placement='right' title='原始值：6.96063'>6.96</span>", "<span data-toggle='tooltip' data-placement='right' title='原始值：6.8536'>6.85</span>", "<span data-toggle='tooltip' data-placement='right' title='原始值：267.154'>267.2</span>", "<span data-toggle='tooltip' data-placement='right' title='原始值：511.6822'>511.7</span>", "<span data-toggle='tooltip' data-placement='right' title='原始值：4.46'>4.46</span>", "<span data-toggle='tooltip' data-placement='right' title='原始值：0.2'>0.200</span>", "<span data-toggle='tooltip' data-placement='right' title='原始值：0.24546'>0.245</span>", "<span data-toggle='tooltip' data-placement='right' title='原始值：2.28668'>2.29</span>", "*", "*", "正常"], ["吉林省", "松花江流域", "<span data-toggle='tooltip' data-placement='right' title='所在地市:延边朝鲜族自治州&#10;所属河流:图们江'>圈河</span>", null, "", "--", "--", "--", "--", "--", "--", "--", "--", "--", "*", "*", "停站"], ["黑龙江省", "松花江流域", "<span data-toggle='tooltip' data-placement='right' title='所在地市:大庆市&#10;所属河流:松花江'>肇源</span>", null, "", "--", "--", "--", "--", "--", "--", "--", "--", "--", "*", "*", "停站"], ["黑龙江省", "松花江流域", "<span data-toggle='tooltip' data-placement='right' title='所在地市:佳木斯市&#10;所属河流:乌苏里江'>乌苏镇</span>", null, "", "--", "--", "--", "--", "--", "--", "--", "--", "--", "*", "*", "停站"], ["黑龙江省", "松花江流域", "<span data-toggle='tooltip' data-placement='right' title='所在地市:佳木斯市&#10;所属河流:松花江'>同江</span>", null, "", "--", "--", "--", "--", "--", "--", "--", "--", "--", "*", "*", "停站"], ["黑龙江省", "松花江流域", "<span data-toggle='tooltip' data-placement='right' title='所在地市:黑河市&#10;所属河流:黑龙江'>黑河下(黑河)</span>", null, "", "--", "--", "--", "--", "--", "--", "--", "--", "--", "*", "*", "停站"], ["上海市", "长江流域", "<span data-toggle='tooltip' data-placement='right' title='所在地市:青浦区&#10;所属河流:淀山湖'>急水港桥</span>", "07-16 08:00", "Ⅳ", "<span data-toggle='tooltip' data-placement='right' title='原始值：25'>25.0</span>", "<span data-toggle='tooltip' data-placement='right' title='原始值：7.17'>7.17</span>", "<span data-toggle='tooltip' data-placement='right' title='原始值：3.55'>3.55</span>", "<span data-toggle='tooltip' data-placement='right' title='原始值：456'>456.0</span>", "<span data-toggle='tooltip' data-placement='right' title='原始值：77.8'>77.8</span>", "<span data-toggle='tooltip' data-placement='right' title='原始值：3.20312'>3.20</span>", "<span data-toggle='tooltip' data-placement='right' title='原始值：0.37745'>0.377</span>", "<span data-toggle='tooltip' data-placement='right' title='原始值：0.08252'>0.083</span>", "<span data-toggle='tooltip' data-placement='right' title='原始值：3.03127'>3.03</span>", "<span data-toggle='tooltip' data-placement='right' title='原始值：0.00425'>0.004</span>", "<span data-toggle='tooltip' data-placement='right' title='原始值：5201229'>5201229</span>", "正常"], ["江苏省", "长江流域", "<span data-toggle='tooltip' data-placement='right' title='所在地市:南京市&#10;所属河流:长江'>林山</span>", "07-16 08:00", "Ⅳ", "<span data-toggle='tooltip' data-placement='right' title='原始值：25.9345'>25.9</span>", "<span data-toggle='tooltip' data-placement='right' title='原始值：7.60111'>7.60</span>", "<span data-toggle='tooltip' data-placement='right' title='原始值：4.54877'>4.55</span>", "<span data-toggle='tooltip' data-placement='right' title='原始值：269.493'>269.5</span>", "<span data-toggle='tooltip' data-placement='right' title='原始值：82.6081'>82.6</span>", "<span data-toggle='tooltip' data-placement='right' title='原始值：3.54'>3.54</span>", "<span data-toggle='tooltip' data-placement='right' title='原始值：0.09'>0.090</span>", "*", "*", "*", "*", "正常"], ["江苏省", "太湖流域", "<span data-toggle='tooltip' data-placement='right' title='所在地市:无锡市&#10;所属河流:太湖'>沙渚</span>", "07-16 08:00", "Ⅲ", "<span data-toggle='tooltip' data-placement='right' title='原始值：25.46424'>25.5</span>", "<span data-toggle='tooltip' data-placement='right' title='原始值：7.754681'>7.75</span>", "<span data-toggle='tooltip' data-placement='right' title='原始值：5.920681'>5.92</span>", "<span data-toggle='tooltip' data-placement='right' title='原始值：361.2801'>361.3</span>", "<span data-toggle='tooltip' data-placement='right' title='原始值：42.56216'>42.6</span>", "<span data-toggle='tooltip' data-placement='right' title='原始值：3.8'>3.80</span>", "<span data-toggle='tooltip' data-placement='right' title='原始值：0.26'>0.260</span>", "<span data-toggle='tooltip' data-placement='right' title='原始值：0.0296'>0.030</span>", "<span data-toggle='tooltip' data-placement='right' title='原始值：1.03'>1.03</span>", "*", "*", "正常"], ["江苏省", "淮河流域", "<span data-toggle='tooltip' data-placement='right' title='所在地市:徐州市&#10;所属河流:武河'>小红圈</span>", "07-16 08:00", "Ⅳ", "<span data-toggle='tooltip' data-placement='right' title='原始值：25.8'>25.8</span>", "<span data-toggle='tooltip' data-placement='right' title='原始值：7.07'>7.07</span>", "<span data-toggle='tooltip' data-placement='right' title='原始值：8.31'>8.31</span>", "<span data-toggle='tooltip' data-placement='right' title='原始值：784'>784.0</span>", "<span data-toggle='tooltip' data-placement='right' title='原始值：13.06'>13.1</span>", "<span data-toggle='tooltip' data-placement='right' title='原始值：6.34'>6.34</span>", "<span data-toggle='tooltip' data-placement='right' title='原始值：0.09'>0.090</span>", "*", "*", "*", "*", "正常"], ["江苏省", "淮河流域", "<span data-toggle='tooltip' data-placement='right' title='所在地市:徐州市&#10;所属河流:沿河'>李集桥</span>", "07-16 08:00", "Ⅳ", "<span data-toggle='tooltip' data-placement='right' title='原始值：27.2'>27.2</span>", "<span data-toggle='tooltip' data-placement='right' title='原始值：7.77'>7.77</span>", "<span data-toggle='tooltip' data-placement='right' title='原始值：9.29'>9.29</span>", "<span data-toggle='tooltip' data-placement='right' title='原始值：1038.1'>1038.1</span>", "<span data-toggle='tooltip' data-placement='right' title='原始值：321.26'>321.3</span>", "<span data-toggle='tooltip' data-placement='right' title='原始值：7.77'>7.77</span>", "<span data-toggle='tooltip' data-placement='right' title='原始值：0.221'>0.221</span>", "<span data-toggle='tooltip' data-placement='right' title='原始值：0.135'>0.135</span>", "<span data-toggle='tooltip' data-placement='right' title='原始值：1.259'>1.26</span>", "*", "*", "正常"], ["江苏省", "淮河流域", "<span data-toggle='tooltip' data-placement='right' title='所在地市:徐州市&#10;所属河流:邳苍分洪道'>艾山西大桥</span>", "07-16 08:00", "Ⅴ", "<span data-toggle='tooltip' data-placement='right' title='原始值：24.6668'>24.7</span>", "<span data-toggle='tooltip' data-placement='right' title='原始值：7.42292'>7.42</span>", "<span data-toggle='tooltip' data-placement='right' title='原始值：5.33014'>5.33</span>", "<span data-toggle='tooltip' data-placement='right' title='原始值：817.719'>817.7</span>", "<span data-toggle='tooltip' data-placement='right' title='原始值：43.4148'>43.4</span>", "<span data-toggle='tooltip' data-placement='right' title='原始值：4.56'>4.56</span>", "<span data-toggle='tooltip' data-placement='right' title='原始值：0.76'>0.760</span>", "<span data-toggle='tooltip' data-placement='right' title='原始值：0.30988'>0.310</span>", "<span data-toggle='tooltip' data-placement='right' title='原始值：8.35066'>8.35</span>", "*", "*", "正常"], ["江苏省", "太湖流域", "<span data-toggle='tooltip' data-placement='right' title='所在地市:苏州市&#10;所属河流:太湖'>兰山嘴(老)</span>", "07-16 08:00", "Ⅳ", "<span data-toggle='tooltip' data-placement='right' title='原始值：25.34977'>25.3</span>", "<span data-toggle='tooltip' data-placement='right' title='原始值：7.26732'>7.27</span>", "<span data-toggle='tooltip' data-placement='right' title='原始值：4.93007'>4.93</span>", "<span data-toggle='tooltip' data-placement='right' title='原始值：278.1629'>278.2</span>", "<span data-toggle='tooltip' data-placement='right' title='原始值：77.72511'>77.7</span>", "<span data-toggle='tooltip' data-placement='right' title='原始值：3.42'>3.42</span>", "<span data-toggle='tooltip' data-placement='right' title='原始值：1.06'>1.060</span>", "<span data-toggle='tooltip' data-placement='right' title='原始值：0.14057'>0.141</span>", "<span data-toggle='tooltip' data-placement='right' title='原始值：3.4475'>3.45</span>", "*", "*", "正常"], ["江苏省", "太湖流域", "<span data-toggle='tooltip' data-placement='right' title='所在地市:苏州市&#10;所属河流:太湖'>西山</span>", "07-16 08:00", "Ⅳ", "<span data-toggle='tooltip' data-placement='right' title='原始值：26.5782'>26.6</span>", "<span data-toggle='tooltip' data-placement='right' title='原始值：7.4447'>7.44</span>", "<span data-toggle='tooltip' data-placement='right' title='原始值：7.09083'>7.09</span>", "<span data-toggle='tooltip' data-placement='right' title='原始值：295.5822'>295.6</span>", "<span data-toggle='tooltip' data-placement='right' title='原始值：66.63608'>66.6</span>", "<span data-toggle='tooltip' data-placement='right' title='原始值：2.34'>2.34</span>", "<span data-toggle='tooltip' data-placement='right' title='原始值：0.14'>0.140</span>", "<span data-toggle='tooltip' data-placement='right' title='原始值：0.0699'>0.070</span>", "<span data-toggle='tooltip' data-placement='right' title='原始值：1.839'>1.84</span>", "*", "*", "正常"], ["江苏省", "淮河流域", "<span data-toggle='tooltip' data-placement='right' title='所在地市:连云港市&#10;所属河流:新沭河'>大兴桥</span>", "07-16 08:00", "Ⅳ", "<span data-toggle='tooltip' data-placement='right' title='原始值：27.3'>27.3</span>", "<span data-toggle='tooltip' data-placement='right' title='原始值：7.17'>7.17</span>", "<span data-toggle='tooltip' data-placement='right' title='原始值：6.97'>6.97</span>", "<span data-toggle='tooltip' data-placement='right' title='原始值：883.3'>883.3</span>", "<span data-toggle='tooltip' data-placement='right' title='原始值：198.74'>198.7</span>", "<span data-toggle='tooltip' data-placement='right' title='原始值：6.09'>6.09</span>", "<span data-toggle='tooltip' data-placement='right' title='原始值：0.254'>0.254</span>", "*", "*", "*", "*", "正常"], ["江苏省", "淮河流域", "<span data-toggle='tooltip' data-placement='right' title='所在地市:淮安市&#10;所属河流:淮河'>淮河大桥</span>", null, "", "--", "--", "--", "--", "--", "--", "--", "--", "--", "*", "*", "维护"], ["江苏省", "长江流域", "<span data-toggle='tooltip' data-placement='right' title='所在地市:扬州市&#10;所属河流:夹江'>三江营</span>", null, "", "--", "--", "--", "--", "--", "--", "--", "--", "--", "*", "*", "停站"], ["江苏省", "淮河流域", "<span data-toggle='tooltip' data-placement='right' title='所在地市:宿迁市&#10;所属河流:新濉河'>大屈</span>", "07-16 08:00", "Ⅴ", "<span data-toggle='tooltip' data-placement='right' title='原始值：25.6'>25.6</span>", "<span data-toggle='tooltip' data-placement='right' title='原始值：6.84'>6.84</span>", "<span data-toggle='tooltip' data-placement='right' title='原始值：3.67'>3.67</span>", "<span data-toggle='tooltip' data-placement='right' title='原始值：517.5'>517.5</span>", "<span data-toggle='tooltip' data-placement='right' title='原始值：20.8'>20.8</span>", "<span data-toggle='tooltip' data-placement='right' title='原始值：10.66'>10.66</span>", "<span data-toggle='tooltip' data-placement='right' title='原始值：0.96'>0.960</span>", "<span data-toggle='tooltip' data-placement='right' title='原始值：0.271'>0.271</span>", "<span data-toggle='tooltip' data-placement='right' title='原始值：6.631'>6.63</span>", "*", "*", "正常"], ["浙江省", "浙闽片河流", "<span data-toggle='tooltip' data-placement='right' title='所在地市:杭州市&#10;所属河流:新安江'>街口(鸠坑口)</span>", null, "", "--", "--", "--", "--", "--", "--", "--", "--", "--", "*", "*", "停站"], ["浙江省", "太湖流域", "<span data-toggle='tooltip' data-placement='right' title='所在地市:嘉兴市&#10;所属河流:斜路港河'>斜路港</span>", "07-16 08:00", "劣Ⅴ", "<span data-toggle='tooltip' data-placement='right' title='原始值：24.3'>24.3</span>", "<span data-toggle='tooltip' data-placement='right' title='原始值：7.34'>7.34</span>", "<span data-toggle='tooltip' data-placement='right' title='原始值：5.41'>5.41</span>", "<span data-toggle='tooltip' data-placement='right' title='原始值：451'>451.0</span>", "<span data-toggle='tooltip' data-placement='right' title='原始值：61.2'>61.2</span>", "<span data-toggle='tooltip' data-placement='right' title='原始值：8.36'>8.36</span>", "<span data-toggle='tooltip' data-placement='right' title='原始值：0.33354'>0.334</span>", "<span data-toggle='tooltip' data-placement='right' title='原始值：0.61189'>0.612</span>", "<span data-toggle='tooltip' data-placement='right' title='原始值：2.26902'>2.27</span>", "*", "*", "正常"], ["浙江省", "太湖流域", "<span data-toggle='tooltip' data-placement='right' title='所在地市:嘉兴市&#10;所属河流:京杭运河'>王江泾</span>", null, "", "--", "--", "--", "--", "--", "--", "--", "--", "--", "*", "*", "停站"], ["浙江省", "太湖流域", "<span data-toggle='tooltip' data-placement='right' title='所在地市:湖州市&#10;所属河流:西苕溪'>新港口(新塘港)</span>", "07-16 08:00", "Ⅱ", "<span data-toggle='tooltip' data-placement='right' title='原始值：23.7175'>23.7</span>", "<span data-toggle='tooltip' data-placement='right' title='原始值：6.95699'>6.96</span>", "<span data-toggle='tooltip' data-placement='right' title='原始值：6.9362'>6.94</span>", "<span data-toggle='tooltip' data-placement='right' title='原始值：189.135'>189.1</span>", "<span data-toggle='tooltip' data-placement='right' title='原始值：62.944'>62.9</span>", "<span data-toggle='tooltip' data-placement='right' title='原始值：3.21665'>3.22</span>", "<span data-toggle='tooltip' data-placement='right' title='原始值：0.27146'>0.271</span>", "<span data-toggle='tooltip' data-placement='right' title='原始值：0.07249'>0.072</span>", "<span data-toggle='tooltip' data-placement='right' title='原始值：5.56954'>5.57</span>", "*", "*", "正常"], ["安徽省", "巢湖流域", "<span data-toggle='tooltip' data-placement='right' title='所在地市:合肥市&#10;所属河流:巢湖'>湖滨(老)</span>", "07-16 08:00", "Ⅳ", "<span data-toggle='tooltip' data-placement='right' title='原始值：26.55973'>26.6</span>", "<span data-toggle='tooltip' data-placement='right' title='原始值：6.51616'>6.52</span>", "<span data-toggle='tooltip' data-placement='right' title='原始值：5.9912'>5.99</span>", "<span data-toggle='tooltip' data-placement='right' title='原始值：332.7032'>332.7</span>", "<span data-toggle='tooltip' data-placement='right' title='原始值：71.12804'>71.1</span>", "<span data-toggle='tooltip' data-placement='right' title='原始值：5.3'>5.30</span>", "<span data-toggle='tooltip' data-placement='right' title='原始值：0.3'>0.300</span>", "<span data-toggle='tooltip' data-placement='right' title='原始值：0.0502'>0.050</span>", "<span data-toggle='tooltip' data-placement='right' title='原始值：1.933'>1.93</span>", "<span data-toggle='tooltip' data-placement='right' title='原始值：0.0144'>0.014</span>", "*", "正常"], ["安徽省", "巢湖流域", "<span data-toggle='tooltip' data-placement='right' title='所在地市:芜湖市&#10;所属河流:巢湖'>裕溪口(老)</span>", "07-16 08:00", "Ⅳ", "<span data-toggle='tooltip' data-placement='right' title='原始值：25.57529'>25.6</span>", "<span data-toggle='tooltip' data-placement='right' title='原始值：7.29492'>7.29</span>", "<span data-toggle='tooltip' data-placement='right' title='原始值：6.67652'>6.68</span>", "<span data-toggle='tooltip' data-placement='right' title='原始值：394.3928'>394.4</span>", "<span data-toggle='tooltip' data-placement='right' title='原始值：96.13024'>96.1</span>", "<span data-toggle='tooltip' data-placement='right' title='原始值：8'>8.00</span>", "<span data-toggle='tooltip' data-placement='right' title='原始值：0.31'>0.310</span>", "<span data-toggle='tooltip' data-placement='right' title='原始值：0.0725'>0.072</span>", "<span data-toggle='tooltip' data-placement='right' title='原始值：1.06'>1.06</span>", "*", "*", "正常"], ["安徽省", "淮河流域", "<span data-toggle='tooltip' data-placement='right' title='所在地市:蚌埠市&#10;所属河流:淮河'>蚌埠闸上(蚌埠闸)</span>", null, "", "--", "--", "--", "--", "--", "--", "--", "--", "--", "*", "*", "停站"], ["安徽省", "淮河流域", "<span data-toggle='tooltip' data-placement='right' title='所在地市:淮南市&#10;所属河流:淮河'>石头埠(老)</span>", "07-16 08:00", "Ⅳ", "<span data-toggle='tooltip' data-placement='right' title='原始值：25.41921'>25.4</span>", "<span data-toggle='tooltip' data-placement='right' title='原始值：7.1713'>7.17</span>", "<span data-toggle='tooltip' data-placement='right' title='原始值：4.21555'>4.22</span>", "<span data-toggle='tooltip' data-placement='right' title='原始值：353.9468'>353.9</span>", "<span data-toggle='tooltip' data-placement='right' title='原始值：377.5705'>377.6</span>", "<span data-toggle='tooltip' data-placement='right' title='原始值：6.48'>6.48</span>", "<span data-toggle='tooltip' data-placement='right' title='原始值：0.16'>0.160</span>", "*", "*", "*", "*", "正常"], ["安徽省", "淮河流域", "<span data-toggle='tooltip' data-placement='right' title='所在地市:淮北市&#10;所属河流:沱河'>小王桥</span>", null, "", "--", "--", "--", "--", "--", "--", "--", "--", "--", "*", "*", "停站"], ["安徽省", "长江流域", "<span data-toggle='tooltip' data-placement='right' title='所在地市:安庆市&#10;所属河流:长江'>皖河口</span>", null, "", "--", "--", "--", "--", "--", "--", "--", "--", "--", "*", "*", "停站"], ["安徽省", "淮河流域", "<span data-toggle='tooltip' data-placement='right' title='所在地市:滁州市&#10;所属河流:淮河'>小柳巷</span>", "07-16 08:00", "Ⅳ", "<span data-toggle='tooltip' data-placement='right' title='原始值：27.6'>27.6</span>", "<span data-toggle='tooltip' data-placement='right' title='原始值：7.25'>7.25</span>", "<span data-toggle='tooltip' data-placement='right' title='原始值：5.8'>5.80</span>", "<span data-toggle='tooltip' data-placement='right' title='原始值：374.3'>374.3</span>", "<span data-toggle='tooltip' data-placement='right' title='原始值：191.35'>191.4</span>", "<span data-toggle='tooltip' data-placement='right' title='原始值：4.59'>4.59</span>", "<span data-toggle='tooltip' data-placement='right' title='原始值：0.03'>0.030</span>", "<span data-toggle='tooltip' data-placement='right' title='原始值：0.209'>0.209</span>", "<span data-toggle='tooltip' data-placement='right' title='原始值：1.58'>1.58</span>", "*", "*", "正常"], ["安徽省", "淮河流域", "<span data-toggle='tooltip' data-placement='right' title='所在地市:阜阳市&#10;所属河流:黑茨河'>张大桥</span>", null, "", "--", "--", "--", "--", "--", "--", "--", "--", "--", "*", "*", "停站"], ["安徽省", "淮河流域", "<span data-toggle='tooltip' data-placement='right' title='所在地市:阜阳市&#10;所属河流:淮河'>王家坝</span>", null, "", "--", "--", "--", "--", "--", "--", "--", "--", "--", "*", "*", "停站"], ["安徽省", "淮河流域", "<span data-toggle='tooltip' data-placement='right' title='所在地市:阜阳市&#10;所属河流:颍河'>界首七渡口(七渡口)</span>", "07-16 08:00", "劣Ⅴ", "<span data-toggle='tooltip' data-placement='right' title='原始值：25.68295'>25.7</span>", "<span data-toggle='tooltip' data-placement='right' title='原始值：7.58465'>7.58</span>", "<span data-toggle='tooltip' data-placement='right' title='原始值：1.57815'>1.58</span>", "<span data-toggle='tooltip' data-placement='right' title='原始值：910.1992'>910.2</span>", "<span data-toggle='tooltip' data-placement='right' title='原始值：9.79146'>9.8</span>", "<span data-toggle='tooltip' data-placement='right' title='原始值：5.06'>5.06</span>", "<span data-toggle='tooltip' data-placement='right' title='原始值：0.01'>0.010</span>", "<span data-toggle='tooltip' data-placement='right' title='原始值：0.13527'>0.135</span>", "<span data-toggle='tooltip' data-placement='right' title='原始值：4.3336'>4.33</span>", "*", "*", "正常"], ["安徽省", "淮河流域", "<span data-toggle='tooltip' data-placement='right' title='所在地市:阜阳市&#10;所属河流:泉河'>许庄(徐庄)</span>", "07-16 04:00", "Ⅲ", "<span data-toggle='tooltip' data-placement='right' title='原始值：24.4'>24.4</span>", "<span data-toggle='tooltip' data-placement='right' title='原始值：7.3'>7.30</span>", "<span data-toggle='tooltip' data-placement='right' title='原始值：5.4'>5.40</span>", "<span data-toggle='tooltip' data-placement='right' title='原始值：833.3'>833.3</span>", "<span data-toggle='tooltip' data-placement='right' title='原始值：433.97'>434.0</span>", "<span data-toggle='tooltip' data-placement='right' title='原始值：2.62'>2.62</span>", "<span data-toggle='tooltip' data-placement='right' title='原始值：0.03'>0.030</span>", "<span data-toggle='tooltip' data-placement='right' title='原始值：0.136'>0.136</span>", "<span data-toggle='tooltip' data-placement='right' title='原始值：0.644'>0.64</span>", "*", "*", "正常"], ["安徽省", "淮河流域", "<span data-toggle='tooltip' data-placement='right' title='所在地市:宿州市&#10;所属河流:奎河'>杨庄</span>", "07-16 08:00", "Ⅳ", "<span data-toggle='tooltip' data-placement='right' title='原始值：25.98'>26.0</span>", "<span data-toggle='tooltip' data-placement='right' title='原始值：7.4'>7.40</span>", "<span data-toggle='tooltip' data-placement='right' title='原始值：7.4'>7.40</span>", "<span data-toggle='tooltip' data-placement='right' title='原始值：618.1'>618.1</span>", "<span data-toggle='tooltip' data-placement='right' title='原始值：69.6'>69.6</span>", "<span data-toggle='tooltip' data-placement='right' title='原始值：5.02'>5.02</span>", "<span data-toggle='tooltip' data-placement='right' title='原始值：1.038'>1.038</span>", "*", "*", "*", "*", "正常"], ["安徽省", "淮河流域", "<span data-toggle='tooltip' data-placement='right' title='所在地市:宿州市&#10;所属河流:新汴河'>泗县公路桥</span>", "07-16 08:00", "Ⅲ", "<span data-toggle='tooltip' data-placement='right' title='原始值：27.2'>27.2</span>", "<span data-toggle='tooltip' data-placement='right' title='原始值：8.03'>8.03</span>", "<span data-toggle='tooltip' data-placement='right' title='原始值：7.44'>7.44</span>", "<span data-toggle='tooltip' data-placement='right' title='原始值：1148.8'>1148.8</span>", "<span data-toggle='tooltip' data-placement='right' title='原始值：111.24'>111.2</span>", "<span data-toggle='tooltip' data-placement='right' title='原始值：4.16'>4.16</span>", "<span data-toggle='tooltip' data-placement='right' title='原始值：0.26'>0.260</span>", "*", "*", "*", "*", "正常"], ["安徽省", "淮河流域", "<span data-toggle='tooltip' data-placement='right' title='所在地市:亳州市&#10;所属河流:包河'>颜集</span>", "07-16 08:00", "Ⅴ", "<span data-toggle='tooltip' data-placement='right' title='原始值：25.3'>25.3</span>", "<span data-toggle='tooltip' data-placement='right' title='原始值：7.69'>7.69</span>", "<span data-toggle='tooltip' data-placement='right' title='原始值：6.11'>6.11</span>", "<span data-toggle='tooltip' data-placement='right' title='原始值：1471'>1471.0</span>", "<span data-toggle='tooltip' data-placement='right' title='原始值：93.06'>93.1</span>", "<span data-toggle='tooltip' data-placement='right' title='原始值：4.82'>4.82</span>", "<span data-toggle='tooltip' data-placement='right' title='原始值：1.6'>1.600</span>", "<span data-toggle='tooltip' data-placement='right' title='原始值：0.364'>0.364</span>", "<span data-toggle='tooltip' data-placement='right' title='原始值：4.421'>4.42</span>", "*", "*", "正常"], ["福建省", "浙闽片河流", "<span data-toggle='tooltip' data-placement='right' title='所在地市:福州市&#10;所属河流:闽江'>白岩潭</span>", "07-16 08:00", "Ⅱ", "<span data-toggle='tooltip' data-placement='right' title='原始值：29.92'>29.9</span>", "<span data-toggle='tooltip' data-placement='right' title='原始值：6.41'>6.41</span>", "<span data-toggle='tooltip' data-placement='right' title='原始值：7.26'>7.26</span>", "<span data-toggle='tooltip' data-placement='right' title='原始值：151'>151.0</span>", "<span data-toggle='tooltip' data-placement='right' title='原始值：8.11'>8.1</span>", "<span data-toggle='tooltip' data-placement='right' title='原始值：1.75'>1.75</span>", "<span data-toggle='tooltip' data-placement='right' title='原始值：0.07'>0.070</span>", "*", "*", "*", "*", "正常"], ["江西省", "长江流域", "<span data-toggle='tooltip' data-placement='right' title='所在地市:南昌市&#10;所属河流:赣江南支'>滁槎</span>", null, "", "--", "--", "--", "--", "--", "--", "--", "--", "--", "*", "*", "维护"], ["江西省", "长江流域", "<span data-toggle='tooltip' data-placement='right' title='所在地市:九江市&#10;所属河流:长江'>姚港(河西水厂)</span>", null, "", "--", "--", "--", "--", "--", "--", "--", "--", "--", "*", "*", "停站"], ["江西省", "长江流域", "<span data-toggle='tooltip' data-placement='right' title='所在地市:九江市&#10;所属河流:鄱阳湖'>蛤蟆石</span>", null, "", "--", "--", "--", "--", "--", "--", "--", "--", "--", "--", "--", "停站"], ["山东省", "黄河流域", "<span data-toggle='tooltip' data-placement='right' title='所在地市:济南市&#10;所属河流:黄河'>泺口</span>", "07-16 08:00", "Ⅱ", "<span data-toggle='tooltip' data-placement='right' title='原始值：26.1322'>26.1</span>", "<span data-toggle='tooltip' data-placement='right' title='原始值：8.34078'>8.34</span>", "<span data-toggle='tooltip' data-placement='right' title='原始值：6.21991'>6.22</span>", "<span data-toggle='tooltip' data-placement='right' title='原始值：850.267'>850.3</span>", "<span data-toggle='tooltip' data-placement='right' title='原始值：2099.29'>2099.3</span>", "<span data-toggle='tooltip' data-placement='right' title='原始值：2.35'>2.35</span>", "<span data-toggle='tooltip' data-placement='right' title='原始值：0.12818'>0.128</span>", "<span data-toggle='tooltip' data-placement='right' title='原始值：0.01174'>0.012</span>", "<span data-toggle='tooltip' data-placement='right' title='原始值：3.301'>3.30</span>", "*", "*", "正常"], ["山东省", "淮河流域", "<span data-toggle='tooltip' data-placement='right' title='所在地市:枣庄市&#10;所属河流:京杭大运河（韩庄运河）'>台儿庄大桥</span>", "07-16 08:00", "劣Ⅴ", "<span data-toggle='tooltip' data-placement='right' title='原始值：25.32476'>25.3</span>", "<span data-toggle='tooltip' data-placement='right' title='原始值：7.39278'>7.39</span>", "<span data-toggle='tooltip' data-placement='right' title='原始值：2.41015'>2.41</span>", "<span data-toggle='tooltip' data-placement='right' title='原始值：972.0345'>972.0</span>", "<span data-toggle='tooltip' data-placement='right' title='原始值：22.27164'>22.3</span>", "<span data-toggle='tooltip' data-placement='right' title='原始值：5.03729'>5.04</span>", "<span data-toggle='tooltip' data-placement='right' title='原始值：5.72119'>5.721</span>", "<span data-toggle='tooltip' data-placement='right' title='原始值：0.15455'>0.155</span>", "<span data-toggle='tooltip' data-placement='right' title='原始值：13.70429'>13.70</span>", "*", "*", "正常"], ["山东省", "淮河流域", "<span data-toggle='tooltip' data-placement='right' title='所在地市:临沂市&#10;所属河流:沭河'>清泉寺</span>", "07-16 08:00", "Ⅳ", "<span data-toggle='tooltip' data-placement='right' title='原始值：26.201'>26.2</span>", "<span data-toggle='tooltip' data-placement='right' title='原始值：8.29367'>8.29</span>", "<span data-toggle='tooltip' data-placement='right' title='原始值：11.61953'>11.62</span>", "<span data-toggle='tooltip' data-placement='right' title='原始值：1132.532'>1132.5</span>", "<span data-toggle='tooltip' data-placement='right' title='原始值：16.60353'>16.6</span>", "<span data-toggle='tooltip' data-placement='right' title='原始值：7.35999'>7.36</span>", "<span data-toggle='tooltip' data-placement='right' title='原始值：0.25'>0.250</span>", "*", "*", "*", "*", "正常"], ["山东省", "淮河流域", "<span data-toggle='tooltip' data-placement='right' title='所在地市:临沂市&#10;所属河流:沂河'>重坊桥</span>", "07-16 08:00", "Ⅲ", "<span data-toggle='tooltip' data-placement='right' title='原始值：25.37128'>25.4</span>", "<span data-toggle='tooltip' data-placement='right' title='原始值：7.67158'>7.67</span>", "<span data-toggle='tooltip' data-placement='right' title='原始值：7.28871'>7.29</span>", "<span data-toggle='tooltip' data-placement='right' title='原始值：758.1945'>758.2</span>", "<span data-toggle='tooltip' data-placement='right' title='原始值：23.16019'>23.2</span>", "<span data-toggle='tooltip' data-placement='right' title='原始值：4.08'>4.08</span>", "<span data-toggle='tooltip' data-placement='right' title='原始值：0.14576'>0.146</span>", "*", "*", "*", "*", "正常"], ["山东省", "淮河流域", "<span data-toggle='tooltip' data-placement='right' title='所在地市:临沂市&#10;所属河流:白马河'>捷庄(涝沟桥)</span>", null, "", "--", "--", "--", "--", "--", "--", "--", "--", "--", "*", "*", "停站"], ["山东省", "海河流域", "<span data-toggle='tooltip' data-placement='right' title='所在地市:聊城市&#10;所属河流:卫运河'>秤勾湾(秤钩湾)</span>", "07-16 08:00", "Ⅲ", "<span data-toggle='tooltip' data-placement='right' title='原始值：27.1873'>27.2</span>", "<span data-toggle='tooltip' data-placement='right' title='原始值：8.07998'>8.08</span>", "<span data-toggle='tooltip' data-placement='right' title='原始值：5.08238'>5.08</span>", "<span data-toggle='tooltip' data-placement='right' title='原始值：1672.127'>1672.1</span>", "<span data-toggle='tooltip' data-placement='right' title='原始值：131.6545'>131.7</span>", "<span data-toggle='tooltip' data-placement='right' title='原始值：3.88'>3.88</span>", "<span data-toggle='tooltip' data-placement='right' title='原始值：0.06385'>0.064</span>", "<span data-toggle='tooltip' data-placement='right' title='原始值：0.14126'>0.141</span>", "<span data-toggle='tooltip' data-placement='right' title='原始值：6.53383'>6.53</span>", "*", "*", "正常"], ["河南省", "长江流域", "<span data-toggle='tooltip' data-placement='right' title='所在地市:南阳市&#10;所属河流:丹江口水库'>陶岔</span>", "07-16 08:00", "Ⅱ", "<span data-toggle='tooltip' data-placement='right' title='原始值：24.44'>24.4</span>", "<span data-toggle='tooltip' data-placement='right' title='原始值：8.06339'>8.06</span>", "<span data-toggle='tooltip' data-placement='right' title='原始值：8.20966'>8.21</span>", "<span data-toggle='tooltip' data-placement='right' title='原始值：296.0309'>296.0</span>", "<span data-toggle='tooltip' data-placement='right' title='原始值：2.07169'>2.1</span>", "<span data-toggle='tooltip' data-placement='right' title='原始值：2.33'>2.33</span>", "<span data-toggle='tooltip' data-placement='right' title='原始值：0.02037'>0.020</span>", "<span data-toggle='tooltip' data-placement='right' title='原始值：0.00986'>0.010</span>", "<span data-toggle='tooltip' data-placement='right' title='原始值：0.7174'>0.72</span>", "<span data-toggle='tooltip' data-placement='right' title='原始值：0.00537'>0.005</span>", "<span data-toggle='tooltip' data-placement='right' title='原始值：592736.1'>592736</span>", "正常"], ["河南省", "淮河流域", "<span data-toggle='tooltip' data-placement='right' title='所在地市:商丘市&#10;所属河流:浍河'>黄口</span>", "07-16 08:00", "Ⅳ", "<span data-toggle='tooltip' data-placement='right' title='原始值：27.2'>27.2</span>", "<span data-toggle='tooltip' data-placement='right' title='原始值：7.66'>7.66</span>", "<span data-toggle='tooltip' data-placement='right' title='原始值：6.28'>6.28</span>", "<span data-toggle='tooltip' data-placement='right' title='原始值：3481.063'>3481.1</span>", "<span data-toggle='tooltip' data-placement='right' title='原始值：50.88773'>50.9</span>", "<span data-toggle='tooltip' data-placement='right' title='原始值：7.12'>7.12</span>", "<span data-toggle='tooltip' data-placement='right' title='原始值：0.24454'>0.245</span>", "<span data-toggle='tooltip' data-placement='right' title='原始值：0.1693'>0.169</span>", "<span data-toggle='tooltip' data-placement='right' title='原始值：3.12202'>3.12</span>", "*", "*", "正常"], ["河南省", "淮河流域", "<span data-toggle='tooltip' data-placement='right' title='所在地市:信阳市&#10;所属河流:史灌河'>蒋集</span>", "07-16 08:00", "Ⅳ", "<span data-toggle='tooltip' data-placement='right' title='原始值：25.0625'>25.1</span>", "<span data-toggle='tooltip' data-placement='right' title='原始值：6.55223'>6.55</span>", "<span data-toggle='tooltip' data-placement='right' title='原始值：4.995'>5.00</span>", "<span data-toggle='tooltip' data-placement='right' title='原始值：134.1257'>134.1</span>", "<span data-toggle='tooltip' data-placement='right' title='原始值：272.9423'>272.9</span>", "<span data-toggle='tooltip' data-placement='right' title='原始值：3.27'>3.27</span>", "<span data-toggle='tooltip' data-placement='right' title='原始值：0.11839'>0.118</span>", "*", "*", "*", "*", "正常"], ["河南省", "淮河流域", "<span data-toggle='tooltip' data-placement='right' title='所在地市:信阳市&#10;所属河流:淮河'>淮滨水文站(淮滨)</span>", "07-16 08:00", "Ⅳ", "<span data-toggle='tooltip' data-placement='right' title='原始值：23.2'>23.2</span>", "<span data-toggle='tooltip' data-placement='right' title='原始值：6.62016'>6.62</span>", "<span data-toggle='tooltip' data-placement='right' title='原始值：5.51'>5.51</span>", "<span data-toggle='tooltip' data-placement='right' title='原始值：189'>189.0</span>", "<span data-toggle='tooltip' data-placement='right' title='原始值：188.9717'>189.0</span>", "<span data-toggle='tooltip' data-placement='right' title='原始值：5.74884'>5.75</span>", "<span data-toggle='tooltip' data-placement='right' title='原始值：0.21635'>0.216</span>", "<span data-toggle='tooltip' data-placement='right' title='原始值：0.21187'>0.212</span>", "<span data-toggle='tooltip' data-placement='right' title='原始值：2.75328'>2.75</span>", "*", "*", "正常"], ["河南省", "淮河流域", "<span data-toggle='tooltip' data-placement='right' title='所在地市:周口市&#10;所属河流:沙河'>沈丘闸</span>", "07-16 08:00", "Ⅲ", "<span data-toggle='tooltip' data-placement='right' title='原始值：24.31454'>24.3</span>", "<span data-toggle='tooltip' data-placement='right' title='原始值：7.49079'>7.49</span>", "<span data-toggle='tooltip' data-placement='right' title='原始值：6.15018'>6.15</span>", "<span data-toggle='tooltip' data-placement='right' title='原始值：1006.945'>1006.9</span>", "<span data-toggle='tooltip' data-placement='right' title='原始值：4.74232'>4.7</span>", "<span data-toggle='tooltip' data-placement='right' title='原始值：3.285'>3.28</span>", "<span data-toggle='tooltip' data-placement='right' title='原始值：0.92'>0.920</span>", "*", "*", "*", "*", "正常"], ["河南省", "淮河流域", "<span data-toggle='tooltip' data-placement='right' title='所在地市:周口市&#10;所属河流:涡河'>鹿邑付桥(鹿邑付桥闸)</span>", "07-16 08:00", "", "<span data-toggle='tooltip' data-placement='right' title='原始值：25.74627'>25.7</span>", "<span data-toggle='tooltip' data-placement='right' title='原始值：8.69549'>8.70</span>", "<span data-toggle='tooltip' data-placement='right' title='原始值：11.72171'>11.72</span>", "<span data-toggle='tooltip' data-placement='right' title='原始值：1365.744'>1365.7</span>", "<span data-toggle='tooltip' data-placement='right' title='原始值：10.66076'>10.7</span>", "<span data-toggle='tooltip' data-placement='right' title='原始值：5.3075'>5.31</span>", "<span data-toggle='tooltip' data-placement='right' title='极值过滤'>--</span>", "<span data-toggle='tooltip' data-placement='right' title='极值过滤'>--</span>", "<span data-toggle='tooltip' data-placement='right' title='极值过滤'>--</span>", "*", "*", "维护"], ["河南省", "淮河流域", "<span data-toggle='tooltip' data-placement='right' title='所在地市:驻马店市&#10;所属河流:洪河'>新蔡班台(班台)</span>", "07-16 08:00", "劣Ⅴ", "<span data-toggle='tooltip' data-placement='right' title='原始值：25.7103'>25.7</span>", "<span data-toggle='tooltip' data-placement='right' title='原始值：6.83444'>6.83</span>", "<span data-toggle='tooltip' data-placement='right' title='原始值：3.40769'>3.41</span>", "<span data-toggle='tooltip' data-placement='right' title='原始值：823.3718'>823.4</span>", "<span data-toggle='tooltip' data-placement='right' title='原始值：6.82192'>6.8</span>", "<span data-toggle='tooltip' data-placement='right' title='原始值：6.55'>6.55</span>", "<span data-toggle='tooltip' data-placement='right' title='原始值：1.02'>1.020</span>", "<span data-toggle='tooltip' data-placement='right' title='原始值：0.44091'>0.441</span>", "<span data-toggle='tooltip' data-placement='right' title='原始值：4.41571'>4.42</span>", "*", "*", "正常"], ["河南省", "黄河流域", "<span data-toggle='tooltip' data-placement='right' title='所在地市:济源市&#10;所属河流:黄河'>小浪底水库(小浪底)</span>", null, "", "--", "--", "--", "--", "--", "--", "--", "--", "--", "*", "*", "维护"], ["湖北省", "长江流域", "<span data-toggle='tooltip' data-placement='right' title='所在地市:武汉市&#10;所属河流:汉江'>宗关</span>", null, "", "--", "--", "--", "--", "--", "--", "--", "--", "--", "*", "*", "停站"], ["湖北省", "长江流域", "<span data-toggle='tooltip' data-placement='right' title='所在地市:十堰市&#10;所属河流:丹江口水库'>坝上中(胡家岭)</span>", null, "", "--", "--", "--", "--", "--", "--", "--", "--", "--", "--", "--", "停站"], ["湖北省", "长江流域", "<span data-toggle='tooltip' data-placement='right' title='所在地市:宜昌市&#10;所属河流:长江'>南津关</span>", null, "", "--", "--", "--", "--", "--", "--", "--", "--", "--", "*", "*", "停站"], ["湖南省", "长江流域", "<span data-toggle='tooltip' data-placement='right' title='所在地市:长沙市&#10;所属河流:湘江'>新港</span>", "07-16 08:00", "Ⅱ", "<span data-toggle='tooltip' data-placement='right' title='原始值：26.23'>26.2</span>", "<span data-toggle='tooltip' data-placement='right' title='原始值：7.03'>7.03</span>", "<span data-toggle='tooltip' data-placement='right' title='原始值：19.59'>19.59</span>", "<span data-toggle='tooltip' data-placement='right' title='原始值：198.81'>198.8</span>", "<span data-toggle='tooltip' data-placement='right' title='原始值：29.88'>29.9</span>", "<span data-toggle='tooltip' data-placement='right' title='原始值：2.64'>2.64</span>", "<span data-toggle='tooltip' data-placement='right' title='原始值：0.01'>0.010</span>", "<span data-toggle='tooltip' data-placement='right' title='原始值：0.052'>0.052</span>", "<span data-toggle='tooltip' data-placement='right' title='原始值：1.86'>1.86</span>", "*", "*", "正常"], ["湖南省", "长江流域", "<span data-toggle='tooltip' data-placement='right' title='所在地市:岳阳市&#10;所属河流:洞庭湖'>岳阳楼</span>", null, "", "--", "--", "--", "--", "--", "--", "--", "--", "--", "--", "--", "停站"], ["湖南省", "长江流域", "<span data-toggle='tooltip' data-placement='right' title='所在地市:岳阳市&#10;所属河流:长江'>城陵矶</span>", null, "", "--", "--", "--", "--", "--", "--", "--", "--", "--", "*", "*", "停站"], ["广东省", "珠江流域", "<span data-toggle='tooltip' data-placement='right' title='所在地市:清远市&#10;所属河流:北江'>七星岗</span>", "07-16 08:00", "Ⅱ", "<span data-toggle='tooltip' data-placement='right' title='原始值：30.68732'>30.7</span>", "<span data-toggle='tooltip' data-placement='right' title='原始值：8.10705'>8.11</span>", "<span data-toggle='tooltip' data-placement='right' title='原始值：6.72932'>6.73</span>", "<span data-toggle='tooltip' data-placement='right' title='原始值：173.2356'>173.2</span>", "<span data-toggle='tooltip' data-placement='right' title='原始值：14.91476'>14.9</span>", "<span data-toggle='tooltip' data-placement='right' title='原始值：0.3'>0.30</span>", "<span data-toggle='tooltip' data-placement='right' title='原始值：0.11215'>0.112</span>", "<span data-toggle='tooltip' data-placement='right' title='原始值：0.05129'>0.051</span>", "<span data-toggle='tooltip' data-placement='right' title='原始值：1.5518'>1.55</span>", "*", "*", "正常"], ["广东省", "珠江流域", "<span data-toggle='tooltip' data-placement='right' title='所在地市:中山市&#10;所属河流:西江'>横栏</span>", "07-16 08:00", "Ⅱ", "<span data-toggle='tooltip' data-placement='right' title='原始值：27.6'>27.6</span>", "<span data-toggle='tooltip' data-placement='right' title='原始值：7.89'>7.89</span>", "<span data-toggle='tooltip' data-placement='right' title='原始值：7.49'>7.49</span>", "<span data-toggle='tooltip' data-placement='right' title='原始值：256'>256.0</span>", "<span data-toggle='tooltip' data-placement='right' title='原始值：53.7'>53.7</span>", "<span data-toggle='tooltip' data-placement='right' title='原始值：3.03'>3.03</span>", "<span data-toggle='tooltip' data-placement='right' title='原始值：0.10427'>0.104</span>", "*", "*", "*", "*", "正常"], ["广西壮族自治区", "珠江流域", "<span data-toggle='tooltip' data-placement='right' title='所在地市:南宁市&#10;所属河流:邕江'>老口</span>", "07-16 08:00", "Ⅱ", "<span data-toggle='tooltip' data-placement='right' title='原始值：29.53194'>29.5</span>", "<span data-toggle='tooltip' data-placement='right' title='原始值：7.66171'>7.66</span>", "<span data-toggle='tooltip' data-placement='right' title='原始值：6.56821'>6.57</span>", "<span data-toggle='tooltip' data-placement='right' title='原始值：354.2845'>354.3</span>", "<span data-toggle='tooltip' data-placement='right' title='原始值：4.50992'>4.5</span>", "<span data-toggle='tooltip' data-placement='right' title='原始值：1.24423'>1.24</span>", "<span data-toggle='tooltip' data-placement='right' title='原始值：0.20783'>0.208</span>", "<span data-toggle='tooltip' data-placement='right' title='原始值：0.02088'>0.021</span>", "<span data-toggle='tooltip' data-placement='right' title='原始值：1.85798'>1.86</span>", "*", "*", "正常"], ["广西壮族自治区", "珠江流域", "<span data-toggle='tooltip' data-placement='right' title='所在地市:桂林市&#10;所属河流:漓江'>阳朔</span>", "07-16 08:00", "Ⅱ", "<span data-toggle='tooltip' data-placement='right' title='原始值：26.8'>26.8</span>", "<span data-toggle='tooltip' data-placement='right' title='原始值：7.26'>7.26</span>", "<span data-toggle='tooltip' data-placement='right' title='原始值：6.53008'>6.53</span>", "<span data-toggle='tooltip' data-placement='right' title='原始值：140'>140.0</span>", "<span data-toggle='tooltip' data-placement='right' title='原始值：16.99609'>17.0</span>", "<span data-toggle='tooltip' data-placement='right' title='原始值：3.82445'>3.82</span>", "<span data-toggle='tooltip' data-placement='right' title='原始值：0.02482'>0.025</span>", "<span data-toggle='tooltip' data-placement='right' title='原始值：0.00972'>0.010</span>", "<span data-toggle='tooltip' data-placement='right' title='原始值：2.39466'>2.39</span>", "*", "*", "正常"], ["广西壮族自治区", "珠江流域", "<span data-toggle='tooltip' data-placement='right' title='所在地市:梧州市&#10;所属河流:浔江'>界首</span>", null, "", "--", "--", "--", "--", "--", "--", "--", "--", "--", "*", "*", "停站"], ["广西壮族自治区", "珠江流域", "<span data-toggle='tooltip' data-placement='right' title='所在地市:贵港市&#10;所属河流:浔江'>石嘴</span>", null, "", "--", "--", "--", "--", "--", "--", "--", "--", "--", "*", "*", "停站"], ["广西壮族自治区", "珠江流域", "<span data-toggle='tooltip' data-placement='right' title='所在地市:崇左市&#10;所属河流:平而河'>平而关</span>", "07-16 08:00", "", "<span data-toggle='tooltip' data-placement='right' title='原始值：31.62294'>31.6</span>", "<span data-toggle='tooltip' data-placement='right' title='原始值：8.22464'>8.22</span>", "<span data-toggle='tooltip' data-placement='right' title='原始值：7.04649'>7.05</span>", "<span data-toggle='tooltip' data-placement='right' title='原始值：235.2562'>235.3</span>", "<span data-toggle='tooltip' data-placement='right' title='原始值：22.76704'>22.8</span>", "<span data-toggle='tooltip' data-placement='right' title='原始值：1.56676'>1.57</span>", "<span data-toggle='tooltip' data-placement='right' title='极值过滤'>--</span>", "*", "*", "*", "*", "维护"], ["重庆市", "长江流域", "<span data-toggle='tooltip' data-placement='right' title='所在地市:永川区&#10;所属河流:长江'>朱沱</span>", null, "", "--", "--", "--", "--", "--", "--", "--", "--", "--", "*", "*", "停站"], ["四川省", "长江流域", "<span data-toggle='tooltip' data-placement='right' title='所在地市:攀枝花市&#10;所属河流:金沙江'>龙洞</span>", null, "", "--", "--", "--", "--", "--", "--", "--", "--", "--", "*", "*", "停站"], ["四川省", "长江流域", "<span data-toggle='tooltip' data-placement='right' title='所在地市:泸州市&#10;所属河流:沱江'>沱江大桥(沱江二桥)</span>", null, "", "--", "--", "--", "--", "--", "--", "--", "--", "--", "*", "*", "停站"], ["四川省", "长江流域", "<span data-toggle='tooltip' data-placement='right' title='所在地市:广元市&#10;所属河流:嘉陵江'>清风峡</span>", "07-16 04:00", "Ⅱ", "<span data-toggle='tooltip' data-placement='right' title='原始值：24.03428'>24.0</span>", "<span data-toggle='tooltip' data-placement='right' title='原始值：7.9963'>8.00</span>", "<span data-toggle='tooltip' data-placement='right' title='原始值：8.74037'>8.74</span>", "<span data-toggle='tooltip' data-placement='right' title='原始值：291.7315'>291.7</span>", "<span data-toggle='tooltip' data-placement='right' title='原始值：83.50926'>83.5</span>", "<span data-toggle='tooltip' data-placement='right' title='原始值：2.04'>2.04</span>", "<span data-toggle='tooltip' data-placement='right' title='原始值：0.1733'>0.173</span>", "*", "*", "*", "*", "正常"], ["四川省", "长江流域", "<span data-toggle='tooltip' data-placement='right' title='所在地市:乐山市&#10;所属河流:岷江'>岷江大桥</span>", "07-16 08:00", "Ⅱ", "<span data-toggle='tooltip' data-placement='right' title='原始值：23.38767'>23.4</span>", "<span data-toggle='tooltip' data-placement='right' title='原始值：7.70785'>7.71</span>", "<span data-toggle='tooltip' data-placement='right' title='原始值：8.62719'>8.63</span>", "<span data-toggle='tooltip' data-placement='right' title='原始值：299.7996'>299.8</span>", "<span data-toggle='tooltip' data-placement='right' title='原始值：130.4326'>130.4</span>", "<span data-toggle='tooltip' data-placement='right' title='原始值：3.22'>3.22</span>", "<span data-toggle='tooltip' data-placement='right' title='原始值：0.34'>0.340</span>", "*", "*", "*", "*", "正常"], ["四川省", "长江流域", "<span data-toggle='tooltip' data-placement='right' title='所在地市:宜宾市&#10;所属河流:岷江'>凉姜沟</span>", null, "", "--", "--", "--", "--", "--", "--", "--", "--", "--", "*", "*", "停站"], ["云南省", "滇池流域", "<span data-toggle='tooltip' data-placement='right' title='所在地市:昆明市&#10;所属河流:滇池'>西苑隧道</span>", "07-16 08:00", "劣Ⅴ", "<span data-toggle='tooltip' data-placement='right' title='原始值：22.42282'>22.4</span>", "<span data-toggle='tooltip' data-placement='right' title='原始值：6.26022'>6.26</span>", "<span data-toggle='tooltip' data-placement='right' title='原始值：2.30954'>2.31</span>", "<span data-toggle='tooltip' data-placement='right' title='原始值：568.6016'>568.6</span>", "<span data-toggle='tooltip' data-placement='right' title='原始值：34.19262'>34.2</span>", "<span data-toggle='tooltip' data-placement='right' title='原始值：7.09998'>7.10</span>", "<span data-toggle='tooltip' data-placement='right' title='原始值：2.19'>2.190</span>", "<span data-toggle='tooltip' data-placement='right' title='原始值：1.04702'>1.047</span>", "<span data-toggle='tooltip' data-placement='right' title='原始值：1.95046'>1.95</span>", "<span data-toggle='tooltip' data-placement='right' title='极值过滤'>--</span>", "<span data-toggle='tooltip' data-placement='right' title='原始值：8855060'>8855060</span>", "维护"], ["云南省", "滇池流域", "<span data-toggle='tooltip' data-placement='right' title='所在地市:昆明市&#10;所属河流:滇池'>观音山</span>", "07-16 08:00", "Ⅳ", "<span data-toggle='tooltip' data-placement='right' title='原始值：22.56342'>22.6</span>", "<span data-toggle='tooltip' data-placement='right' title='原始值：7.30136'>7.30</span>", "<span data-toggle='tooltip' data-placement='right' title='原始值：6.28891'>6.29</span>", "<span data-toggle='tooltip' data-placement='right' title='原始值：452.1539'>452.2</span>", "<span data-toggle='tooltip' data-placement='right' title='原始值：22.90672'>22.9</span>", "<span data-toggle='tooltip' data-placement='right' title='原始值：7.7873'>7.79</span>", "<span data-toggle='tooltip' data-placement='right' title='原始值：0.41'>0.410</span>", "<span data-toggle='tooltip' data-placement='right' title='原始值：0.0929'>0.093</span>", "<span data-toggle='tooltip' data-placement='right' title='原始值：1.808'>1.81</span>", "<span data-toggle='tooltip' data-placement='right' title='原始值：0.0474'>0.047</span>", "<span data-toggle='tooltip' data-placement='right' title='原始值：7699887'>7699887</span>", "正常"], ["云南省", "西南诸河", "<span data-toggle='tooltip' data-placement='right' title='所在地市:红河哈尼族彝族自治州&#10;所属河流:红河'>河口县医院(河口)</span>", "07-16 08:00", "", "<span data-toggle='tooltip' data-placement='right' title='极值过滤'>--</span>", "<span data-toggle='tooltip' data-placement='right' title='极值过滤'>--</span>", "<span data-toggle='tooltip' data-placement='right' title='极值过滤'>--</span>", "<span data-toggle='tooltip' data-placement='right' title='极值过滤'>--</span>", "<span data-toggle='tooltip' data-placement='right' title='极值过滤'>--</span>", "<span data-toggle='tooltip' data-placement='right' title='原始值：15.67019'>15.67</span>", "<span data-toggle='tooltip' data-placement='right' title='原始值：0.18104'>0.181</span>", "<span data-toggle='tooltip' data-placement='right' title='原始值：0.05072'>0.051</span>", "<span data-toggle='tooltip' data-placement='right' title='原始值：1.79903'>1.80</span>", "*", "*", "维护"], ["云南省", "西南诸河", "<span data-toggle='tooltip' data-placement='right' title='所在地市:西双版纳傣族自治州&#10;所属河流:澜沧江'>橄榄坝</span>", "07-16 08:00", "Ⅱ", "<span data-toggle='tooltip' data-placement='right' title='原始值：18.49301'>18.5</span>", "<span data-toggle='tooltip' data-placement='right' title='原始值：7.49494'>7.49</span>", "<span data-toggle='tooltip' data-placement='right' title='原始值：6.16203'>6.16</span>", "<span data-toggle='tooltip' data-placement='right' title='原始值：669.9839'>670.0</span>", "<span data-toggle='tooltip' data-placement='right' title='原始值：7.31802'>7.3</span>", "<span data-toggle='tooltip' data-placement='right' title='原始值：1.04'>1.04</span>", "<span data-toggle='tooltip' data-placement='right' title='原始值：0.14133'>0.141</span>", "*", "*", "*", "*", "正常"], ["陕西省", "黄河流域", "<span data-toggle='tooltip' data-placement='right' title='所在地市:渭南市&#10;所属河流:渭河'>潼关吊桥</span>", null, "", "--", "--", "--", "--", "--", "--", "--", "--", "--", "*", "*", "停站"], ["甘肃省", "黄河流域", "<span data-toggle='tooltip' data-placement='right' title='所在地市:兰州市&#10;所属河流:黄河'>新城桥</span>", "07-16 08:00", "", "<span data-toggle='tooltip' data-placement='right' title='原始值：24.445'>24.4</span>", "<span data-toggle='tooltip' data-placement='right' title='原始值：5.34458'>5.34</span>", "<span data-toggle='tooltip' data-placement='right' title='原始值：5.70012'>5.70</span>", "<span data-toggle='tooltip' data-placement='right' title='原始值：392.095'>392.1</span>", "<span data-toggle='tooltip' data-placement='right' title='原始值：27.32707'>27.3</span>", "<span data-toggle='tooltip' data-placement='right' title='极值过滤'>--</span>", "<span data-toggle='tooltip' data-placement='right' title='原始值：0.17'>0.170</span>", "<span data-toggle='tooltip' data-placement='right' title='原始值：0.01747'>0.017</span>", "<span data-toggle='tooltip' data-placement='right' title='原始值：2.05727'>2.06</span>", "*", "*", "维护"], ["宁夏回族自治区", "黄河流域", "<span data-toggle='tooltip' data-placement='right' title='所在地市:中卫市&#10;所属河流:黄河'>中卫下河沿(新墩)</span>", "07-16 08:00", "Ⅲ", "<span data-toggle='tooltip' data-placement='right' title='原始值：22.05625'>22.1</span>", "<span data-toggle='tooltip' data-placement='right' title='原始值：7.21765'>7.22</span>", "<span data-toggle='tooltip' data-placement='right' title='原始值：7.57494'>7.57</span>", "<span data-toggle='tooltip' data-placement='right' title='原始值：517.7993'>517.8</span>", "<span data-toggle='tooltip' data-placement='right' title='原始值：1591.838'>1591.8</span>", "<span data-toggle='tooltip' data-placement='right' title='原始值：4.02'>4.02</span>", "<span data-toggle='tooltip' data-placement='right' title='原始值：0.1'>0.100</span>", "<span data-toggle='tooltip' data-placement='right' title='原始值：0.0589'>0.059</span>", "<span data-toggle='tooltip' data-placement='right' title='原始值：2.2147'>2.21</span>", "*", "*", "正常"]]}