{"result": 1, "total": 1, "records": 98, "thead": ["省份", "流域", "断面名称", "监测时间", "水质类别", "水温<br/><span class='unit'>(℃)</span>", "pH<br/><span class='unit'>(无量纲)</span>", "溶解氧<br/><span class='unit'>(mg/L)</span>", "电导率<br/><span class='unit'>(μS/cm)</span>", "浊度<br/><span class='unit'>(NTU)</span>", "高锰酸盐指数<br/><span class='unit'>(mg/L)</span>", "氨氮<br/><span class='unit'>(mg/L)</span>", "总磷<br/><span class='unit'>(mg/L)</span>", "总氮<br/><span class='unit'>(mg/L)</span>", "叶绿素α<br/><span class='unit'>(mg/L)</span>", "藻密度<br/><span class='unit'>(cells/L)</span>", "站点情况"], "tbody": [["北京市", "海河流域", "<span data-toggle='tooltip' data-placement='right' title='所在地市:门头沟区&#10;所属河流:永定河'>沿河城</span>", "07-22 08:00", "", "<span data-toggle='tooltip' data-placement='right' title='原始值：24.76857'>24.8</span>", "<span data-toggle='tooltip' data-placement='right' title='原始值：8.43405'>8.43</span>", "<span data-toggle='tooltip' data-placement='right' title='原始值：7.8308'>7.83</span>", "<span data-toggle='tooltip' data-placement='right' title='原始值：1429.277'>1429.3</span>", "<span data-toggle='tooltip' data-placement='right' title='原始值：13.55752'>13.6</span>", "<span data-toggle='tooltip' data-placement='right' title='原始值：6.005'>6.00</span>", "<span data-toggle='tooltip' data-placement='right' title='极值过滤'>--</span>", "<span data-toggle='tooltip' data-placement='right' title='原始值：0.03504'>0.035</span>", "<span data-toggle='tooltip' data-placement='right' title='原始值：0.79731'>0.80</span>", "*", "*", "维护"], ["北京市", "海河流域", "<span data-toggle='tooltip' data-placement='right' title='所在地市:密云区&#10;所属河流:潮河'>古北口</span>", "07-22 08:00", "", "<span data-toggle='tooltip' data-placement='right' title='原始值：25.60773'>25.6</span>", "<span data-toggle='tooltip' data-placement='right' title='原始值：7.0324'>7.03</span>", "<span data-toggle='tooltip' data-placement='right' title='原始值：7.40385'>7.40</span>", "<span data-toggle='tooltip' data-placement='right' title='原始值：616.319'>616.3</span>", "<span data-toggle='tooltip' data-placement='right' title='原始值：3.98147'>4.0</span>", "<span data-toggle='tooltip' data-placement='right' title='原始值：0.415'>0.42</span>", "<span data-toggle='tooltip' data-placement='right' title='原始值：0.25'>0.250</span>", "<span data-toggle='tooltip' data-placement='right' title='极值过滤'>--</span>", "<span data-toggle='tooltip' data-placement='right' title='原始值：2.7697'>2.77</span>", "*", "*", "维护"], ["天津市", "海河流域", "<span data-toggle='tooltip' data-placement='right' title='所在地市:河北区&#10;所属河流:海河'>三岔口</span>", "07-22 08:00", "Ⅱ", "<span data-toggle='tooltip' data-placement='right' title='原始值：28.1594'>28.2</span>", "<span data-toggle='tooltip' data-placement='right' title='原始值：7.6721'>7.67</span>", "<span data-toggle='tooltip' data-placement='right' title='原始值：7.043'>7.04</span>", "<span data-toggle='tooltip' data-placement='right' title='原始值：261.4995'>261.5</span>", "<span data-toggle='tooltip' data-placement='right' title='原始值：9.622'>9.6</span>", "<span data-toggle='tooltip' data-placement='right' title='原始值：1.18'>1.18</span>", "<span data-toggle='tooltip' data-placement='right' title='原始值：0.1'>0.100</span>", "<span data-toggle='tooltip' data-placement='right' title='原始值：0.0547'>0.055</span>", "<span data-toggle='tooltip' data-placement='right' title='原始值：1.9517'>1.95</span>", "*", "*", "正常"], ["天津市", "海河流域", "<span data-toggle='tooltip' data-placement='right' title='所在地市:蓟州区&#10;所属河流:果河'>果河桥</span>", "07-22 08:00", "Ⅱ", "<span data-toggle='tooltip' data-placement='right' title='原始值：26.9'>26.9</span>", "<span data-toggle='tooltip' data-placement='right' title='原始值：8.673'>8.67</span>", "<span data-toggle='tooltip' data-placement='right' title='原始值：14.834'>14.83</span>", "<span data-toggle='tooltip' data-placement='right' title='原始值：486.531'>486.5</span>", "<span data-toggle='tooltip' data-placement='right' title='原始值：5.94'>5.9</span>", "<span data-toggle='tooltip' data-placement='right' title='原始值：3.5979'>3.60</span>", "<span data-toggle='tooltip' data-placement='right' title='原始值：0.25'>0.250</span>", "<span data-toggle='tooltip' data-placement='right' title='原始值：0.0835'>0.084</span>", "<span data-toggle='tooltip' data-placement='right' title='原始值：2.7858'>2.79</span>", "*", "*", "正常"], ["河北省", "海河流域", "<span data-toggle='tooltip' data-placement='right' title='所在地市:石家庄市&#10;所属河流:滹沱河'>岗南水库</span>", "07-22 08:00", "", "<span data-toggle='tooltip' data-placement='right' title='原始值：27.32994'>27.3</span>", "<span data-toggle='tooltip' data-placement='right' title='原始值：8.42197'>8.42</span>", "<span data-toggle='tooltip' data-placement='right' title='原始值：8.9869'>8.99</span>", "<span data-toggle='tooltip' data-placement='right' title='原始值：559.251'>559.3</span>", "<span data-toggle='tooltip' data-placement='right' title='原始值：2.50223'>2.5</span>", "<span data-toggle='tooltip' data-placement='right' title='原始值：2.07681'>2.08</span>", "<span data-toggle='tooltip' data-placement='right' title='原始值：0.07'>0.070</span>", "<span data-toggle='tooltip' data-placement='right' title='极值过滤'>--</span>", "<span data-toggle='tooltip' data-placement='right' title='原始值：2.05303'>2.05</span>", "*", "*", "维护"], ["河北省", "海河流域", "<span data-toggle='tooltip' data-placement='right' title='所在地市:张家口市&#10;所属河流:永定河'>八号桥</span>", "07-22 08:00", "", "<span data-toggle='tooltip' data-placement='right' title='原始值：25.54337'>25.5</span>", "<span data-toggle='tooltip' data-placement='right' title='原始值：7.80598'>7.81</span>", "<span data-toggle='tooltip' data-placement='right' title='原始值：5.37484'>5.37</span>", "<span data-toggle='tooltip' data-placement='right' title='原始值：1190.408'>1190.4</span>", "<span data-toggle='tooltip' data-placement='right' title='原始值：64.42465'>64.4</span>", "<span data-toggle='tooltip' data-placement='right' title='原始值：4.4'>4.40</span>", "<span data-toggle='tooltip' data-placement='right' title='极值过滤'>--</span>", "<span data-toggle='tooltip' data-placement='right' title='原始值：0.172'>0.172</span>", "<span data-toggle='tooltip' data-placement='right' title='原始值：3.135'>3.14</span>", "*", "*", "维护"], ["山西省", "黄河流域", "<span data-toggle='tooltip' data-placement='right' title='所在地市:运城市&#10;所属河流:汾河'>河津大桥</span>", "07-22 08:00", "Ⅲ", "<span data-toggle='tooltip' data-placement='right' title='原始值：27.44356'>27.4</span>", "<span data-toggle='tooltip' data-placement='right' title='原始值：8.0754'>8.08</span>", "<span data-toggle='tooltip' data-placement='right' title='原始值：6.3848'>6.38</span>", "<span data-toggle='tooltip' data-placement='right' title='原始值：1408.959'>1409.0</span>", "<span data-toggle='tooltip' data-placement='right' title='原始值：251.4135'>251.4</span>", "<span data-toggle='tooltip' data-placement='right' title='原始值：5.4'>5.40</span>", "<span data-toggle='tooltip' data-placement='right' title='原始值：0.07'>0.070</span>", "*", "*", "*", "*", "正常"], ["山西省", "黄河流域", "<span data-toggle='tooltip' data-placement='right' title='所在地市:忻州市&#10;所属河流:黄河'>万家寨水库</span>", "07-22 08:00", "Ⅱ", "<span data-toggle='tooltip' data-placement='right' title='原始值：24.61908'>24.6</span>", "<span data-toggle='tooltip' data-placement='right' title='原始值：7.99311'>7.99</span>", "<span data-toggle='tooltip' data-placement='right' title='原始值：7.66297'>7.66</span>", "<span data-toggle='tooltip' data-placement='right' title='原始值：881.0439'>881.0</span>", "<span data-toggle='tooltip' data-placement='right' title='原始值：30.62945'>30.6</span>", "<span data-toggle='tooltip' data-placement='right' title='原始值：1.44'>1.44</span>", "<span data-toggle='tooltip' data-placement='right' title='原始值：0.29'>0.290</span>", "<span data-toggle='tooltip' data-placement='right' title='原始值：0.06325'>0.063</span>", "<span data-toggle='tooltip' data-placement='right' title='原始值：2.11349'>2.11</span>", "*", "*", "正常"], ["内蒙古自治区", "黄河流域", "<span data-toggle='tooltip' data-placement='right' title='所在地市:包头市&#10;所属河流:黄河'>画匠营子</span>", "07-22 08:00", "Ⅱ", "<span data-toggle='tooltip' data-placement='right' title='原始值：24.66823'>24.7</span>", "<span data-toggle='tooltip' data-placement='right' title='原始值：7.6659'>7.67</span>", "<span data-toggle='tooltip' data-placement='right' title='原始值：7.04535'>7.05</span>", "<span data-toggle='tooltip' data-placement='right' title='原始值：811.0818'>811.1</span>", "<span data-toggle='tooltip' data-placement='right' title='原始值：2091.028'>2091.0</span>", "<span data-toggle='tooltip' data-placement='right' title='原始值：3.3402'>3.34</span>", "<span data-toggle='tooltip' data-placement='right' title='原始值：0.05665'>0.057</span>", "*", "*", "*", "*", "正常"], ["内蒙古自治区", "黄河流域", "<span data-toggle='tooltip' data-placement='right' title='所在地市:乌海市&#10;所属河流:黄河'>海勃湾</span>", "07-22 04:00", "Ⅱ", "<span data-toggle='tooltip' data-placement='right' title='原始值：24.65499'>24.7</span>", "<span data-toggle='tooltip' data-placement='right' title='原始值：7.14097'>7.14</span>", "<span data-toggle='tooltip' data-placement='right' title='原始值：7.33572'>7.34</span>", "<span data-toggle='tooltip' data-placement='right' title='极值过滤'>--</span>", "<span data-toggle='tooltip' data-placement='right' title='原始值：3.17879'>3.2</span>", "<span data-toggle='tooltip' data-placement='right' title='原始值：1.66'>1.66</span>", "<span data-toggle='tooltip' data-placement='right' title='原始值：0.13'>0.130</span>", "*", "*", "*", "*", "维护"], ["内蒙古自治区", "松花江流域", "<span data-toggle='tooltip' data-placement='right' title='所在地市:呼伦贝尔市&#10;所属河流:额尔古纳河'>黑山头</span>", null, "", "--", "--", "--", "--", "--", "--", "--", "--", "--", "*", "*", "停站"], ["辽宁省", "辽河流域", "<span data-toggle='tooltip' data-placement='right' title='所在地市:抚顺市&#10;所属河流:浑河'>大伙房水库</span>", null, "", "--", "--", "--", "--", "--", "--", "--", "--", "--", "--", "*", "维护"], ["辽宁省", "辽河流域", "<span data-toggle='tooltip' data-placement='right' title='所在地市:丹东市&#10;所属河流:鸭绿江'>江桥</span>", null, "", "--", "--", "--", "--", "--", "--", "--", "--", "--", "*", "*", "维护"], ["辽宁省", "辽河流域", "<span data-toggle='tooltip' data-placement='right' title='所在地市:营口市&#10;所属河流:大辽河'>辽河公园</span>", "07-22 08:00", "劣Ⅴ", "<span data-toggle='tooltip' data-placement='right' title='原始值：24.30049'>24.3</span>", "<span data-toggle='tooltip' data-placement='right' title='原始值：7.96245'>7.96</span>", "<span data-toggle='tooltip' data-placement='right' title='原始值：7.45859'>7.46</span>", "<span data-toggle='tooltip' data-placement='right' title='原始值：43646.55'>43646.6</span>", "<span data-toggle='tooltip' data-placement='right' title='原始值：141.2136'>141.2</span>", "<span data-toggle='tooltip' data-placement='right' title='原始值：16.70731'>16.71</span>", "<span data-toggle='tooltip' data-placement='right' title='原始值：0.06387'>0.064</span>", "<span data-toggle='tooltip' data-placement='right' title='原始值：0.20056'>0.201</span>", "<span data-toggle='tooltip' data-placement='right' title='原始值：3.08698'>3.09</span>", "*", "*", "正常"], ["辽宁省", "辽河流域", "<span data-toggle='tooltip' data-placement='right' title='所在地市:辽阳市&#10;所属河流:太子河'>汤河水库</span>", "07-22 08:00", "", "<span data-toggle='tooltip' data-placement='right' title='原始值：17.2'>17.2</span>", "<span data-toggle='tooltip' data-placement='right' title='原始值：7.48'>7.48</span>", "<span data-toggle='tooltip' data-placement='right' title='原始值：0.32'>0.32</span>", "<span data-toggle='tooltip' data-placement='right' title='原始值：481.9365'>481.9</span>", "<span data-toggle='tooltip' data-placement='right' title='原始值：145.747'>145.7</span>", "<span data-toggle='tooltip' data-placement='right' title='原始值：1.43'>1.43</span>", "<span data-toggle='tooltip' data-placement='right' title='原始值：0.01913'>0.019</span>", "<span data-toggle='tooltip' data-placement='right' title='极值过滤'>--</span>", "<span data-toggle='tooltip' data-placement='right' title='极值过滤'>--</span>", "*", "*", "维护"], ["辽宁省", "辽河流域", "<span data-toggle='tooltip' data-placement='right' title='所在地市:盘锦市&#10;所属河流:辽河'>盘锦兴安(兴安)</span>", "07-22 08:00", "", "<span data-toggle='tooltip' data-placement='right' title='原始值：26.57133'>26.6</span>", "<span data-toggle='tooltip' data-placement='right' title='原始值：6.26173'>6.26</span>", "<span data-toggle='tooltip' data-placement='right' title='原始值：4.12924'>4.13</span>", "<span data-toggle='tooltip' data-placement='right' title='极值过滤'>--</span>", "<span data-toggle='tooltip' data-placement='right' title='原始值：56.24031'>56.2</span>", "<span data-toggle='tooltip' data-placement='right' title='原始值：3.22029'>3.22</span>", "<span data-toggle='tooltip' data-placement='right' title='极值过滤'>--</span>", "<span data-toggle='tooltip' data-placement='right' title='原始值：0.10378'>0.104</span>", "<span data-toggle='tooltip' data-placement='right' title='原始值：0.79432'>0.79</span>", "*", "*", "维护"], ["辽宁省", "辽河流域", "<span data-toggle='tooltip' data-placement='right' title='所在地市:铁岭市&#10;所属河流:辽河'>珠尔山</span>", "07-22 08:00", "Ⅳ", "<span data-toggle='tooltip' data-placement='right' title='原始值：27.61417'>27.6</span>", "<span data-toggle='tooltip' data-placement='right' title='原始值：7.69247'>7.69</span>", "<span data-toggle='tooltip' data-placement='right' title='原始值：9.38581'>9.39</span>", "<span data-toggle='tooltip' data-placement='right' title='原始值：399.231'>399.2</span>", "<span data-toggle='tooltip' data-placement='right' title='原始值：20.81926'>20.8</span>", "<span data-toggle='tooltip' data-placement='right' title='原始值：8.12903'>8.13</span>", "<span data-toggle='tooltip' data-placement='right' title='原始值：0.16'>0.160</span>", "<span data-toggle='tooltip' data-placement='right' title='原始值：0.09252'>0.093</span>", "<span data-toggle='tooltip' data-placement='right' title='原始值：1.37688'>1.38</span>", "*", "*", "正常"], ["吉林省", "松花江流域", "<span data-toggle='tooltip' data-placement='right' title='所在地市:长春市&#10;所属河流:松花江'>松花江村</span>", null, "", "--", "--", "--", "--", "--", "--", "--", "--", "--", "*", "*", "停站"], ["吉林省", "松花江流域", "<span data-toggle='tooltip' data-placement='right' title='所在地市:白城市&#10;所属河流:嫩江'>白沙滩</span>", "07-22 08:00", "", "<span data-toggle='tooltip' data-placement='right' title='原始值：27.95452'>28.0</span>", "<span data-toggle='tooltip' data-placement='right' title='原始值：6.89959'>6.90</span>", "<span data-toggle='tooltip' data-placement='right' title='原始值：3.00434'>3.00</span>", "<span data-toggle='tooltip' data-placement='right' title='原始值：263.8866'>263.9</span>", "<span data-toggle='tooltip' data-placement='right' title='原始值：51.71863'>51.7</span>", "<span data-toggle='tooltip' data-placement='right' title='极值过滤'>--</span>", "<span data-toggle='tooltip' data-placement='right' title='原始值：0.21'>0.210</span>", "<span data-toggle='tooltip' data-placement='right' title='原始值：0.09405'>0.094</span>", "<span data-toggle='tooltip' data-placement='right' title='原始值：2.1411'>2.14</span>", "*", "*", "维护"], ["吉林省", "松花江流域", "<span data-toggle='tooltip' data-placement='right' title='所在地市:延边朝鲜族自治州&#10;所属河流:图们江'>圈河</span>", null, "", "--", "--", "--", "--", "--", "--", "--", "--", "--", "*", "*", "停站"], ["黑龙江省", "松花江流域", "<span data-toggle='tooltip' data-placement='right' title='所在地市:大庆市&#10;所属河流:松花江'>肇源</span>", null, "", "--", "--", "--", "--", "--", "--", "--", "--", "--", "*", "*", "停站"], ["黑龙江省", "松花江流域", "<span data-toggle='tooltip' data-placement='right' title='所在地市:佳木斯市&#10;所属河流:乌苏里江'>乌苏镇</span>", null, "", "--", "--", "--", "--", "--", "--", "--", "--", "--", "*", "*", "停站"], ["黑龙江省", "松花江流域", "<span data-toggle='tooltip' data-placement='right' title='所在地市:佳木斯市&#10;所属河流:松花江'>同江</span>", null, "", "--", "--", "--", "--", "--", "--", "--", "--", "--", "*", "*", "停站"], ["黑龙江省", "松花江流域", "<span data-toggle='tooltip' data-placement='right' title='所在地市:黑河市&#10;所属河流:黑龙江'>黑河下(黑河)</span>", null, "", "--", "--", "--", "--", "--", "--", "--", "--", "--", "*", "*", "停站"], ["上海市", "长江流域", "<span data-toggle='tooltip' data-placement='right' title='所在地市:青浦区&#10;所属河流:淀山湖'>急水港桥</span>", "07-22 08:00", "Ⅳ", "<span data-toggle='tooltip' data-placement='right' title='原始值：23.9'>23.9</span>", "<span data-toggle='tooltip' data-placement='right' title='原始值：7.01'>7.01</span>", "<span data-toggle='tooltip' data-placement='right' title='原始值：8.34'>8.34</span>", "<span data-toggle='tooltip' data-placement='right' title='原始值：428'>428.0</span>", "<span data-toggle='tooltip' data-placement='right' title='原始值：48.8'>48.8</span>", "<span data-toggle='tooltip' data-placement='right' title='原始值：6.48438'>6.48</span>", "<span data-toggle='tooltip' data-placement='right' title='原始值：0.2072'>0.207</span>", "<span data-toggle='tooltip' data-placement='right' title='原始值：0.08789'>0.088</span>", "<span data-toggle='tooltip' data-placement='right' title='原始值：2.59377'>2.59</span>", "<span data-toggle='tooltip' data-placement='right' title='原始值：0.00415'>0.004</span>", "<span data-toggle='tooltip' data-placement='right' title='原始值：3824292'>3824292</span>", "正常"], ["江苏省", "长江流域", "<span data-toggle='tooltip' data-placement='right' title='所在地市:南京市&#10;所属河流:长江'>林山</span>", null, "", "--", "--", "--", "--", "--", "--", "--", "--", "--", "*", "*", "停站"], ["江苏省", "太湖流域", "<span data-toggle='tooltip' data-placement='right' title='所在地市:无锡市&#10;所属河流:太湖'>沙渚</span>", "07-22 08:00", "Ⅲ", "<span data-toggle='tooltip' data-placement='right' title='原始值：25.61019'>25.6</span>", "<span data-toggle='tooltip' data-placement='right' title='原始值：7.732944'>7.73</span>", "<span data-toggle='tooltip' data-placement='right' title='原始值：5.866845'>5.87</span>", "<span data-toggle='tooltip' data-placement='right' title='原始值：352.2928'>352.3</span>", "<span data-toggle='tooltip' data-placement='right' title='原始值：19.90181'>19.9</span>", "<span data-toggle='tooltip' data-placement='right' title='原始值：2.67'>2.67</span>", "<span data-toggle='tooltip' data-placement='right' title='原始值：0.2'>0.200</span>", "<span data-toggle='tooltip' data-placement='right' title='原始值：0.0508'>0.051</span>", "<span data-toggle='tooltip' data-placement='right' title='原始值：1.033'>1.03</span>", "*", "*", "正常"], ["江苏省", "淮河流域", "<span data-toggle='tooltip' data-placement='right' title='所在地市:徐州市&#10;所属河流:武河'>小红圈</span>", "07-22 04:00", "Ⅳ", "<span data-toggle='tooltip' data-placement='right' title='原始值：26.8'>26.8</span>", "<span data-toggle='tooltip' data-placement='right' title='原始值：7.18'>7.18</span>", "<span data-toggle='tooltip' data-placement='right' title='原始值：6.04'>6.04</span>", "<span data-toggle='tooltip' data-placement='right' title='原始值：830.2'>830.2</span>", "<span data-toggle='tooltip' data-placement='right' title='原始值：71.25'>71.2</span>", "<span data-toggle='tooltip' data-placement='right' title='原始值：8'>8.00</span>", "<span data-toggle='tooltip' data-placement='right' title='原始值：0.24'>0.240</span>", "*", "*", "*", "*", "正常"], ["江苏省", "淮河流域", "<span data-toggle='tooltip' data-placement='right' title='所在地市:徐州市&#10;所属河流:沿河'>李集桥</span>", "07-22 08:00", "Ⅳ", "<span data-toggle='tooltip' data-placement='right' title='原始值：26.1'>26.1</span>", "<span data-toggle='tooltip' data-placement='right' title='原始值：7.19'>7.19</span>", "<span data-toggle='tooltip' data-placement='right' title='原始值：5.16'>5.16</span>", "<span data-toggle='tooltip' data-placement='right' title='原始值：1016.7'>1016.7</span>", "<span data-toggle='tooltip' data-placement='right' title='原始值：227.81'>227.8</span>", "<span data-toggle='tooltip' data-placement='right' title='原始值：6.28'>6.28</span>", "<span data-toggle='tooltip' data-placement='right' title='原始值：0.836'>0.836</span>", "<span data-toggle='tooltip' data-placement='right' title='原始值：0.102'>0.102</span>", "<span data-toggle='tooltip' data-placement='right' title='原始值：3.483'>3.48</span>", "*", "*", "正常"], ["江苏省", "淮河流域", "<span data-toggle='tooltip' data-placement='right' title='所在地市:徐州市&#10;所属河流:邳苍分洪道'>艾山西大桥</span>", "07-22 08:00", "Ⅲ", "<span data-toggle='tooltip' data-placement='right' title='原始值：25.929'>25.9</span>", "<span data-toggle='tooltip' data-placement='right' title='原始值：7.99042'>7.99</span>", "<span data-toggle='tooltip' data-placement='right' title='原始值：9.3429'>9.34</span>", "<span data-toggle='tooltip' data-placement='right' title='原始值：988.889'>988.9</span>", "<span data-toggle='tooltip' data-placement='right' title='原始值：16.9871'>17.0</span>", "<span data-toggle='tooltip' data-placement='right' title='原始值：3.36'>3.36</span>", "<span data-toggle='tooltip' data-placement='right' title='原始值：0.15'>0.150</span>", "<span data-toggle='tooltip' data-placement='right' title='原始值：0.15882'>0.159</span>", "<span data-toggle='tooltip' data-placement='right' title='原始值：6.95742'>6.96</span>", "*", "*", "正常"], ["江苏省", "太湖流域", "<span data-toggle='tooltip' data-placement='right' title='所在地市:苏州市&#10;所属河流:太湖'>兰山嘴(老)</span>", "07-22 08:00", "Ⅳ", "<span data-toggle='tooltip' data-placement='right' title='原始值：26.60234'>26.6</span>", "<span data-toggle='tooltip' data-placement='right' title='原始值：6.89862'>6.90</span>", "<span data-toggle='tooltip' data-placement='right' title='原始值：4.46724'>4.47</span>", "<span data-toggle='tooltip' data-placement='right' title='原始值：209.2106'>209.2</span>", "<span data-toggle='tooltip' data-placement='right' title='原始值：29.38773'>29.4</span>", "<span data-toggle='tooltip' data-placement='right' title='原始值：3.06'>3.06</span>", "<span data-toggle='tooltip' data-placement='right' title='原始值：0.49'>0.490</span>", "<span data-toggle='tooltip' data-placement='right' title='原始值：0.07802'>0.078</span>", "<span data-toggle='tooltip' data-placement='right' title='原始值：1.90501'>1.91</span>", "*", "*", "正常"], ["江苏省", "太湖流域", "<span data-toggle='tooltip' data-placement='right' title='所在地市:苏州市&#10;所属河流:太湖'>西山</span>", "07-22 08:00", "Ⅳ", "<span data-toggle='tooltip' data-placement='right' title='原始值：27.1439'>27.1</span>", "<span data-toggle='tooltip' data-placement='right' title='原始值：7.3315'>7.33</span>", "<span data-toggle='tooltip' data-placement='right' title='原始值：6.79747'>6.80</span>", "<span data-toggle='tooltip' data-placement='right' title='原始值：251.9532'>252.0</span>", "<span data-toggle='tooltip' data-placement='right' title='原始值：53.42303'>53.4</span>", "<span data-toggle='tooltip' data-placement='right' title='原始值：1.34'>1.34</span>", "<span data-toggle='tooltip' data-placement='right' title='原始值：0.18'>0.180</span>", "<span data-toggle='tooltip' data-placement='right' title='原始值：0.0635'>0.064</span>", "<span data-toggle='tooltip' data-placement='right' title='原始值：1.173'>1.17</span>", "*", "*", "正常"], ["江苏省", "淮河流域", "<span data-toggle='tooltip' data-placement='right' title='所在地市:连云港市&#10;所属河流:新沭河'>大兴桥</span>", "07-22 08:00", "Ⅳ", "<span data-toggle='tooltip' data-placement='right' title='原始值：26.3'>26.3</span>", "<span data-toggle='tooltip' data-placement='right' title='原始值：7.13'>7.13</span>", "<span data-toggle='tooltip' data-placement='right' title='原始值：6.57'>6.57</span>", "<span data-toggle='tooltip' data-placement='right' title='原始值：729.2'>729.2</span>", "<span data-toggle='tooltip' data-placement='right' title='原始值：31.46'>31.5</span>", "<span data-toggle='tooltip' data-placement='right' title='原始值：6.61'>6.61</span>", "<span data-toggle='tooltip' data-placement='right' title='原始值：0.991'>0.991</span>", "*", "*", "*", "*", "正常"], ["江苏省", "淮河流域", "<span data-toggle='tooltip' data-placement='right' title='所在地市:淮安市&#10;所属河流:淮河'>淮河大桥</span>", "07-22 08:00", "", "<span data-toggle='tooltip' data-placement='right' title='原始值：25.39318'>25.4</span>", "<span data-toggle='tooltip' data-placement='right' title='原始值：7.53587'>7.54</span>", "<span data-toggle='tooltip' data-placement='right' title='原始值：2.47059'>2.47</span>", "<span data-toggle='tooltip' data-placement='right' title='原始值：346.945'>346.9</span>", "<span data-toggle='tooltip' data-placement='right' title='原始值：343.004'>343.0</span>", "<span data-toggle='tooltip' data-placement='right' title='原始值：5.66'>5.66</span>", "<span data-toggle='tooltip' data-placement='right' title='极值过滤'>--</span>", "<span data-toggle='tooltip' data-placement='right' title='原始值：0.5129'>0.513</span>", "<span data-toggle='tooltip' data-placement='right' title='极值过滤'>--</span>", "*", "*", "维护"], ["江苏省", "长江流域", "<span data-toggle='tooltip' data-placement='right' title='所在地市:扬州市&#10;所属河流:夹江'>三江营</span>", null, "", "--", "--", "--", "--", "--", "--", "--", "--", "--", "*", "*", "停站"], ["江苏省", "淮河流域", "<span data-toggle='tooltip' data-placement='right' title='所在地市:宿迁市&#10;所属河流:新濉河'>大屈</span>", "07-22 08:00", "", "<span data-toggle='tooltip' data-placement='right' title='原始值：25.1'>25.1</span>", "<span data-toggle='tooltip' data-placement='right' title='原始值：7.02'>7.02</span>", "<span data-toggle='tooltip' data-placement='right' title='原始值：3.64'>3.64</span>", "<span data-toggle='tooltip' data-placement='right' title='原始值：583.9'>583.9</span>", "<span data-toggle='tooltip' data-placement='right' title='原始值：50.84'>50.8</span>", "<span data-toggle='tooltip' data-placement='right' title='原始值：10.31'>10.31</span>", "<span data-toggle='tooltip' data-placement='right' title='极值过滤'>--</span>", "<span data-toggle='tooltip' data-placement='right' title='原始值：0.635'>0.635</span>", "<span data-toggle='tooltip' data-placement='right' title='原始值：4.322'>4.32</span>", "*", "*", "维护"], ["浙江省", "浙闽片河流", "<span data-toggle='tooltip' data-placement='right' title='所在地市:杭州市&#10;所属河流:新安江'>街口(鸠坑口)</span>", null, "", "--", "--", "--", "--", "--", "--", "--", "--", "--", "*", "*", "停站"], ["浙江省", "太湖流域", "<span data-toggle='tooltip' data-placement='right' title='所在地市:嘉兴市&#10;所属河流:斜路港河'>斜路港</span>", "07-22 08:00", "劣Ⅴ", "<span data-toggle='tooltip' data-placement='right' title='原始值：26.6'>26.6</span>", "<span data-toggle='tooltip' data-placement='right' title='原始值：8.8'>8.80</span>", "<span data-toggle='tooltip' data-placement='right' title='原始值：10.4'>10.40</span>", "<span data-toggle='tooltip' data-placement='right' title='原始值：444'>444.0</span>", "<span data-toggle='tooltip' data-placement='right' title='原始值：36.8'>36.8</span>", "<span data-toggle='tooltip' data-placement='right' title='原始值：3.7'>3.70</span>", "<span data-toggle='tooltip' data-placement='right' title='原始值：0.03746'>0.037</span>", "<span data-toggle='tooltip' data-placement='right' title='原始值：0.44144'>0.441</span>", "<span data-toggle='tooltip' data-placement='right' title='原始值：2.21256'>2.21</span>", "*", "*", "正常"], ["浙江省", "太湖流域", "<span data-toggle='tooltip' data-placement='right' title='所在地市:嘉兴市&#10;所属河流:京杭运河'>王江泾</span>", null, "", "--", "--", "--", "--", "--", "--", "--", "--", "--", "*", "*", "停站"], ["浙江省", "太湖流域", "<span data-toggle='tooltip' data-placement='right' title='所在地市:湖州市&#10;所属河流:西苕溪'>新港口(新塘港)</span>", "07-22 08:00", "Ⅲ", "<span data-toggle='tooltip' data-placement='right' title='原始值：25.2643'>25.3</span>", "<span data-toggle='tooltip' data-placement='right' title='原始值：6.85296'>6.85</span>", "<span data-toggle='tooltip' data-placement='right' title='原始值：5.97164'>5.97</span>", "<span data-toggle='tooltip' data-placement='right' title='原始值：173.546'>173.5</span>", "<span data-toggle='tooltip' data-placement='right' title='原始值：45.2718'>45.3</span>", "<span data-toggle='tooltip' data-placement='right' title='原始值：2.76902'>2.77</span>", "<span data-toggle='tooltip' data-placement='right' title='原始值：0.06752'>0.068</span>", "<span data-toggle='tooltip' data-placement='right' title='原始值：0.06667'>0.067</span>", "<span data-toggle='tooltip' data-placement='right' title='原始值：6.1738'>6.17</span>", "*", "*", "正常"], ["安徽省", "巢湖流域", "<span data-toggle='tooltip' data-placement='right' title='所在地市:合肥市&#10;所属河流:巢湖'>湖滨(老)</span>", "07-22 08:00", "Ⅳ", "<span data-toggle='tooltip' data-placement='right' title='原始值：26.01019'>26.0</span>", "<span data-toggle='tooltip' data-placement='right' title='原始值：6.1986'>6.20</span>", "<span data-toggle='tooltip' data-placement='right' title='原始值：3.15575'>3.16</span>", "<span data-toggle='tooltip' data-placement='right' title='原始值：311.2765'>311.3</span>", "<span data-toggle='tooltip' data-placement='right' title='原始值：96.42737'>96.4</span>", "<span data-toggle='tooltip' data-placement='right' title='原始值：5.93'>5.93</span>", "<span data-toggle='tooltip' data-placement='right' title='原始值：0.3'>0.300</span>", "<span data-toggle='tooltip' data-placement='right' title='原始值：0.0614'>0.061</span>", "<span data-toggle='tooltip' data-placement='right' title='原始值：2.01'>2.01</span>", "<span data-toggle='tooltip' data-placement='right' title='原始值：0.01426'>0.014</span>", "*", "正常"], ["安徽省", "巢湖流域", "<span data-toggle='tooltip' data-placement='right' title='所在地市:芜湖市&#10;所属河流:巢湖'>裕溪口(老)</span>", null, "", "--", "--", "--", "--", "--", "--", "--", "--", "--", "*", "*", "停站"], ["安徽省", "淮河流域", "<span data-toggle='tooltip' data-placement='right' title='所在地市:蚌埠市&#10;所属河流:淮河'>蚌埠闸上(蚌埠闸)</span>", null, "", "--", "--", "--", "--", "--", "--", "--", "--", "--", "*", "*", "停站"], ["安徽省", "淮河流域", "<span data-toggle='tooltip' data-placement='right' title='所在地市:淮南市&#10;所属河流:淮河'>石头埠(老)</span>", "07-22 08:00", "Ⅳ", "<span data-toggle='tooltip' data-placement='right' title='原始值：23.95407'>24.0</span>", "<span data-toggle='tooltip' data-placement='right' title='原始值：7.05583'>7.06</span>", "<span data-toggle='tooltip' data-placement='right' title='原始值：4.31098'>4.31</span>", "<span data-toggle='tooltip' data-placement='right' title='原始值：156.7353'>156.7</span>", "<span data-toggle='tooltip' data-placement='right' title='原始值：604.6176'>604.6</span>", "<span data-toggle='tooltip' data-placement='right' title='原始值：1.31'>1.31</span>", "<span data-toggle='tooltip' data-placement='right' title='原始值：0.26'>0.260</span>", "*", "*", "*", "*", "正常"], ["安徽省", "淮河流域", "<span data-toggle='tooltip' data-placement='right' title='所在地市:淮北市&#10;所属河流:沱河'>小王桥</span>", null, "", "--", "--", "--", "--", "--", "--", "--", "--", "--", "*", "*", "停站"], ["安徽省", "长江流域", "<span data-toggle='tooltip' data-placement='right' title='所在地市:安庆市&#10;所属河流:长江'>皖河口</span>", null, "", "--", "--", "--", "--", "--", "--", "--", "--", "--", "*", "*", "停站"], ["安徽省", "淮河流域", "<span data-toggle='tooltip' data-placement='right' title='所在地市:滁州市&#10;所属河流:淮河'>小柳巷</span>", "07-22 08:00", "", "<span data-toggle='tooltip' data-placement='right' title='原始值：26.1'>26.1</span>", "<span data-toggle='tooltip' data-placement='right' title='原始值：7.66'>7.66</span>", "<span data-toggle='tooltip' data-placement='right' title='原始值：7.95'>7.95</span>", "<span data-toggle='tooltip' data-placement='right' title='原始值：261.7'>261.7</span>", "<span data-toggle='tooltip' data-placement='right' title='极值过滤'>--</span>", "<span data-toggle='tooltip' data-placement='right' title='原始值：4.17'>4.17</span>", "<span data-toggle='tooltip' data-placement='right' title='极值过滤'>--</span>", "<span data-toggle='tooltip' data-placement='right' title='原始值：0.365'>0.365</span>", "<span data-toggle='tooltip' data-placement='right' title='极值过滤'>--</span>", "*", "*", "维护"], ["安徽省", "淮河流域", "<span data-toggle='tooltip' data-placement='right' title='所在地市:阜阳市&#10;所属河流:黑茨河'>张大桥</span>", null, "", "--", "--", "--", "--", "--", "--", "--", "--", "--", "*", "*", "停站"], ["安徽省", "淮河流域", "<span data-toggle='tooltip' data-placement='right' title='所在地市:阜阳市&#10;所属河流:淮河'>王家坝</span>", null, "", "--", "--", "--", "--", "--", "--", "--", "--", "--", "*", "*", "停站"], ["安徽省", "淮河流域", "<span data-toggle='tooltip' data-placement='right' title='所在地市:阜阳市&#10;所属河流:颍河'>界首七渡口(七渡口)</span>", "07-22 08:00", "Ⅳ", "<span data-toggle='tooltip' data-placement='right' title='原始值：26.18948'>26.2</span>", "<span data-toggle='tooltip' data-placement='right' title='原始值：7.6983'>7.70</span>", "<span data-toggle='tooltip' data-placement='right' title='原始值：3.48662'>3.49</span>", "<span data-toggle='tooltip' data-placement='right' title='原始值：918.1486'>918.1</span>", "<span data-toggle='tooltip' data-placement='right' title='原始值：14.15942'>14.2</span>", "<span data-toggle='tooltip' data-placement='right' title='原始值：2.92'>2.92</span>", "<span data-toggle='tooltip' data-placement='right' title='原始值：0.55'>0.550</span>", "<span data-toggle='tooltip' data-placement='right' title='原始值：0.12734'>0.127</span>", "<span data-toggle='tooltip' data-placement='right' title='原始值：3.40706'>3.41</span>", "*", "*", "正常"], ["安徽省", "淮河流域", "<span data-toggle='tooltip' data-placement='right' title='所在地市:阜阳市&#10;所属河流:泉河'>许庄(徐庄)</span>", "07-22 08:00", "Ⅲ", "<span data-toggle='tooltip' data-placement='right' title='原始值：24.3'>24.3</span>", "<span data-toggle='tooltip' data-placement='right' title='原始值：7.39'>7.39</span>", "<span data-toggle='tooltip' data-placement='right' title='原始值：5.69'>5.69</span>", "<span data-toggle='tooltip' data-placement='right' title='原始值：889.6'>889.6</span>", "<span data-toggle='tooltip' data-placement='right' title='原始值：75.07'>75.1</span>", "<span data-toggle='tooltip' data-placement='right' title='原始值：1.74'>1.74</span>", "<span data-toggle='tooltip' data-placement='right' title='原始值：0.04'>0.040</span>", "<span data-toggle='tooltip' data-placement='right' title='原始值：0.143'>0.143</span>", "<span data-toggle='tooltip' data-placement='right' title='原始值：0.42'>0.42</span>", "*", "*", "正常"], ["安徽省", "淮河流域", "<span data-toggle='tooltip' data-placement='right' title='所在地市:宿州市&#10;所属河流:奎河'>杨庄</span>", "07-22 08:00", "Ⅴ", "<span data-toggle='tooltip' data-placement='right' title='原始值：23.59'>23.6</span>", "<span data-toggle='tooltip' data-placement='right' title='原始值：7.26'>7.26</span>", "<span data-toggle='tooltip' data-placement='right' title='原始值：6.85'>6.85</span>", "<span data-toggle='tooltip' data-placement='right' title='原始值：752.3'>752.3</span>", "<span data-toggle='tooltip' data-placement='right' title='原始值：79.87'>79.9</span>", "<span data-toggle='tooltip' data-placement='right' title='原始值：6.08'>6.08</span>", "<span data-toggle='tooltip' data-placement='right' title='原始值：1.819'>1.819</span>", "*", "*", "*", "*", "正常"], ["安徽省", "淮河流域", "<span data-toggle='tooltip' data-placement='right' title='所在地市:宿州市&#10;所属河流:新汴河'>泗县公路桥</span>", "07-22 08:00", "Ⅲ", "<span data-toggle='tooltip' data-placement='right' title='原始值：25.9'>25.9</span>", "<span data-toggle='tooltip' data-placement='right' title='原始值：7.56'>7.56</span>", "<span data-toggle='tooltip' data-placement='right' title='原始值：7.66'>7.66</span>", "<span data-toggle='tooltip' data-placement='right' title='原始值：962.5'>962.5</span>", "<span data-toggle='tooltip' data-placement='right' title='原始值：90.87'>90.9</span>", "<span data-toggle='tooltip' data-placement='right' title='原始值：4.09'>4.09</span>", "<span data-toggle='tooltip' data-placement='right' title='原始值：0.37'>0.370</span>", "*", "*", "*", "*", "正常"], ["安徽省", "淮河流域", "<span data-toggle='tooltip' data-placement='right' title='所在地市:亳州市&#10;所属河流:包河'>颜集</span>", "07-22 08:00", "Ⅴ", "<span data-toggle='tooltip' data-placement='right' title='原始值：24.4'>24.4</span>", "<span data-toggle='tooltip' data-placement='right' title='原始值：7.54'>7.54</span>", "<span data-toggle='tooltip' data-placement='right' title='原始值：6.15'>6.15</span>", "<span data-toggle='tooltip' data-placement='right' title='原始值：1174.9'>1174.9</span>", "<span data-toggle='tooltip' data-placement='right' title='原始值：238.63'>238.6</span>", "<span data-toggle='tooltip' data-placement='right' title='原始值：4.75'>4.75</span>", "<span data-toggle='tooltip' data-placement='right' title='原始值：0.45'>0.450</span>", "<span data-toggle='tooltip' data-placement='right' title='原始值：0.307'>0.307</span>", "<span data-toggle='tooltip' data-placement='right' title='原始值：3.077'>3.08</span>", "*", "*", "正常"], ["福建省", "浙闽片河流", "<span data-toggle='tooltip' data-placement='right' title='所在地市:福州市&#10;所属河流:闽江'>白岩潭</span>", "07-22 08:00", "Ⅲ", "<span data-toggle='tooltip' data-placement='right' title='原始值：29.61'>29.6</span>", "<span data-toggle='tooltip' data-placement='right' title='原始值：6.65'>6.65</span>", "<span data-toggle='tooltip' data-placement='right' title='原始值：5.26'>5.26</span>", "<span data-toggle='tooltip' data-placement='right' title='原始值：312.2'>312.2</span>", "<span data-toggle='tooltip' data-placement='right' title='原始值：41.68'>41.7</span>", "<span data-toggle='tooltip' data-placement='right' title='原始值：1.88'>1.88</span>", "<span data-toggle='tooltip' data-placement='right' title='原始值：0.07'>0.070</span>", "*", "*", "*", "*", "正常"], ["江西省", "长江流域", "<span data-toggle='tooltip' data-placement='right' title='所在地市:南昌市&#10;所属河流:赣江南支'>滁槎</span>", "07-22 08:00", "Ⅱ", "<span data-toggle='tooltip' data-placement='right' title='原始值：29.36876'>29.4</span>", "<span data-toggle='tooltip' data-placement='right' title='原始值：7.06437'>7.06</span>", "<span data-toggle='tooltip' data-placement='right' title='原始值：6.08076'>6.08</span>", "<span data-toggle='tooltip' data-placement='right' title='原始值：117.7961'>117.8</span>", "<span data-toggle='tooltip' data-placement='right' title='原始值：37.46679'>37.5</span>", "<span data-toggle='tooltip' data-placement='right' title='原始值：3.01'>3.01</span>", "<span data-toggle='tooltip' data-placement='right' title='原始值：0.13'>0.130</span>", "<span data-toggle='tooltip' data-placement='right' title='原始值：0.088'>0.088</span>", "<span data-toggle='tooltip' data-placement='right' title='原始值：1.48'>1.48</span>", "*", "*", "正常"], ["江西省", "长江流域", "<span data-toggle='tooltip' data-placement='right' title='所在地市:九江市&#10;所属河流:长江'>姚港(河西水厂)</span>", null, "", "--", "--", "--", "--", "--", "--", "--", "--", "--", "*", "*", "停站"], ["江西省", "长江流域", "<span data-toggle='tooltip' data-placement='right' title='所在地市:九江市&#10;所属河流:鄱阳湖'>蛤蟆石</span>", null, "", "--", "--", "--", "--", "--", "--", "--", "--", "--", "--", "--", "停站"], ["山东省", "黄河流域", "<span data-toggle='tooltip' data-placement='right' title='所在地市:济南市&#10;所属河流:黄河'>泺口</span>", "07-22 08:00", "Ⅱ", "<span data-toggle='tooltip' data-placement='right' title='原始值：27.3194'>27.3</span>", "<span data-toggle='tooltip' data-placement='right' title='原始值：8.04573'>8.05</span>", "<span data-toggle='tooltip' data-placement='right' title='原始值：6.82372'>6.82</span>", "<span data-toggle='tooltip' data-placement='right' title='原始值：846.034'>846.0</span>", "<span data-toggle='tooltip' data-placement='right' title='原始值：2370.87'>2370.9</span>", "<span data-toggle='tooltip' data-placement='right' title='原始值：2.68'>2.68</span>", "<span data-toggle='tooltip' data-placement='right' title='原始值：0.1973'>0.197</span>", "<span data-toggle='tooltip' data-placement='right' title='原始值：0.01168'>0.012</span>", "<span data-toggle='tooltip' data-placement='right' title='原始值：3.282'>3.28</span>", "*", "*", "正常"], ["山东省", "淮河流域", "<span data-toggle='tooltip' data-placement='right' title='所在地市:枣庄市&#10;所属河流:京杭大运河（韩庄运河）'>台儿庄大桥</span>", "07-22 08:00", "Ⅳ", "<span data-toggle='tooltip' data-placement='right' title='原始值：25.24996'>25.2</span>", "<span data-toggle='tooltip' data-placement='right' title='原始值：7.611'>7.61</span>", "<span data-toggle='tooltip' data-placement='right' title='原始值：4.00656'>4.01</span>", "<span data-toggle='tooltip' data-placement='right' title='原始值：898.032'>898.0</span>", "<span data-toggle='tooltip' data-placement='right' title='原始值：27.31109'>27.3</span>", "<span data-toggle='tooltip' data-placement='right' title='原始值：4.51294'>4.51</span>", "<span data-toggle='tooltip' data-placement='right' title='原始值：1.40574'>1.406</span>", "<span data-toggle='tooltip' data-placement='right' title='原始值：0.13055'>0.131</span>", "<span data-toggle='tooltip' data-placement='right' title='原始值：7.92837'>7.93</span>", "*", "*", "正常"], ["山东省", "淮河流域", "<span data-toggle='tooltip' data-placement='right' title='所在地市:临沂市&#10;所属河流:沭河'>清泉寺</span>", null, "", "--", "--", "--", "--", "--", "--", "--", "--", "--", "*", "*", "停站"], ["山东省", "淮河流域", "<span data-toggle='tooltip' data-placement='right' title='所在地市:临沂市&#10;所属河流:沂河'>重坊桥</span>", "07-22 08:00", "Ⅱ", "<span data-toggle='tooltip' data-placement='right' title='原始值：25.48414'>25.5</span>", "<span data-toggle='tooltip' data-placement='right' title='原始值：7.52187'>7.52</span>", "<span data-toggle='tooltip' data-placement='right' title='原始值：6.68532'>6.69</span>", "<span data-toggle='tooltip' data-placement='right' title='原始值：655.8131'>655.8</span>", "<span data-toggle='tooltip' data-placement='right' title='原始值：16.86075'>16.9</span>", "<span data-toggle='tooltip' data-placement='right' title='原始值：3.83'>3.83</span>", "<span data-toggle='tooltip' data-placement='right' title='原始值：0.12725'>0.127</span>", "*", "*", "*", "*", "正常"], ["山东省", "淮河流域", "<span data-toggle='tooltip' data-placement='right' title='所在地市:临沂市&#10;所属河流:白马河'>捷庄(涝沟桥)</span>", "07-22 08:00", "Ⅳ", "<span data-toggle='tooltip' data-placement='right' title='原始值：25.2'>25.2</span>", "<span data-toggle='tooltip' data-placement='right' title='原始值：7.63'>7.63</span>", "<span data-toggle='tooltip' data-placement='right' title='原始值：7.12'>7.12</span>", "<span data-toggle='tooltip' data-placement='right' title='原始值：805.125'>805.1</span>", "<span data-toggle='tooltip' data-placement='right' title='原始值：468.3355'>468.3</span>", "<span data-toggle='tooltip' data-placement='right' title='原始值：6.61'>6.61</span>", "<span data-toggle='tooltip' data-placement='right' title='原始值：0.45747'>0.457</span>", "<span data-toggle='tooltip' data-placement='right' title='原始值：0.28753'>0.288</span>", "<span data-toggle='tooltip' data-placement='right' title='原始值：4.07447'>4.07</span>", "*", "*", "正常"], ["山东省", "海河流域", "<span data-toggle='tooltip' data-placement='right' title='所在地市:聊城市&#10;所属河流:卫运河'>秤勾湾(秤钩湾)</span>", "07-22 08:00", "Ⅴ", "<span data-toggle='tooltip' data-placement='right' title='原始值：27.84687'>27.8</span>", "<span data-toggle='tooltip' data-placement='right' title='原始值：8.17984'>8.18</span>", "<span data-toggle='tooltip' data-placement='right' title='原始值：6.1192'>6.12</span>", "<span data-toggle='tooltip' data-placement='right' title='原始值：1768'>1768.0</span>", "<span data-toggle='tooltip' data-placement='right' title='原始值：181.257'>181.3</span>", "<span data-toggle='tooltip' data-placement='right' title='原始值：10.33656'>10.34</span>", "<span data-toggle='tooltip' data-placement='right' title='原始值：0.22452'>0.225</span>", "<span data-toggle='tooltip' data-placement='right' title='原始值：0.13693'>0.137</span>", "<span data-toggle='tooltip' data-placement='right' title='原始值：6.28887'>6.29</span>", "*", "*", "正常"], ["河南省", "长江流域", "<span data-toggle='tooltip' data-placement='right' title='所在地市:南阳市&#10;所属河流:丹江口水库'>陶岔</span>", "07-22 08:00", "Ⅱ", "<span data-toggle='tooltip' data-placement='right' title='原始值：25.28'>25.3</span>", "<span data-toggle='tooltip' data-placement='right' title='原始值：7.74614'>7.75</span>", "<span data-toggle='tooltip' data-placement='right' title='原始值：7.84184'>7.84</span>", "<span data-toggle='tooltip' data-placement='right' title='原始值：290.7278'>290.7</span>", "<span data-toggle='tooltip' data-placement='right' title='原始值：1.88492'>1.9</span>", "<span data-toggle='tooltip' data-placement='right' title='原始值：2.23'>2.23</span>", "<span data-toggle='tooltip' data-placement='right' title='原始值：0.01726'>0.017</span>", "<span data-toggle='tooltip' data-placement='right' title='原始值：0.01041'>0.010</span>", "<span data-toggle='tooltip' data-placement='right' title='原始值：0.79268'>0.79</span>", "<span data-toggle='tooltip' data-placement='right' title='原始值：0.00342'>0.003</span>", "<span data-toggle='tooltip' data-placement='right' title='原始值：705971.7'>705972</span>", "正常"], ["河南省", "淮河流域", "<span data-toggle='tooltip' data-placement='right' title='所在地市:商丘市&#10;所属河流:浍河'>黄口</span>", "07-22 08:00", "劣Ⅴ", "<span data-toggle='tooltip' data-placement='right' title='原始值：26'>26.0</span>", "<span data-toggle='tooltip' data-placement='right' title='原始值：7.51'>7.51</span>", "<span data-toggle='tooltip' data-placement='right' title='原始值：1.57127'>1.57</span>", "<span data-toggle='tooltip' data-placement='right' title='原始值：2196.968'>2197.0</span>", "<span data-toggle='tooltip' data-placement='right' title='原始值：19.81884'>19.8</span>", "<span data-toggle='tooltip' data-placement='right' title='原始值：8.21'>8.21</span>", "<span data-toggle='tooltip' data-placement='right' title='原始值：1.07117'>1.071</span>", "<span data-toggle='tooltip' data-placement='right' title='原始值：0.3207'>0.321</span>", "<span data-toggle='tooltip' data-placement='right' title='原始值：3.25623'>3.26</span>", "*", "*", "正常"], ["河南省", "淮河流域", "<span data-toggle='tooltip' data-placement='right' title='所在地市:信阳市&#10;所属河流:史灌河'>蒋集</span>", null, "", "--", "--", "--", "--", "--", "--", "--", "--", "--", "*", "*", "停站"], ["河南省", "淮河流域", "<span data-toggle='tooltip' data-placement='right' title='所在地市:信阳市&#10;所属河流:淮河'>淮滨水文站(淮滨)</span>", null, "", "--", "--", "--", "--", "--", "--", "--", "--", "--", "*", "*", "停站"], ["河南省", "淮河流域", "<span data-toggle='tooltip' data-placement='right' title='所在地市:周口市&#10;所属河流:沙河'>沈丘闸</span>", "07-22 08:00", "Ⅲ", "<span data-toggle='tooltip' data-placement='right' title='原始值：24.63257'>24.6</span>", "<span data-toggle='tooltip' data-placement='right' title='原始值：7.27368'>7.27</span>", "<span data-toggle='tooltip' data-placement='right' title='原始值：5.41507'>5.42</span>", "<span data-toggle='tooltip' data-placement='right' title='原始值：1073.382'>1073.4</span>", "<span data-toggle='tooltip' data-placement='right' title='原始值：6.73195'>6.7</span>", "<span data-toggle='tooltip' data-placement='right' title='原始值：4.195'>4.20</span>", "<span data-toggle='tooltip' data-placement='right' title='原始值：0.49'>0.490</span>", "*", "*", "*", "*", "正常"], ["河南省", "淮河流域", "<span data-toggle='tooltip' data-placement='right' title='所在地市:周口市&#10;所属河流:涡河'>鹿邑付桥(鹿邑付桥闸)</span>", "07-22 08:00", "", "<span data-toggle='tooltip' data-placement='right' title='原始值：24.76012'>24.8</span>", "<span data-toggle='tooltip' data-placement='right' title='原始值：8.43414'>8.43</span>", "<span data-toggle='tooltip' data-placement='right' title='原始值：5.25631'>5.26</span>", "<span data-toggle='tooltip' data-placement='right' title='原始值：1305.333'>1305.3</span>", "<span data-toggle='tooltip' data-placement='right' title='原始值：21.33812'>21.3</span>", "<span data-toggle='tooltip' data-placement='right' title='原始值：5.64375'>5.64</span>", "<span data-toggle='tooltip' data-placement='right' title='极值过滤'>--</span>", "<span data-toggle='tooltip' data-placement='right' title='原始值：0.1418'>0.142</span>", "<span data-toggle='tooltip' data-placement='right' title='原始值：1.21249'>1.21</span>", "*", "*", "维护"], ["河南省", "淮河流域", "<span data-toggle='tooltip' data-placement='right' title='所在地市:驻马店市&#10;所属河流:洪河'>新蔡班台(班台)</span>", "07-22 08:00", "Ⅴ", "<span data-toggle='tooltip' data-placement='right' title='原始值：25.42752'>25.4</span>", "<span data-toggle='tooltip' data-placement='right' title='原始值：7.05718'>7.06</span>", "<span data-toggle='tooltip' data-placement='right' title='原始值：2.60597'>2.61</span>", "<span data-toggle='tooltip' data-placement='right' title='原始值：796.5818'>796.6</span>", "<span data-toggle='tooltip' data-placement='right' title='原始值：15.19219'>15.2</span>", "<span data-toggle='tooltip' data-placement='right' title='原始值：0.005'>0.005</span>", "<span data-toggle='tooltip' data-placement='right' title='原始值：0.32'>0.320</span>", "<span data-toggle='tooltip' data-placement='right' title='原始值：0.36077'>0.361</span>", "<span data-toggle='tooltip' data-placement='right' title='原始值：3.05726'>3.06</span>", "*", "*", "正常"], ["河南省", "黄河流域", "<span data-toggle='tooltip' data-placement='right' title='所在地市:济源市&#10;所属河流:黄河'>小浪底水库(小浪底)</span>", null, "", "--", "--", "--", "--", "--", "--", "--", "--", "--", "*", "*", "停站"], ["湖北省", "长江流域", "<span data-toggle='tooltip' data-placement='right' title='所在地市:武汉市&#10;所属河流:汉江'>宗关</span>", null, "", "--", "--", "--", "--", "--", "--", "--", "--", "--", "*", "*", "停站"], ["湖北省", "长江流域", "<span data-toggle='tooltip' data-placement='right' title='所在地市:十堰市&#10;所属河流:丹江口水库'>坝上中(胡家岭)</span>", null, "", "--", "--", "--", "--", "--", "--", "--", "--", "--", "--", "--", "停站"], ["湖北省", "长江流域", "<span data-toggle='tooltip' data-placement='right' title='所在地市:宜昌市&#10;所属河流:长江'>南津关</span>", null, "", "--", "--", "--", "--", "--", "--", "--", "--", "--", "*", "*", "停站"], ["湖南省", "长江流域", "<span data-toggle='tooltip' data-placement='right' title='所在地市:长沙市&#10;所属河流:湘江'>新港</span>", "07-22 08:00", "", "<span data-toggle='tooltip' data-placement='right' title='原始值：27.17'>27.2</span>", "<span data-toggle='tooltip' data-placement='right' title='原始值：7.02'>7.02</span>", "<span data-toggle='tooltip' data-placement='right' title='原始值：4.41'>4.41</span>", "<span data-toggle='tooltip' data-placement='right' title='原始值：204.35'>204.4</span>", "<span data-toggle='tooltip' data-placement='right' title='原始值：21.17'>21.2</span>", "<span data-toggle='tooltip' data-placement='right' title='极值过滤'>--</span>", "<span data-toggle='tooltip' data-placement='right' title='原始值：0.025'>0.025</span>", "<span data-toggle='tooltip' data-placement='right' title='原始值：0.049'>0.049</span>", "<span data-toggle='tooltip' data-placement='right' title='原始值：2.07'>2.07</span>", "*", "*", "维护"], ["湖南省", "长江流域", "<span data-toggle='tooltip' data-placement='right' title='所在地市:岳阳市&#10;所属河流:洞庭湖'>岳阳楼</span>", null, "", "--", "--", "--", "--", "--", "--", "--", "--", "--", "--", "--", "停站"], ["湖南省", "长江流域", "<span data-toggle='tooltip' data-placement='right' title='所在地市:岳阳市&#10;所属河流:长江'>城陵矶</span>", null, "", "--", "--", "--", "--", "--", "--", "--", "--", "--", "--", "--", "停站"], ["广东省", "珠江流域", "<span data-toggle='tooltip' data-placement='right' title='所在地市:清远市&#10;所属河流:北江'>七星岗</span>", "07-22 08:00", "Ⅲ", "<span data-toggle='tooltip' data-placement='right' title='原始值：30.39779'>30.4</span>", "<span data-toggle='tooltip' data-placement='right' title='原始值：8.25278'>8.25</span>", "<span data-toggle='tooltip' data-placement='right' title='原始值：5.96702'>5.97</span>", "<span data-toggle='tooltip' data-placement='right' title='原始值：172.7759'>172.8</span>", "<span data-toggle='tooltip' data-placement='right' title='原始值：11.95681'>12.0</span>", "<span data-toggle='tooltip' data-placement='right' title='原始值：0.61'>0.61</span>", "<span data-toggle='tooltip' data-placement='right' title='原始值：0.1165'>0.116</span>", "<span data-toggle='tooltip' data-placement='right' title='原始值：0.01381'>0.014</span>", "<span data-toggle='tooltip' data-placement='right' title='原始值：1.3683'>1.37</span>", "*", "*", "正常"], ["广东省", "珠江流域", "<span data-toggle='tooltip' data-placement='right' title='所在地市:中山市&#10;所属河流:西江'>横栏</span>", "07-22 08:00", "Ⅱ", "<span data-toggle='tooltip' data-placement='right' title='原始值：27.4'>27.4</span>", "<span data-toggle='tooltip' data-placement='right' title='原始值：7.61'>7.61</span>", "<span data-toggle='tooltip' data-placement='right' title='原始值：7.18'>7.18</span>", "<span data-toggle='tooltip' data-placement='right' title='原始值：180'>180.0</span>", "<span data-toggle='tooltip' data-placement='right' title='原始值：99.8'>99.8</span>", "<span data-toggle='tooltip' data-placement='right' title='原始值：1.79'>1.79</span>", "<span data-toggle='tooltip' data-placement='right' title='原始值：0.11903'>0.119</span>", "*", "*", "*", "*", "正常"], ["广西壮族自治区", "珠江流域", "<span data-toggle='tooltip' data-placement='right' title='所在地市:南宁市&#10;所属河流:邕江'>老口</span>", "07-22 08:00", "Ⅱ", "<span data-toggle='tooltip' data-placement='right' title='原始值：29.43857'>29.4</span>", "<span data-toggle='tooltip' data-placement='right' title='原始值：7.65064'>7.65</span>", "<span data-toggle='tooltip' data-placement='right' title='原始值：6.59255'>6.59</span>", "<span data-toggle='tooltip' data-placement='right' title='原始值：298.2495'>298.2</span>", "<span data-toggle='tooltip' data-placement='right' title='原始值：4.84307'>4.8</span>", "<span data-toggle='tooltip' data-placement='right' title='原始值：1.1802'>1.18</span>", "<span data-toggle='tooltip' data-placement='right' title='原始值：0.10437'>0.104</span>", "<span data-toggle='tooltip' data-placement='right' title='原始值：0.02148'>0.021</span>", "<span data-toggle='tooltip' data-placement='right' title='原始值：1.81365'>1.81</span>", "*", "*", "正常"], ["广西壮族自治区", "珠江流域", "<span data-toggle='tooltip' data-placement='right' title='所在地市:桂林市&#10;所属河流:漓江'>阳朔</span>", "07-22 08:00", "Ⅱ", "<span data-toggle='tooltip' data-placement='right' title='原始值：25.8'>25.8</span>", "<span data-toggle='tooltip' data-placement='right' title='原始值：7.32'>7.32</span>", "<span data-toggle='tooltip' data-placement='right' title='原始值：6.4'>6.40</span>", "<span data-toggle='tooltip' data-placement='right' title='原始值：160'>160.0</span>", "<span data-toggle='tooltip' data-placement='right' title='原始值：25.14922'>25.1</span>", "<span data-toggle='tooltip' data-placement='right' title='原始值：2.69635'>2.70</span>", "<span data-toggle='tooltip' data-placement='right' title='原始值：0.02169'>0.022</span>", "<span data-toggle='tooltip' data-placement='right' title='原始值：0.0406'>0.041</span>", "<span data-toggle='tooltip' data-placement='right' title='原始值：1.77546'>1.78</span>", "*", "*", "正常"], ["广西壮族自治区", "珠江流域", "<span data-toggle='tooltip' data-placement='right' title='所在地市:梧州市&#10;所属河流:浔江'>界首</span>", null, "", "--", "--", "--", "--", "--", "--", "--", "--", "--", "*", "*", "停站"], ["广西壮族自治区", "珠江流域", "<span data-toggle='tooltip' data-placement='right' title='所在地市:贵港市&#10;所属河流:浔江'>石嘴</span>", "07-22 08:00", "Ⅰ", "<span data-toggle='tooltip' data-placement='right' title='原始值：28.14117'>28.1</span>", "<span data-toggle='tooltip' data-placement='right' title='原始值：7.35944'>7.36</span>", "<span data-toggle='tooltip' data-placement='right' title='原始值：9.70359'>9.70</span>", "<span data-toggle='tooltip' data-placement='right' title='原始值：253.0742'>253.1</span>", "<span data-toggle='tooltip' data-placement='right' title='原始值：76.82114'>76.8</span>", "<span data-toggle='tooltip' data-placement='right' title='原始值：1.66'>1.66</span>", "<span data-toggle='tooltip' data-placement='right' title='原始值：0.12'>0.120</span>", "<span data-toggle='tooltip' data-placement='right' title='原始值：0.01446'>0.014</span>", "<span data-toggle='tooltip' data-placement='right' title='原始值：2.5376'>2.54</span>", "*", "*", "正常"], ["广西壮族自治区", "珠江流域", "<span data-toggle='tooltip' data-placement='right' title='所在地市:崇左市&#10;所属河流:平而河'>平而关</span>", "07-22 08:00", "Ⅱ", "<span data-toggle='tooltip' data-placement='right' title='原始值：29.88636'>29.9</span>", "<span data-toggle='tooltip' data-placement='right' title='原始值：8.00287'>8.00</span>", "<span data-toggle='tooltip' data-placement='right' title='原始值：6.15521'>6.16</span>", "<span data-toggle='tooltip' data-placement='right' title='原始值：254.3766'>254.4</span>", "<span data-toggle='tooltip' data-placement='right' title='原始值：17.41372'>17.4</span>", "<span data-toggle='tooltip' data-placement='right' title='原始值：1.14'>1.14</span>", "<span data-toggle='tooltip' data-placement='right' title='原始值：0.08'>0.080</span>", "*", "*", "*", "*", "正常"], ["重庆市", "长江流域", "<span data-toggle='tooltip' data-placement='right' title='所在地市:永川区&#10;所属河流:长江'>朱沱</span>", null, "", "--", "--", "--", "--", "--", "--", "--", "--", "--", "*", "*", "停站"], ["四川省", "长江流域", "<span data-toggle='tooltip' data-placement='right' title='所在地市:攀枝花市&#10;所属河流:金沙江'>龙洞</span>", null, "", "--", "--", "--", "--", "--", "--", "--", "--", "--", "*", "*", "停站"], ["四川省", "长江流域", "<span data-toggle='tooltip' data-placement='right' title='所在地市:泸州市&#10;所属河流:沱江'>沱江大桥(沱江二桥)</span>", "07-22 08:00", "Ⅲ", "<span data-toggle='tooltip' data-placement='right' title='原始值：27.82'>27.8</span>", "<span data-toggle='tooltip' data-placement='right' title='原始值：7.844649'>7.84</span>", "<span data-toggle='tooltip' data-placement='right' title='原始值：6.64774'>6.65</span>", "<span data-toggle='tooltip' data-placement='right' title='原始值：474.2148'>474.2</span>", "<span data-toggle='tooltip' data-placement='right' title='原始值：77.87997'>77.9</span>", "<span data-toggle='tooltip' data-placement='right' title='原始值：5.61'>5.61</span>", "<span data-toggle='tooltip' data-placement='right' title='原始值：0.008'>0.008</span>", "<span data-toggle='tooltip' data-placement='right' title='原始值：0.165994'>0.166</span>", "<span data-toggle='tooltip' data-placement='right' title='原始值：4.758701'>4.76</span>", "*", "*", "正常"], ["四川省", "长江流域", "<span data-toggle='tooltip' data-placement='right' title='所在地市:广元市&#10;所属河流:嘉陵江'>清风峡</span>", "07-22 08:00", "Ⅳ", "<span data-toggle='tooltip' data-placement='right' title='原始值：23.6'>23.6</span>", "<span data-toggle='tooltip' data-placement='right' title='原始值：8.03999'>8.04</span>", "<span data-toggle='tooltip' data-placement='right' title='原始值：8.78778'>8.79</span>", "<span data-toggle='tooltip' data-placement='right' title='原始值：307.8982'>307.9</span>", "<span data-toggle='tooltip' data-placement='right' title='原始值：713.4571'>713.5</span>", "<span data-toggle='tooltip' data-placement='right' title='原始值：7.15'>7.15</span>", "<span data-toggle='tooltip' data-placement='right' title='原始值：0.16083'>0.161</span>", "*", "*", "*", "*", "正常"], ["四川省", "长江流域", "<span data-toggle='tooltip' data-placement='right' title='所在地市:乐山市&#10;所属河流:岷江'>岷江大桥</span>", "07-22 08:00", "", "<span data-toggle='tooltip' data-placement='right' title='原始值：22.55846'>22.6</span>", "<span data-toggle='tooltip' data-placement='right' title='原始值：7.67928'>7.68</span>", "<span data-toggle='tooltip' data-placement='right' title='原始值：8.6344'>8.63</span>", "<span data-toggle='tooltip' data-placement='right' title='原始值：291.2188'>291.2</span>", "<span data-toggle='tooltip' data-placement='right' title='原始值：215.8623'>215.9</span>", "<span data-toggle='tooltip' data-placement='right' title='极值过滤'>--</span>", "<span data-toggle='tooltip' data-placement='right' title='原始值：0.36'>0.360</span>", "*", "*", "*", "*", "维护"], ["四川省", "长江流域", "<span data-toggle='tooltip' data-placement='right' title='所在地市:宜宾市&#10;所属河流:岷江'>凉姜沟</span>", null, "", "--", "--", "--", "--", "--", "--", "--", "--", "--", "*", "*", "停站"], ["云南省", "滇池流域", "<span data-toggle='tooltip' data-placement='right' title='所在地市:昆明市&#10;所属河流:滇池'>西苑隧道</span>", "07-22 08:00", "劣Ⅴ", "<span data-toggle='tooltip' data-placement='right' title='原始值：21.92716'>21.9</span>", "<span data-toggle='tooltip' data-placement='right' title='原始值：6.38385'>6.38</span>", "<span data-toggle='tooltip' data-placement='right' title='原始值：2.68419'>2.68</span>", "<span data-toggle='tooltip' data-placement='right' title='原始值：604.541'>604.5</span>", "<span data-toggle='tooltip' data-placement='right' title='原始值：40.65857'>40.7</span>", "<span data-toggle='tooltip' data-placement='right' title='原始值：7.56003'>7.56</span>", "<span data-toggle='tooltip' data-placement='right' title='原始值：2.21'>2.210</span>", "<span data-toggle='tooltip' data-placement='right' title='原始值：0.16016'>0.160</span>", "<span data-toggle='tooltip' data-placement='right' title='原始值：4.31468'>4.31</span>", "<span data-toggle='tooltip' data-placement='right' title='原始值：0.08354'>0.084</span>", "<span data-toggle='tooltip' data-placement='right' title='原始值：9224082'>9224082</span>", "正常"], ["云南省", "滇池流域", "<span data-toggle='tooltip' data-placement='right' title='所在地市:昆明市&#10;所属河流:滇池'>观音山</span>", "07-22 04:00", "Ⅴ", "<span data-toggle='tooltip' data-placement='right' title='原始值：22.36354'>22.4</span>", "<span data-toggle='tooltip' data-placement='right' title='原始值：7.30741'>7.31</span>", "<span data-toggle='tooltip' data-placement='right' title='原始值：6.76525'>6.77</span>", "<span data-toggle='tooltip' data-placement='right' title='原始值：450.7882'>450.8</span>", "<span data-toggle='tooltip' data-placement='right' title='原始值：40.01958'>40.0</span>", "<span data-toggle='tooltip' data-placement='right' title='原始值：9.63959'>9.64</span>", "<span data-toggle='tooltip' data-placement='right' title='原始值：0.24'>0.240</span>", "<span data-toggle='tooltip' data-placement='right' title='原始值：0.1872'>0.187</span>", "<span data-toggle='tooltip' data-placement='right' title='原始值：1.88'>1.88</span>", "<span data-toggle='tooltip' data-placement='right' title='原始值：0.04346'>0.043</span>", "<span data-toggle='tooltip' data-placement='right' title='原始值：7699912'>7699912</span>", "正常"], ["云南省", "西南诸河", "<span data-toggle='tooltip' data-placement='right' title='所在地市:红河哈尼族彝族自治州&#10;所属河流:红河'>河口县医院(河口)</span>", "07-22 08:00", "Ⅳ", "<span data-toggle='tooltip' data-placement='right' title='原始值：24.89013'>24.9</span>", "<span data-toggle='tooltip' data-placement='right' title='原始值：7.21056'>7.21</span>", "<span data-toggle='tooltip' data-placement='right' title='原始值：3.45876'>3.46</span>", "<span data-toggle='tooltip' data-placement='right' title='原始值：135.1061'>135.1</span>", "<span data-toggle='tooltip' data-placement='right' title='原始值：51.66211'>51.7</span>", "<span data-toggle='tooltip' data-placement='right' title='原始值：4.71206'>4.71</span>", "<span data-toggle='tooltip' data-placement='right' title='原始值：1.30069'>1.301</span>", "<span data-toggle='tooltip' data-placement='right' title='原始值：0.19992'>0.200</span>", "<span data-toggle='tooltip' data-placement='right' title='原始值：1.79732'>1.80</span>", "*", "*", "正常"], ["云南省", "西南诸河", "<span data-toggle='tooltip' data-placement='right' title='所在地市:西双版纳傣族自治州&#10;所属河流:澜沧江'>橄榄坝</span>", "07-22 08:00", "", "<span data-toggle='tooltip' data-placement='right' title='原始值：18.87623'>18.9</span>", "<span data-toggle='tooltip' data-placement='right' title='原始值：7.51896'>7.52</span>", "<span data-toggle='tooltip' data-placement='right' title='原始值：8.12751'>8.13</span>", "<span data-toggle='tooltip' data-placement='right' title='原始值：566.6906'>566.7</span>", "<span data-toggle='tooltip' data-placement='right' title='原始值：28.29339'>28.3</span>", "<span data-toggle='tooltip' data-placement='right' title='极值过滤'>--</span>", "<span data-toggle='tooltip' data-placement='right' title='原始值：0.11843'>0.118</span>", "*", "*", "*", "*", "维护"], ["陕西省", "黄河流域", "<span data-toggle='tooltip' data-placement='right' title='所在地市:渭南市&#10;所属河流:渭河'>潼关吊桥</span>", null, "", "--", "--", "--", "--", "--", "--", "--", "--", "--", "*", "*", "停站"], ["甘肃省", "黄河流域", "<span data-toggle='tooltip' data-placement='right' title='所在地市:兰州市&#10;所属河流:黄河'>新城桥</span>", "07-22 08:00", "Ⅱ", "<span data-toggle='tooltip' data-placement='right' title='原始值：15.72212'>15.7</span>", "<span data-toggle='tooltip' data-placement='right' title='原始值：7.21122'>7.21</span>", "<span data-toggle='tooltip' data-placement='right' title='原始值：8.38938'>8.39</span>", "<span data-toggle='tooltip' data-placement='right' title='原始值：461.3471'>461.3</span>", "<span data-toggle='tooltip' data-placement='right' title='原始值：209.0283'>209.0</span>", "<span data-toggle='tooltip' data-placement='right' title='原始值：1.93'>1.93</span>", "<span data-toggle='tooltip' data-placement='right' title='原始值：0.22'>0.220</span>", "<span data-toggle='tooltip' data-placement='right' title='原始值：0.03164'>0.032</span>", "<span data-toggle='tooltip' data-placement='right' title='原始值：2.75673'>2.76</span>", "*", "*", "正常"], ["宁夏回族自治区", "黄河流域", "<span data-toggle='tooltip' data-placement='right' title='所在地市:中卫市&#10;所属河流:黄河'>中卫下河沿(新墩)</span>", "07-22 08:00", "劣Ⅴ", "<span data-toggle='tooltip' data-placement='right' title='原始值：21.65976'>21.7</span>", "<span data-toggle='tooltip' data-placement='right' title='原始值：7.47178'>7.47</span>", "<span data-toggle='tooltip' data-placement='right' title='原始值：7.7535'>7.75</span>", "<span data-toggle='tooltip' data-placement='right' title='原始值：526.1349'>526.1</span>", "<span data-toggle='tooltip' data-placement='right' title='原始值：2475.778'>2475.8</span>", "<span data-toggle='tooltip' data-placement='right' title='原始值：7.4'>7.40</span>", "<span data-toggle='tooltip' data-placement='right' title='原始值：0.09'>0.090</span>", "<span data-toggle='tooltip' data-placement='right' title='原始值：0.8575'>0.858</span>", "<span data-toggle='tooltip' data-placement='right' title='原始值：2.197'>2.20</span>", "*", "*", "正常"]]}