{"result": 1, "total": 1, "records": 98, "thead": ["省份", "流域", "断面名称", "监测时间", "水质类别", "水温<br/><span class='unit'>(℃)</span>", "pH<br/><span class='unit'>(无量纲)</span>", "溶解氧<br/><span class='unit'>(mg/L)</span>", "电导率<br/><span class='unit'>(μS/cm)</span>", "浊度<br/><span class='unit'>(NTU)</span>", "高锰酸盐指数<br/><span class='unit'>(mg/L)</span>", "氨氮<br/><span class='unit'>(mg/L)</span>", "总磷<br/><span class='unit'>(mg/L)</span>", "总氮<br/><span class='unit'>(mg/L)</span>", "叶绿素α<br/><span class='unit'>(mg/L)</span>", "藻密度<br/><span class='unit'>(cells/L)</span>", "站点情况"], "tbody": [["北京市", "海河流域", "<span data-toggle='tooltip' data-placement='right' title='所在地市:门头沟区&#10;所属河流:永定河'>沿河城</span>", "07-10 08:00", "Ⅳ", "<span data-toggle='tooltip' data-placement='right' title='原始值：22.02061'>22.0</span>", "<span data-toggle='tooltip' data-placement='right' title='原始值：8.2153'>8.22</span>", "<span data-toggle='tooltip' data-placement='right' title='原始值：7.74247'>7.74</span>", "<span data-toggle='tooltip' data-placement='right' title='原始值：1427.12'>1427.1</span>", "<span data-toggle='tooltip' data-placement='right' title='原始值：26.9798'>27.0</span>", "<span data-toggle='tooltip' data-placement='right' title='原始值：6.815'>6.82</span>", "<span data-toggle='tooltip' data-placement='right' title='原始值：0.11'>0.110</span>", "<span data-toggle='tooltip' data-placement='right' title='原始值：0.03029'>0.030</span>", "<span data-toggle='tooltip' data-placement='right' title='原始值：1.06336'>1.06</span>", "*", "*", "正常"], ["北京市", "海河流域", "<span data-toggle='tooltip' data-placement='right' title='所在地市:密云区&#10;所属河流:潮河'>古北口</span>", "07-10 08:00", "", "<span data-toggle='tooltip' data-placement='right' title='原始值：23.27396'>23.3</span>", "<span data-toggle='tooltip' data-placement='right' title='原始值：7.78696'>7.79</span>", "<span data-toggle='tooltip' data-placement='right' title='原始值：6.67645'>6.68</span>", "<span data-toggle='tooltip' data-placement='right' title='原始值：611.3347'>611.3</span>", "<span data-toggle='tooltip' data-placement='right' title='原始值：5.67712'>5.7</span>", "<span data-toggle='tooltip' data-placement='right' title='原始值：0.66'>0.66</span>", "<span data-toggle='tooltip' data-placement='right' title='原始值：0.28'>0.280</span>", "<span data-toggle='tooltip' data-placement='right' title='极值过滤'>--</span>", "<span data-toggle='tooltip' data-placement='right' title='原始值：2.5619'>2.56</span>", "*", "*", "维护"], ["天津市", "海河流域", "<span data-toggle='tooltip' data-placement='right' title='所在地市:河北区&#10;所属河流:海河'>三岔口</span>", "07-10 08:00", "", "<span data-toggle='tooltip' data-placement='right' title='原始值：26.3451'>26.3</span>", "<span data-toggle='tooltip' data-placement='right' title='原始值：7.5016'>7.50</span>", "<span data-toggle='tooltip' data-placement='right' title='原始值：5.892'>5.89</span>", "<span data-toggle='tooltip' data-placement='right' title='原始值：263.3765'>263.4</span>", "<span data-toggle='tooltip' data-placement='right' title='原始值：14.737'>14.7</span>", "<span data-toggle='tooltip' data-placement='right' title='原始值：1.3'>1.30</span>", "<span data-toggle='tooltip' data-placement='right' title='极值过滤'>--</span>", "<span data-toggle='tooltip' data-placement='right' title='原始值：0.0495'>0.050</span>", "<span data-toggle='tooltip' data-placement='right' title='原始值：1.0759'>1.08</span>", "*", "*", "维护"], ["天津市", "海河流域", "<span data-toggle='tooltip' data-placement='right' title='所在地市:蓟州区&#10;所属河流:果河'>果河桥</span>", "07-10 08:00", "Ⅱ", "<span data-toggle='tooltip' data-placement='right' title='原始值：19.9'>19.9</span>", "<span data-toggle='tooltip' data-placement='right' title='原始值：8.381'>8.38</span>", "<span data-toggle='tooltip' data-placement='right' title='原始值：8.842'>8.84</span>", "<span data-toggle='tooltip' data-placement='right' title='原始值：582.738'>582.7</span>", "<span data-toggle='tooltip' data-placement='right' title='原始值：8.752'>8.8</span>", "<span data-toggle='tooltip' data-placement='right' title='原始值：1.831'>1.83</span>", "<span data-toggle='tooltip' data-placement='right' title='原始值：0.1'>0.100</span>", "<span data-toggle='tooltip' data-placement='right' title='原始值：0.0346'>0.035</span>", "<span data-toggle='tooltip' data-placement='right' title='原始值：3.1646'>3.16</span>", "*", "*", "正常"], ["河北省", "海河流域", "<span data-toggle='tooltip' data-placement='right' title='所在地市:石家庄市&#10;所属河流:滹沱河'>岗南水库</span>", "07-10 08:00", "Ⅱ", "<span data-toggle='tooltip' data-placement='right' title='原始值：26.80637'>26.8</span>", "<span data-toggle='tooltip' data-placement='right' title='原始值：8.37762'>8.38</span>", "<span data-toggle='tooltip' data-placement='right' title='原始值：8.7494'>8.75</span>", "<span data-toggle='tooltip' data-placement='right' title='原始值：577.2854'>577.3</span>", "<span data-toggle='tooltip' data-placement='right' title='原始值：3.54431'>3.5</span>", "<span data-toggle='tooltip' data-placement='right' title='原始值：2.05293'>2.05</span>", "<span data-toggle='tooltip' data-placement='right' title='原始值：0.08'>0.080</span>", "<span data-toggle='tooltip' data-placement='right' title='原始值：0.01228'>0.012</span>", "<span data-toggle='tooltip' data-placement='right' title='原始值：1.90012'>1.90</span>", "*", "*", "正常"], ["河北省", "海河流域", "<span data-toggle='tooltip' data-placement='right' title='所在地市:张家口市&#10;所属河流:永定河'>八号桥</span>", "07-10 08:00", "劣Ⅴ", "<span data-toggle='tooltip' data-placement='right' title='原始值：22.40811'>22.4</span>", "<span data-toggle='tooltip' data-placement='right' title='原始值：7.52835'>7.53</span>", "<span data-toggle='tooltip' data-placement='right' title='原始值：3.89829'>3.90</span>", "<span data-toggle='tooltip' data-placement='right' title='原始值：1022.843'>1022.8</span>", "<span data-toggle='tooltip' data-placement='right' title='原始值：48.42459'>48.4</span>", "<span data-toggle='tooltip' data-placement='right' title='原始值：7.42'>7.42</span>", "<span data-toggle='tooltip' data-placement='right' title='原始值：4.26'>4.260</span>", "<span data-toggle='tooltip' data-placement='right' title='原始值：0.2525'>0.252</span>", "<span data-toggle='tooltip' data-placement='right' title='原始值：5.82'>5.82</span>", "*", "*", "正常"], ["山西省", "黄河流域", "<span data-toggle='tooltip' data-placement='right' title='所在地市:运城市&#10;所属河流:汾河'>河津大桥</span>", "07-10 08:00", "Ⅳ", "<span data-toggle='tooltip' data-placement='right' title='原始值：29.19661'>29.2</span>", "<span data-toggle='tooltip' data-placement='right' title='原始值：7.47773'>7.48</span>", "<span data-toggle='tooltip' data-placement='right' title='原始值：7.45266'>7.45</span>", "<span data-toggle='tooltip' data-placement='right' title='原始值：1311.441'>1311.4</span>", "<span data-toggle='tooltip' data-placement='right' title='原始值：158.2967'>158.3</span>", "<span data-toggle='tooltip' data-placement='right' title='原始值：6.35'>6.35</span>", "<span data-toggle='tooltip' data-placement='right' title='原始值：0.23'>0.230</span>", "*", "*", "*", "*", "正常"], ["山西省", "黄河流域", "<span data-toggle='tooltip' data-placement='right' title='所在地市:忻州市&#10;所属河流:黄河'>万家寨水库</span>", "07-10 08:00", "Ⅲ", "<span data-toggle='tooltip' data-placement='right' title='原始值：25.06369'>25.1</span>", "<span data-toggle='tooltip' data-placement='right' title='原始值：7.88962'>7.89</span>", "<span data-toggle='tooltip' data-placement='right' title='原始值：9.07403'>9.07</span>", "<span data-toggle='tooltip' data-placement='right' title='原始值：866.6879'>866.7</span>", "<span data-toggle='tooltip' data-placement='right' title='原始值：52.87632'>52.9</span>", "<span data-toggle='tooltip' data-placement='right' title='原始值：4.28'>4.28</span>", "<span data-toggle='tooltip' data-placement='right' title='原始值：0.29'>0.290</span>", "<span data-toggle='tooltip' data-placement='right' title='原始值：0.12325'>0.123</span>", "<span data-toggle='tooltip' data-placement='right' title='原始值：1.9125'>1.91</span>", "*", "*", "正常"], ["内蒙古自治区", "黄河流域", "<span data-toggle='tooltip' data-placement='right' title='所在地市:包头市&#10;所属河流:黄河'>画匠营子</span>", "07-10 08:00", "Ⅱ", "<span data-toggle='tooltip' data-placement='right' title='原始值：24.80434'>24.8</span>", "<span data-toggle='tooltip' data-placement='right' title='原始值：7.62913'>7.63</span>", "<span data-toggle='tooltip' data-placement='right' title='原始值：7.06032'>7.06</span>", "<span data-toggle='tooltip' data-placement='right' title='原始值：659.9225'>659.9</span>", "<span data-toggle='tooltip' data-placement='right' title='原始值：2617.762'>2617.8</span>", "<span data-toggle='tooltip' data-placement='right' title='原始值：3.76135'>3.76</span>", "<span data-toggle='tooltip' data-placement='right' title='原始值：0.03257'>0.033</span>", "*", "*", "*", "*", "正常"], ["内蒙古自治区", "黄河流域", "<span data-toggle='tooltip' data-placement='right' title='所在地市:乌海市&#10;所属河流:黄河'>海勃湾</span>", "07-10 08:00", "Ⅱ", "<span data-toggle='tooltip' data-placement='right' title='原始值：21.56136'>21.6</span>", "<span data-toggle='tooltip' data-placement='right' title='原始值：7.53101'>7.53</span>", "<span data-toggle='tooltip' data-placement='right' title='原始值：6.13612'>6.14</span>", "<span data-toggle='tooltip' data-placement='right' title='原始值：441.4514'>441.5</span>", "<span data-toggle='tooltip' data-placement='right' title='原始值：1200.527'>1200.5</span>", "<span data-toggle='tooltip' data-placement='right' title='原始值：2.12'>2.12</span>", "<span data-toggle='tooltip' data-placement='right' title='原始值：0.16'>0.160</span>", "*", "*", "*", "*", "正常"], ["内蒙古自治区", "松花江流域", "<span data-toggle='tooltip' data-placement='right' title='所在地市:呼伦贝尔市&#10;所属河流:额尔古纳河'>黑山头</span>", null, "", "--", "--", "--", "--", "--", "--", "--", "--", "--", "*", "*", "停站"], ["辽宁省", "辽河流域", "<span data-toggle='tooltip' data-placement='right' title='所在地市:抚顺市&#10;所属河流:浑河'>大伙房水库</span>", "07-10 08:00", "", "<span data-toggle='tooltip' data-placement='right' title='原始值：25.10932'>25.1</span>", "<span data-toggle='tooltip' data-placement='right' title='原始值：7.51375'>7.51</span>", "<span data-toggle='tooltip' data-placement='right' title='原始值：8.42564'>8.43</span>", "<span data-toggle='tooltip' data-placement='right' title='原始值：333.5938'>333.6</span>", "<span data-toggle='tooltip' data-placement='right' title='原始值：31.86422'>31.9</span>", "<span data-toggle='tooltip' data-placement='right' title='原始值：1.94765'>1.95</span>", "<span data-toggle='tooltip' data-placement='right' title='原始值：0.02'>0.020</span>", "<span data-toggle='tooltip' data-placement='right' title='极值过滤'>--</span>", "<span data-toggle='tooltip' data-placement='right' title='原始值：1.76605'>1.77</span>", "<span data-toggle='tooltip' data-placement='right' title='极值过滤'>--</span>", "*", "维护"], ["辽宁省", "辽河流域", "<span data-toggle='tooltip' data-placement='right' title='所在地市:丹东市&#10;所属河流:鸭绿江'>江桥</span>", "07-10 08:00", "Ⅰ", "<span data-toggle='tooltip' data-placement='right' title='原始值：19.2'>19.2</span>", "<span data-toggle='tooltip' data-placement='right' title='原始值：7.04'>7.04</span>", "<span data-toggle='tooltip' data-placement='right' title='原始值：8.65875'>8.66</span>", "<span data-toggle='tooltip' data-placement='right' title='原始值：151'>151.0</span>", "<span data-toggle='tooltip' data-placement='right' title='原始值：4.4123'>4.4</span>", "<span data-toggle='tooltip' data-placement='right' title='原始值：1.64'>1.64</span>", "<span data-toggle='tooltip' data-placement='right' title='原始值：0.05806'>0.058</span>", "<span data-toggle='tooltip' data-placement='right' title='原始值：0.01428'>0.014</span>", "<span data-toggle='tooltip' data-placement='right' title='原始值：1.94426'>1.94</span>", "*", "*", "正常"], ["辽宁省", "辽河流域", "<span data-toggle='tooltip' data-placement='right' title='所在地市:营口市&#10;所属河流:大辽河'>辽河公园</span>", "07-10 08:00", "Ⅴ", "<span data-toggle='tooltip' data-placement='right' title='原始值：23.60624'>23.6</span>", "<span data-toggle='tooltip' data-placement='right' title='原始值：6.69521'>6.70</span>", "<span data-toggle='tooltip' data-placement='right' title='原始值：7.22525'>7.23</span>", "<span data-toggle='tooltip' data-placement='right' title='原始值：42155.25'>42155.2</span>", "<span data-toggle='tooltip' data-placement='right' title='原始值：511.9043'>511.9</span>", "<span data-toggle='tooltip' data-placement='right' title='原始值：11.53759'>11.54</span>", "<span data-toggle='tooltip' data-placement='right' title='原始值：0.0865'>0.086</span>", "<span data-toggle='tooltip' data-placement='right' title='原始值：0.22711'>0.227</span>", "<span data-toggle='tooltip' data-placement='right' title='原始值：2.0328'>2.03</span>", "*", "*", "正常"], ["辽宁省", "辽河流域", "<span data-toggle='tooltip' data-placement='right' title='所在地市:辽阳市&#10;所属河流:太子河'>汤河水库</span>", "07-10 08:00", "劣Ⅴ", "<span data-toggle='tooltip' data-placement='right' title='原始值：17'>17.0</span>", "<span data-toggle='tooltip' data-placement='right' title='原始值：7.53008'>7.53</span>", "<span data-toggle='tooltip' data-placement='right' title='原始值：1.42'>1.42</span>", "<span data-toggle='tooltip' data-placement='right' title='原始值：507.0001'>507.0</span>", "<span data-toggle='tooltip' data-placement='right' title='原始值：49.23506'>49.2</span>", "<span data-toggle='tooltip' data-placement='right' title='原始值：0.93'>0.93</span>", "<span data-toggle='tooltip' data-placement='right' title='原始值：0.00975'>0.010</span>", "<span data-toggle='tooltip' data-placement='right' title='原始值：0.00142'>0.001</span>", "<span data-toggle='tooltip' data-placement='right' title='原始值：1.88631'>1.89</span>", "*", "*", "正常"], ["辽宁省", "辽河流域", "<span data-toggle='tooltip' data-placement='right' title='所在地市:盘锦市&#10;所属河流:辽河'>盘锦兴安(兴安)</span>", "07-10 08:00", "劣Ⅴ", "<span data-toggle='tooltip' data-placement='right' title='原始值：25.74442'>25.7</span>", "<span data-toggle='tooltip' data-placement='right' title='原始值：6.49465'>6.49</span>", "<span data-toggle='tooltip' data-placement='right' title='原始值：1.30288'>1.30</span>", "<span data-toggle='tooltip' data-placement='right' title='原始值：1649.719'>1649.7</span>", "<span data-toggle='tooltip' data-placement='right' title='原始值：193.1043'>193.1</span>", "<span data-toggle='tooltip' data-placement='right' title='原始值：3.27717'>3.28</span>", "<span data-toggle='tooltip' data-placement='right' title='原始值：0.2'>0.200</span>", "<span data-toggle='tooltip' data-placement='right' title='原始值：0.15086'>0.151</span>", "<span data-toggle='tooltip' data-placement='right' title='原始值：1.46848'>1.47</span>", "*", "*", "正常"], ["辽宁省", "辽河流域", "<span data-toggle='tooltip' data-placement='right' title='所在地市:铁岭市&#10;所属河流:辽河'>珠尔山</span>", "07-10 08:00", "Ⅲ", "<span data-toggle='tooltip' data-placement='right' title='原始值：26.39521'>26.4</span>", "<span data-toggle='tooltip' data-placement='right' title='原始值：7.27769'>7.28</span>", "<span data-toggle='tooltip' data-placement='right' title='原始值：9.23799'>9.24</span>", "<span data-toggle='tooltip' data-placement='right' title='原始值：509.1599'>509.2</span>", "<span data-toggle='tooltip' data-placement='right' title='原始值：32.03094'>32.0</span>", "<span data-toggle='tooltip' data-placement='right' title='原始值：5.34416'>5.34</span>", "<span data-toggle='tooltip' data-placement='right' title='原始值：0.13'>0.130</span>", "<span data-toggle='tooltip' data-placement='right' title='原始值：0.08641'>0.086</span>", "<span data-toggle='tooltip' data-placement='right' title='原始值：1.6657'>1.67</span>", "*", "*", "正常"], ["吉林省", "松花江流域", "<span data-toggle='tooltip' data-placement='right' title='所在地市:长春市&#10;所属河流:松花江'>松花江村</span>", null, "", "--", "--", "--", "--", "--", "--", "--", "--", "--", "*", "*", "停站"], ["吉林省", "松花江流域", "<span data-toggle='tooltip' data-placement='right' title='所在地市:白城市&#10;所属河流:嫩江'>白沙滩</span>", "07-10 08:00", "", "<span data-toggle='tooltip' data-placement='right' title='原始值：27.28089'>27.3</span>", "<span data-toggle='tooltip' data-placement='right' title='原始值：7.29634'>7.30</span>", "<span data-toggle='tooltip' data-placement='right' title='原始值：7.94311'>7.94</span>", "<span data-toggle='tooltip' data-placement='right' title='原始值：276.4801'>276.5</span>", "<span data-toggle='tooltip' data-placement='right' title='原始值：111.9334'>111.9</span>", "<span data-toggle='tooltip' data-placement='right' title='原始值：3.33'>3.33</span>", "<span data-toggle='tooltip' data-placement='right' title='极值过滤'>--</span>", "<span data-toggle='tooltip' data-placement='right' title='原始值：0.1039'>0.104</span>", "<span data-toggle='tooltip' data-placement='right' title='原始值：2.27401'>2.27</span>", "*", "*", "维护"], ["吉林省", "松花江流域", "<span data-toggle='tooltip' data-placement='right' title='所在地市:延边朝鲜族自治州&#10;所属河流:图们江'>圈河</span>", null, "", "--", "--", "--", "--", "--", "--", "--", "--", "--", "*", "*", "停站"], ["黑龙江省", "松花江流域", "<span data-toggle='tooltip' data-placement='right' title='所在地市:大庆市&#10;所属河流:松花江'>肇源</span>", null, "", "--", "--", "--", "--", "--", "--", "--", "--", "--", "*", "*", "停站"], ["黑龙江省", "松花江流域", "<span data-toggle='tooltip' data-placement='right' title='所在地市:佳木斯市&#10;所属河流:乌苏里江'>乌苏镇</span>", null, "", "--", "--", "--", "--", "--", "--", "--", "--", "--", "*", "*", "停站"], ["黑龙江省", "松花江流域", "<span data-toggle='tooltip' data-placement='right' title='所在地市:佳木斯市&#10;所属河流:松花江'>同江</span>", null, "", "--", "--", "--", "--", "--", "--", "--", "--", "--", "*", "*", "停站"], ["黑龙江省", "松花江流域", "<span data-toggle='tooltip' data-placement='right' title='所在地市:黑河市&#10;所属河流:黑龙江'>黑河下(黑河)</span>", null, "", "--", "--", "--", "--", "--", "--", "--", "--", "--", "*", "*", "停站"], ["上海市", "长江流域", "<span data-toggle='tooltip' data-placement='right' title='所在地市:青浦区&#10;所属河流:淀山湖'>急水港桥</span>", "07-10 08:00", "Ⅳ", "<span data-toggle='tooltip' data-placement='right' title='原始值：27'>27.0</span>", "<span data-toggle='tooltip' data-placement='right' title='原始值：7.07'>7.07</span>", "<span data-toggle='tooltip' data-placement='right' title='原始值：6.46'>6.46</span>", "<span data-toggle='tooltip' data-placement='right' title='原始值：541'>541.0</span>", "<span data-toggle='tooltip' data-placement='right' title='原始值：106.9'>106.9</span>", "<span data-toggle='tooltip' data-placement='right' title='原始值：3.375'>3.38</span>", "<span data-toggle='tooltip' data-placement='right' title='原始值：0.46903'>0.469</span>", "<span data-toggle='tooltip' data-placement='right' title='原始值：0.08447'>0.084</span>", "<span data-toggle='tooltip' data-placement='right' title='原始值：3.67189'>3.67</span>", "<span data-toggle='tooltip' data-placement='right' title='原始值：0.00552'>0.006</span>", "<span data-toggle='tooltip' data-placement='right' title='原始值：5436060'>5436060</span>", "正常"], ["江苏省", "长江流域", "<span data-toggle='tooltip' data-placement='right' title='所在地市:南京市&#10;所属河流:长江'>林山</span>", "07-10 08:00", "Ⅲ", "<span data-toggle='tooltip' data-placement='right' title='原始值：25.2743'>25.3</span>", "<span data-toggle='tooltip' data-placement='right' title='原始值：7.68567'>7.69</span>", "<span data-toggle='tooltip' data-placement='right' title='原始值：5.36948'>5.37</span>", "<span data-toggle='tooltip' data-placement='right' title='原始值：289.023'>289.0</span>", "<span data-toggle='tooltip' data-placement='right' title='原始值：122.819'>122.8</span>", "<span data-toggle='tooltip' data-placement='right' title='原始值：4.73'>4.73</span>", "<span data-toggle='tooltip' data-placement='right' title='原始值：0.063'>0.063</span>", "*", "*", "*", "*", "正常"], ["江苏省", "太湖流域", "<span data-toggle='tooltip' data-placement='right' title='所在地市:无锡市&#10;所属河流:太湖'>沙渚</span>", "07-10 08:00", "Ⅲ", "<span data-toggle='tooltip' data-placement='right' title='原始值：26.98082'>27.0</span>", "<span data-toggle='tooltip' data-placement='right' title='原始值：8.351669'>8.35</span>", "<span data-toggle='tooltip' data-placement='right' title='原始值：6.783039'>6.78</span>", "<span data-toggle='tooltip' data-placement='right' title='原始值：401.188'>401.2</span>", "<span data-toggle='tooltip' data-placement='right' title='原始值：35.00009'>35.0</span>", "<span data-toggle='tooltip' data-placement='right' title='原始值：4.57'>4.57</span>", "<span data-toggle='tooltip' data-placement='right' title='原始值：0.21'>0.210</span>", "<span data-toggle='tooltip' data-placement='right' title='原始值：0.0689'>0.069</span>", "<span data-toggle='tooltip' data-placement='right' title='原始值：1.078'>1.08</span>", "*", "*", "正常"], ["江苏省", "淮河流域", "<span data-toggle='tooltip' data-placement='right' title='所在地市:徐州市&#10;所属河流:武河'>小红圈</span>", "07-10 08:00", "Ⅲ", "<span data-toggle='tooltip' data-placement='right' title='原始值：27.8'>27.8</span>", "<span data-toggle='tooltip' data-placement='right' title='原始值：8.38'>8.38</span>", "<span data-toggle='tooltip' data-placement='right' title='原始值：12.49'>12.49</span>", "<span data-toggle='tooltip' data-placement='right' title='原始值：597.9'>597.9</span>", "<span data-toggle='tooltip' data-placement='right' title='原始值：28.94'>28.9</span>", "<span data-toggle='tooltip' data-placement='right' title='原始值：4.13'>4.13</span>", "<span data-toggle='tooltip' data-placement='right' title='原始值：0.12'>0.120</span>", "*", "*", "*", "*", "正常"], ["江苏省", "淮河流域", "<span data-toggle='tooltip' data-placement='right' title='所在地市:徐州市&#10;所属河流:沿河'>李集桥</span>", "07-10 08:00", "Ⅳ", "<span data-toggle='tooltip' data-placement='right' title='原始值：27.3'>27.3</span>", "<span data-toggle='tooltip' data-placement='right' title='原始值：7.47'>7.47</span>", "<span data-toggle='tooltip' data-placement='right' title='原始值：5.1'>5.10</span>", "<span data-toggle='tooltip' data-placement='right' title='原始值：979'>979.0</span>", "<span data-toggle='tooltip' data-placement='right' title='原始值：158.85'>158.8</span>", "<span data-toggle='tooltip' data-placement='right' title='原始值：6.04'>6.04</span>", "<span data-toggle='tooltip' data-placement='right' title='原始值：0.005'>0.005</span>", "<span data-toggle='tooltip' data-placement='right' title='原始值：0.141'>0.141</span>", "<span data-toggle='tooltip' data-placement='right' title='原始值：1.163'>1.16</span>", "*", "*", "正常"], ["江苏省", "淮河流域", "<span data-toggle='tooltip' data-placement='right' title='所在地市:徐州市&#10;所属河流:邳苍分洪道'>艾山西大桥</span>", "07-10 08:00", "Ⅱ", "<span data-toggle='tooltip' data-placement='right' title='原始值：27.6863'>27.7</span>", "<span data-toggle='tooltip' data-placement='right' title='原始值：7.70165'>7.70</span>", "<span data-toggle='tooltip' data-placement='right' title='原始值：11.0976'>11.10</span>", "<span data-toggle='tooltip' data-placement='right' title='原始值：739.4449'>739.4</span>", "<span data-toggle='tooltip' data-placement='right' title='原始值：49.5175'>49.5</span>", "<span data-toggle='tooltip' data-placement='right' title='原始值：2.78'>2.78</span>", "<span data-toggle='tooltip' data-placement='right' title='原始值：0.15'>0.150</span>", "<span data-toggle='tooltip' data-placement='right' title='原始值：0.03354'>0.034</span>", "<span data-toggle='tooltip' data-placement='right' title='原始值：2.80702'>2.81</span>", "*", "*", "正常"], ["江苏省", "太湖流域", "<span data-toggle='tooltip' data-placement='right' title='所在地市:苏州市&#10;所属河流:太湖'>兰山嘴(老)</span>", "07-10 08:00", "劣Ⅴ", "<span data-toggle='tooltip' data-placement='right' title='原始值：27.3828'>27.4</span>", "<span data-toggle='tooltip' data-placement='right' title='原始值：6.75761'>6.76</span>", "<span data-toggle='tooltip' data-placement='right' title='原始值：1.21408'>1.21</span>", "<span data-toggle='tooltip' data-placement='right' title='原始值：303.8729'>303.9</span>", "<span data-toggle='tooltip' data-placement='right' title='原始值：114.8358'>114.8</span>", "<span data-toggle='tooltip' data-placement='right' title='原始值：8.99'>8.99</span>", "<span data-toggle='tooltip' data-placement='right' title='原始值：1.3'>1.300</span>", "<span data-toggle='tooltip' data-placement='right' title='原始值：0.25024'>0.250</span>", "<span data-toggle='tooltip' data-placement='right' title='原始值：5.43342'>5.43</span>", "*", "*", "正常"], ["江苏省", "太湖流域", "<span data-toggle='tooltip' data-placement='right' title='所在地市:苏州市&#10;所属河流:太湖'>西山</span>", "07-10 08:00", "Ⅳ", "<span data-toggle='tooltip' data-placement='right' title='原始值：28.47426'>28.5</span>", "<span data-toggle='tooltip' data-placement='right' title='原始值：7.58177'>7.58</span>", "<span data-toggle='tooltip' data-placement='right' title='原始值：6.92828'>6.93</span>", "<span data-toggle='tooltip' data-placement='right' title='原始值：405.1138'>405.1</span>", "<span data-toggle='tooltip' data-placement='right' title='原始值：68.01899'>68.0</span>", "<span data-toggle='tooltip' data-placement='right' title='原始值：2.08'>2.08</span>", "<span data-toggle='tooltip' data-placement='right' title='原始值：0.11'>0.110</span>", "<span data-toggle='tooltip' data-placement='right' title='原始值：0.059'>0.059</span>", "<span data-toggle='tooltip' data-placement='right' title='原始值：1.276'>1.28</span>", "*", "*", "正常"], ["江苏省", "淮河流域", "<span data-toggle='tooltip' data-placement='right' title='所在地市:连云港市&#10;所属河流:新沭河'>大兴桥</span>", "07-10 08:00", "Ⅲ", "<span data-toggle='tooltip' data-placement='right' title='原始值：27.7'>27.7</span>", "<span data-toggle='tooltip' data-placement='right' title='原始值：7.67'>7.67</span>", "<span data-toggle='tooltip' data-placement='right' title='原始值：8.68'>8.68</span>", "<span data-toggle='tooltip' data-placement='right' title='原始值：1309.5'>1309.5</span>", "<span data-toggle='tooltip' data-placement='right' title='原始值：102.36'>102.4</span>", "<span data-toggle='tooltip' data-placement='right' title='原始值：4.35'>4.35</span>", "<span data-toggle='tooltip' data-placement='right' title='原始值：0.066'>0.066</span>", "*", "*", "*", "*", "正常"], ["江苏省", "淮河流域", "<span data-toggle='tooltip' data-placement='right' title='所在地市:淮安市&#10;所属河流:淮河'>淮河大桥</span>", "07-10 08:00", "", "<span data-toggle='tooltip' data-placement='right' title='原始值：27.51105'>27.5</span>", "<span data-toggle='tooltip' data-placement='right' title='原始值：7.52783'>7.53</span>", "<span data-toggle='tooltip' data-placement='right' title='原始值：3.91165'>3.91</span>", "<span data-toggle='tooltip' data-placement='right' title='原始值：356.1024'>356.1</span>", "<span data-toggle='tooltip' data-placement='right' title='原始值：99.38153'>99.4</span>", "<span data-toggle='tooltip' data-placement='right' title='原始值：4.21'>4.21</span>", "<span data-toggle='tooltip' data-placement='right' title='极值过滤'>--</span>", "<span data-toggle='tooltip' data-placement='right' title='原始值：0.1908'>0.191</span>", "<span data-toggle='tooltip' data-placement='right' title='原始值：0.9304'>0.93</span>", "*", "*", "维护"], ["江苏省", "长江流域", "<span data-toggle='tooltip' data-placement='right' title='所在地市:扬州市&#10;所属河流:夹江'>三江营</span>", null, "", "--", "--", "--", "--", "--", "--", "--", "--", "--", "*", "*", "停站"], ["江苏省", "淮河流域", "<span data-toggle='tooltip' data-placement='right' title='所在地市:宿迁市&#10;所属河流:新濉河'>大屈</span>", "07-10 08:00", "Ⅳ", "<span data-toggle='tooltip' data-placement='right' title='原始值：27'>27.0</span>", "<span data-toggle='tooltip' data-placement='right' title='原始值：7.09'>7.09</span>", "<span data-toggle='tooltip' data-placement='right' title='原始值：4.74'>4.74</span>", "<span data-toggle='tooltip' data-placement='right' title='原始值：797.5'>797.5</span>", "<span data-toggle='tooltip' data-placement='right' title='原始值：11.24'>11.2</span>", "<span data-toggle='tooltip' data-placement='right' title='原始值：6.22'>6.22</span>", "<span data-toggle='tooltip' data-placement='right' title='原始值：0.23'>0.230</span>", "<span data-toggle='tooltip' data-placement='right' title='原始值：0.117'>0.117</span>", "<span data-toggle='tooltip' data-placement='right' title='原始值：2.998'>3.00</span>", "*", "*", "正常"], ["浙江省", "浙闽片河流", "<span data-toggle='tooltip' data-placement='right' title='所在地市:杭州市&#10;所属河流:新安江'>街口(鸠坑口)</span>", null, "", "--", "--", "--", "--", "--", "--", "--", "--", "--", "*", "*", "停站"], ["浙江省", "太湖流域", "<span data-toggle='tooltip' data-placement='right' title='所在地市:嘉兴市&#10;所属河流:斜路港河'>斜路港</span>", "07-10 08:00", "劣Ⅴ", "<span data-toggle='tooltip' data-placement='right' title='原始值：24.9'>24.9</span>", "<span data-toggle='tooltip' data-placement='right' title='原始值：7.76'>7.76</span>", "<span data-toggle='tooltip' data-placement='right' title='原始值：5.69'>5.69</span>", "<span data-toggle='tooltip' data-placement='right' title='原始值：465'>465.0</span>", "<span data-toggle='tooltip' data-placement='right' title='原始值：46.9'>46.9</span>", "<span data-toggle='tooltip' data-placement='right' title='原始值：2.98'>2.98</span>", "<span data-toggle='tooltip' data-placement='right' title='原始值：0.06846'>0.068</span>", "<span data-toggle='tooltip' data-placement='right' title='原始值：0.44594'>0.446</span>", "<span data-toggle='tooltip' data-placement='right' title='原始值：2.14084'>2.14</span>", "*", "*", "正常"], ["浙江省", "太湖流域", "<span data-toggle='tooltip' data-placement='right' title='所在地市:嘉兴市&#10;所属河流:京杭运河'>王江泾</span>", null, "", "--", "--", "--", "--", "--", "--", "--", "--", "--", "*", "*", "停站"], ["浙江省", "太湖流域", "<span data-toggle='tooltip' data-placement='right' title='所在地市:湖州市&#10;所属河流:西苕溪'>新港口(新塘港)</span>", "07-10 08:00", "Ⅱ", "<span data-toggle='tooltip' data-placement='right' title='原始值：24.8396'>24.8</span>", "<span data-toggle='tooltip' data-placement='right' title='原始值：6.89138'>6.89</span>", "<span data-toggle='tooltip' data-placement='right' title='原始值：6.99874'>7.00</span>", "<span data-toggle='tooltip' data-placement='right' title='原始值：142.995'>143.0</span>", "<span data-toggle='tooltip' data-placement='right' title='原始值：83.5162'>83.5</span>", "<span data-toggle='tooltip' data-placement='right' title='原始值：2.61056'>2.61</span>", "<span data-toggle='tooltip' data-placement='right' title='原始值：0.11765'>0.118</span>", "<span data-toggle='tooltip' data-placement='right' title='原始值：0.08226'>0.082</span>", "<span data-toggle='tooltip' data-placement='right' title='原始值：7.03899'>7.04</span>", "*", "*", "正常"], ["安徽省", "巢湖流域", "<span data-toggle='tooltip' data-placement='right' title='所在地市:合肥市&#10;所属河流:巢湖'>湖滨(老)</span>", "07-10 08:00", "Ⅳ", "<span data-toggle='tooltip' data-placement='right' title='原始值：27.62342'>27.6</span>", "<span data-toggle='tooltip' data-placement='right' title='原始值：6.36397'>6.36</span>", "<span data-toggle='tooltip' data-placement='right' title='原始值：5.31392'>5.31</span>", "<span data-toggle='tooltip' data-placement='right' title='原始值：319.4714'>319.5</span>", "<span data-toggle='tooltip' data-placement='right' title='原始值：71.08614'>71.1</span>", "<span data-toggle='tooltip' data-placement='right' title='原始值：5.57'>5.57</span>", "<span data-toggle='tooltip' data-placement='right' title='原始值：0.21'>0.210</span>", "<span data-toggle='tooltip' data-placement='right' title='原始值：0.0546'>0.055</span>", "<span data-toggle='tooltip' data-placement='right' title='原始值：2.102'>2.10</span>", "<span data-toggle='tooltip' data-placement='right' title='原始值：0.01406'>0.014</span>", "*", "正常"], ["安徽省", "巢湖流域", "<span data-toggle='tooltip' data-placement='right' title='所在地市:芜湖市&#10;所属河流:巢湖'>裕溪口(老)</span>", "07-10 08:00", "Ⅴ", "<span data-toggle='tooltip' data-placement='right' title='原始值：27.00026'>27.0</span>", "<span data-toggle='tooltip' data-placement='right' title='原始值：7.38089'>7.38</span>", "<span data-toggle='tooltip' data-placement='right' title='原始值：8.55663'>8.56</span>", "<span data-toggle='tooltip' data-placement='right' title='原始值：411.8384'>411.8</span>", "<span data-toggle='tooltip' data-placement='right' title='原始值：130.208'>130.2</span>", "<span data-toggle='tooltip' data-placement='right' title='原始值：4.06'>4.06</span>", "<span data-toggle='tooltip' data-placement='right' title='原始值：0.17'>0.170</span>", "<span data-toggle='tooltip' data-placement='right' title='原始值：0.1413'>0.141</span>", "<span data-toggle='tooltip' data-placement='right' title='原始值：3.855'>3.86</span>", "*", "*", "正常"], ["安徽省", "淮河流域", "<span data-toggle='tooltip' data-placement='right' title='所在地市:蚌埠市&#10;所属河流:淮河'>蚌埠闸上(蚌埠闸)</span>", null, "", "--", "--", "--", "--", "--", "--", "--", "--", "--", "*", "*", "停站"], ["安徽省", "淮河流域", "<span data-toggle='tooltip' data-placement='right' title='所在地市:淮南市&#10;所属河流:淮河'>石头埠(老)</span>", "07-10 08:00", "Ⅳ", "<span data-toggle='tooltip' data-placement='right' title='原始值：26.76409'>26.8</span>", "<span data-toggle='tooltip' data-placement='right' title='原始值：7.11363'>7.11</span>", "<span data-toggle='tooltip' data-placement='right' title='原始值：4.99263'>4.99</span>", "<span data-toggle='tooltip' data-placement='right' title='原始值：233.515'>233.5</span>", "<span data-toggle='tooltip' data-placement='right' title='原始值：123.3929'>123.4</span>", "<span data-toggle='tooltip' data-placement='right' title='原始值：6.08'>6.08</span>", "<span data-toggle='tooltip' data-placement='right' title='原始值：0.1'>0.100</span>", "*", "*", "*", "*", "正常"], ["安徽省", "淮河流域", "<span data-toggle='tooltip' data-placement='right' title='所在地市:淮北市&#10;所属河流:沱河'>小王桥</span>", null, "", "--", "--", "--", "--", "--", "--", "--", "--", "--", "*", "*", "停站"], ["安徽省", "长江流域", "<span data-toggle='tooltip' data-placement='right' title='所在地市:安庆市&#10;所属河流:长江'>皖河口</span>", null, "", "--", "--", "--", "--", "--", "--", "--", "--", "--", "*", "*", "停站"], ["安徽省", "淮河流域", "<span data-toggle='tooltip' data-placement='right' title='所在地市:滁州市&#10;所属河流:淮河'>小柳巷</span>", "07-10 08:00", "Ⅲ", "<span data-toggle='tooltip' data-placement='right' title='原始值：28.4'>28.4</span>", "<span data-toggle='tooltip' data-placement='right' title='原始值：7.11'>7.11</span>", "<span data-toggle='tooltip' data-placement='right' title='原始值：7.14'>7.14</span>", "<span data-toggle='tooltip' data-placement='right' title='原始值：284.8'>284.8</span>", "<span data-toggle='tooltip' data-placement='right' title='原始值：114.11'>114.1</span>", "<span data-toggle='tooltip' data-placement='right' title='原始值：5.88'>5.88</span>", "<span data-toggle='tooltip' data-placement='right' title='原始值：0.04'>0.040</span>", "<span data-toggle='tooltip' data-placement='right' title='原始值：0.195'>0.195</span>", "<span data-toggle='tooltip' data-placement='right' title='原始值：1.346'>1.35</span>", "*", "*", "正常"], ["安徽省", "淮河流域", "<span data-toggle='tooltip' data-placement='right' title='所在地市:阜阳市&#10;所属河流:黑茨河'>张大桥</span>", "07-10 04:00", "Ⅱ", "<span data-toggle='tooltip' data-placement='right' title='原始值：29.3'>29.3</span>", "<span data-toggle='tooltip' data-placement='right' title='原始值：8.17'>8.17</span>", "<span data-toggle='tooltip' data-placement='right' title='原始值：8.04'>8.04</span>", "<span data-toggle='tooltip' data-placement='right' title='原始值：1999.3'>1999.3</span>", "<span data-toggle='tooltip' data-placement='right' title='原始值：13.35'>13.4</span>", "<span data-toggle='tooltip' data-placement='right' title='原始值：2.02'>2.02</span>", "<span data-toggle='tooltip' data-placement='right' title='原始值：0.1'>0.100</span>", "<span data-toggle='tooltip' data-placement='right' title='原始值：0.086'>0.086</span>", "<span data-toggle='tooltip' data-placement='right' title='原始值：2.935'>2.94</span>", "*", "*", "正常"], ["安徽省", "淮河流域", "<span data-toggle='tooltip' data-placement='right' title='所在地市:阜阳市&#10;所属河流:淮河'>王家坝</span>", "07-10 08:00", "Ⅴ", "<span data-toggle='tooltip' data-placement='right' title='原始值：29.43968'>29.4</span>", "<span data-toggle='tooltip' data-placement='right' title='原始值：7.30672'>7.31</span>", "<span data-toggle='tooltip' data-placement='right' title='原始值：2.58165'>2.58</span>", "<span data-toggle='tooltip' data-placement='right' title='原始值：484.1967'>484.2</span>", "<span data-toggle='tooltip' data-placement='right' title='原始值：99.89241'>99.9</span>", "<span data-toggle='tooltip' data-placement='right' title='原始值：4.12'>4.12</span>", "<span data-toggle='tooltip' data-placement='right' title='原始值：0.08'>0.080</span>", "<span data-toggle='tooltip' data-placement='right' title='原始值：0.38385'>0.384</span>", "<span data-toggle='tooltip' data-placement='right' title='原始值：1.04809'>1.05</span>", "*", "*", "正常"], ["安徽省", "淮河流域", "<span data-toggle='tooltip' data-placement='right' title='所在地市:阜阳市&#10;所属河流:颍河'>界首七渡口(七渡口)</span>", "07-10 08:00", "Ⅲ", "<span data-toggle='tooltip' data-placement='right' title='原始值：28.4341'>28.4</span>", "<span data-toggle='tooltip' data-placement='right' title='原始值：7.78005'>7.78</span>", "<span data-toggle='tooltip' data-placement='right' title='原始值：5.07769'>5.08</span>", "<span data-toggle='tooltip' data-placement='right' title='原始值：846.3033'>846.3</span>", "<span data-toggle='tooltip' data-placement='right' title='原始值：10.12543'>10.1</span>", "<span data-toggle='tooltip' data-placement='right' title='原始值：4.34'>4.34</span>", "<span data-toggle='tooltip' data-placement='right' title='原始值：0.08'>0.080</span>", "<span data-toggle='tooltip' data-placement='right' title='原始值：0.07113'>0.071</span>", "<span data-toggle='tooltip' data-placement='right' title='原始值：2.77199'>2.77</span>", "*", "*", "正常"], ["安徽省", "淮河流域", "<span data-toggle='tooltip' data-placement='right' title='所在地市:阜阳市&#10;所属河流:泉河'>许庄(徐庄)</span>", "07-10 08:00", "Ⅲ", "<span data-toggle='tooltip' data-placement='right' title='原始值：26'>26.0</span>", "<span data-toggle='tooltip' data-placement='right' title='原始值：7.39'>7.39</span>", "<span data-toggle='tooltip' data-placement='right' title='原始值：6.35'>6.35</span>", "<span data-toggle='tooltip' data-placement='right' title='原始值：890.9'>890.9</span>", "<span data-toggle='tooltip' data-placement='right' title='原始值：432.07'>432.1</span>", "<span data-toggle='tooltip' data-placement='right' title='原始值：2.64'>2.64</span>", "<span data-toggle='tooltip' data-placement='right' title='原始值：0.03'>0.030</span>", "<span data-toggle='tooltip' data-placement='right' title='原始值：0.157'>0.157</span>", "<span data-toggle='tooltip' data-placement='right' title='原始值：0.65'>0.65</span>", "*", "*", "正常"], ["安徽省", "淮河流域", "<span data-toggle='tooltip' data-placement='right' title='所在地市:宿州市&#10;所属河流:奎河'>杨庄</span>", "07-10 04:00", "Ⅳ", "<span data-toggle='tooltip' data-placement='right' title='原始值：28.4'>28.4</span>", "<span data-toggle='tooltip' data-placement='right' title='原始值：7.49'>7.49</span>", "<span data-toggle='tooltip' data-placement='right' title='原始值：7.23'>7.23</span>", "<span data-toggle='tooltip' data-placement='right' title='原始值：908.1'>908.1</span>", "<span data-toggle='tooltip' data-placement='right' title='原始值：71.64'>71.6</span>", "<span data-toggle='tooltip' data-placement='right' title='原始值：6.28'>6.28</span>", "<span data-toggle='tooltip' data-placement='right' title='原始值：1.493'>1.493</span>", "*", "*", "*", "*", "正常"], ["安徽省", "淮河流域", "<span data-toggle='tooltip' data-placement='right' title='所在地市:宿州市&#10;所属河流:新汴河'>泗县公路桥</span>", "07-10 04:00", "Ⅱ", "<span data-toggle='tooltip' data-placement='right' title='原始值：27.8'>27.8</span>", "<span data-toggle='tooltip' data-placement='right' title='原始值：8.52'>8.52</span>", "<span data-toggle='tooltip' data-placement='right' title='原始值：7.83'>7.83</span>", "<span data-toggle='tooltip' data-placement='right' title='原始值：1151.5'>1151.5</span>", "<span data-toggle='tooltip' data-placement='right' title='原始值：132.46'>132.5</span>", "<span data-toggle='tooltip' data-placement='right' title='原始值：3.29'>3.29</span>", "<span data-toggle='tooltip' data-placement='right' title='原始值：0.17'>0.170</span>", "*", "*", "*", "*", "正常"], ["安徽省", "淮河流域", "<span data-toggle='tooltip' data-placement='right' title='所在地市:亳州市&#10;所属河流:包河'>颜集</span>", "07-10 08:00", "", "<span data-toggle='tooltip' data-placement='right' title='原始值：27'>27.0</span>", "<span data-toggle='tooltip' data-placement='right' title='原始值：7.6'>7.60</span>", "<span data-toggle='tooltip' data-placement='right' title='原始值：6.72'>6.72</span>", "<span data-toggle='tooltip' data-placement='right' title='原始值：1670.9'>1670.9</span>", "<span data-toggle='tooltip' data-placement='right' title='原始值：76.04'>76.0</span>", "<span data-toggle='tooltip' data-placement='right' title='原始值：4.38'>4.38</span>", "<span data-toggle='tooltip' data-placement='right' title='极值过滤'>--</span>", "<span data-toggle='tooltip' data-placement='right' title='原始值：0.235'>0.235</span>", "<span data-toggle='tooltip' data-placement='right' title='极值过滤'>--</span>", "*", "*", "维护"], ["福建省", "浙闽片河流", "<span data-toggle='tooltip' data-placement='right' title='所在地市:福州市&#10;所属河流:闽江'>白岩潭</span>", "07-10 08:00", "Ⅱ", "<span data-toggle='tooltip' data-placement='right' title='原始值：29.37'>29.4</span>", "<span data-toggle='tooltip' data-placement='right' title='原始值：6.63'>6.63</span>", "<span data-toggle='tooltip' data-placement='right' title='原始值：8.41'>8.41</span>", "<span data-toggle='tooltip' data-placement='right' title='原始值：140.7'>140.7</span>", "<span data-toggle='tooltip' data-placement='right' title='原始值：25.18'>25.2</span>", "<span data-toggle='tooltip' data-placement='right' title='原始值：3.25'>3.25</span>", "<span data-toggle='tooltip' data-placement='right' title='原始值：0.11'>0.110</span>", "*", "*", "*", "*", "正常"], ["江西省", "长江流域", "<span data-toggle='tooltip' data-placement='right' title='所在地市:南昌市&#10;所属河流:赣江南支'>滁槎</span>", null, "", "--", "--", "--", "--", "--", "--", "--", "--", "--", "*", "*", "维护"], ["江西省", "长江流域", "<span data-toggle='tooltip' data-placement='right' title='所在地市:九江市&#10;所属河流:长江'>姚港(河西水厂)</span>", null, "", "--", "--", "--", "--", "--", "--", "--", "--", "--", "*", "*", "停站"], ["江西省", "长江流域", "<span data-toggle='tooltip' data-placement='right' title='所在地市:九江市&#10;所属河流:鄱阳湖'>蛤蟆石</span>", null, "", "--", "--", "--", "--", "--", "--", "--", "--", "--", "--", "--", "停站"], ["山东省", "黄河流域", "<span data-toggle='tooltip' data-placement='right' title='所在地市:济南市&#10;所属河流:黄河'>泺口</span>", null, "", "--", "--", "--", "--", "--", "--", "--", "--", "--", "*", "*", "停站"], ["山东省", "淮河流域", "<span data-toggle='tooltip' data-placement='right' title='所在地市:枣庄市&#10;所属河流:京杭大运河（韩庄运河）'>台儿庄大桥</span>", "07-10 08:00", "Ⅱ", "<span data-toggle='tooltip' data-placement='right' title='原始值：26.67939'>26.7</span>", "<span data-toggle='tooltip' data-placement='right' title='原始值：7.87893'>7.88</span>", "<span data-toggle='tooltip' data-placement='right' title='原始值：7.21518'>7.22</span>", "<span data-toggle='tooltip' data-placement='right' title='原始值：976.418'>976.4</span>", "<span data-toggle='tooltip' data-placement='right' title='原始值：38.4276'>38.4</span>", "<span data-toggle='tooltip' data-placement='right' title='原始值：3.54951'>3.55</span>", "<span data-toggle='tooltip' data-placement='right' title='原始值：0.10765'>0.108</span>", "<span data-toggle='tooltip' data-placement='right' title='原始值：0.09268'>0.093</span>", "<span data-toggle='tooltip' data-placement='right' title='原始值：4.3292'>4.33</span>", "*", "*", "正常"], ["山东省", "淮河流域", "<span data-toggle='tooltip' data-placement='right' title='所在地市:临沂市&#10;所属河流:沭河'>清泉寺</span>", null, "", "--", "--", "--", "--", "--", "--", "--", "--", "--", "*", "*", "停站"], ["山东省", "淮河流域", "<span data-toggle='tooltip' data-placement='right' title='所在地市:临沂市&#10;所属河流:沂河'>重坊桥</span>", "07-10 08:00", "Ⅲ", "<span data-toggle='tooltip' data-placement='right' title='原始值：27.01484'>27.0</span>", "<span data-toggle='tooltip' data-placement='right' title='原始值：7.78907'>7.79</span>", "<span data-toggle='tooltip' data-placement='right' title='原始值：6.86148'>6.86</span>", "<span data-toggle='tooltip' data-placement='right' title='原始值：786.3889'>786.4</span>", "<span data-toggle='tooltip' data-placement='right' title='原始值：24.19075'>24.2</span>", "<span data-toggle='tooltip' data-placement='right' title='原始值：5.17'>5.17</span>", "<span data-toggle='tooltip' data-placement='right' title='原始值：0.06927'>0.069</span>", "*", "*", "*", "*", "正常"], ["山东省", "淮河流域", "<span data-toggle='tooltip' data-placement='right' title='所在地市:临沂市&#10;所属河流:白马河'>捷庄(涝沟桥)</span>", "07-10 08:00", "Ⅳ", "<span data-toggle='tooltip' data-placement='right' title='原始值：26.5'>26.5</span>", "<span data-toggle='tooltip' data-placement='right' title='原始值：8.11969'>8.12</span>", "<span data-toggle='tooltip' data-placement='right' title='原始值：13.4484'>13.45</span>", "<span data-toggle='tooltip' data-placement='right' title='原始值：817.9985'>818.0</span>", "<span data-toggle='tooltip' data-placement='right' title='原始值：42.51524'>42.5</span>", "<span data-toggle='tooltip' data-placement='right' title='原始值：6.97'>6.97</span>", "<span data-toggle='tooltip' data-placement='right' title='原始值：0.04108'>0.041</span>", "<span data-toggle='tooltip' data-placement='right' title='原始值：0.11294'>0.113</span>", "<span data-toggle='tooltip' data-placement='right' title='原始值：1.96415'>1.96</span>", "*", "*", "正常"], ["山东省", "海河流域", "<span data-toggle='tooltip' data-placement='right' title='所在地市:聊城市&#10;所属河流:卫运河'>秤勾湾(秤钩湾)</span>", "07-10 08:00", "", "<span data-toggle='tooltip' data-placement='right' title='原始值：27.49923'>27.5</span>", "<span data-toggle='tooltip' data-placement='right' title='原始值：7.32'>7.32</span>", "<span data-toggle='tooltip' data-placement='right' title='极值过滤'>--</span>", "<span data-toggle='tooltip' data-placement='right' title='原始值：1847'>1847.0</span>", "<span data-toggle='tooltip' data-placement='right' title='极值过滤'>--</span>", "<span data-toggle='tooltip' data-placement='right' title='原始值：3.28'>3.28</span>", "<span data-toggle='tooltip' data-placement='right' title='原始值：0.15447'>0.154</span>", "<span data-toggle='tooltip' data-placement='right' title='原始值：0.02912'>0.029</span>", "<span data-toggle='tooltip' data-placement='right' title='原始值：8.00093'>8.00</span>", "*", "*", "维护"], ["河南省", "长江流域", "<span data-toggle='tooltip' data-placement='right' title='所在地市:南阳市&#10;所属河流:丹江口水库'>陶岔</span>", "07-10 08:00", "Ⅱ", "<span data-toggle='tooltip' data-placement='right' title='原始值：27.51'>27.5</span>", "<span data-toggle='tooltip' data-placement='right' title='原始值：8.13463'>8.13</span>", "<span data-toggle='tooltip' data-placement='right' title='原始值：8.15746'>8.16</span>", "<span data-toggle='tooltip' data-placement='right' title='原始值：291.9558'>292.0</span>", "<span data-toggle='tooltip' data-placement='right' title='原始值：1.51259'>1.5</span>", "<span data-toggle='tooltip' data-placement='right' title='原始值：2.65'>2.65</span>", "<span data-toggle='tooltip' data-placement='right' title='原始值：0.00797'>0.008</span>", "<span data-toggle='tooltip' data-placement='right' title='原始值：0.01291'>0.013</span>", "<span data-toggle='tooltip' data-placement='right' title='原始值：0.82582'>0.83</span>", "<span data-toggle='tooltip' data-placement='right' title='原始值：0.00156'>0.002</span>", "<span data-toggle='tooltip' data-placement='right' title='原始值：249298.7'>249299</span>", "正常"], ["河南省", "淮河流域", "<span data-toggle='tooltip' data-placement='right' title='所在地市:商丘市&#10;所属河流:浍河'>黄口</span>", "07-10 08:00", "Ⅳ", "<span data-toggle='tooltip' data-placement='right' title='原始值：28.3'>28.3</span>", "<span data-toggle='tooltip' data-placement='right' title='原始值：8.06'>8.06</span>", "<span data-toggle='tooltip' data-placement='right' title='原始值：9.44968'>9.45</span>", "<span data-toggle='tooltip' data-placement='right' title='原始值：3365'>3365.0</span>", "<span data-toggle='tooltip' data-placement='right' title='原始值：56.79352'>56.8</span>", "<span data-toggle='tooltip' data-placement='right' title='原始值：8.25'>8.25</span>", "<span data-toggle='tooltip' data-placement='right' title='原始值：0.3038'>0.304</span>", "<span data-toggle='tooltip' data-placement='right' title='原始值：0.1649'>0.165</span>", "<span data-toggle='tooltip' data-placement='right' title='原始值：1.78072'>1.78</span>", "*", "*", "正常"], ["河南省", "淮河流域", "<span data-toggle='tooltip' data-placement='right' title='所在地市:信阳市&#10;所属河流:史灌河'>蒋集</span>", "07-10 08:00", "Ⅲ", "<span data-toggle='tooltip' data-placement='right' title='原始值：30.21094'>30.2</span>", "<span data-toggle='tooltip' data-placement='right' title='原始值：6.734'>6.73</span>", "<span data-toggle='tooltip' data-placement='right' title='原始值：5.21906'>5.22</span>", "<span data-toggle='tooltip' data-placement='right' title='原始值：146.7485'>146.7</span>", "<span data-toggle='tooltip' data-placement='right' title='原始值：195.8513'>195.9</span>", "<span data-toggle='tooltip' data-placement='right' title='原始值：2.77'>2.77</span>", "<span data-toggle='tooltip' data-placement='right' title='原始值：0.01873'>0.019</span>", "*", "*", "*", "*", "正常"], ["河南省", "淮河流域", "<span data-toggle='tooltip' data-placement='right' title='所在地市:信阳市&#10;所属河流:淮河'>淮滨水文站(淮滨)</span>", null, "", "--", "--", "--", "--", "--", "--", "--", "--", "--", "*", "*", "停站"], ["河南省", "淮河流域", "<span data-toggle='tooltip' data-placement='right' title='所在地市:周口市&#10;所属河流:沙河'>沈丘闸</span>", "07-10 08:00", "Ⅳ", "<span data-toggle='tooltip' data-placement='right' title='原始值：26.32195'>26.3</span>", "<span data-toggle='tooltip' data-placement='right' title='原始值：7.614'>7.61</span>", "<span data-toggle='tooltip' data-placement='right' title='原始值：4.57145'>4.57</span>", "<span data-toggle='tooltip' data-placement='right' title='原始值：965.6937'>965.7</span>", "<span data-toggle='tooltip' data-placement='right' title='原始值：16.94838'>16.9</span>", "<span data-toggle='tooltip' data-placement='right' title='原始值：3.13'>3.13</span>", "<span data-toggle='tooltip' data-placement='right' title='原始值：0.31'>0.310</span>", "*", "*", "*", "*", "正常"], ["河南省", "淮河流域", "<span data-toggle='tooltip' data-placement='right' title='所在地市:周口市&#10;所属河流:涡河'>鹿邑付桥(鹿邑付桥闸)</span>", "07-10 08:00", "", "<span data-toggle='tooltip' data-placement='right' title='原始值：26.59908'>26.6</span>", "<span data-toggle='tooltip' data-placement='right' title='原始值：8.51924'>8.52</span>", "<span data-toggle='tooltip' data-placement='right' title='原始值：7.96471'>7.96</span>", "<span data-toggle='tooltip' data-placement='right' title='原始值：1391.262'>1391.3</span>", "<span data-toggle='tooltip' data-placement='right' title='原始值：13.05079'>13.1</span>", "<span data-toggle='tooltip' data-placement='right' title='原始值：6.1'>6.10</span>", "<span data-toggle='tooltip' data-placement='right' title='极值过滤'>--</span>", "<span data-toggle='tooltip' data-placement='right' title='原始值：0.1396'>0.140</span>", "<span data-toggle='tooltip' data-placement='right' title='原始值：1.31639'>1.32</span>", "*", "*", "维护"], ["河南省", "淮河流域", "<span data-toggle='tooltip' data-placement='right' title='所在地市:驻马店市&#10;所属河流:洪河'>新蔡班台(班台)</span>", "07-10 08:00", "Ⅳ", "<span data-toggle='tooltip' data-placement='right' title='原始值：28.8126'>28.8</span>", "<span data-toggle='tooltip' data-placement='right' title='原始值：6.71079'>6.71</span>", "<span data-toggle='tooltip' data-placement='right' title='原始值：3.52967'>3.53</span>", "<span data-toggle='tooltip' data-placement='right' title='原始值：712.4497'>712.4</span>", "<span data-toggle='tooltip' data-placement='right' title='原始值：8.37918'>8.4</span>", "<span data-toggle='tooltip' data-placement='right' title='原始值：4.165'>4.16</span>", "<span data-toggle='tooltip' data-placement='right' title='原始值：0.13'>0.130</span>", "<span data-toggle='tooltip' data-placement='right' title='原始值：0.28032'>0.280</span>", "<span data-toggle='tooltip' data-placement='right' title='原始值：2.53567'>2.54</span>", "*", "*", "正常"], ["河南省", "黄河流域", "<span data-toggle='tooltip' data-placement='right' title='所在地市:济源市&#10;所属河流:黄河'>小浪底水库(小浪底)</span>", null, "", "--", "--", "--", "--", "--", "--", "--", "--", "--", "*", "*", "维护"], ["湖北省", "长江流域", "<span data-toggle='tooltip' data-placement='right' title='所在地市:武汉市&#10;所属河流:汉江'>宗关</span>", null, "", "--", "--", "--", "--", "--", "--", "--", "--", "--", "*", "*", "停站"], ["湖北省", "长江流域", "<span data-toggle='tooltip' data-placement='right' title='所在地市:十堰市&#10;所属河流:丹江口水库'>坝上中(胡家岭)</span>", null, "", "--", "--", "--", "--", "--", "--", "--", "--", "--", "--", "--", "停站"], ["湖北省", "长江流域", "<span data-toggle='tooltip' data-placement='right' title='所在地市:宜昌市&#10;所属河流:长江'>南津关</span>", null, "", "--", "--", "--", "--", "--", "--", "--", "--", "--", "*", "*", "停站"], ["湖南省", "长江流域", "<span data-toggle='tooltip' data-placement='right' title='所在地市:长沙市&#10;所属河流:湘江'>新港</span>", "07-10 08:00", "Ⅱ", "<span data-toggle='tooltip' data-placement='right' title='原始值：25.63'>25.6</span>", "<span data-toggle='tooltip' data-placement='right' title='原始值：7.01'>7.01</span>", "<span data-toggle='tooltip' data-placement='right' title='原始值：8.76'>8.76</span>", "<span data-toggle='tooltip' data-placement='right' title='原始值：197.3'>197.3</span>", "<span data-toggle='tooltip' data-placement='right' title='原始值：19.54'>19.5</span>", "<span data-toggle='tooltip' data-placement='right' title='原始值：2.92'>2.92</span>", "<span data-toggle='tooltip' data-placement='right' title='原始值：0.004'>0.004</span>", "<span data-toggle='tooltip' data-placement='right' title='原始值：0.054'>0.054</span>", "<span data-toggle='tooltip' data-placement='right' title='原始值：1.33'>1.33</span>", "*", "*", "正常"], ["湖南省", "长江流域", "<span data-toggle='tooltip' data-placement='right' title='所在地市:岳阳市&#10;所属河流:洞庭湖'>岳阳楼</span>", null, "", "--", "--", "--", "--", "--", "--", "--", "--", "--", "--", "--", "停站"], ["湖南省", "长江流域", "<span data-toggle='tooltip' data-placement='right' title='所在地市:岳阳市&#10;所属河流:长江'>城陵矶</span>", null, "", "--", "--", "--", "--", "--", "--", "--", "--", "--", "*", "*", "停站"], ["广东省", "珠江流域", "<span data-toggle='tooltip' data-placement='right' title='所在地市:清远市&#10;所属河流:北江'>七星岗</span>", "07-10 08:00", "劣Ⅴ", "<span data-toggle='tooltip' data-placement='right' title='原始值：30.26598'>30.3</span>", "<span data-toggle='tooltip' data-placement='right' title='原始值：7.90891'>7.91</span>", "<span data-toggle='tooltip' data-placement='right' title='原始值：5.91786'>5.92</span>", "<span data-toggle='tooltip' data-placement='right' title='原始值：176.2669'>176.3</span>", "<span data-toggle='tooltip' data-placement='right' title='原始值：18.59831'>18.6</span>", "<span data-toggle='tooltip' data-placement='right' title='原始值：17.02'>17.02</span>", "<span data-toggle='tooltip' data-placement='right' title='原始值：0.14832'>0.148</span>", "<span data-toggle='tooltip' data-placement='right' title='原始值：0.00773'>0.008</span>", "<span data-toggle='tooltip' data-placement='right' title='原始值：1.18'>1.18</span>", "*", "*", "正常"], ["广东省", "珠江流域", "<span data-toggle='tooltip' data-placement='right' title='所在地市:中山市&#10;所属河流:西江'>横栏</span>", "07-10 08:00", "Ⅱ", "<span data-toggle='tooltip' data-placement='right' title='原始值：27.6'>27.6</span>", "<span data-toggle='tooltip' data-placement='right' title='原始值：7.84'>7.84</span>", "<span data-toggle='tooltip' data-placement='right' title='原始值：7.29'>7.29</span>", "<span data-toggle='tooltip' data-placement='right' title='原始值：256'>256.0</span>", "<span data-toggle='tooltip' data-placement='right' title='原始值：29.4'>29.4</span>", "<span data-toggle='tooltip' data-placement='right' title='原始值：3.36'>3.36</span>", "<span data-toggle='tooltip' data-placement='right' title='原始值：0.12474'>0.125</span>", "*", "*", "*", "*", "正常"], ["广西壮族自治区", "珠江流域", "<span data-toggle='tooltip' data-placement='right' title='所在地市:南宁市&#10;所属河流:邕江'>老口</span>", null, "", "--", "--", "--", "--", "--", "--", "--", "--", "--", "*", "*", "维护"], ["广西壮族自治区", "珠江流域", "<span data-toggle='tooltip' data-placement='right' title='所在地市:桂林市&#10;所属河流:漓江'>阳朔</span>", null, "", "--", "--", "--", "--", "--", "--", "--", "--", "--", "*", "*", "停站"], ["广西壮族自治区", "珠江流域", "<span data-toggle='tooltip' data-placement='right' title='所在地市:梧州市&#10;所属河流:浔江'>界首</span>", null, "", "--", "--", "--", "--", "--", "--", "--", "--", "--", "*", "*", "停站"], ["广西壮族自治区", "珠江流域", "<span data-toggle='tooltip' data-placement='right' title='所在地市:贵港市&#10;所属河流:浔江'>石嘴</span>", "07-10 08:00", "劣Ⅴ", "<span data-toggle='tooltip' data-placement='right' title='原始值：29.3785'>29.4</span>", "<span data-toggle='tooltip' data-placement='right' title='原始值：4.88548'>4.89</span>", "<span data-toggle='tooltip' data-placement='right' title='原始值：8.76004'>8.76</span>", "<span data-toggle='tooltip' data-placement='right' title='原始值：324.7332'>324.7</span>", "<span data-toggle='tooltip' data-placement='right' title='原始值：36.76569'>36.8</span>", "<span data-toggle='tooltip' data-placement='right' title='原始值：1.27'>1.27</span>", "<span data-toggle='tooltip' data-placement='right' title='原始值：0.14'>0.140</span>", "<span data-toggle='tooltip' data-placement='right' title='原始值：0.03401'>0.034</span>", "<span data-toggle='tooltip' data-placement='right' title='原始值：2.0152'>2.02</span>", "*", "*", "正常"], ["广西壮族自治区", "珠江流域", "<span data-toggle='tooltip' data-placement='right' title='所在地市:崇左市&#10;所属河流:平而河'>平而关</span>", "07-10 08:00", "Ⅱ", "<span data-toggle='tooltip' data-placement='right' title='原始值：32.61705'>32.6</span>", "<span data-toggle='tooltip' data-placement='right' title='原始值：7.73081'>7.73</span>", "<span data-toggle='tooltip' data-placement='right' title='原始值：7.23634'>7.24</span>", "<span data-toggle='tooltip' data-placement='right' title='原始值：232.5948'>232.6</span>", "<span data-toggle='tooltip' data-placement='right' title='原始值：26.72835'>26.7</span>", "<span data-toggle='tooltip' data-placement='right' title='原始值：1.515'>1.52</span>", "<span data-toggle='tooltip' data-placement='right' title='原始值：0.04'>0.040</span>", "*", "*", "*", "*", "正常"], ["重庆市", "长江流域", "<span data-toggle='tooltip' data-placement='right' title='所在地市:永川区&#10;所属河流:长江'>朱沱</span>", null, "", "--", "--", "--", "--", "--", "--", "--", "--", "--", "*", "*", "停站"], ["四川省", "长江流域", "<span data-toggle='tooltip' data-placement='right' title='所在地市:攀枝花市&#10;所属河流:金沙江'>龙洞</span>", null, "", "--", "--", "--", "--", "--", "--", "--", "--", "--", "*", "*", "停站"], ["四川省", "长江流域", "<span data-toggle='tooltip' data-placement='right' title='所在地市:泸州市&#10;所属河流:沱江'>沱江大桥(沱江二桥)</span>", null, "", "--", "--", "--", "--", "--", "--", "--", "--", "--", "*", "*", "停站"], ["四川省", "长江流域", "<span data-toggle='tooltip' data-placement='right' title='所在地市:广元市&#10;所属河流:嘉陵江'>清风峡</span>", "07-10 08:00", "Ⅰ", "<span data-toggle='tooltip' data-placement='right' title='原始值：27.69343'>27.7</span>", "<span data-toggle='tooltip' data-placement='right' title='原始值：8.16046'>8.16</span>", "<span data-toggle='tooltip' data-placement='right' title='原始值：8.10038'>8.10</span>", "<span data-toggle='tooltip' data-placement='right' title='原始值：316.1963'>316.2</span>", "<span data-toggle='tooltip' data-placement='right' title='原始值：83.56821'>83.6</span>", "<span data-toggle='tooltip' data-placement='right' title='原始值：1.08'>1.08</span>", "<span data-toggle='tooltip' data-placement='right' title='原始值：0.08466'>0.085</span>", "*", "*", "*", "*", "正常"], ["四川省", "长江流域", "<span data-toggle='tooltip' data-placement='right' title='所在地市:乐山市&#10;所属河流:岷江'>岷江大桥</span>", "07-10 08:00", "Ⅱ", "<span data-toggle='tooltip' data-placement='right' title='原始值：25.76791'>25.8</span>", "<span data-toggle='tooltip' data-placement='right' title='原始值：7.53172'>7.53</span>", "<span data-toggle='tooltip' data-placement='right' title='原始值：6.84536'>6.85</span>", "<span data-toggle='tooltip' data-placement='right' title='原始值：359.9355'>359.9</span>", "<span data-toggle='tooltip' data-placement='right' title='原始值：74.16446'>74.2</span>", "<span data-toggle='tooltip' data-placement='right' title='原始值：3.36'>3.36</span>", "<span data-toggle='tooltip' data-placement='right' title='原始值：0.29'>0.290</span>", "*", "*", "*", "*", "正常"], ["四川省", "长江流域", "<span data-toggle='tooltip' data-placement='right' title='所在地市:宜宾市&#10;所属河流:岷江'>凉姜沟</span>", null, "", "--", "--", "--", "--", "--", "--", "--", "--", "--", "*", "*", "停站"], ["云南省", "滇池流域", "<span data-toggle='tooltip' data-placement='right' title='所在地市:昆明市&#10;所属河流:滇池'>西苑隧道</span>", "07-10 08:00", "劣Ⅴ", "<span data-toggle='tooltip' data-placement='right' title='原始值：23.01978'>23.0</span>", "<span data-toggle='tooltip' data-placement='right' title='原始值：6.55656'>6.56</span>", "<span data-toggle='tooltip' data-placement='right' title='原始值：6.32431'>6.32</span>", "<span data-toggle='tooltip' data-placement='right' title='原始值：593.6039'>593.6</span>", "<span data-toggle='tooltip' data-placement='right' title='原始值：29.74853'>29.7</span>", "<span data-toggle='tooltip' data-placement='right' title='原始值：7.65002'>7.65</span>", "<span data-toggle='tooltip' data-placement='right' title='原始值：0.59'>0.590</span>", "<span data-toggle='tooltip' data-placement='right' title='原始值：1.05352'>1.054</span>", "<span data-toggle='tooltip' data-placement='right' title='原始值：2.01549'>2.02</span>", "<span data-toggle='tooltip' data-placement='right' title='原始值：0.05022'>0.050</span>", "<span data-toggle='tooltip' data-placement='right' title='原始值：9028617'>9028617</span>", "正常"], ["云南省", "滇池流域", "<span data-toggle='tooltip' data-placement='right' title='所在地市:昆明市&#10;所属河流:滇池'>观音山</span>", "07-10 08:00", "Ⅳ", "<span data-toggle='tooltip' data-placement='right' title='原始值：23.44452'>23.4</span>", "<span data-toggle='tooltip' data-placement='right' title='原始值：7.05958'>7.06</span>", "<span data-toggle='tooltip' data-placement='right' title='原始值：5.09297'>5.09</span>", "<span data-toggle='tooltip' data-placement='right' title='原始值：448.083'>448.1</span>", "<span data-toggle='tooltip' data-placement='right' title='原始值：19.38686'>19.4</span>", "<span data-toggle='tooltip' data-placement='right' title='原始值：4.52'>4.52</span>", "<span data-toggle='tooltip' data-placement='right' title='原始值：0.32'>0.320</span>", "<span data-toggle='tooltip' data-placement='right' title='原始值：0.0668'>0.067</span>", "<span data-toggle='tooltip' data-placement='right' title='原始值：1.483'>1.48</span>", "<span data-toggle='tooltip' data-placement='right' title='原始值：0.04176'>0.042</span>", "<span data-toggle='tooltip' data-placement='right' title='原始值：7699931'>7699931</span>", "正常"], ["云南省", "西南诸河", "<span data-toggle='tooltip' data-placement='right' title='所在地市:红河哈尼族彝族自治州&#10;所属河流:红河'>河口县医院(河口)</span>", "07-10 08:00", "Ⅱ", "<span data-toggle='tooltip' data-placement='right' title='原始值：25.26039'>25.3</span>", "<span data-toggle='tooltip' data-placement='right' title='原始值：7.3947'>7.39</span>", "<span data-toggle='tooltip' data-placement='right' title='原始值：7.83427'>7.83</span>", "<span data-toggle='tooltip' data-placement='right' title='原始值：186.159'>186.2</span>", "<span data-toggle='tooltip' data-placement='right' title='原始值：30.81448'>30.8</span>", "<span data-toggle='tooltip' data-placement='right' title='原始值：1.75046'>1.75</span>", "<span data-toggle='tooltip' data-placement='right' title='原始值：0.09747'>0.097</span>", "<span data-toggle='tooltip' data-placement='right' title='原始值：0.02057'>0.021</span>", "<span data-toggle='tooltip' data-placement='right' title='原始值：1.88942'>1.89</span>", "*", "*", "正常"], ["云南省", "西南诸河", "<span data-toggle='tooltip' data-placement='right' title='所在地市:西双版纳傣族自治州&#10;所属河流:澜沧江'>橄榄坝</span>", null, "", "--", "--", "--", "--", "--", "--", "--", "*", "*", "*", "*", "维护"], ["陕西省", "黄河流域", "<span data-toggle='tooltip' data-placement='right' title='所在地市:渭南市&#10;所属河流:渭河'>潼关吊桥</span>", null, "", "--", "--", "--", "--", "--", "--", "--", "--", "--", "*", "*", "停站"], ["甘肃省", "黄河流域", "<span data-toggle='tooltip' data-placement='right' title='所在地市:兰州市&#10;所属河流:黄河'>新城桥</span>", "07-10 08:00", "Ⅱ", "<span data-toggle='tooltip' data-placement='right' title='原始值：15.82289'>15.8</span>", "<span data-toggle='tooltip' data-placement='right' title='原始值：7.22935'>7.23</span>", "<span data-toggle='tooltip' data-placement='right' title='原始值：8.16643'>8.17</span>", "<span data-toggle='tooltip' data-placement='right' title='原始值：347.514'>347.5</span>", "<span data-toggle='tooltip' data-placement='right' title='原始值：77.23399'>77.2</span>", "<span data-toggle='tooltip' data-placement='right' title='原始值：2.14'>2.14</span>", "<span data-toggle='tooltip' data-placement='right' title='原始值：0.21'>0.210</span>", "<span data-toggle='tooltip' data-placement='right' title='原始值：0.02234'>0.022</span>", "<span data-toggle='tooltip' data-placement='right' title='原始值：1.95238'>1.95</span>", "*", "*", "正常"], ["宁夏回族自治区", "黄河流域", "<span data-toggle='tooltip' data-placement='right' title='所在地市:中卫市&#10;所属河流:黄河'>中卫下河沿(新墩)</span>", "07-10 08:00", "Ⅱ", "<span data-toggle='tooltip' data-placement='right' title='原始值：20.39357'>20.4</span>", "<span data-toggle='tooltip' data-placement='right' title='原始值：7.54661'>7.55</span>", "<span data-toggle='tooltip' data-placement='right' title='原始值：7.90782'>7.91</span>", "<span data-toggle='tooltip' data-placement='right' title='原始值：481.7786'>481.8</span>", "<span data-toggle='tooltip' data-placement='right' title='原始值：219.1978'>219.2</span>", "<span data-toggle='tooltip' data-placement='right' title='原始值：3.03'>3.03</span>", "<span data-toggle='tooltip' data-placement='right' title='原始值：0.07'>0.070</span>", "<span data-toggle='tooltip' data-placement='right' title='原始值：0.0313'>0.031</span>", "<span data-toggle='tooltip' data-placement='right' title='原始值：1.6615'>1.66</span>", "*", "*", "正常"]]}