{"result": 1, "total": 1, "records": 98, "thead": ["省份", "流域", "断面名称", "监测时间", "水质类别", "水温<br/><span class='unit'>(℃)</span>", "pH<br/><span class='unit'>(无量纲)</span>", "溶解氧<br/><span class='unit'>(mg/L)</span>", "电导率<br/><span class='unit'>(μS/cm)</span>", "浊度<br/><span class='unit'>(NTU)</span>", "高锰酸盐指数<br/><span class='unit'>(mg/L)</span>", "氨氮<br/><span class='unit'>(mg/L)</span>", "总磷<br/><span class='unit'>(mg/L)</span>", "总氮<br/><span class='unit'>(mg/L)</span>", "叶绿素α<br/><span class='unit'>(mg/L)</span>", "藻密度<br/><span class='unit'>(cells/L)</span>", "站点情况"], "tbody": [["北京市", "海河流域", "<span data-toggle='tooltip' data-placement='right' title='所在地市:门头沟区&#10;所属河流:永定河'>沿河城</span>", "07-25 08:00", "Ⅳ", "<span data-toggle='tooltip' data-placement='right' title='原始值：24.80552'>24.8</span>", "<span data-toggle='tooltip' data-placement='right' title='原始值：8.40102'>8.40</span>", "<span data-toggle='tooltip' data-placement='right' title='原始值：7.5188'>7.52</span>", "<span data-toggle='tooltip' data-placement='right' title='原始值：1418.777'>1418.8</span>", "<span data-toggle='tooltip' data-placement='right' title='原始值：10.50505'>10.5</span>", "<span data-toggle='tooltip' data-placement='right' title='原始值：6.195'>6.20</span>", "<span data-toggle='tooltip' data-placement='right' title='原始值：0.07'>0.070</span>", "<span data-toggle='tooltip' data-placement='right' title='原始值：0.03285'>0.033</span>", "<span data-toggle='tooltip' data-placement='right' title='原始值：0.6207'>0.62</span>", "*", "*", "正常"], ["北京市", "海河流域", "<span data-toggle='tooltip' data-placement='right' title='所在地市:密云区&#10;所属河流:潮河'>古北口</span>", "07-25 08:00", "Ⅱ", "<span data-toggle='tooltip' data-placement='right' title='原始值：26.60517'>26.6</span>", "<span data-toggle='tooltip' data-placement='right' title='原始值：6.89244'>6.89</span>", "<span data-toggle='tooltip' data-placement='right' title='原始值：7.37827'>7.38</span>", "<span data-toggle='tooltip' data-placement='right' title='原始值：620.0835'>620.1</span>", "<span data-toggle='tooltip' data-placement='right' title='原始值：3.75557'>3.8</span>", "<span data-toggle='tooltip' data-placement='right' title='原始值：0.7425'>0.74</span>", "<span data-toggle='tooltip' data-placement='right' title='原始值：0.31'>0.310</span>", "<span data-toggle='tooltip' data-placement='right' title='原始值：0.0001'>0.0001</span>", "<span data-toggle='tooltip' data-placement='right' title='原始值：2.9728'>2.97</span>", "*", "*", "正常"], ["天津市", "海河流域", "<span data-toggle='tooltip' data-placement='right' title='所在地市:河北区&#10;所属河流:海河'>三岔口</span>", "07-25 08:00", "Ⅱ", "<span data-toggle='tooltip' data-placement='right' title='原始值：28.9524'>29.0</span>", "<span data-toggle='tooltip' data-placement='right' title='原始值：7.4862'>7.49</span>", "<span data-toggle='tooltip' data-placement='right' title='原始值：6.174'>6.17</span>", "<span data-toggle='tooltip' data-placement='right' title='原始值：265.4205'>265.4</span>", "<span data-toggle='tooltip' data-placement='right' title='原始值：7.011'>7.0</span>", "<span data-toggle='tooltip' data-placement='right' title='原始值：2'>2.00</span>", "<span data-toggle='tooltip' data-placement='right' title='原始值：0.13'>0.130</span>", "<span data-toggle='tooltip' data-placement='right' title='原始值：0.0453'>0.045</span>", "<span data-toggle='tooltip' data-placement='right' title='原始值：0.7255'>0.73</span>", "*", "*", "正常"], ["天津市", "海河流域", "<span data-toggle='tooltip' data-placement='right' title='所在地市:蓟州区&#10;所属河流:果河'>果河桥</span>", "07-25 08:00", "劣Ⅴ", "<span data-toggle='tooltip' data-placement='right' title='原始值：29.2'>29.2</span>", "<span data-toggle='tooltip' data-placement='right' title='原始值：9.304'>9.30</span>", "<span data-toggle='tooltip' data-placement='right' title='原始值：15.988'>15.99</span>", "<span data-toggle='tooltip' data-placement='right' title='原始值：466.158'>466.2</span>", "<span data-toggle='tooltip' data-placement='right' title='原始值：5.934'>5.9</span>", "<span data-toggle='tooltip' data-placement='right' title='原始值：3.2453'>3.25</span>", "<span data-toggle='tooltip' data-placement='right' title='原始值：0.14'>0.140</span>", "<span data-toggle='tooltip' data-placement='right' title='原始值：0.0434'>0.043</span>", "<span data-toggle='tooltip' data-placement='right' title='原始值：2.1153'>2.12</span>", "*", "*", "正常"], ["河北省", "海河流域", "<span data-toggle='tooltip' data-placement='right' title='所在地市:石家庄市&#10;所属河流:滹沱河'>岗南水库</span>", "07-25 08:00", "Ⅱ", "<span data-toggle='tooltip' data-placement='right' title='原始值：27.19553'>27.2</span>", "<span data-toggle='tooltip' data-placement='right' title='原始值：8.41311'>8.41</span>", "<span data-toggle='tooltip' data-placement='right' title='原始值：8.2121'>8.21</span>", "<span data-toggle='tooltip' data-placement='right' title='原始值：562.0728'>562.1</span>", "<span data-toggle='tooltip' data-placement='right' title='原始值：3.46645'>3.5</span>", "<span data-toggle='tooltip' data-placement='right' title='原始值：2.1719'>2.17</span>", "<span data-toggle='tooltip' data-placement='right' title='原始值：0.06'>0.060</span>", "<span data-toggle='tooltip' data-placement='right' title='原始值：0.00037'>0.0004</span>", "<span data-toggle='tooltip' data-placement='right' title='原始值：2.13728'>2.14</span>", "*", "*", "正常"], ["河北省", "海河流域", "<span data-toggle='tooltip' data-placement='right' title='所在地市:张家口市&#10;所属河流:永定河'>八号桥</span>", "07-25 08:00", "Ⅲ", "<span data-toggle='tooltip' data-placement='right' title='原始值：26.29248'>26.3</span>", "<span data-toggle='tooltip' data-placement='right' title='原始值：7.69236'>7.69</span>", "<span data-toggle='tooltip' data-placement='right' title='原始值：5.99338'>5.99</span>", "<span data-toggle='tooltip' data-placement='right' title='原始值：1126.344'>1126.3</span>", "<span data-toggle='tooltip' data-placement='right' title='原始值：59.04732'>59.0</span>", "<span data-toggle='tooltip' data-placement='right' title='原始值：4.45'>4.45</span>", "<span data-toggle='tooltip' data-placement='right' title='原始值：0.26'>0.260</span>", "<span data-toggle='tooltip' data-placement='right' title='原始值：0.18836'>0.188</span>", "<span data-toggle='tooltip' data-placement='right' title='原始值：3.60282'>3.60</span>", "*", "*", "正常"], ["山西省", "黄河流域", "<span data-toggle='tooltip' data-placement='right' title='所在地市:运城市&#10;所属河流:汾河'>河津大桥</span>", "07-25 08:00", "", "<span data-toggle='tooltip' data-placement='right' title='原始值：27.36854'>27.4</span>", "<span data-toggle='tooltip' data-placement='right' title='原始值：8.2189'>8.22</span>", "<span data-toggle='tooltip' data-placement='right' title='原始值：6.9212'>6.92</span>", "<span data-toggle='tooltip' data-placement='right' title='原始值：1494.915'>1494.9</span>", "<span data-toggle='tooltip' data-placement='right' title='原始值：206.6675'>206.7</span>", "<span data-toggle='tooltip' data-placement='right' title='极值过滤'>--</span>", "<span data-toggle='tooltip' data-placement='right' title='极值过滤'>--</span>", "*", "*", "*", "*", "维护"], ["山西省", "黄河流域", "<span data-toggle='tooltip' data-placement='right' title='所在地市:忻州市&#10;所属河流:黄河'>万家寨水库</span>", "07-25 08:00", "Ⅱ", "<span data-toggle='tooltip' data-placement='right' title='原始值：24.8166'>24.8</span>", "<span data-toggle='tooltip' data-placement='right' title='原始值：7.95857'>7.96</span>", "<span data-toggle='tooltip' data-placement='right' title='原始值：7.6574'>7.66</span>", "<span data-toggle='tooltip' data-placement='right' title='原始值：730.5141'>730.5</span>", "<span data-toggle='tooltip' data-placement='right' title='原始值：33.86814'>33.9</span>", "<span data-toggle='tooltip' data-placement='right' title='原始值：3.22'>3.22</span>", "<span data-toggle='tooltip' data-placement='right' title='原始值：0.32'>0.320</span>", "<span data-toggle='tooltip' data-placement='right' title='原始值：0.0645'>0.064</span>", "<span data-toggle='tooltip' data-placement='right' title='原始值：2.225'>2.22</span>", "*", "*", "正常"], ["内蒙古自治区", "黄河流域", "<span data-toggle='tooltip' data-placement='right' title='所在地市:包头市&#10;所属河流:黄河'>画匠营子</span>", "07-25 08:00", "Ⅱ", "<span data-toggle='tooltip' data-placement='right' title='原始值：25.28477'>25.3</span>", "<span data-toggle='tooltip' data-placement='right' title='原始值：7.60361'>7.60</span>", "<span data-toggle='tooltip' data-placement='right' title='原始值：6.78499'>6.78</span>", "<span data-toggle='tooltip' data-placement='right' title='原始值：788.1541'>788.2</span>", "<span data-toggle='tooltip' data-placement='right' title='原始值：3070.207'>3070.2</span>", "<span data-toggle='tooltip' data-placement='right' title='原始值：3.07164'>3.07</span>", "<span data-toggle='tooltip' data-placement='right' title='原始值：0.04418'>0.044</span>", "*", "*", "*", "*", "正常"], ["内蒙古自治区", "黄河流域", "<span data-toggle='tooltip' data-placement='right' title='所在地市:乌海市&#10;所属河流:黄河'>海勃湾</span>", "07-25 04:00", "Ⅲ", "<span data-toggle='tooltip' data-placement='right' title='原始值：22.62204'>22.6</span>", "<span data-toggle='tooltip' data-placement='right' title='原始值：7.82828'>7.83</span>", "<span data-toggle='tooltip' data-placement='right' title='原始值：5.71955'>5.72</span>", "<span data-toggle='tooltip' data-placement='right' title='原始值：522.6086'>522.6</span>", "<span data-toggle='tooltip' data-placement='right' title='原始值：1006.49'>1006.5</span>", "<span data-toggle='tooltip' data-placement='right' title='原始值：3.82'>3.82</span>", "<span data-toggle='tooltip' data-placement='right' title='原始值：0.16'>0.160</span>", "*", "*", "*", "*", "正常"], ["内蒙古自治区", "松花江流域", "<span data-toggle='tooltip' data-placement='right' title='所在地市:呼伦贝尔市&#10;所属河流:额尔古纳河'>黑山头</span>", null, "", "--", "--", "--", "--", "--", "--", "--", "--", "--", "*", "*", "停站"], ["辽宁省", "辽河流域", "<span data-toggle='tooltip' data-placement='right' title='所在地市:抚顺市&#10;所属河流:浑河'>大伙房水库</span>", "07-25 04:00", "", "<span data-toggle='tooltip' data-placement='right' title='原始值：27.22008'>27.2</span>", "<span data-toggle='tooltip' data-placement='right' title='原始值：6.54506'>6.55</span>", "<span data-toggle='tooltip' data-placement='right' title='原始值：8.05171'>8.05</span>", "<span data-toggle='tooltip' data-placement='right' title='原始值：299.9121'>299.9</span>", "<span data-toggle='tooltip' data-placement='right' title='原始值：14.15107'>14.2</span>", "<span data-toggle='tooltip' data-placement='right' title='原始值：3.30053'>3.30</span>", "<span data-toggle='tooltip' data-placement='right' title='极值过滤'>--</span>", "<span data-toggle='tooltip' data-placement='right' title='原始值：0.02509'>0.025</span>", "<span data-toggle='tooltip' data-placement='right' title='原始值：1.77095'>1.77</span>", "<span data-toggle='tooltip' data-placement='right' title='极值过滤'>--</span>", "*", "维护"], ["辽宁省", "辽河流域", "<span data-toggle='tooltip' data-placement='right' title='所在地市:丹东市&#10;所属河流:鸭绿江'>江桥</span>", "07-25 08:00", "Ⅰ", "<span data-toggle='tooltip' data-placement='right' title='原始值：20.7'>20.7</span>", "<span data-toggle='tooltip' data-placement='right' title='原始值：6.72'>6.72</span>", "<span data-toggle='tooltip' data-placement='right' title='原始值：7.77968'>7.78</span>", "<span data-toggle='tooltip' data-placement='right' title='原始值：147'>147.0</span>", "<span data-toggle='tooltip' data-placement='right' title='原始值：10.79061'>10.8</span>", "<span data-toggle='tooltip' data-placement='right' title='原始值：0.14'>0.14</span>", "<span data-toggle='tooltip' data-placement='right' title='原始值：0.03'>0.030</span>", "<span data-toggle='tooltip' data-placement='right' title='原始值：0.01746'>0.017</span>", "<span data-toggle='tooltip' data-placement='right' title='原始值：2.19589'>2.20</span>", "*", "*", "正常"], ["辽宁省", "辽河流域", "<span data-toggle='tooltip' data-placement='right' title='所在地市:营口市&#10;所属河流:大辽河'>辽河公园</span>", "07-25 08:00", "劣Ⅴ", "<span data-toggle='tooltip' data-placement='right' title='原始值：25.2509'>25.3</span>", "<span data-toggle='tooltip' data-placement='right' title='原始值：6.59846'>6.60</span>", "<span data-toggle='tooltip' data-placement='right' title='原始值：6.68415'>6.68</span>", "<span data-toggle='tooltip' data-placement='right' title='原始值：42099.27'>42099.3</span>", "<span data-toggle='tooltip' data-placement='right' title='原始值：224.9734'>225.0</span>", "<span data-toggle='tooltip' data-placement='right' title='原始值：16.53722'>16.54</span>", "<span data-toggle='tooltip' data-placement='right' title='原始值：0.06045'>0.060</span>", "<span data-toggle='tooltip' data-placement='right' title='原始值：0.26775'>0.268</span>", "<span data-toggle='tooltip' data-placement='right' title='原始值：3.21384'>3.21</span>", "*", "*", "正常"], ["辽宁省", "辽河流域", "<span data-toggle='tooltip' data-placement='right' title='所在地市:辽阳市&#10;所属河流:太子河'>汤河水库</span>", "07-25 08:00", "", "<span data-toggle='tooltip' data-placement='right' title='原始值：17.1'>17.1</span>", "<span data-toggle='tooltip' data-placement='right' title='原始值：7.49'>7.49</span>", "<span data-toggle='tooltip' data-placement='right' title='原始值：0.22'>0.22</span>", "<span data-toggle='tooltip' data-placement='right' title='原始值：479.939'>479.9</span>", "<span data-toggle='tooltip' data-placement='right' title='原始值：90.53697'>90.5</span>", "<span data-toggle='tooltip' data-placement='right' title='原始值：1.85'>1.85</span>", "<span data-toggle='tooltip' data-placement='right' title='原始值：0.01292'>0.013</span>", "<span data-toggle='tooltip' data-placement='right' title='极值过滤'>--</span>", "<span data-toggle='tooltip' data-placement='right' title='极值过滤'>--</span>", "*", "*", "维护"], ["辽宁省", "辽河流域", "<span data-toggle='tooltip' data-placement='right' title='所在地市:盘锦市&#10;所属河流:辽河'>盘锦兴安(兴安)</span>", "07-25 08:00", "Ⅳ", "<span data-toggle='tooltip' data-placement='right' title='原始值：28.37368'>28.4</span>", "<span data-toggle='tooltip' data-placement='right' title='原始值：6.05795'>6.06</span>", "<span data-toggle='tooltip' data-placement='right' title='原始值：4.14803'>4.15</span>", "<span data-toggle='tooltip' data-placement='right' title='极值过滤'>--</span>", "<span data-toggle='tooltip' data-placement='right' title='原始值：69.01361'>69.0</span>", "<span data-toggle='tooltip' data-placement='right' title='原始值：2.99966'>3.00</span>", "<span data-toggle='tooltip' data-placement='right' title='原始值：0.22'>0.220</span>", "<span data-toggle='tooltip' data-placement='right' title='原始值：0.11202'>0.112</span>", "<span data-toggle='tooltip' data-placement='right' title='原始值：1.21917'>1.22</span>", "*", "*", "维护"], ["辽宁省", "辽河流域", "<span data-toggle='tooltip' data-placement='right' title='所在地市:铁岭市&#10;所属河流:辽河'>珠尔山</span>", "07-25 08:00", "Ⅲ", "<span data-toggle='tooltip' data-placement='right' title='原始值：25.63511'>25.6</span>", "<span data-toggle='tooltip' data-placement='right' title='原始值：7.03271'>7.03</span>", "<span data-toggle='tooltip' data-placement='right' title='原始值：5.8328'>5.83</span>", "<span data-toggle='tooltip' data-placement='right' title='原始值：489.8001'>489.8</span>", "<span data-toggle='tooltip' data-placement='right' title='原始值：39.50497'>39.5</span>", "<span data-toggle='tooltip' data-placement='right' title='原始值：4.83416'>4.83</span>", "<span data-toggle='tooltip' data-placement='right' title='原始值：0.16'>0.160</span>", "<span data-toggle='tooltip' data-placement='right' title='原始值：0.0963'>0.096</span>", "<span data-toggle='tooltip' data-placement='right' title='原始值：2.03373'>2.03</span>", "*", "*", "正常"], ["吉林省", "松花江流域", "<span data-toggle='tooltip' data-placement='right' title='所在地市:长春市&#10;所属河流:松花江'>松花江村</span>", null, "", "--", "--", "--", "--", "--", "--", "--", "--", "--", "*", "*", "停站"], ["吉林省", "松花江流域", "<span data-toggle='tooltip' data-placement='right' title='所在地市:白城市&#10;所属河流:嫩江'>白沙滩</span>", null, "", "--", "--", "--", "--", "--", "--", "--", "--", "--", "*", "*", "停站"], ["吉林省", "松花江流域", "<span data-toggle='tooltip' data-placement='right' title='所在地市:延边朝鲜族自治州&#10;所属河流:图们江'>圈河</span>", null, "", "--", "--", "--", "--", "--", "--", "--", "--", "--", "*", "*", "停站"], ["黑龙江省", "松花江流域", "<span data-toggle='tooltip' data-placement='right' title='所在地市:大庆市&#10;所属河流:松花江'>肇源</span>", null, "", "--", "--", "--", "--", "--", "--", "--", "--", "--", "*", "*", "停站"], ["黑龙江省", "松花江流域", "<span data-toggle='tooltip' data-placement='right' title='所在地市:佳木斯市&#10;所属河流:乌苏里江'>乌苏镇</span>", null, "", "--", "--", "--", "--", "--", "--", "--", "--", "--", "*", "*", "停站"], ["黑龙江省", "松花江流域", "<span data-toggle='tooltip' data-placement='right' title='所在地市:佳木斯市&#10;所属河流:松花江'>同江</span>", null, "", "--", "--", "--", "--", "--", "--", "--", "--", "--", "*", "*", "停站"], ["黑龙江省", "松花江流域", "<span data-toggle='tooltip' data-placement='right' title='所在地市:黑河市&#10;所属河流:黑龙江'>黑河下(黑河)</span>", null, "", "--", "--", "--", "--", "--", "--", "--", "--", "--", "*", "*", "停站"], ["上海市", "长江流域", "<span data-toggle='tooltip' data-placement='right' title='所在地市:青浦区&#10;所属河流:淀山湖'>急水港桥</span>", "07-25 08:00", "Ⅳ", "<span data-toggle='tooltip' data-placement='right' title='原始值：27.9'>27.9</span>", "<span data-toggle='tooltip' data-placement='right' title='原始值：7.24'>7.24</span>", "<span data-toggle='tooltip' data-placement='right' title='原始值：5.24'>5.24</span>", "<span data-toggle='tooltip' data-placement='right' title='原始值：417'>417.0</span>", "<span data-toggle='tooltip' data-placement='right' title='原始值：174.5'>174.5</span>", "<span data-toggle='tooltip' data-placement='right' title='原始值：3.26562'>3.27</span>", "<span data-toggle='tooltip' data-placement='right' title='原始值：0.13699'>0.137</span>", "<span data-toggle='tooltip' data-placement='right' title='原始值：0.07568'>0.076</span>", "<span data-toggle='tooltip' data-placement='right' title='原始值：2.21877'>2.22</span>", "<span data-toggle='tooltip' data-placement='right' title='原始值：0.00634'>0.006</span>", "<span data-toggle='tooltip' data-placement='right' title='原始值：7609682'>7609682</span>", "正常"], ["江苏省", "长江流域", "<span data-toggle='tooltip' data-placement='right' title='所在地市:南京市&#10;所属河流:长江'>林山</span>", null, "", "--", "--", "--", "--", "--", "--", "--", "--", "--", "*", "*", "停站"], ["江苏省", "太湖流域", "<span data-toggle='tooltip' data-placement='right' title='所在地市:无锡市&#10;所属河流:太湖'>沙渚</span>", "07-25 08:00", "Ⅱ", "<span data-toggle='tooltip' data-placement='right' title='原始值：26.70931'>26.7</span>", "<span data-toggle='tooltip' data-placement='right' title='原始值：7.933135'>7.93</span>", "<span data-toggle='tooltip' data-placement='right' title='原始值：6.515487'>6.52</span>", "<span data-toggle='tooltip' data-placement='right' title='原始值：359.9306'>359.9</span>", "<span data-toggle='tooltip' data-placement='right' title='原始值：20.89816'>20.9</span>", "<span data-toggle='tooltip' data-placement='right' title='原始值：3.46'>3.46</span>", "<span data-toggle='tooltip' data-placement='right' title='原始值：0.19'>0.190</span>", "<span data-toggle='tooltip' data-placement='right' title='原始值：0.0386'>0.039</span>", "<span data-toggle='tooltip' data-placement='right' title='原始值：0.9381'>0.94</span>", "*", "*", "正常"], ["江苏省", "淮河流域", "<span data-toggle='tooltip' data-placement='right' title='所在地市:徐州市&#10;所属河流:武河'>小红圈</span>", "07-25 08:00", "劣Ⅴ", "<span data-toggle='tooltip' data-placement='right' title='原始值：26.1'>26.1</span>", "<span data-toggle='tooltip' data-placement='right' title='原始值：6.74'>6.74</span>", "<span data-toggle='tooltip' data-placement='right' title='原始值：7.07'>7.07</span>", "<span data-toggle='tooltip' data-placement='right' title='原始值：613.2'>613.2</span>", "<span data-toggle='tooltip' data-placement='right' title='原始值：43.68'>43.7</span>", "<span data-toggle='tooltip' data-placement='right' title='原始值：12.52'>12.52</span>", "<span data-toggle='tooltip' data-placement='right' title='原始值：2.45'>2.450</span>", "*", "*", "*", "*", "正常"], ["江苏省", "淮河流域", "<span data-toggle='tooltip' data-placement='right' title='所在地市:徐州市&#10;所属河流:沿河'>李集桥</span>", "07-25 08:00", "劣Ⅴ", "<span data-toggle='tooltip' data-placement='right' title='原始值：25.9'>25.9</span>", "<span data-toggle='tooltip' data-placement='right' title='原始值：7.24'>7.24</span>", "<span data-toggle='tooltip' data-placement='right' title='原始值：4.18'>4.18</span>", "<span data-toggle='tooltip' data-placement='right' title='原始值：817.9'>817.9</span>", "<span data-toggle='tooltip' data-placement='right' title='原始值：492.26'>492.3</span>", "<span data-toggle='tooltip' data-placement='right' title='原始值：6.15'>6.15</span>", "<span data-toggle='tooltip' data-placement='right' title='原始值：3.132'>3.132</span>", "<span data-toggle='tooltip' data-placement='right' title='原始值：0.489'>0.489</span>", "<span data-toggle='tooltip' data-placement='right' title='原始值：5.555'>5.56</span>", "*", "*", "正常"], ["江苏省", "淮河流域", "<span data-toggle='tooltip' data-placement='right' title='所在地市:徐州市&#10;所属河流:邳苍分洪道'>艾山西大桥</span>", "07-25 08:00", "劣Ⅴ", "<span data-toggle='tooltip' data-placement='right' title='原始值：25.4153'>25.4</span>", "<span data-toggle='tooltip' data-placement='right' title='原始值：7.41284'>7.41</span>", "<span data-toggle='tooltip' data-placement='right' title='原始值：5.19694'>5.20</span>", "<span data-toggle='tooltip' data-placement='right' title='原始值：645.078'>645.1</span>", "<span data-toggle='tooltip' data-placement='right' title='原始值：54.1576'>54.2</span>", "<span data-toggle='tooltip' data-placement='right' title='原始值：8.2'>8.20</span>", "<span data-toggle='tooltip' data-placement='right' title='原始值：1.63'>1.630</span>", "<span data-toggle='tooltip' data-placement='right' title='原始值：0.64422'>0.644</span>", "<span data-toggle='tooltip' data-placement='right' title='原始值：9.02234'>9.02</span>", "*", "*", "正常"], ["江苏省", "太湖流域", "<span data-toggle='tooltip' data-placement='right' title='所在地市:苏州市&#10;所属河流:太湖'>兰山嘴(老)</span>", "07-25 08:00", "Ⅲ", "<span data-toggle='tooltip' data-placement='right' title='原始值：26.69445'>26.7</span>", "<span data-toggle='tooltip' data-placement='right' title='原始值：7.01767'>7.02</span>", "<span data-toggle='tooltip' data-placement='right' title='原始值：5.71608'>5.72</span>", "<span data-toggle='tooltip' data-placement='right' title='原始值：211.549'>211.5</span>", "<span data-toggle='tooltip' data-placement='right' title='原始值：11.65946'>11.7</span>", "<span data-toggle='tooltip' data-placement='right' title='原始值：2.89'>2.89</span>", "<span data-toggle='tooltip' data-placement='right' title='原始值：0.23'>0.230</span>", "<span data-toggle='tooltip' data-placement='right' title='原始值：0.04711'>0.047</span>", "<span data-toggle='tooltip' data-placement='right' title='原始值：0.96217'>0.96</span>", "*", "*", "正常"], ["江苏省", "太湖流域", "<span data-toggle='tooltip' data-placement='right' title='所在地市:苏州市&#10;所属河流:太湖'>西山</span>", "07-25 08:00", "Ⅳ", "<span data-toggle='tooltip' data-placement='right' title='原始值：28.19569'>28.2</span>", "<span data-toggle='tooltip' data-placement='right' title='原始值：7.80872'>7.81</span>", "<span data-toggle='tooltip' data-placement='right' title='原始值：8.05759'>8.06</span>", "<span data-toggle='tooltip' data-placement='right' title='原始值：278.255'>278.3</span>", "<span data-toggle='tooltip' data-placement='right' title='原始值：44.43013'>44.4</span>", "<span data-toggle='tooltip' data-placement='right' title='原始值：1.35'>1.35</span>", "<span data-toggle='tooltip' data-placement='right' title='原始值：0.13'>0.130</span>", "<span data-toggle='tooltip' data-placement='right' title='原始值：0.0576'>0.058</span>", "<span data-toggle='tooltip' data-placement='right' title='原始值：0.8194'>0.82</span>", "*", "*", "正常"], ["江苏省", "淮河流域", "<span data-toggle='tooltip' data-placement='right' title='所在地市:连云港市&#10;所属河流:新沭河'>大兴桥</span>", null, "", "--", "--", "--", "--", "--", "--", "--", "--", "--", "*", "*", "停站"], ["江苏省", "淮河流域", "<span data-toggle='tooltip' data-placement='right' title='所在地市:淮安市&#10;所属河流:淮河'>淮河大桥</span>", "07-25 08:00", "劣Ⅴ", "<span data-toggle='tooltip' data-placement='right' title='原始值：25.4433'>25.4</span>", "<span data-toggle='tooltip' data-placement='right' title='原始值：7.63466'>7.63</span>", "<span data-toggle='tooltip' data-placement='right' title='原始值：2.3929'>2.39</span>", "<span data-toggle='tooltip' data-placement='right' title='原始值：295.668'>295.7</span>", "<span data-toggle='tooltip' data-placement='right' title='原始值：253.329'>253.3</span>", "<span data-toggle='tooltip' data-placement='right' title='原始值：5.01'>5.01</span>", "<span data-toggle='tooltip' data-placement='right' title='原始值：0.09'>0.090</span>", "<span data-toggle='tooltip' data-placement='right' title='原始值：0.4567'>0.457</span>", "<span data-toggle='tooltip' data-placement='right' title='极值过滤'>--</span>", "*", "*", "维护"], ["江苏省", "长江流域", "<span data-toggle='tooltip' data-placement='right' title='所在地市:扬州市&#10;所属河流:夹江'>三江营</span>", null, "", "--", "--", "--", "--", "--", "--", "--", "--", "--", "*", "*", "停站"], ["江苏省", "淮河流域", "<span data-toggle='tooltip' data-placement='right' title='所在地市:宿迁市&#10;所属河流:新濉河'>大屈</span>", "07-25 08:00", "Ⅴ", "<span data-toggle='tooltip' data-placement='right' title='原始值：25.7'>25.7</span>", "<span data-toggle='tooltip' data-placement='right' title='原始值：6.78'>6.78</span>", "<span data-toggle='tooltip' data-placement='right' title='原始值：3.51'>3.51</span>", "<span data-toggle='tooltip' data-placement='right' title='原始值：471.2'>471.2</span>", "<span data-toggle='tooltip' data-placement='right' title='原始值：244.58'>244.6</span>", "<span data-toggle='tooltip' data-placement='right' title='原始值：8.5'>8.50</span>", "<span data-toggle='tooltip' data-placement='right' title='原始值：0.51'>0.510</span>", "<span data-toggle='tooltip' data-placement='right' title='原始值：0.382'>0.382</span>", "<span data-toggle='tooltip' data-placement='right' title='原始值：3.281'>3.28</span>", "*", "*", "正常"], ["浙江省", "浙闽片河流", "<span data-toggle='tooltip' data-placement='right' title='所在地市:杭州市&#10;所属河流:新安江'>街口(鸠坑口)</span>", null, "", "--", "--", "--", "--", "--", "--", "--", "--", "--", "*", "*", "停站"], ["浙江省", "太湖流域", "<span data-toggle='tooltip' data-placement='right' title='所在地市:嘉兴市&#10;所属河流:斜路港河'>斜路港</span>", "07-25 08:00", "劣Ⅴ", "<span data-toggle='tooltip' data-placement='right' title='原始值：24.5'>24.5</span>", "<span data-toggle='tooltip' data-placement='right' title='原始值：6.92'>6.92</span>", "<span data-toggle='tooltip' data-placement='right' title='原始值：4.74'>4.74</span>", "<span data-toggle='tooltip' data-placement='right' title='原始值：453'>453.0</span>", "<span data-toggle='tooltip' data-placement='right' title='原始值：14.3'>14.3</span>", "<span data-toggle='tooltip' data-placement='right' title='原始值：8.8'>8.80</span>", "<span data-toggle='tooltip' data-placement='right' title='原始值：0.6136'>0.614</span>", "<span data-toggle='tooltip' data-placement='right' title='原始值：0.5771'>0.577</span>", "<span data-toggle='tooltip' data-placement='right' title='原始值：2.47044'>2.47</span>", "*", "*", "正常"], ["浙江省", "太湖流域", "<span data-toggle='tooltip' data-placement='right' title='所在地市:嘉兴市&#10;所属河流:京杭运河'>王江泾</span>", null, "", "--", "--", "--", "--", "--", "--", "--", "--", "--", "*", "*", "停站"], ["浙江省", "太湖流域", "<span data-toggle='tooltip' data-placement='right' title='所在地市:湖州市&#10;所属河流:西苕溪'>新港口(新塘港)</span>", "07-25 08:00", "Ⅱ", "<span data-toggle='tooltip' data-placement='right' title='原始值：25.2687'>25.3</span>", "<span data-toggle='tooltip' data-placement='right' title='原始值：6.9103'>6.91</span>", "<span data-toggle='tooltip' data-placement='right' title='原始值：6.45172'>6.45</span>", "<span data-toggle='tooltip' data-placement='right' title='原始值：167.895'>167.9</span>", "<span data-toggle='tooltip' data-placement='right' title='原始值：28.9009'>28.9</span>", "<span data-toggle='tooltip' data-placement='right' title='原始值：2.09579'>2.10</span>", "<span data-toggle='tooltip' data-placement='right' title='原始值：0.06981'>0.070</span>", "<span data-toggle='tooltip' data-placement='right' title='原始值：0.05235'>0.052</span>", "<span data-toggle='tooltip' data-placement='right' title='原始值：5.50088'>5.50</span>", "*", "*", "正常"], ["安徽省", "巢湖流域", "<span data-toggle='tooltip' data-placement='right' title='所在地市:合肥市&#10;所属河流:巢湖'>湖滨(老)</span>", "07-25 08:00", "Ⅳ", "<span data-toggle='tooltip' data-placement='right' title='原始值：26.19181'>26.2</span>", "<span data-toggle='tooltip' data-placement='right' title='原始值：6.24481'>6.24</span>", "<span data-toggle='tooltip' data-placement='right' title='原始值：4.25953'>4.26</span>", "<span data-toggle='tooltip' data-placement='right' title='原始值：317.3542'>317.4</span>", "<span data-toggle='tooltip' data-placement='right' title='原始值：58.81291'>58.8</span>", "<span data-toggle='tooltip' data-placement='right' title='原始值：5.23'>5.23</span>", "<span data-toggle='tooltip' data-placement='right' title='原始值：0.19'>0.190</span>", "<span data-toggle='tooltip' data-placement='right' title='原始值：0.0655'>0.066</span>", "<span data-toggle='tooltip' data-placement='right' title='原始值：1.937'>1.94</span>", "<span data-toggle='tooltip' data-placement='right' title='原始值：0.01327'>0.013</span>", "*", "正常"], ["安徽省", "巢湖流域", "<span data-toggle='tooltip' data-placement='right' title='所在地市:芜湖市&#10;所属河流:巢湖'>裕溪口(老)</span>", null, "", "--", "--", "--", "--", "--", "--", "--", "--", "--", "*", "*", "停站"], ["安徽省", "淮河流域", "<span data-toggle='tooltip' data-placement='right' title='所在地市:蚌埠市&#10;所属河流:淮河'>蚌埠闸上(蚌埠闸)</span>", null, "", "--", "--", "--", "--", "--", "--", "--", "--", "--", "*", "*", "停站"], ["安徽省", "淮河流域", "<span data-toggle='tooltip' data-placement='right' title='所在地市:淮南市&#10;所属河流:淮河'>石头埠(老)</span>", "07-25 08:00", "Ⅳ", "<span data-toggle='tooltip' data-placement='right' title='原始值：23.9407'>23.9</span>", "<span data-toggle='tooltip' data-placement='right' title='原始值：6.92848'>6.93</span>", "<span data-toggle='tooltip' data-placement='right' title='原始值：4.34485'>4.34</span>", "<span data-toggle='tooltip' data-placement='right' title='原始值：242.5039'>242.5</span>", "<span data-toggle='tooltip' data-placement='right' title='原始值：190.9552'>191.0</span>", "<span data-toggle='tooltip' data-placement='right' title='原始值：7.01'>7.01</span>", "<span data-toggle='tooltip' data-placement='right' title='原始值：0.21'>0.210</span>", "*", "*", "*", "*", "正常"], ["安徽省", "淮河流域", "<span data-toggle='tooltip' data-placement='right' title='所在地市:淮北市&#10;所属河流:沱河'>小王桥</span>", null, "", "--", "--", "--", "--", "--", "--", "--", "--", "--", "*", "*", "停站"], ["安徽省", "长江流域", "<span data-toggle='tooltip' data-placement='right' title='所在地市:安庆市&#10;所属河流:长江'>皖河口</span>", null, "", "--", "--", "--", "--", "--", "--", "--", "--", "--", "*", "*", "停站"], ["安徽省", "淮河流域", "<span data-toggle='tooltip' data-placement='right' title='所在地市:滁州市&#10;所属河流:淮河'>小柳巷</span>", null, "", "--", "--", "--", "--", "--", "--", "--", "--", "--", "*", "*", "停站"], ["安徽省", "淮河流域", "<span data-toggle='tooltip' data-placement='right' title='所在地市:阜阳市&#10;所属河流:黑茨河'>张大桥</span>", null, "", "--", "--", "--", "--", "--", "--", "--", "--", "--", "*", "*", "停站"], ["安徽省", "淮河流域", "<span data-toggle='tooltip' data-placement='right' title='所在地市:阜阳市&#10;所属河流:淮河'>王家坝</span>", null, "", "--", "--", "--", "--", "--", "--", "--", "--", "--", "*", "*", "停站"], ["安徽省", "淮河流域", "<span data-toggle='tooltip' data-placement='right' title='所在地市:阜阳市&#10;所属河流:颍河'>界首七渡口(七渡口)</span>", "07-25 08:00", "Ⅳ", "<span data-toggle='tooltip' data-placement='right' title='原始值：25.71765'>25.7</span>", "<span data-toggle='tooltip' data-placement='right' title='原始值：6.75685'>6.76</span>", "<span data-toggle='tooltip' data-placement='right' title='原始值：4.25758'>4.26</span>", "<span data-toggle='tooltip' data-placement='right' title='原始值：553.5713'>553.6</span>", "<span data-toggle='tooltip' data-placement='right' title='原始值：99.06892'>99.1</span>", "<span data-toggle='tooltip' data-placement='right' title='原始值：2.72'>2.72</span>", "<span data-toggle='tooltip' data-placement='right' title='原始值：0.11'>0.110</span>", "<span data-toggle='tooltip' data-placement='right' title='原始值：0.06888'>0.069</span>", "<span data-toggle='tooltip' data-placement='right' title='原始值：1.84405'>1.84</span>", "*", "*", "正常"], ["安徽省", "淮河流域", "<span data-toggle='tooltip' data-placement='right' title='所在地市:阜阳市&#10;所属河流:泉河'>许庄(徐庄)</span>", null, "", "--", "--", "--", "--", "--", "--", "--", "--", "--", "*", "*", "停站"], ["安徽省", "淮河流域", "<span data-toggle='tooltip' data-placement='right' title='所在地市:宿州市&#10;所属河流:奎河'>杨庄</span>", "07-25 08:00", "Ⅲ", "<span data-toggle='tooltip' data-placement='right' title='原始值：26.06'>26.1</span>", "<span data-toggle='tooltip' data-placement='right' title='原始值：7.52'>7.52</span>", "<span data-toggle='tooltip' data-placement='right' title='原始值：5.99'>5.99</span>", "<span data-toggle='tooltip' data-placement='right' title='原始值：576.3'>576.3</span>", "<span data-toggle='tooltip' data-placement='right' title='原始值：132.03'>132.0</span>", "<span data-toggle='tooltip' data-placement='right' title='原始值：4.19'>4.19</span>", "<span data-toggle='tooltip' data-placement='right' title='原始值：0.248'>0.248</span>", "*", "*", "*", "*", "正常"], ["安徽省", "淮河流域", "<span data-toggle='tooltip' data-placement='right' title='所在地市:宿州市&#10;所属河流:新汴河'>泗县公路桥</span>", "07-25 08:00", "Ⅳ", "<span data-toggle='tooltip' data-placement='right' title='原始值：25.7'>25.7</span>", "<span data-toggle='tooltip' data-placement='right' title='原始值：7.43'>7.43</span>", "<span data-toggle='tooltip' data-placement='right' title='原始值：6.68'>6.68</span>", "<span data-toggle='tooltip' data-placement='right' title='原始值：833.9'>833.9</span>", "<span data-toggle='tooltip' data-placement='right' title='原始值：264.96'>265.0</span>", "<span data-toggle='tooltip' data-placement='right' title='原始值：6.04'>6.04</span>", "<span data-toggle='tooltip' data-placement='right' title='原始值：0.76'>0.760</span>", "*", "*", "*", "*", "正常"], ["安徽省", "淮河流域", "<span data-toggle='tooltip' data-placement='right' title='所在地市:亳州市&#10;所属河流:包河'>颜集</span>", "07-25 08:00", "Ⅴ", "<span data-toggle='tooltip' data-placement='right' title='原始值：24.3'>24.3</span>", "<span data-toggle='tooltip' data-placement='right' title='原始值：7.39'>7.39</span>", "<span data-toggle='tooltip' data-placement='right' title='原始值：6.39'>6.39</span>", "<span data-toggle='tooltip' data-placement='right' title='原始值：746.4'>746.4</span>", "<span data-toggle='tooltip' data-placement='right' title='原始值：230.39'>230.4</span>", "<span data-toggle='tooltip' data-placement='right' title='原始值：4'>4.00</span>", "<span data-toggle='tooltip' data-placement='right' title='原始值：0.76'>0.760</span>", "<span data-toggle='tooltip' data-placement='right' title='原始值：0.376'>0.376</span>", "<span data-toggle='tooltip' data-placement='right' title='原始值：4.335'>4.34</span>", "*", "*", "正常"], ["福建省", "浙闽片河流", "<span data-toggle='tooltip' data-placement='right' title='所在地市:福州市&#10;所属河流:闽江'>白岩潭</span>", "07-25 08:00", "Ⅲ", "<span data-toggle='tooltip' data-placement='right' title='原始值：29.79'>29.8</span>", "<span data-toggle='tooltip' data-placement='right' title='原始值：6.78'>6.78</span>", "<span data-toggle='tooltip' data-placement='right' title='原始值：5.72'>5.72</span>", "<span data-toggle='tooltip' data-placement='right' title='原始值：601.8'>601.8</span>", "<span data-toggle='tooltip' data-placement='right' title='原始值：78.23'>78.2</span>", "<span data-toggle='tooltip' data-placement='right' title='原始值：2.35'>2.35</span>", "<span data-toggle='tooltip' data-placement='right' title='原始值：0.11'>0.110</span>", "*", "*", "*", "*", "正常"], ["江西省", "长江流域", "<span data-toggle='tooltip' data-placement='right' title='所在地市:南昌市&#10;所属河流:赣江南支'>滁槎</span>", "07-25 08:00", "Ⅱ", "<span data-toggle='tooltip' data-placement='right' title='原始值：30.22538'>30.2</span>", "<span data-toggle='tooltip' data-placement='right' title='原始值：6.93281'>6.93</span>", "<span data-toggle='tooltip' data-placement='right' title='原始值：8.38454'>8.38</span>", "<span data-toggle='tooltip' data-placement='right' title='原始值：129.3294'>129.3</span>", "<span data-toggle='tooltip' data-placement='right' title='原始值：25.09921'>25.1</span>", "<span data-toggle='tooltip' data-placement='right' title='原始值：2.88'>2.88</span>", "<span data-toggle='tooltip' data-placement='right' title='原始值：0.13'>0.130</span>", "<span data-toggle='tooltip' data-placement='right' title='原始值：0.0665'>0.066</span>", "<span data-toggle='tooltip' data-placement='right' title='原始值：1.20512'>1.21</span>", "*", "*", "正常"], ["江西省", "长江流域", "<span data-toggle='tooltip' data-placement='right' title='所在地市:九江市&#10;所属河流:长江'>姚港(河西水厂)</span>", "07-25 08:00", "", "<span data-toggle='tooltip' data-placement='right' title='原始值：24.19'>24.2</span>", "<span data-toggle='tooltip' data-placement='right' title='原始值：7.57'>7.57</span>", "<span data-toggle='tooltip' data-placement='right' title='原始值：8.31'>8.31</span>", "<span data-toggle='tooltip' data-placement='right' title='原始值：328.16'>328.2</span>", "<span data-toggle='tooltip' data-placement='right' title='原始值：48.55'>48.6</span>", "<span data-toggle='tooltip' data-placement='right' title='原始值：2.213'>2.21</span>", "<span data-toggle='tooltip' data-placement='right' title='极值过滤'>--</span>", "<span data-toggle='tooltip' data-placement='right' title='原始值：0.093'>0.093</span>", "<span data-toggle='tooltip' data-placement='right' title='原始值：1.44'>1.44</span>", "*", "*", "维护"], ["江西省", "长江流域", "<span data-toggle='tooltip' data-placement='right' title='所在地市:九江市&#10;所属河流:鄱阳湖'>蛤蟆石</span>", null, "", "--", "--", "--", "--", "--", "--", "--", "--", "--", "--", "--", "停站"], ["山东省", "黄河流域", "<span data-toggle='tooltip' data-placement='right' title='所在地市:济南市&#10;所属河流:黄河'>泺口</span>", "07-25 08:00", "Ⅱ", "<span data-toggle='tooltip' data-placement='right' title='原始值：26.6956'>26.7</span>", "<span data-toggle='tooltip' data-placement='right' title='原始值：8.01508'>8.02</span>", "<span data-toggle='tooltip' data-placement='right' title='原始值：6.81375'>6.81</span>", "<span data-toggle='tooltip' data-placement='right' title='原始值：757.3051'>757.3</span>", "<span data-toggle='tooltip' data-placement='right' title='原始值：1969.54'>1969.5</span>", "<span data-toggle='tooltip' data-placement='right' title='原始值：2.94'>2.94</span>", "<span data-toggle='tooltip' data-placement='right' title='原始值：0.23072'>0.231</span>", "<span data-toggle='tooltip' data-placement='right' title='原始值：0.01847'>0.018</span>", "<span data-toggle='tooltip' data-placement='right' title='原始值：3.343'>3.34</span>", "*", "*", "正常"], ["山东省", "淮河流域", "<span data-toggle='tooltip' data-placement='right' title='所在地市:枣庄市&#10;所属河流:京杭大运河（韩庄运河）'>台儿庄大桥</span>", "07-25 08:00", "劣Ⅴ", "<span data-toggle='tooltip' data-placement='right' title='原始值：25.16453'>25.2</span>", "<span data-toggle='tooltip' data-placement='right' title='原始值：7.30404'>7.30</span>", "<span data-toggle='tooltip' data-placement='right' title='原始值：4.00007'>4.00</span>", "<span data-toggle='tooltip' data-placement='right' title='原始值：598.0233'>598.0</span>", "<span data-toggle='tooltip' data-placement='right' title='原始值：25.43935'>25.4</span>", "<span data-toggle='tooltip' data-placement='right' title='原始值：8.26024'>8.26</span>", "<span data-toggle='tooltip' data-placement='right' title='原始值：0.68991'>0.690</span>", "<span data-toggle='tooltip' data-placement='right' title='原始值：0.42362'>0.424</span>", "<span data-toggle='tooltip' data-placement='right' title='原始值：8.09586'>8.10</span>", "*", "*", "正常"], ["山东省", "淮河流域", "<span data-toggle='tooltip' data-placement='right' title='所在地市:临沂市&#10;所属河流:沭河'>清泉寺</span>", null, "", "--", "--", "--", "--", "--", "--", "--", "--", "--", "*", "*", "停站"], ["山东省", "淮河流域", "<span data-toggle='tooltip' data-placement='right' title='所在地市:临沂市&#10;所属河流:沂河'>重坊桥</span>", null, "", "--", "--", "--", "--", "--", "--", "--", "--", "--", "*", "*", "停站"], ["山东省", "淮河流域", "<span data-toggle='tooltip' data-placement='right' title='所在地市:临沂市&#10;所属河流:白马河'>捷庄(涝沟桥)</span>", "07-25 08:00", "劣Ⅴ", "<span data-toggle='tooltip' data-placement='right' title='原始值：26.79688'>26.8</span>", "<span data-toggle='tooltip' data-placement='right' title='原始值：6.90969'>6.91</span>", "<span data-toggle='tooltip' data-placement='right' title='原始值：4.14968'>4.15</span>", "<span data-toggle='tooltip' data-placement='right' title='原始值：386.0317'>386.0</span>", "<span data-toggle='tooltip' data-placement='right' title='原始值：96.25159'>96.3</span>", "<span data-toggle='tooltip' data-placement='right' title='原始值：8.5'>8.50</span>", "<span data-toggle='tooltip' data-placement='right' title='原始值：0.94971'>0.950</span>", "<span data-toggle='tooltip' data-placement='right' title='原始值：0.6306'>0.631</span>", "<span data-toggle='tooltip' data-placement='right' title='原始值：4.83122'>4.83</span>", "*", "*", "正常"], ["山东省", "海河流域", "<span data-toggle='tooltip' data-placement='right' title='所在地市:聊城市&#10;所属河流:卫运河'>秤勾湾(秤钩湾)</span>", "07-25 08:00", "Ⅲ", "<span data-toggle='tooltip' data-placement='right' title='原始值：28.09999'>28.1</span>", "<span data-toggle='tooltip' data-placement='right' title='原始值：8.04'>8.04</span>", "<span data-toggle='tooltip' data-placement='right' title='原始值：6.17972'>6.18</span>", "<span data-toggle='tooltip' data-placement='right' title='原始值：1484.996'>1485.0</span>", "<span data-toggle='tooltip' data-placement='right' title='原始值：124.6968'>124.7</span>", "<span data-toggle='tooltip' data-placement='right' title='原始值：2.01'>2.01</span>", "<span data-toggle='tooltip' data-placement='right' title='原始值：0.11312'>0.113</span>", "<span data-toggle='tooltip' data-placement='right' title='原始值：0.10406'>0.104</span>", "<span data-toggle='tooltip' data-placement='right' title='原始值：4.98407'>4.98</span>", "*", "*", "正常"], ["河南省", "长江流域", "<span data-toggle='tooltip' data-placement='right' title='所在地市:南阳市&#10;所属河流:丹江口水库'>陶岔</span>", "07-25 08:00", "Ⅱ", "<span data-toggle='tooltip' data-placement='right' title='原始值：24.8'>24.8</span>", "<span data-toggle='tooltip' data-placement='right' title='原始值：7.97182'>7.97</span>", "<span data-toggle='tooltip' data-placement='right' title='原始值：8.22714'>8.23</span>", "<span data-toggle='tooltip' data-placement='right' title='原始值：298.4042'>298.4</span>", "<span data-toggle='tooltip' data-placement='right' title='原始值：1.21208'>1.2</span>", "<span data-toggle='tooltip' data-placement='right' title='原始值：2.18'>2.18</span>", "<span data-toggle='tooltip' data-placement='right' title='原始值：0.01565'>0.016</span>", "<span data-toggle='tooltip' data-placement='right' title='原始值：0.00714'>0.007</span>", "<span data-toggle='tooltip' data-placement='right' title='原始值：0.77491'>0.77</span>", "<span data-toggle='tooltip' data-placement='right' title='原始值：0.00134'>0.001</span>", "<span data-toggle='tooltip' data-placement='right' title='原始值：427957.7'>427958</span>", "正常"], ["河南省", "淮河流域", "<span data-toggle='tooltip' data-placement='right' title='所在地市:商丘市&#10;所属河流:浍河'>黄口</span>", "07-25 08:00", "Ⅴ", "<span data-toggle='tooltip' data-placement='right' title='原始值：25.9875'>26.0</span>", "<span data-toggle='tooltip' data-placement='right' title='原始值：7.55125'>7.55</span>", "<span data-toggle='tooltip' data-placement='right' title='原始值：3.43381'>3.43</span>", "<span data-toggle='tooltip' data-placement='right' title='原始值：1281'>1281.0</span>", "<span data-toggle='tooltip' data-placement='right' title='原始值：15.19999'>15.2</span>", "<span data-toggle='tooltip' data-placement='right' title='原始值：9.81'>9.81</span>", "<span data-toggle='tooltip' data-placement='right' title='原始值：0.72321'>0.723</span>", "<span data-toggle='tooltip' data-placement='right' title='原始值：0.3133'>0.313</span>", "<span data-toggle='tooltip' data-placement='right' title='原始值：2.12271'>2.12</span>", "*", "*", "正常"], ["河南省", "淮河流域", "<span data-toggle='tooltip' data-placement='right' title='所在地市:信阳市&#10;所属河流:史灌河'>蒋集</span>", null, "", "--", "--", "--", "--", "--", "--", "--", "--", "--", "*", "*", "停站"], ["河南省", "淮河流域", "<span data-toggle='tooltip' data-placement='right' title='所在地市:信阳市&#10;所属河流:淮河'>淮滨水文站(淮滨)</span>", null, "", "--", "--", "--", "--", "--", "--", "--", "--", "--", "*", "*", "停站"], ["河南省", "淮河流域", "<span data-toggle='tooltip' data-placement='right' title='所在地市:周口市&#10;所属河流:沙河'>沈丘闸</span>", "07-25 08:00", "Ⅲ", "<span data-toggle='tooltip' data-placement='right' title='原始值：22.50558'>22.5</span>", "<span data-toggle='tooltip' data-placement='right' title='原始值：6.9081'>6.91</span>", "<span data-toggle='tooltip' data-placement='right' title='原始值：6.47805'>6.48</span>", "<span data-toggle='tooltip' data-placement='right' title='原始值：654'>654.0</span>", "<span data-toggle='tooltip' data-placement='right' title='原始值：43.05036'>43.1</span>", "<span data-toggle='tooltip' data-placement='right' title='原始值：5.315'>5.32</span>", "<span data-toggle='tooltip' data-placement='right' title='原始值：0.32'>0.320</span>", "*", "*", "*", "*", "正常"], ["河南省", "淮河流域", "<span data-toggle='tooltip' data-placement='right' title='所在地市:周口市&#10;所属河流:涡河'>鹿邑付桥(鹿邑付桥闸)</span>", "07-25 08:00", "", "<span data-toggle='tooltip' data-placement='right' title='原始值：25.04354'>25.0</span>", "<span data-toggle='tooltip' data-placement='right' title='原始值：8.71373'>8.71</span>", "<span data-toggle='tooltip' data-placement='right' title='原始值：13.56707'>13.57</span>", "<span data-toggle='tooltip' data-placement='right' title='原始值：1121.061'>1121.1</span>", "<span data-toggle='tooltip' data-placement='right' title='原始值：9.91418'>9.9</span>", "<span data-toggle='tooltip' data-placement='right' title='原始值：7.965'>7.96</span>", "<span data-toggle='tooltip' data-placement='right' title='极值过滤'>--</span>", "<span data-toggle='tooltip' data-placement='right' title='原始值：0.2183'>0.218</span>", "<span data-toggle='tooltip' data-placement='right' title='原始值：1.75844'>1.76</span>", "*", "*", "维护"], ["河南省", "淮河流域", "<span data-toggle='tooltip' data-placement='right' title='所在地市:驻马店市&#10;所属河流:洪河'>新蔡班台(班台)</span>", "07-25 08:00", "劣Ⅴ", "<span data-toggle='tooltip' data-placement='right' title='原始值：25.14394'>25.1</span>", "<span data-toggle='tooltip' data-placement='right' title='原始值：6.72309'>6.72</span>", "<span data-toggle='tooltip' data-placement='right' title='原始值：2.63738'>2.64</span>", "<span data-toggle='tooltip' data-placement='right' title='原始值：466.8423'>466.8</span>", "<span data-toggle='tooltip' data-placement='right' title='原始值：318.0176'>318.0</span>", "<span data-toggle='tooltip' data-placement='right' title='原始值：8.465'>8.46</span>", "<span data-toggle='tooltip' data-placement='right' title='原始值：0.49'>0.490</span>", "<span data-toggle='tooltip' data-placement='right' title='原始值：0.81793'>0.818</span>", "<span data-toggle='tooltip' data-placement='right' title='原始值：7.1504'>7.15</span>", "*", "*", "正常"], ["河南省", "黄河流域", "<span data-toggle='tooltip' data-placement='right' title='所在地市:济源市&#10;所属河流:黄河'>小浪底水库(小浪底)</span>", null, "", "--", "--", "--", "--", "--", "--", "--", "--", "--", "*", "*", "停站"], ["湖北省", "长江流域", "<span data-toggle='tooltip' data-placement='right' title='所在地市:武汉市&#10;所属河流:汉江'>宗关</span>", null, "", "--", "--", "--", "--", "--", "--", "--", "--", "--", "*", "*", "停站"], ["湖北省", "长江流域", "<span data-toggle='tooltip' data-placement='right' title='所在地市:十堰市&#10;所属河流:丹江口水库'>坝上中(胡家岭)</span>", null, "", "--", "--", "--", "--", "--", "--", "--", "--", "--", "--", "--", "停站"], ["湖北省", "长江流域", "<span data-toggle='tooltip' data-placement='right' title='所在地市:宜昌市&#10;所属河流:长江'>南津关</span>", null, "", "--", "--", "--", "--", "--", "--", "--", "--", "--", "*", "*", "停站"], ["湖南省", "长江流域", "<span data-toggle='tooltip' data-placement='right' title='所在地市:长沙市&#10;所属河流:湘江'>新港</span>", "07-25 08:00", "Ⅱ", "<span data-toggle='tooltip' data-placement='right' title='原始值：27.93'>27.9</span>", "<span data-toggle='tooltip' data-placement='right' title='原始值：7.25'>7.25</span>", "<span data-toggle='tooltip' data-placement='right' title='原始值：6.02'>6.02</span>", "<span data-toggle='tooltip' data-placement='right' title='原始值：222.48'>222.5</span>", "<span data-toggle='tooltip' data-placement='right' title='原始值：22.02'>22.0</span>", "<span data-toggle='tooltip' data-placement='right' title='原始值：2.66'>2.66</span>", "<span data-toggle='tooltip' data-placement='right' title='原始值：0.013'>0.013</span>", "<span data-toggle='tooltip' data-placement='right' title='原始值：0.039'>0.039</span>", "<span data-toggle='tooltip' data-placement='right' title='原始值：1.93'>1.93</span>", "*", "*", "正常"], ["湖南省", "长江流域", "<span data-toggle='tooltip' data-placement='right' title='所在地市:岳阳市&#10;所属河流:洞庭湖'>岳阳楼</span>", null, "", "--", "--", "--", "--", "--", "--", "--", "--", "--", "--", "--", "停站"], ["湖南省", "长江流域", "<span data-toggle='tooltip' data-placement='right' title='所在地市:岳阳市&#10;所属河流:长江'>城陵矶</span>", null, "", "--", "--", "--", "--", "--", "--", "--", "--", "--", "--", "--", "停站"], ["广东省", "珠江流域", "<span data-toggle='tooltip' data-placement='right' title='所在地市:清远市&#10;所属河流:北江'>七星岗</span>", "07-25 08:00", "Ⅱ", "<span data-toggle='tooltip' data-placement='right' title='原始值：31.96314'>32.0</span>", "<span data-toggle='tooltip' data-placement='right' title='原始值：8.26908'>8.27</span>", "<span data-toggle='tooltip' data-placement='right' title='原始值：6.18467'>6.18</span>", "<span data-toggle='tooltip' data-placement='right' title='原始值：173.634'>173.6</span>", "<span data-toggle='tooltip' data-placement='right' title='原始值：12.46684'>12.5</span>", "<span data-toggle='tooltip' data-placement='right' title='原始值：3.72'>3.72</span>", "<span data-toggle='tooltip' data-placement='right' title='原始值：0.12314'>0.123</span>", "<span data-toggle='tooltip' data-placement='right' title='原始值：0.0134'>0.013</span>", "<span data-toggle='tooltip' data-placement='right' title='原始值：1.1927'>1.19</span>", "*", "*", "正常"], ["广东省", "珠江流域", "<span data-toggle='tooltip' data-placement='right' title='所在地市:中山市&#10;所属河流:西江'>横栏</span>", "07-25 08:00", "Ⅱ", "<span data-toggle='tooltip' data-placement='right' title='原始值：27.5'>27.5</span>", "<span data-toggle='tooltip' data-placement='right' title='原始值：7.75'>7.75</span>", "<span data-toggle='tooltip' data-placement='right' title='原始值：7.21'>7.21</span>", "<span data-toggle='tooltip' data-placement='right' title='原始值：213'>213.0</span>", "<span data-toggle='tooltip' data-placement='right' title='原始值：60.7'>60.7</span>", "<span data-toggle='tooltip' data-placement='right' title='原始值：2.39'>2.39</span>", "<span data-toggle='tooltip' data-placement='right' title='原始值：0.10062'>0.101</span>", "*", "*", "*", "*", "正常"], ["广西壮族自治区", "珠江流域", "<span data-toggle='tooltip' data-placement='right' title='所在地市:南宁市&#10;所属河流:邕江'>老口</span>", "07-25 08:00", "Ⅱ", "<span data-toggle='tooltip' data-placement='right' title='原始值：30.08121'>30.1</span>", "<span data-toggle='tooltip' data-placement='right' title='原始值：7.64656'>7.65</span>", "<span data-toggle='tooltip' data-placement='right' title='原始值：6.57885'>6.58</span>", "<span data-toggle='tooltip' data-placement='right' title='原始值：297.6223'>297.6</span>", "<span data-toggle='tooltip' data-placement='right' title='原始值：7.18622'>7.2</span>", "<span data-toggle='tooltip' data-placement='right' title='原始值：1.22789'>1.23</span>", "<span data-toggle='tooltip' data-placement='right' title='原始值：0.08926'>0.089</span>", "<span data-toggle='tooltip' data-placement='right' title='原始值：0.02327'>0.023</span>", "<span data-toggle='tooltip' data-placement='right' title='原始值：1.84688'>1.85</span>", "*", "*", "正常"], ["广西壮族自治区", "珠江流域", "<span data-toggle='tooltip' data-placement='right' title='所在地市:桂林市&#10;所属河流:漓江'>阳朔</span>", "07-25 08:00", "Ⅱ", "<span data-toggle='tooltip' data-placement='right' title='原始值：28.7'>28.7</span>", "<span data-toggle='tooltip' data-placement='right' title='原始值：7.63969'>7.64</span>", "<span data-toggle='tooltip' data-placement='right' title='原始值：6.98'>6.98</span>", "<span data-toggle='tooltip' data-placement='right' title='原始值：191.0313'>191.0</span>", "<span data-toggle='tooltip' data-placement='right' title='原始值：10.19375'>10.2</span>", "<span data-toggle='tooltip' data-placement='right' title='原始值：1.94961'>1.95</span>", "<span data-toggle='tooltip' data-placement='right' title='原始值：0.0395'>0.040</span>", "<span data-toggle='tooltip' data-placement='right' title='原始值：0.00575'>0.006</span>", "<span data-toggle='tooltip' data-placement='right' title='原始值：1.62705'>1.63</span>", "*", "*", "正常"], ["广西壮族自治区", "珠江流域", "<span data-toggle='tooltip' data-placement='right' title='所在地市:梧州市&#10;所属河流:浔江'>界首</span>", null, "", "--", "--", "--", "--", "--", "--", "--", "--", "--", "*", "*", "停站"], ["广西壮族自治区", "珠江流域", "<span data-toggle='tooltip' data-placement='right' title='所在地市:贵港市&#10;所属河流:浔江'>石嘴</span>", "07-25 08:00", "Ⅰ", "<span data-toggle='tooltip' data-placement='right' title='原始值：28.7949'>28.8</span>", "<span data-toggle='tooltip' data-placement='right' title='原始值：7.29959'>7.30</span>", "<span data-toggle='tooltip' data-placement='right' title='原始值：11.44867'>11.45</span>", "<span data-toggle='tooltip' data-placement='right' title='原始值：268.3819'>268.4</span>", "<span data-toggle='tooltip' data-placement='right' title='原始值：65.57675'>65.6</span>", "<span data-toggle='tooltip' data-placement='right' title='原始值：1.68'>1.68</span>", "<span data-toggle='tooltip' data-placement='right' title='原始值：0.11'>0.110</span>", "<span data-toggle='tooltip' data-placement='right' title='原始值：0.0178'>0.018</span>", "<span data-toggle='tooltip' data-placement='right' title='原始值：2.489'>2.49</span>", "*", "*", "正常"], ["广西壮族自治区", "珠江流域", "<span data-toggle='tooltip' data-placement='right' title='所在地市:崇左市&#10;所属河流:平而河'>平而关</span>", null, "", "--", "--", "--", "--", "--", "--", "--", "--", "--", "*", "*", "停站"], ["重庆市", "长江流域", "<span data-toggle='tooltip' data-placement='right' title='所在地市:永川区&#10;所属河流:长江'>朱沱</span>", null, "", "--", "--", "--", "--", "--", "--", "--", "--", "--", "*", "*", "停站"], ["四川省", "长江流域", "<span data-toggle='tooltip' data-placement='right' title='所在地市:攀枝花市&#10;所属河流:金沙江'>龙洞</span>", null, "", "--", "--", "--", "--", "--", "--", "--", "--", "--", "*", "*", "停站"], ["四川省", "长江流域", "<span data-toggle='tooltip' data-placement='right' title='所在地市:泸州市&#10;所属河流:沱江'>沱江大桥(沱江二桥)</span>", "07-25 08:00", "Ⅲ", "<span data-toggle='tooltip' data-placement='right' title='原始值：29.13'>29.1</span>", "<span data-toggle='tooltip' data-placement='right' title='原始值：7.936763'>7.94</span>", "<span data-toggle='tooltip' data-placement='right' title='原始值：6.57425'>6.57</span>", "<span data-toggle='tooltip' data-placement='right' title='原始值：465.136'>465.1</span>", "<span data-toggle='tooltip' data-placement='right' title='原始值：67.92865'>67.9</span>", "<span data-toggle='tooltip' data-placement='right' title='原始值：4.49'>4.49</span>", "<span data-toggle='tooltip' data-placement='right' title='原始值：0.018'>0.018</span>", "<span data-toggle='tooltip' data-placement='right' title='原始值：0.162435'>0.162</span>", "<span data-toggle='tooltip' data-placement='right' title='原始值：3.443971'>3.44</span>", "*", "*", "正常"], ["四川省", "长江流域", "<span data-toggle='tooltip' data-placement='right' title='所在地市:广元市&#10;所属河流:嘉陵江'>清风峡</span>", null, "", "--", "--", "--", "--", "--", "--", "--", "--", "--", "*", "*", "停站"], ["四川省", "长江流域", "<span data-toggle='tooltip' data-placement='right' title='所在地市:乐山市&#10;所属河流:岷江'>岷江大桥</span>", "07-25 08:00", "Ⅱ", "<span data-toggle='tooltip' data-placement='right' title='原始值：23.57123'>23.6</span>", "<span data-toggle='tooltip' data-placement='right' title='原始值：7.65787'>7.66</span>", "<span data-toggle='tooltip' data-placement='right' title='原始值：7.94835'>7.95</span>", "<span data-toggle='tooltip' data-placement='right' title='原始值：320.6638'>320.7</span>", "<span data-toggle='tooltip' data-placement='right' title='原始值：118.4991'>118.5</span>", "<span data-toggle='tooltip' data-placement='right' title='原始值：3.35'>3.35</span>", "<span data-toggle='tooltip' data-placement='right' title='原始值：0.41'>0.410</span>", "*", "*", "*", "*", "正常"], ["四川省", "长江流域", "<span data-toggle='tooltip' data-placement='right' title='所在地市:宜宾市&#10;所属河流:岷江'>凉姜沟</span>", null, "", "--", "--", "--", "--", "--", "--", "--", "--", "--", "*", "*", "停站"], ["云南省", "滇池流域", "<span data-toggle='tooltip' data-placement='right' title='所在地市:昆明市&#10;所属河流:滇池'>西苑隧道</span>", "07-25 08:00", "Ⅴ", "<span data-toggle='tooltip' data-placement='right' title='原始值：23.56495'>23.6</span>", "<span data-toggle='tooltip' data-placement='right' title='原始值：6.40259'>6.40</span>", "<span data-toggle='tooltip' data-placement='right' title='原始值：7.78215'>7.78</span>", "<span data-toggle='tooltip' data-placement='right' title='原始值：599.1677'>599.2</span>", "<span data-toggle='tooltip' data-placement='right' title='原始值：39.36992'>39.4</span>", "<span data-toggle='tooltip' data-placement='right' title='原始值：9.23999'>9.24</span>", "<span data-toggle='tooltip' data-placement='right' title='原始值：1.04'>1.040</span>", "<span data-toggle='tooltip' data-placement='right' title='原始值：0.15083'>0.151</span>", "<span data-toggle='tooltip' data-placement='right' title='原始值：3.77519'>3.78</span>", "<span data-toggle='tooltip' data-placement='right' title='原始值：0.08043'>0.080</span>", "<span data-toggle='tooltip' data-placement='right' title='原始值：8545471'>8545471</span>", "正常"], ["云南省", "滇池流域", "<span data-toggle='tooltip' data-placement='right' title='所在地市:昆明市&#10;所属河流:滇池'>观音山</span>", "07-25 08:00", "Ⅳ", "<span data-toggle='tooltip' data-placement='right' title='原始值：22.19841'>22.2</span>", "<span data-toggle='tooltip' data-placement='right' title='原始值：7.12988'>7.13</span>", "<span data-toggle='tooltip' data-placement='right' title='原始值：5.46638'>5.47</span>", "<span data-toggle='tooltip' data-placement='right' title='原始值：456.5381'>456.5</span>", "<span data-toggle='tooltip' data-placement='right' title='原始值：20.59608'>20.6</span>", "<span data-toggle='tooltip' data-placement='right' title='原始值：7.37518'>7.38</span>", "<span data-toggle='tooltip' data-placement='right' title='原始值：0.18'>0.180</span>", "<span data-toggle='tooltip' data-placement='right' title='原始值：0.0951'>0.095</span>", "<span data-toggle='tooltip' data-placement='right' title='原始值：1.752'>1.75</span>", "<span data-toggle='tooltip' data-placement='right' title='原始值：0.04209'>0.042</span>", "<span data-toggle='tooltip' data-placement='right' title='原始值：7699894'>7699894</span>", "正常"], ["云南省", "西南诸河", "<span data-toggle='tooltip' data-placement='right' title='所在地市:红河哈尼族彝族自治州&#10;所属河流:红河'>河口县医院(河口)</span>", "07-25 08:00", "Ⅳ", "<span data-toggle='tooltip' data-placement='right' title='原始值：26.66097'>26.7</span>", "<span data-toggle='tooltip' data-placement='right' title='原始值：7.68635'>7.69</span>", "<span data-toggle='tooltip' data-placement='right' title='原始值：7.09813'>7.10</span>", "<span data-toggle='tooltip' data-placement='right' title='原始值：230.352'>230.4</span>", "<span data-toggle='tooltip' data-placement='right' title='原始值：31.98297'>32.0</span>", "<span data-toggle='tooltip' data-placement='right' title='原始值：2.32978'>2.33</span>", "<span data-toggle='tooltip' data-placement='right' title='原始值：1.39557'>1.396</span>", "<span data-toggle='tooltip' data-placement='right' title='原始值：0.14826'>0.148</span>", "<span data-toggle='tooltip' data-placement='right' title='原始值：1.88796'>1.89</span>", "*", "*", "正常"], ["云南省", "西南诸河", "<span data-toggle='tooltip' data-placement='right' title='所在地市:西双版纳傣族自治州&#10;所属河流:澜沧江'>橄榄坝</span>", "07-25 08:00", "Ⅱ", "<span data-toggle='tooltip' data-placement='right' title='原始值：18.86025'>18.9</span>", "<span data-toggle='tooltip' data-placement='right' title='原始值：7.51595'>7.52</span>", "<span data-toggle='tooltip' data-placement='right' title='原始值：6.31218'>6.31</span>", "<span data-toggle='tooltip' data-placement='right' title='原始值：546.8976'>546.9</span>", "<span data-toggle='tooltip' data-placement='right' title='原始值：13.20009'>13.2</span>", "<span data-toggle='tooltip' data-placement='right' title='原始值：3.12'>3.12</span>", "<span data-toggle='tooltip' data-placement='right' title='原始值：0.15294'>0.153</span>", "*", "*", "*", "*", "正常"], ["陕西省", "黄河流域", "<span data-toggle='tooltip' data-placement='right' title='所在地市:渭南市&#10;所属河流:渭河'>潼关吊桥</span>", null, "", "--", "--", "--", "--", "--", "--", "--", "--", "--", "*", "*", "停站"], ["甘肃省", "黄河流域", "<span data-toggle='tooltip' data-placement='right' title='所在地市:兰州市&#10;所属河流:黄河'>新城桥</span>", "07-25 08:00", "", "<span data-toggle='tooltip' data-placement='right' title='原始值：15.73431'>15.7</span>", "<span data-toggle='tooltip' data-placement='right' title='原始值：7.07407'>7.07</span>", "<span data-toggle='tooltip' data-placement='right' title='原始值：8.35024'>8.35</span>", "<span data-toggle='tooltip' data-placement='right' title='原始值：405.5152'>405.5</span>", "<span data-toggle='tooltip' data-placement='right' title='原始值：242.3988'>242.4</span>", "<span data-toggle='tooltip' data-placement='right' title='极值过滤'>--</span>", "<span data-toggle='tooltip' data-placement='right' title='原始值：0.25'>0.250</span>", "<span data-toggle='tooltip' data-placement='right' title='原始值：0.05007'>0.050</span>", "<span data-toggle='tooltip' data-placement='right' title='原始值：2.97454'>2.97</span>", "*", "*", "维护"], ["宁夏回族自治区", "黄河流域", "<span data-toggle='tooltip' data-placement='right' title='所在地市:中卫市&#10;所属河流:黄河'>中卫下河沿(新墩)</span>", "07-25 08:00", "Ⅱ", "<span data-toggle='tooltip' data-placement='right' title='原始值：21.58204'>21.6</span>", "<span data-toggle='tooltip' data-placement='right' title='原始值：7.27546'>7.28</span>", "<span data-toggle='tooltip' data-placement='right' title='原始值：7.85836'>7.86</span>", "<span data-toggle='tooltip' data-placement='right' title='原始值：536.1865'>536.2</span>", "<span data-toggle='tooltip' data-placement='right' title='原始值：226.2506'>226.3</span>", "<span data-toggle='tooltip' data-placement='right' title='原始值：3.42'>3.42</span>", "<span data-toggle='tooltip' data-placement='right' title='原始值：0.12'>0.120</span>", "<span data-toggle='tooltip' data-placement='right' title='原始值：0.0553'>0.055</span>", "<span data-toggle='tooltip' data-placement='right' title='原始值：1.6269'>1.63</span>", "*", "*", "正常"]]}