{"result": 1, "total": 1, "records": 98, "thead": ["省份", "流域", "断面名称", "监测时间", "水质类别", "水温<br/><span class='unit'>(℃)</span>", "pH<br/><span class='unit'>(无量纲)</span>", "溶解氧<br/><span class='unit'>(mg/L)</span>", "电导率<br/><span class='unit'>(μS/cm)</span>", "浊度<br/><span class='unit'>(NTU)</span>", "高锰酸盐指数<br/><span class='unit'>(mg/L)</span>", "氨氮<br/><span class='unit'>(mg/L)</span>", "总磷<br/><span class='unit'>(mg/L)</span>", "总氮<br/><span class='unit'>(mg/L)</span>", "叶绿素α<br/><span class='unit'>(mg/L)</span>", "藻密度<br/><span class='unit'>(cells/L)</span>", "站点情况"], "tbody": [["北京市", "海河流域", "<span data-toggle='tooltip' data-placement='right' title='所在地市:门头沟区&#10;所属河流:永定河'>沿河城</span>", "07-02 08:00", "Ⅲ", "<span data-toggle='tooltip' data-placement='right' title='原始值：23.89562'>23.9</span>", "<span data-toggle='tooltip' data-placement='right' title='原始值：8.36736'>8.37</span>", "<span data-toggle='tooltip' data-placement='right' title='原始值：7.58024'>7.58</span>", "<span data-toggle='tooltip' data-placement='right' title='原始值：1583.949'>1583.9</span>", "<span data-toggle='tooltip' data-placement='right' title='原始值：7.98185'>8.0</span>", "<span data-toggle='tooltip' data-placement='right' title='原始值：5.68'>5.68</span>", "<span data-toggle='tooltip' data-placement='right' title='原始值：0.13'>0.130</span>", "<span data-toggle='tooltip' data-placement='right' title='原始值：0.02828'>0.028</span>", "<span data-toggle='tooltip' data-placement='right' title='原始值：1.92875'>1.93</span>", "*", "*", "正常"], ["北京市", "海河流域", "<span data-toggle='tooltip' data-placement='right' title='所在地市:密云区&#10;所属河流:潮河'>古北口</span>", "07-02 08:00", "", "<span data-toggle='tooltip' data-placement='right' title='原始值：24.17524'>24.2</span>", "<span data-toggle='tooltip' data-placement='right' title='原始值：7.36929'>7.37</span>", "<span data-toggle='tooltip' data-placement='right' title='原始值：6.29526'>6.30</span>", "<span data-toggle='tooltip' data-placement='right' title='原始值：623.9163'>623.9</span>", "<span data-toggle='tooltip' data-placement='right' title='原始值：5.89582'>5.9</span>", "<span data-toggle='tooltip' data-placement='right' title='原始值：1.375'>1.38</span>", "<span data-toggle='tooltip' data-placement='right' title='原始值：0.28'>0.280</span>", "<span data-toggle='tooltip' data-placement='right' title='极值过滤'>--</span>", "<span data-toggle='tooltip' data-placement='right' title='原始值：1.7763'>1.78</span>", "*", "*", "维护"], ["天津市", "海河流域", "<span data-toggle='tooltip' data-placement='right' title='所在地市:河北区&#10;所属河流:海河'>三岔口</span>", "07-02 08:00", "Ⅱ", "<span data-toggle='tooltip' data-placement='right' title='原始值：27.3289'>27.3</span>", "<span data-toggle='tooltip' data-placement='right' title='原始值：7.6081'>7.61</span>", "<span data-toggle='tooltip' data-placement='right' title='原始值：6.357'>6.36</span>", "<span data-toggle='tooltip' data-placement='right' title='原始值：376.9568'>377.0</span>", "<span data-toggle='tooltip' data-placement='right' title='原始值：18.835'>18.8</span>", "<span data-toggle='tooltip' data-placement='right' title='原始值：2.43'>2.43</span>", "<span data-toggle='tooltip' data-placement='right' title='原始值：0.43'>0.430</span>", "<span data-toggle='tooltip' data-placement='right' title='原始值：0.0737'>0.074</span>", "<span data-toggle='tooltip' data-placement='right' title='原始值：0.9791'>0.98</span>", "*", "*", "正常"], ["天津市", "海河流域", "<span data-toggle='tooltip' data-placement='right' title='所在地市:蓟州区&#10;所属河流:果河'>果河桥</span>", "07-02 08:00", "Ⅱ", "<span data-toggle='tooltip' data-placement='right' title='原始值：19.6'>19.6</span>", "<span data-toggle='tooltip' data-placement='right' title='原始值：8.285'>8.28</span>", "<span data-toggle='tooltip' data-placement='right' title='原始值：9.089'>9.09</span>", "<span data-toggle='tooltip' data-placement='right' title='原始值：596.42'>596.4</span>", "<span data-toggle='tooltip' data-placement='right' title='原始值：7.227'>7.2</span>", "<span data-toggle='tooltip' data-placement='right' title='原始值：1.5656'>1.57</span>", "<span data-toggle='tooltip' data-placement='right' title='原始值：0.12'>0.120</span>", "<span data-toggle='tooltip' data-placement='right' title='原始值：0.0397'>0.040</span>", "<span data-toggle='tooltip' data-placement='right' title='原始值：3.2697'>3.27</span>", "*", "*", "正常"], ["河北省", "海河流域", "<span data-toggle='tooltip' data-placement='right' title='所在地市:石家庄市&#10;所属河流:滹沱河'>岗南水库</span>", "07-02 08:00", "Ⅱ", "<span data-toggle='tooltip' data-placement='right' title='原始值：26.83605'>26.8</span>", "<span data-toggle='tooltip' data-placement='right' title='原始值：8.3522'>8.35</span>", "<span data-toggle='tooltip' data-placement='right' title='原始值：8.17284'>8.17</span>", "<span data-toggle='tooltip' data-placement='right' title='原始值：541.2609'>541.3</span>", "<span data-toggle='tooltip' data-placement='right' title='原始值：4.32831'>4.3</span>", "<span data-toggle='tooltip' data-placement='right' title='原始值：2.06464'>2.06</span>", "<span data-toggle='tooltip' data-placement='right' title='原始值：0.07'>0.070</span>", "<span data-toggle='tooltip' data-placement='right' title='原始值：0.01404'>0.014</span>", "<span data-toggle='tooltip' data-placement='right' title='原始值：1.88143'>1.88</span>", "*", "*", "正常"], ["河北省", "海河流域", "<span data-toggle='tooltip' data-placement='right' title='所在地市:张家口市&#10;所属河流:永定河'>八号桥</span>", "07-02 04:00", "Ⅲ", "<span data-toggle='tooltip' data-placement='right' title='原始值：26.57541'>26.6</span>", "<span data-toggle='tooltip' data-placement='right' title='原始值：7.60783'>7.61</span>", "<span data-toggle='tooltip' data-placement='right' title='原始值：6.62399'>6.62</span>", "<span data-toggle='tooltip' data-placement='right' title='原始值：1282.726'>1282.7</span>", "<span data-toggle='tooltip' data-placement='right' title='原始值：49.74129'>49.7</span>", "<span data-toggle='tooltip' data-placement='right' title='原始值：4.61'>4.61</span>", "<span data-toggle='tooltip' data-placement='right' title='原始值：0.26'>0.260</span>", "<span data-toggle='tooltip' data-placement='right' title='原始值：0.063'>0.063</span>", "<span data-toggle='tooltip' data-placement='right' title='原始值：5.425'>5.42</span>", "*", "*", "正常"], ["山西省", "黄河流域", "<span data-toggle='tooltip' data-placement='right' title='所在地市:运城市&#10;所属河流:汾河'>河津大桥</span>", "07-02 08:00", "Ⅳ", "<span data-toggle='tooltip' data-placement='right' title='原始值：28.01413'>28.0</span>", "<span data-toggle='tooltip' data-placement='right' title='原始值：7.75162'>7.75</span>", "<span data-toggle='tooltip' data-placement='right' title='原始值：6.98344'>6.98</span>", "<span data-toggle='tooltip' data-placement='right' title='原始值：1355.984'>1356.0</span>", "<span data-toggle='tooltip' data-placement='right' title='原始值：294.561'>294.6</span>", "<span data-toggle='tooltip' data-placement='right' title='原始值：7.525'>7.52</span>", "<span data-toggle='tooltip' data-placement='right' title='原始值：0.16'>0.160</span>", "*", "*", "*", "*", "正常"], ["山西省", "黄河流域", "<span data-toggle='tooltip' data-placement='right' title='所在地市:忻州市&#10;所属河流:黄河'>万家寨水库</span>", "07-02 08:00", "Ⅱ", "<span data-toggle='tooltip' data-placement='right' title='原始值：23.44929'>23.4</span>", "<span data-toggle='tooltip' data-placement='right' title='原始值：7.88536'>7.89</span>", "<span data-toggle='tooltip' data-placement='right' title='原始值：8.85082'>8.85</span>", "<span data-toggle='tooltip' data-placement='right' title='原始值：834.3702'>834.4</span>", "<span data-toggle='tooltip' data-placement='right' title='原始值：44.44727'>44.4</span>", "<span data-toggle='tooltip' data-placement='right' title='原始值：2.97'>2.97</span>", "<span data-toggle='tooltip' data-placement='right' title='原始值：0.28'>0.280</span>", "<span data-toggle='tooltip' data-placement='right' title='原始值：0.092'>0.092</span>", "<span data-toggle='tooltip' data-placement='right' title='原始值：1.9'>1.90</span>", "*", "*", "正常"], ["内蒙古自治区", "黄河流域", "<span data-toggle='tooltip' data-placement='right' title='所在地市:包头市&#10;所属河流:黄河'>画匠营子</span>", "07-02 08:00", "Ⅱ", "<span data-toggle='tooltip' data-placement='right' title='原始值：20.02725'>20.0</span>", "<span data-toggle='tooltip' data-placement='right' title='原始值：7.65471'>7.65</span>", "<span data-toggle='tooltip' data-placement='right' title='原始值：7.40511'>7.41</span>", "<span data-toggle='tooltip' data-placement='right' title='原始值：781.8029'>781.8</span>", "<span data-toggle='tooltip' data-placement='right' title='原始值：1748.333'>1748.3</span>", "<span data-toggle='tooltip' data-placement='right' title='原始值：2.99229'>2.99</span>", "<span data-toggle='tooltip' data-placement='right' title='原始值：0.03635'>0.036</span>", "*", "*", "*", "*", "正常"], ["内蒙古自治区", "黄河流域", "<span data-toggle='tooltip' data-placement='right' title='所在地市:乌海市&#10;所属河流:黄河'>海勃湾</span>", "07-02 08:00", "Ⅲ", "<span data-toggle='tooltip' data-placement='right' title='原始值：21.38562'>21.4</span>", "<span data-toggle='tooltip' data-placement='right' title='原始值：7.33159'>7.33</span>", "<span data-toggle='tooltip' data-placement='right' title='原始值：5.78092'>5.78</span>", "<span data-toggle='tooltip' data-placement='right' title='原始值：635.4056'>635.4</span>", "<span data-toggle='tooltip' data-placement='right' title='极值过滤'>--</span>", "<span data-toggle='tooltip' data-placement='right' title='原始值：3.32'>3.32</span>", "<span data-toggle='tooltip' data-placement='right' title='原始值：0.14'>0.140</span>", "*", "*", "*", "*", "维护"], ["内蒙古自治区", "松花江流域", "<span data-toggle='tooltip' data-placement='right' title='所在地市:呼伦贝尔市&#10;所属河流:额尔古纳河'>黑山头</span>", null, "", "--", "--", "--", "--", "--", "--", "--", "--", "--", "*", "*", "停站"], ["辽宁省", "辽河流域", "<span data-toggle='tooltip' data-placement='right' title='所在地市:抚顺市&#10;所属河流:浑河'>大伙房水库</span>", null, "", "--", "--", "--", "--", "--", "--", "--", "--", "--", "--", "*", "停站"], ["辽宁省", "辽河流域", "<span data-toggle='tooltip' data-placement='right' title='所在地市:丹东市&#10;所属河流:鸭绿江'>江桥</span>", "07-02 08:00", "Ⅱ", "<span data-toggle='tooltip' data-placement='right' title='原始值：17.5'>17.5</span>", "<span data-toggle='tooltip' data-placement='right' title='原始值：6.83998'>6.84</span>", "<span data-toggle='tooltip' data-placement='right' title='原始值：9.04873'>9.05</span>", "<span data-toggle='tooltip' data-placement='right' title='原始值：148'>148.0</span>", "<span data-toggle='tooltip' data-placement='right' title='原始值：2.03768'>2.0</span>", "<span data-toggle='tooltip' data-placement='right' title='原始值：1.34'>1.34</span>", "<span data-toggle='tooltip' data-placement='right' title='原始值：0.10055'>0.101</span>", "<span data-toggle='tooltip' data-placement='right' title='原始值：0.0377'>0.038</span>", "<span data-toggle='tooltip' data-placement='right' title='原始值：2.19145'>2.19</span>", "*", "*", "正常"], ["辽宁省", "辽河流域", "<span data-toggle='tooltip' data-placement='right' title='所在地市:营口市&#10;所属河流:大辽河'>辽河公园</span>", "07-02 08:00", "劣Ⅴ", "<span data-toggle='tooltip' data-placement='right' title='原始值：23.57913'>23.6</span>", "<span data-toggle='tooltip' data-placement='right' title='原始值：5.74791'>5.75</span>", "<span data-toggle='tooltip' data-placement='right' title='原始值：7.88227'>7.88</span>", "<span data-toggle='tooltip' data-placement='right' title='原始值：36563.53'>36563.5</span>", "<span data-toggle='tooltip' data-placement='right' title='原始值：86.95885'>87.0</span>", "<span data-toggle='tooltip' data-placement='right' title='原始值：6.07143'>6.07</span>", "<span data-toggle='tooltip' data-placement='right' title='原始值：0.11289'>0.113</span>", "<span data-toggle='tooltip' data-placement='right' title='原始值：0.1734'>0.173</span>", "<span data-toggle='tooltip' data-placement='right' title='原始值：3.1181'>3.12</span>", "*", "*", "正常"], ["辽宁省", "辽河流域", "<span data-toggle='tooltip' data-placement='right' title='所在地市:辽阳市&#10;所属河流:太子河'>汤河水库</span>", "07-02 04:00", "Ⅴ", "<span data-toggle='tooltip' data-placement='right' title='原始值：17.1'>17.1</span>", "<span data-toggle='tooltip' data-placement='right' title='原始值：7.58'>7.58</span>", "<span data-toggle='tooltip' data-placement='right' title='原始值：2.18'>2.18</span>", "<span data-toggle='tooltip' data-placement='right' title='原始值：493.3516'>493.4</span>", "<span data-toggle='tooltip' data-placement='right' title='原始值：15.62387'>15.6</span>", "<span data-toggle='tooltip' data-placement='right' title='原始值：0.93'>0.93</span>", "<span data-toggle='tooltip' data-placement='right' title='原始值：0.0817'>0.082</span>", "<span data-toggle='tooltip' data-placement='right' title='原始值：0.00349'>0.003</span>", "<span data-toggle='tooltip' data-placement='right' title='原始值：1.92926'>1.93</span>", "*", "*", "正常"], ["辽宁省", "辽河流域", "<span data-toggle='tooltip' data-placement='right' title='所在地市:盘锦市&#10;所属河流:辽河'>盘锦兴安(兴安)</span>", "07-02 08:00", "Ⅳ", "<span data-toggle='tooltip' data-placement='right' title='原始值：25.78017'>25.8</span>", "<span data-toggle='tooltip' data-placement='right' title='原始值：6.70537'>6.71</span>", "<span data-toggle='tooltip' data-placement='right' title='原始值：4.78286'>4.78</span>", "<span data-toggle='tooltip' data-placement='right' title='原始值：2578.396'>2578.4</span>", "<span data-toggle='tooltip' data-placement='right' title='原始值：75.31068'>75.3</span>", "<span data-toggle='tooltip' data-placement='right' title='原始值：3.29699'>3.30</span>", "<span data-toggle='tooltip' data-placement='right' title='原始值：0.23'>0.230</span>", "<span data-toggle='tooltip' data-placement='right' title='原始值：0.12413'>0.124</span>", "<span data-toggle='tooltip' data-placement='right' title='原始值：2.27494'>2.27</span>", "*", "*", "正常"], ["辽宁省", "辽河流域", "<span data-toggle='tooltip' data-placement='right' title='所在地市:铁岭市&#10;所属河流:辽河'>珠尔山</span>", "07-02 08:00", "Ⅲ", "<span data-toggle='tooltip' data-placement='right' title='原始值：26.64793'>26.6</span>", "<span data-toggle='tooltip' data-placement='right' title='原始值：7.31745'>7.32</span>", "<span data-toggle='tooltip' data-placement='right' title='原始值：6.92877'>6.93</span>", "<span data-toggle='tooltip' data-placement='right' title='原始值：478.2326'>478.2</span>", "<span data-toggle='tooltip' data-placement='right' title='原始值：69.79828'>69.8</span>", "<span data-toggle='tooltip' data-placement='right' title='原始值：4.15824'>4.16</span>", "<span data-toggle='tooltip' data-placement='right' title='原始值：0.13'>0.130</span>", "<span data-toggle='tooltip' data-placement='right' title='原始值：0.12068'>0.121</span>", "<span data-toggle='tooltip' data-placement='right' title='原始值：1.2981'>1.30</span>", "*", "*", "正常"], ["吉林省", "松花江流域", "<span data-toggle='tooltip' data-placement='right' title='所在地市:长春市&#10;所属河流:松花江'>松花江村</span>", null, "", "--", "--", "--", "--", "--", "--", "--", "--", "--", "*", "*", "停站"], ["吉林省", "松花江流域", "<span data-toggle='tooltip' data-placement='right' title='所在地市:白城市&#10;所属河流:嫩江'>白沙滩</span>", "07-02 08:00", "", "<span data-toggle='tooltip' data-placement='right' title='原始值：26.55252'>26.6</span>", "<span data-toggle='tooltip' data-placement='right' title='原始值：7.34547'>7.35</span>", "<span data-toggle='tooltip' data-placement='right' title='原始值：7.69547'>7.70</span>", "<span data-toggle='tooltip' data-placement='right' title='原始值：252.2932'>252.3</span>", "<span data-toggle='tooltip' data-placement='right' title='原始值：149.2397'>149.2</span>", "<span data-toggle='tooltip' data-placement='right' title='原始值：6.9'>6.90</span>", "<span data-toggle='tooltip' data-placement='right' title='极值过滤'>--</span>", "<span data-toggle='tooltip' data-placement='right' title='原始值：0.09778'>0.098</span>", "<span data-toggle='tooltip' data-placement='right' title='原始值：2.28876'>2.29</span>", "*", "*", "维护"], ["吉林省", "松花江流域", "<span data-toggle='tooltip' data-placement='right' title='所在地市:延边朝鲜族自治州&#10;所属河流:图们江'>圈河</span>", "07-02 08:00", "Ⅳ", "<span data-toggle='tooltip' data-placement='right' title='原始值：22.1'>22.1</span>", "<span data-toggle='tooltip' data-placement='right' title='原始值：7.57'>7.57</span>", "<span data-toggle='tooltip' data-placement='right' title='原始值：5.37016'>5.37</span>", "<span data-toggle='tooltip' data-placement='right' title='原始值：160'>160.0</span>", "<span data-toggle='tooltip' data-placement='right' title='原始值：32'>32.0</span>", "<span data-toggle='tooltip' data-placement='right' title='原始值：7.04'>7.04</span>", "<span data-toggle='tooltip' data-placement='right' title='原始值：0.28811'>0.288</span>", "<span data-toggle='tooltip' data-placement='right' title='原始值：0.15045'>0.150</span>", "<span data-toggle='tooltip' data-placement='right' title='原始值：2.88145'>2.88</span>", "*", "*", "正常"], ["黑龙江省", "松花江流域", "<span data-toggle='tooltip' data-placement='right' title='所在地市:大庆市&#10;所属河流:松花江'>肇源</span>", null, "", "--", "--", "--", "--", "--", "--", "--", "--", "--", "*", "*", "停站"], ["黑龙江省", "松花江流域", "<span data-toggle='tooltip' data-placement='right' title='所在地市:佳木斯市&#10;所属河流:乌苏里江'>乌苏镇</span>", null, "", "--", "--", "--", "--", "--", "--", "--", "--", "--", "*", "*", "停站"], ["黑龙江省", "松花江流域", "<span data-toggle='tooltip' data-placement='right' title='所在地市:佳木斯市&#10;所属河流:松花江'>同江</span>", null, "", "--", "--", "--", "--", "--", "--", "--", "--", "--", "*", "*", "停站"], ["黑龙江省", "松花江流域", "<span data-toggle='tooltip' data-placement='right' title='所在地市:黑河市&#10;所属河流:黑龙江'>黑河下(黑河)</span>", null, "", "--", "--", "--", "--", "--", "--", "--", "--", "--", "*", "*", "停站"], ["上海市", "长江流域", "<span data-toggle='tooltip' data-placement='right' title='所在地市:青浦区&#10;所属河流:淀山湖'>急水港桥</span>", "07-02 08:00", "Ⅳ", "<span data-toggle='tooltip' data-placement='right' title='原始值：27'>27.0</span>", "<span data-toggle='tooltip' data-placement='right' title='原始值：7.07'>7.07</span>", "<span data-toggle='tooltip' data-placement='right' title='原始值：3.36'>3.36</span>", "<span data-toggle='tooltip' data-placement='right' title='原始值：581'>581.0</span>", "<span data-toggle='tooltip' data-placement='right' title='原始值：552.4'>552.4</span>", "<span data-toggle='tooltip' data-placement='right' title='原始值：3.79688'>3.80</span>", "<span data-toggle='tooltip' data-placement='right' title='原始值：0.51751'>0.518</span>", "<span data-toggle='tooltip' data-placement='right' title='原始值：0.08057'>0.081</span>", "<span data-toggle='tooltip' data-placement='right' title='原始值：3.84377'>3.84</span>", "<span data-toggle='tooltip' data-placement='right' title='原始值：0.0039'>0.004</span>", "<span data-toggle='tooltip' data-placement='right' title='原始值：4001379'>4001379</span>", "正常"], ["江苏省", "长江流域", "<span data-toggle='tooltip' data-placement='right' title='所在地市:南京市&#10;所属河流:长江'>林山</span>", "07-02 08:00", "Ⅲ", "<span data-toggle='tooltip' data-placement='right' title='原始值：26.4175'>26.4</span>", "<span data-toggle='tooltip' data-placement='right' title='原始值：7.59006'>7.59</span>", "<span data-toggle='tooltip' data-placement='right' title='原始值：5.31642'>5.32</span>", "<span data-toggle='tooltip' data-placement='right' title='原始值：327.414'>327.4</span>", "<span data-toggle='tooltip' data-placement='right' title='原始值：59.2429'>59.2</span>", "<span data-toggle='tooltip' data-placement='right' title='原始值：3.52'>3.52</span>", "<span data-toggle='tooltip' data-placement='right' title='原始值：0.066'>0.066</span>", "*", "*", "*", "*", "正常"], ["江苏省", "太湖流域", "<span data-toggle='tooltip' data-placement='right' title='所在地市:无锡市&#10;所属河流:太湖'>沙渚</span>", null, "", "--", "--", "--", "--", "--", "--", "--", "--", "--", "*", "*", "维护"], ["江苏省", "淮河流域", "<span data-toggle='tooltip' data-placement='right' title='所在地市:徐州市&#10;所属河流:武河'>小红圈</span>", "07-02 08:00", "Ⅱ", "<span data-toggle='tooltip' data-placement='right' title='原始值：27.8'>27.8</span>", "<span data-toggle='tooltip' data-placement='right' title='原始值：8.75'>8.75</span>", "<span data-toggle='tooltip' data-placement='right' title='原始值：7.86'>7.86</span>", "<span data-toggle='tooltip' data-placement='right' title='原始值：564.2'>564.2</span>", "<span data-toggle='tooltip' data-placement='right' title='原始值：4.42'>4.4</span>", "<span data-toggle='tooltip' data-placement='right' title='原始值：3.91'>3.91</span>", "<span data-toggle='tooltip' data-placement='right' title='原始值：0.12'>0.120</span>", "*", "*", "*", "*", "正常"], ["江苏省", "淮河流域", "<span data-toggle='tooltip' data-placement='right' title='所在地市:徐州市&#10;所属河流:沿河'>李集桥</span>", "07-02 08:00", "Ⅳ", "<span data-toggle='tooltip' data-placement='right' title='原始值：27.1'>27.1</span>", "<span data-toggle='tooltip' data-placement='right' title='原始值：7.25'>7.25</span>", "<span data-toggle='tooltip' data-placement='right' title='原始值：4.12'>4.12</span>", "<span data-toggle='tooltip' data-placement='right' title='原始值：985'>985.0</span>", "<span data-toggle='tooltip' data-placement='right' title='原始值：68.7'>68.7</span>", "<span data-toggle='tooltip' data-placement='right' title='原始值：5.16'>5.16</span>", "<span data-toggle='tooltip' data-placement='right' title='原始值：0.165'>0.165</span>", "<span data-toggle='tooltip' data-placement='right' title='原始值：0.093'>0.093</span>", "<span data-toggle='tooltip' data-placement='right' title='原始值：1.129'>1.13</span>", "*", "*", "正常"], ["江苏省", "淮河流域", "<span data-toggle='tooltip' data-placement='right' title='所在地市:徐州市&#10;所属河流:邳苍分洪道'>艾山西大桥</span>", "07-02 08:00", "Ⅱ", "<span data-toggle='tooltip' data-placement='right' title='原始值：26.217'>26.2</span>", "<span data-toggle='tooltip' data-placement='right' title='原始值：7.80625'>7.81</span>", "<span data-toggle='tooltip' data-placement='right' title='原始值：9.14796'>9.15</span>", "<span data-toggle='tooltip' data-placement='right' title='原始值：512.6559'>512.7</span>", "<span data-toggle='tooltip' data-placement='right' title='原始值：94.97729'>95.0</span>", "<span data-toggle='tooltip' data-placement='right' title='原始值：3.28'>3.28</span>", "<span data-toggle='tooltip' data-placement='right' title='原始值：0.16'>0.160</span>", "<span data-toggle='tooltip' data-placement='right' title='原始值：0.06961'>0.070</span>", "<span data-toggle='tooltip' data-placement='right' title='原始值：2.43777'>2.44</span>", "*", "*", "正常"], ["江苏省", "太湖流域", "<span data-toggle='tooltip' data-placement='right' title='所在地市:苏州市&#10;所属河流:太湖'>兰山嘴(老)</span>", "07-02 08:00", "Ⅴ", "<span data-toggle='tooltip' data-placement='right' title='原始值：27.10009'>27.1</span>", "<span data-toggle='tooltip' data-placement='right' title='原始值：6.98124'>6.98</span>", "<span data-toggle='tooltip' data-placement='right' title='原始值：4.60349'>4.60</span>", "<span data-toggle='tooltip' data-placement='right' title='原始值：326.3199'>326.3</span>", "<span data-toggle='tooltip' data-placement='right' title='原始值：260.2555'>260.3</span>", "<span data-toggle='tooltip' data-placement='right' title='原始值：13.17'>13.17</span>", "<span data-toggle='tooltip' data-placement='right' title='原始值：0.33'>0.330</span>", "<span data-toggle='tooltip' data-placement='right' title='原始值：0.32082'>0.321</span>", "<span data-toggle='tooltip' data-placement='right' title='原始值：7.05105'>7.05</span>", "*", "*", "正常"], ["江苏省", "太湖流域", "<span data-toggle='tooltip' data-placement='right' title='所在地市:苏州市&#10;所属河流:太湖'>西山</span>", "07-02 08:00", "Ⅳ", "<span data-toggle='tooltip' data-placement='right' title='原始值：27.65363'>27.7</span>", "<span data-toggle='tooltip' data-placement='right' title='原始值：7.68834'>7.69</span>", "<span data-toggle='tooltip' data-placement='right' title='原始值：6.67084'>6.67</span>", "<span data-toggle='tooltip' data-placement='right' title='原始值：276.8304'>276.8</span>", "<span data-toggle='tooltip' data-placement='right' title='原始值：62.98717'>63.0</span>", "<span data-toggle='tooltip' data-placement='right' title='原始值：2.46'>2.46</span>", "<span data-toggle='tooltip' data-placement='right' title='原始值：0.11'>0.110</span>", "<span data-toggle='tooltip' data-placement='right' title='原始值：0.0584'>0.058</span>", "<span data-toggle='tooltip' data-placement='right' title='原始值：0.1355'>0.14</span>", "*", "*", "正常"], ["江苏省", "淮河流域", "<span data-toggle='tooltip' data-placement='right' title='所在地市:连云港市&#10;所属河流:新沭河'>大兴桥</span>", "07-02 08:00", "Ⅲ", "<span data-toggle='tooltip' data-placement='right' title='原始值：27.6'>27.6</span>", "<span data-toggle='tooltip' data-placement='right' title='原始值：8.11'>8.11</span>", "<span data-toggle='tooltip' data-placement='right' title='原始值：9.28'>9.28</span>", "<span data-toggle='tooltip' data-placement='right' title='原始值：1209.8'>1209.8</span>", "<span data-toggle='tooltip' data-placement='right' title='原始值：71.91'>71.9</span>", "<span data-toggle='tooltip' data-placement='right' title='原始值：5.32'>5.32</span>", "<span data-toggle='tooltip' data-placement='right' title='原始值：0.297'>0.297</span>", "*", "*", "*", "*", "正常"], ["江苏省", "淮河流域", "<span data-toggle='tooltip' data-placement='right' title='所在地市:淮安市&#10;所属河流:淮河'>淮河大桥</span>", "07-02 08:00", "", "<span data-toggle='tooltip' data-placement='right' title='原始值：26.47512'>26.5</span>", "<span data-toggle='tooltip' data-placement='right' title='原始值：7.48507'>7.49</span>", "<span data-toggle='tooltip' data-placement='right' title='原始值：3.73649'>3.74</span>", "<span data-toggle='tooltip' data-placement='right' title='原始值：366.5803'>366.6</span>", "<span data-toggle='tooltip' data-placement='right' title='原始值：108.4203'>108.4</span>", "<span data-toggle='tooltip' data-placement='right' title='原始值：4.59'>4.59</span>", "<span data-toggle='tooltip' data-placement='right' title='原始值：0.12'>0.120</span>", "<span data-toggle='tooltip' data-placement='right' title='极值过滤'>--</span>", "<span data-toggle='tooltip' data-placement='right' title='极值过滤'>--</span>", "*", "*", "维护"], ["江苏省", "长江流域", "<span data-toggle='tooltip' data-placement='right' title='所在地市:扬州市&#10;所属河流:夹江'>三江营</span>", null, "", "--", "--", "--", "--", "--", "--", "--", "--", "--", "*", "*", "停站"], ["江苏省", "淮河流域", "<span data-toggle='tooltip' data-placement='right' title='所在地市:宿迁市&#10;所属河流:新濉河'>大屈</span>", "07-02 08:00", "Ⅳ", "<span data-toggle='tooltip' data-placement='right' title='原始值：26.6'>26.6</span>", "<span data-toggle='tooltip' data-placement='right' title='原始值：7.12'>7.12</span>", "<span data-toggle='tooltip' data-placement='right' title='原始值：4.72'>4.72</span>", "<span data-toggle='tooltip' data-placement='right' title='原始值：753.9'>753.9</span>", "<span data-toggle='tooltip' data-placement='right' title='原始值：101.03'>101.0</span>", "<span data-toggle='tooltip' data-placement='right' title='原始值：7.13'>7.13</span>", "<span data-toggle='tooltip' data-placement='right' title='原始值：0.28'>0.280</span>", "<span data-toggle='tooltip' data-placement='right' title='原始值：0.122'>0.122</span>", "<span data-toggle='tooltip' data-placement='right' title='原始值：3.869'>3.87</span>", "*", "*", "正常"], ["浙江省", "浙闽片河流", "<span data-toggle='tooltip' data-placement='right' title='所在地市:杭州市&#10;所属河流:新安江'>街口(鸠坑口)</span>", null, "", "--", "--", "--", "--", "--", "--", "--", "--", "--", "*", "*", "停站"], ["浙江省", "太湖流域", "<span data-toggle='tooltip' data-placement='right' title='所在地市:嘉兴市&#10;所属河流:斜路港河'>斜路港</span>", "07-02 08:00", "Ⅳ", "<span data-toggle='tooltip' data-placement='right' title='原始值：26.1'>26.1</span>", "<span data-toggle='tooltip' data-placement='right' title='原始值：7.32'>7.32</span>", "<span data-toggle='tooltip' data-placement='right' title='原始值：3.65'>3.65</span>", "<span data-toggle='tooltip' data-placement='right' title='原始值：442'>442.0</span>", "<span data-toggle='tooltip' data-placement='right' title='原始值：81.9'>81.9</span>", "<span data-toggle='tooltip' data-placement='right' title='原始值：2.99'>2.99</span>", "<span data-toggle='tooltip' data-placement='right' title='原始值：0.00778'>0.008</span>", "<span data-toggle='tooltip' data-placement='right' title='原始值：0.12673'>0.127</span>", "<span data-toggle='tooltip' data-placement='right' title='原始值：2.04623'>2.05</span>", "*", "*", "正常"], ["浙江省", "太湖流域", "<span data-toggle='tooltip' data-placement='right' title='所在地市:嘉兴市&#10;所属河流:京杭运河'>王江泾</span>", null, "", "--", "--", "--", "--", "--", "--", "--", "--", "--", "*", "*", "停站"], ["浙江省", "太湖流域", "<span data-toggle='tooltip' data-placement='right' title='所在地市:湖州市&#10;所属河流:西苕溪'>新港口(新塘港)</span>", "07-02 08:00", "", "<span data-toggle='tooltip' data-placement='right' title='原始值：25.3919'>25.4</span>", "<span data-toggle='tooltip' data-placement='right' title='原始值：6.94473'>6.94</span>", "<span data-toggle='tooltip' data-placement='right' title='原始值：6.51086'>6.51</span>", "<span data-toggle='tooltip' data-placement='right' title='原始值：186.471'>186.5</span>", "<span data-toggle='tooltip' data-placement='right' title='原始值：68.6254'>68.6</span>", "<span data-toggle='tooltip' data-placement='right' title='极值过滤'>--</span>", "<span data-toggle='tooltip' data-placement='right' title='原始值：0.07187'>0.072</span>", "<span data-toggle='tooltip' data-placement='right' title='原始值：0.0755'>0.076</span>", "<span data-toggle='tooltip' data-placement='right' title='原始值：3.99939'>4.00</span>", "*", "*", "维护"], ["安徽省", "巢湖流域", "<span data-toggle='tooltip' data-placement='right' title='所在地市:合肥市&#10;所属河流:巢湖'>湖滨(老)</span>", "07-02 08:00", "Ⅴ", "<span data-toggle='tooltip' data-placement='right' title='原始值：27.48295'>27.5</span>", "<span data-toggle='tooltip' data-placement='right' title='原始值：6.12658'>6.13</span>", "<span data-toggle='tooltip' data-placement='right' title='原始值：2.40929'>2.41</span>", "<span data-toggle='tooltip' data-placement='right' title='原始值：360.4095'>360.4</span>", "<span data-toggle='tooltip' data-placement='right' title='原始值：79.21152'>79.2</span>", "<span data-toggle='tooltip' data-placement='right' title='原始值：5.94'>5.94</span>", "<span data-toggle='tooltip' data-placement='right' title='原始值：0.3'>0.300</span>", "<span data-toggle='tooltip' data-placement='right' title='原始值：0.0656'>0.066</span>", "<span data-toggle='tooltip' data-placement='right' title='原始值：2.155'>2.16</span>", "<span data-toggle='tooltip' data-placement='right' title='原始值：0.01124'>0.011</span>", "*", "正常"], ["安徽省", "巢湖流域", "<span data-toggle='tooltip' data-placement='right' title='所在地市:芜湖市&#10;所属河流:巢湖'>裕溪口(老)</span>", "07-02 08:00", "Ⅴ", "<span data-toggle='tooltip' data-placement='right' title='原始值：27.12667'>27.1</span>", "<span data-toggle='tooltip' data-placement='right' title='原始值：7.47143'>7.47</span>", "<span data-toggle='tooltip' data-placement='right' title='原始值：7.74778'>7.75</span>", "<span data-toggle='tooltip' data-placement='right' title='原始值：396.6668'>396.7</span>", "<span data-toggle='tooltip' data-placement='right' title='原始值：102.9381'>102.9</span>", "<span data-toggle='tooltip' data-placement='right' title='原始值：5.79'>5.79</span>", "<span data-toggle='tooltip' data-placement='right' title='原始值：0.19'>0.190</span>", "<span data-toggle='tooltip' data-placement='right' title='原始值：0.1182'>0.118</span>", "<span data-toggle='tooltip' data-placement='right' title='原始值：4.116'>4.12</span>", "*", "*", "正常"], ["安徽省", "淮河流域", "<span data-toggle='tooltip' data-placement='right' title='所在地市:蚌埠市&#10;所属河流:淮河'>蚌埠闸上(蚌埠闸)</span>", null, "", "--", "--", "--", "--", "--", "--", "--", "--", "--", "*", "*", "停站"], ["安徽省", "淮河流域", "<span data-toggle='tooltip' data-placement='right' title='所在地市:淮南市&#10;所属河流:淮河'>石头埠(老)</span>", "07-02 08:00", "Ⅳ", "<span data-toggle='tooltip' data-placement='right' title='原始值：25.95131'>26.0</span>", "<span data-toggle='tooltip' data-placement='right' title='原始值：7.06633'>7.07</span>", "<span data-toggle='tooltip' data-placement='right' title='原始值：4.10893'>4.11</span>", "<span data-toggle='tooltip' data-placement='right' title='原始值：253.8862'>253.9</span>", "<span data-toggle='tooltip' data-placement='right' title='原始值：121.6653'>121.7</span>", "<span data-toggle='tooltip' data-placement='right' title='原始值：6.16'>6.16</span>", "<span data-toggle='tooltip' data-placement='right' title='原始值：0.1'>0.100</span>", "*", "*", "*", "*", "正常"], ["安徽省", "淮河流域", "<span data-toggle='tooltip' data-placement='right' title='所在地市:淮北市&#10;所属河流:沱河'>小王桥</span>", null, "", "--", "--", "--", "--", "--", "--", "--", "--", "--", "*", "*", "停站"], ["安徽省", "长江流域", "<span data-toggle='tooltip' data-placement='right' title='所在地市:安庆市&#10;所属河流:长江'>皖河口</span>", null, "", "--", "--", "--", "--", "--", "--", "--", "--", "--", "*", "*", "停站"], ["安徽省", "淮河流域", "<span data-toggle='tooltip' data-placement='right' title='所在地市:滁州市&#10;所属河流:淮河'>小柳巷</span>", "07-02 08:00", "Ⅳ", "<span data-toggle='tooltip' data-placement='right' title='原始值：26.9'>26.9</span>", "<span data-toggle='tooltip' data-placement='right' title='原始值：6.99'>6.99</span>", "<span data-toggle='tooltip' data-placement='right' title='原始值：5.08'>5.08</span>", "<span data-toggle='tooltip' data-placement='right' title='原始值：342.3'>342.3</span>", "<span data-toggle='tooltip' data-placement='right' title='原始值：157.11'>157.1</span>", "<span data-toggle='tooltip' data-placement='right' title='原始值：4.65'>4.65</span>", "<span data-toggle='tooltip' data-placement='right' title='原始值：0.05'>0.050</span>", "<span data-toggle='tooltip' data-placement='right' title='原始值：0.232'>0.232</span>", "<span data-toggle='tooltip' data-placement='right' title='原始值：2.1'>2.10</span>", "*", "*", "正常"], ["安徽省", "淮河流域", "<span data-toggle='tooltip' data-placement='right' title='所在地市:阜阳市&#10;所属河流:黑茨河'>张大桥</span>", "07-02 08:00", "Ⅲ", "<span data-toggle='tooltip' data-placement='right' title='原始值：27.5'>27.5</span>", "<span data-toggle='tooltip' data-placement='right' title='原始值：7.88'>7.88</span>", "<span data-toggle='tooltip' data-placement='right' title='原始值：10.28'>10.28</span>", "<span data-toggle='tooltip' data-placement='right' title='原始值：2021'>2021.0</span>", "<span data-toggle='tooltip' data-placement='right' title='原始值：20.03'>20.0</span>", "<span data-toggle='tooltip' data-placement='right' title='原始值：2.66'>2.66</span>", "<span data-toggle='tooltip' data-placement='right' title='原始值：0.07'>0.070</span>", "<span data-toggle='tooltip' data-placement='right' title='原始值：0.151'>0.151</span>", "<span data-toggle='tooltip' data-placement='right' title='原始值：5.289'>5.29</span>", "*", "*", "正常"], ["安徽省", "淮河流域", "<span data-toggle='tooltip' data-placement='right' title='所在地市:阜阳市&#10;所属河流:淮河'>王家坝</span>", "07-02 08:00", "Ⅴ", "<span data-toggle='tooltip' data-placement='right' title='原始值：26.88875'>26.9</span>", "<span data-toggle='tooltip' data-placement='right' title='原始值：6.90942'>6.91</span>", "<span data-toggle='tooltip' data-placement='right' title='原始值：3.34765'>3.35</span>", "<span data-toggle='tooltip' data-placement='right' title='原始值：315.3484'>315.3</span>", "<span data-toggle='tooltip' data-placement='right' title='原始值：562.4731'>562.5</span>", "<span data-toggle='tooltip' data-placement='right' title='原始值：4.58'>4.58</span>", "<span data-toggle='tooltip' data-placement='right' title='原始值：0.323'>0.323</span>", "<span data-toggle='tooltip' data-placement='right' title='原始值：0.39945'>0.399</span>", "<span data-toggle='tooltip' data-placement='right' title='原始值：1.15295'>1.15</span>", "*", "*", "正常"], ["安徽省", "淮河流域", "<span data-toggle='tooltip' data-placement='right' title='所在地市:阜阳市&#10;所属河流:颍河'>界首七渡口(七渡口)</span>", "07-02 08:00", "劣Ⅴ", "<span data-toggle='tooltip' data-placement='right' title='原始值：31.52922'>31.5</span>", "<span data-toggle='tooltip' data-placement='right' title='原始值：7.48401'>7.48</span>", "<span data-toggle='tooltip' data-placement='right' title='原始值：1.94923'>1.95</span>", "<span data-toggle='tooltip' data-placement='right' title='原始值：861.7454'>861.7</span>", "<span data-toggle='tooltip' data-placement='right' title='原始值：10.93873'>10.9</span>", "<span data-toggle='tooltip' data-placement='right' title='原始值：4.27'>4.27</span>", "<span data-toggle='tooltip' data-placement='right' title='原始值：0.67'>0.670</span>", "<span data-toggle='tooltip' data-placement='right' title='原始值：0.14873'>0.149</span>", "<span data-toggle='tooltip' data-placement='right' title='原始值：3.10349'>3.10</span>", "*", "*", "正常"], ["安徽省", "淮河流域", "<span data-toggle='tooltip' data-placement='right' title='所在地市:阜阳市&#10;所属河流:泉河'>许庄(徐庄)</span>", "07-02 08:00", "Ⅳ", "<span data-toggle='tooltip' data-placement='right' title='原始值：24.9'>24.9</span>", "<span data-toggle='tooltip' data-placement='right' title='原始值：7.37'>7.37</span>", "<span data-toggle='tooltip' data-placement='right' title='原始值：6.86'>6.86</span>", "<span data-toggle='tooltip' data-placement='right' title='原始值：910.9'>910.9</span>", "<span data-toggle='tooltip' data-placement='right' title='原始值：73.33'>73.3</span>", "<span data-toggle='tooltip' data-placement='right' title='原始值：2.78'>2.78</span>", "<span data-toggle='tooltip' data-placement='right' title='原始值：0.03'>0.030</span>", "<span data-toggle='tooltip' data-placement='right' title='原始值：0.206'>0.206</span>", "<span data-toggle='tooltip' data-placement='right' title='原始值：0.927'>0.93</span>", "*", "*", "正常"], ["安徽省", "淮河流域", "<span data-toggle='tooltip' data-placement='right' title='所在地市:宿州市&#10;所属河流:奎河'>杨庄</span>", "07-02 08:00", "劣Ⅴ", "<span data-toggle='tooltip' data-placement='right' title='原始值：26.63'>26.6</span>", "<span data-toggle='tooltip' data-placement='right' title='原始值：7.44'>7.44</span>", "<span data-toggle='tooltip' data-placement='right' title='原始值：5.52'>5.52</span>", "<span data-toggle='tooltip' data-placement='right' title='原始值：812.6'>812.6</span>", "<span data-toggle='tooltip' data-placement='right' title='原始值：340.69'>340.7</span>", "<span data-toggle='tooltip' data-placement='right' title='原始值：4'>4.00</span>", "<span data-toggle='tooltip' data-placement='right' title='原始值：2.687'>2.687</span>", "*", "*", "*", "*", "正常"], ["安徽省", "淮河流域", "<span data-toggle='tooltip' data-placement='right' title='所在地市:宿州市&#10;所属河流:新汴河'>泗县公路桥</span>", "07-02 08:00", "Ⅱ", "<span data-toggle='tooltip' data-placement='right' title='原始值：26.5'>26.5</span>", "<span data-toggle='tooltip' data-placement='right' title='原始值：8.58'>8.58</span>", "<span data-toggle='tooltip' data-placement='right' title='原始值：7.93'>7.93</span>", "<span data-toggle='tooltip' data-placement='right' title='原始值：1206.7'>1206.7</span>", "<span data-toggle='tooltip' data-placement='right' title='原始值：85.76'>85.8</span>", "<span data-toggle='tooltip' data-placement='right' title='原始值：2.63'>2.63</span>", "<span data-toggle='tooltip' data-placement='right' title='原始值：0.11'>0.110</span>", "*", "*", "*", "*", "正常"], ["安徽省", "淮河流域", "<span data-toggle='tooltip' data-placement='right' title='所在地市:亳州市&#10;所属河流:包河'>颜集</span>", "07-02 08:00", "", "<span data-toggle='tooltip' data-placement='right' title='原始值：25.9'>25.9</span>", "<span data-toggle='tooltip' data-placement='right' title='原始值：7.62'>7.62</span>", "<span data-toggle='tooltip' data-placement='right' title='原始值：6.6'>6.60</span>", "<span data-toggle='tooltip' data-placement='right' title='原始值：1530.4'>1530.4</span>", "<span data-toggle='tooltip' data-placement='right' title='原始值：86.03'>86.0</span>", "<span data-toggle='tooltip' data-placement='right' title='原始值：4.37'>4.37</span>", "<span data-toggle='tooltip' data-placement='right' title='极值过滤'>--</span>", "<span data-toggle='tooltip' data-placement='right' title='原始值：0.202'>0.202</span>", "<span data-toggle='tooltip' data-placement='right' title='原始值：2.554'>2.55</span>", "*", "*", "维护"], ["福建省", "浙闽片河流", "<span data-toggle='tooltip' data-placement='right' title='所在地市:福州市&#10;所属河流:闽江'>白岩潭</span>", "07-02 08:00", "", "<span data-toggle='tooltip' data-placement='right' title='原始值：29.3'>29.3</span>", "<span data-toggle='tooltip' data-placement='right' title='原始值：6.55'>6.55</span>", "<span data-toggle='tooltip' data-placement='right' title='原始值：7.28'>7.28</span>", "<span data-toggle='tooltip' data-placement='right' title='原始值：129.9'>129.9</span>", "<span data-toggle='tooltip' data-placement='right' title='原始值：22.11'>22.1</span>", "<span data-toggle='tooltip' data-placement='right' title='极值过滤'>--</span>", "<span data-toggle='tooltip' data-placement='right' title='原始值：0.35'>0.350</span>", "*", "*", "*", "*", "维护"], ["江西省", "长江流域", "<span data-toggle='tooltip' data-placement='right' title='所在地市:南昌市&#10;所属河流:赣江南支'>滁槎</span>", "07-02 08:00", "Ⅲ", "<span data-toggle='tooltip' data-placement='right' title='原始值：28.66212'>28.7</span>", "<span data-toggle='tooltip' data-placement='right' title='原始值：6.92372'>6.92</span>", "<span data-toggle='tooltip' data-placement='right' title='原始值：5.72616'>5.73</span>", "<span data-toggle='tooltip' data-placement='right' title='原始值：125.7792'>125.8</span>", "<span data-toggle='tooltip' data-placement='right' title='原始值：32.24279'>32.2</span>", "<span data-toggle='tooltip' data-placement='right' title='原始值：0.99'>0.99</span>", "<span data-toggle='tooltip' data-placement='right' title='原始值：0.29'>0.290</span>", "<span data-toggle='tooltip' data-placement='right' title='原始值：0.11925'>0.119</span>", "<span data-toggle='tooltip' data-placement='right' title='原始值：1.965'>1.96</span>", "*", "*", "正常"], ["江西省", "长江流域", "<span data-toggle='tooltip' data-placement='right' title='所在地市:九江市&#10;所属河流:长江'>姚港(河西水厂)</span>", null, "", "--", "--", "--", "--", "--", "--", "--", "--", "--", "*", "*", "停站"], ["江西省", "长江流域", "<span data-toggle='tooltip' data-placement='right' title='所在地市:九江市&#10;所属河流:鄱阳湖'>蛤蟆石</span>", null, "", "--", "--", "--", "--", "--", "--", "--", "--", "--", "--", "--", "停站"], ["山东省", "黄河流域", "<span data-toggle='tooltip' data-placement='right' title='所在地市:济南市&#10;所属河流:黄河'>泺口</span>", null, "", "--", "--", "--", "--", "--", "--", "--", "--", "--", "*", "*", "停站"], ["山东省", "淮河流域", "<span data-toggle='tooltip' data-placement='right' title='所在地市:枣庄市&#10;所属河流:京杭大运河（韩庄运河）'>台儿庄大桥</span>", "07-02 08:00", "Ⅱ", "<span data-toggle='tooltip' data-placement='right' title='原始值：25.565'>25.6</span>", "<span data-toggle='tooltip' data-placement='right' title='原始值：7.69094'>7.69</span>", "<span data-toggle='tooltip' data-placement='right' title='原始值：6.47097'>6.47</span>", "<span data-toggle='tooltip' data-placement='right' title='原始值：769.4435'>769.4</span>", "<span data-toggle='tooltip' data-placement='right' title='原始值：27.44357'>27.4</span>", "<span data-toggle='tooltip' data-placement='right' title='原始值：3.1613'>3.16</span>", "<span data-toggle='tooltip' data-placement='right' title='原始值：0.16204'>0.162</span>", "<span data-toggle='tooltip' data-placement='right' title='原始值：0.07023'>0.070</span>", "<span data-toggle='tooltip' data-placement='right' title='原始值：2.06999'>2.07</span>", "*", "*", "正常"], ["山东省", "淮河流域", "<span data-toggle='tooltip' data-placement='right' title='所在地市:临沂市&#10;所属河流:沭河'>清泉寺</span>", "07-02 08:00", "Ⅳ", "<span data-toggle='tooltip' data-placement='right' title='原始值：26.38684'>26.4</span>", "<span data-toggle='tooltip' data-placement='right' title='原始值：7.99925'>8.00</span>", "<span data-toggle='tooltip' data-placement='right' title='原始值：9.67529'>9.68</span>", "<span data-toggle='tooltip' data-placement='right' title='原始值：1230.024'>1230.0</span>", "<span data-toggle='tooltip' data-placement='right' title='原始值：33.46076'>33.5</span>", "<span data-toggle='tooltip' data-placement='right' title='原始值：8.31'>8.31</span>", "<span data-toggle='tooltip' data-placement='right' title='原始值：0.17'>0.170</span>", "*", "*", "*", "*", "正常"], ["山东省", "淮河流域", "<span data-toggle='tooltip' data-placement='right' title='所在地市:临沂市&#10;所属河流:沂河'>重坊桥</span>", "07-02 08:00", "Ⅲ", "<span data-toggle='tooltip' data-placement='right' title='原始值：26.85372'>26.9</span>", "<span data-toggle='tooltip' data-placement='right' title='原始值：7.01426'>7.01</span>", "<span data-toggle='tooltip' data-placement='right' title='原始值：5.05204'>5.05</span>", "<span data-toggle='tooltip' data-placement='right' title='原始值：730'>730.0</span>", "<span data-toggle='tooltip' data-placement='right' title='原始值：5.20278'>5.2</span>", "<span data-toggle='tooltip' data-placement='right' title='原始值：3'>3.00</span>", "<span data-toggle='tooltip' data-placement='right' title='原始值：0.16401'>0.164</span>", "*", "*", "*", "*", "正常"], ["山东省", "淮河流域", "<span data-toggle='tooltip' data-placement='right' title='所在地市:临沂市&#10;所属河流:白马河'>捷庄(涝沟桥)</span>", "07-02 08:00", "Ⅳ", "<span data-toggle='tooltip' data-placement='right' title='原始值：27.2'>27.2</span>", "<span data-toggle='tooltip' data-placement='right' title='原始值：7.2'>7.20</span>", "<span data-toggle='tooltip' data-placement='right' title='原始值：6.63452'>6.63</span>", "<span data-toggle='tooltip' data-placement='right' title='原始值：834'>834.0</span>", "<span data-toggle='tooltip' data-placement='right' title='原始值：31.29199'>31.3</span>", "<span data-toggle='tooltip' data-placement='right' title='原始值：6.55'>6.55</span>", "<span data-toggle='tooltip' data-placement='right' title='原始值：0.9499'>0.950</span>", "<span data-toggle='tooltip' data-placement='right' title='原始值：0.18332'>0.183</span>", "<span data-toggle='tooltip' data-placement='right' title='原始值：4.17148'>4.17</span>", "*", "*", "正常"], ["山东省", "海河流域", "<span data-toggle='tooltip' data-placement='right' title='所在地市:聊城市&#10;所属河流:卫运河'>秤勾湾(秤钩湾)</span>", null, "", "--", "--", "--", "--", "--", "--", "--", "--", "--", "*", "*", "停站"], ["河南省", "长江流域", "<span data-toggle='tooltip' data-placement='right' title='所在地市:南阳市&#10;所属河流:丹江口水库'>陶岔</span>", "07-02 04:00", "Ⅳ", "<span data-toggle='tooltip' data-placement='right' title='原始值：26.02'>26.0</span>", "<span data-toggle='tooltip' data-placement='right' title='原始值：7.9589'>7.96</span>", "<span data-toggle='tooltip' data-placement='right' title='原始值：9.17489'>9.17</span>", "<span data-toggle='tooltip' data-placement='right' title='原始值：286.1506'>286.2</span>", "<span data-toggle='tooltip' data-placement='right' title='原始值：3.33806'>3.3</span>", "<span data-toggle='tooltip' data-placement='right' title='原始值：6.81'>6.81</span>", "<span data-toggle='tooltip' data-placement='right' title='原始值：0.02314'>0.023</span>", "<span data-toggle='tooltip' data-placement='right' title='原始值：0.01442'>0.014</span>", "<span data-toggle='tooltip' data-placement='right' title='原始值：0.93499'>0.93</span>", "<span data-toggle='tooltip' data-placement='right' title='原始值：0.00785'>0.008</span>", "<span data-toggle='tooltip' data-placement='right' title='原始值：280596.3'>280596</span>", "正常"], ["河南省", "淮河流域", "<span data-toggle='tooltip' data-placement='right' title='所在地市:商丘市&#10;所属河流:浍河'>黄口</span>", "07-02 08:00", "Ⅲ", "<span data-toggle='tooltip' data-placement='right' title='原始值：26.3'>26.3</span>", "<span data-toggle='tooltip' data-placement='right' title='原始值：8.12'>8.12</span>", "<span data-toggle='tooltip' data-placement='right' title='原始值：7.68935'>7.69</span>", "<span data-toggle='tooltip' data-placement='right' title='原始值：1964'>1964.0</span>", "<span data-toggle='tooltip' data-placement='right' title='原始值：63.43017'>63.4</span>", "<span data-toggle='tooltip' data-placement='right' title='原始值：5.59'>5.59</span>", "<span data-toggle='tooltip' data-placement='right' title='原始值：0.01739'>0.017</span>", "<span data-toggle='tooltip' data-placement='right' title='原始值：0.1101'>0.110</span>", "<span data-toggle='tooltip' data-placement='right' title='原始值：1.22084'>1.22</span>", "*", "*", "正常"], ["河南省", "淮河流域", "<span data-toggle='tooltip' data-placement='right' title='所在地市:信阳市&#10;所属河流:史灌河'>蒋集</span>", "07-02 08:00", "Ⅱ", "<span data-toggle='tooltip' data-placement='right' title='原始值：20.26719'>20.3</span>", "<span data-toggle='tooltip' data-placement='right' title='原始值：7.091'>7.09</span>", "<span data-toggle='tooltip' data-placement='right' title='原始值：6.15'>6.15</span>", "<span data-toggle='tooltip' data-placement='right' title='原始值：156'>156.0</span>", "<span data-toggle='tooltip' data-placement='right' title='原始值：43.50568'>43.5</span>", "<span data-toggle='tooltip' data-placement='right' title='原始值：3.32'>3.32</span>", "<span data-toggle='tooltip' data-placement='right' title='原始值：0.08762'>0.088</span>", "*", "*", "*", "*", "正常"], ["河南省", "淮河流域", "<span data-toggle='tooltip' data-placement='right' title='所在地市:信阳市&#10;所属河流:淮河'>淮滨水文站(淮滨)</span>", null, "", "--", "--", "--", "--", "--", "--", "--", "--", "--", "*", "*", "停站"], ["河南省", "淮河流域", "<span data-toggle='tooltip' data-placement='right' title='所在地市:周口市&#10;所属河流:沙河'>沈丘闸</span>", "07-02 08:00", "Ⅱ", "<span data-toggle='tooltip' data-placement='right' title='原始值：25.3352'>25.3</span>", "<span data-toggle='tooltip' data-placement='right' title='原始值：7.8241'>7.82</span>", "<span data-toggle='tooltip' data-placement='right' title='原始值：6.99427'>6.99</span>", "<span data-toggle='tooltip' data-placement='right' title='原始值：830.3636'>830.4</span>", "<span data-toggle='tooltip' data-placement='right' title='原始值：8.66111'>8.7</span>", "<span data-toggle='tooltip' data-placement='right' title='原始值：3.515'>3.52</span>", "<span data-toggle='tooltip' data-placement='right' title='原始值：0.26'>0.260</span>", "*", "*", "*", "*", "正常"], ["河南省", "淮河流域", "<span data-toggle='tooltip' data-placement='right' title='所在地市:周口市&#10;所属河流:涡河'>鹿邑付桥(鹿邑付桥闸)</span>", "07-02 08:00", "", "<span data-toggle='tooltip' data-placement='right' title='原始值：25.65034'>25.7</span>", "<span data-toggle='tooltip' data-placement='right' title='原始值：8.52242'>8.52</span>", "<span data-toggle='tooltip' data-placement='right' title='原始值：9.94335'>9.94</span>", "<span data-toggle='tooltip' data-placement='right' title='原始值：1414.272'>1414.3</span>", "<span data-toggle='tooltip' data-placement='right' title='原始值：9.52631'>9.5</span>", "<span data-toggle='tooltip' data-placement='right' title='原始值：5.655'>5.66</span>", "<span data-toggle='tooltip' data-placement='right' title='极值过滤'>--</span>", "<span data-toggle='tooltip' data-placement='right' title='原始值：0.1191'>0.119</span>", "<span data-toggle='tooltip' data-placement='right' title='原始值：1.24276'>1.24</span>", "*", "*", "维护"], ["河南省", "淮河流域", "<span data-toggle='tooltip' data-placement='right' title='所在地市:驻马店市&#10;所属河流:洪河'>新蔡班台(班台)</span>", "07-02 08:00", "Ⅴ", "<span data-toggle='tooltip' data-placement='right' title='原始值：26.25278'>26.3</span>", "<span data-toggle='tooltip' data-placement='right' title='原始值：6.60542'>6.61</span>", "<span data-toggle='tooltip' data-placement='right' title='原始值：4.01573'>4.02</span>", "<span data-toggle='tooltip' data-placement='right' title='原始值：679.6251'>679.6</span>", "<span data-toggle='tooltip' data-placement='right' title='原始值：14.73732'>14.7</span>", "<span data-toggle='tooltip' data-placement='right' title='原始值：4.88'>4.88</span>", "<span data-toggle='tooltip' data-placement='right' title='原始值：0.64'>0.640</span>", "<span data-toggle='tooltip' data-placement='right' title='原始值：0.36523'>0.365</span>", "<span data-toggle='tooltip' data-placement='right' title='原始值：2.84244'>2.84</span>", "*", "*", "正常"], ["河南省", "黄河流域", "<span data-toggle='tooltip' data-placement='right' title='所在地市:济源市&#10;所属河流:黄河'>小浪底水库(小浪底)</span>", "07-02 08:00", "Ⅲ", "<span data-toggle='tooltip' data-placement='right' title='原始值：26.17245'>26.2</span>", "<span data-toggle='tooltip' data-placement='right' title='原始值：8.01337'>8.01</span>", "<span data-toggle='tooltip' data-placement='right' title='原始值：5.53587'>5.54</span>", "<span data-toggle='tooltip' data-placement='right' title='原始值：925.1135'>925.1</span>", "<span data-toggle='tooltip' data-placement='right' title='原始值：16.33733'>16.3</span>", "<span data-toggle='tooltip' data-placement='right' title='原始值：2.2175'>2.22</span>", "<span data-toggle='tooltip' data-placement='right' title='原始值：0.15'>0.150</span>", "<span data-toggle='tooltip' data-placement='right' title='原始值：0.0467'>0.047</span>", "<span data-toggle='tooltip' data-placement='right' title='原始值：2.21'>2.21</span>", "*", "*", "正常"], ["湖北省", "长江流域", "<span data-toggle='tooltip' data-placement='right' title='所在地市:武汉市&#10;所属河流:汉江'>宗关</span>", null, "", "--", "--", "--", "--", "--", "--", "--", "--", "--", "*", "*", "停站"], ["湖北省", "长江流域", "<span data-toggle='tooltip' data-placement='right' title='所在地市:十堰市&#10;所属河流:丹江口水库'>坝上中(胡家岭)</span>", null, "", "--", "--", "--", "--", "--", "--", "--", "--", "--", "--", "--", "停站"], ["湖北省", "长江流域", "<span data-toggle='tooltip' data-placement='right' title='所在地市:宜昌市&#10;所属河流:长江'>南津关</span>", null, "", "--", "--", "--", "--", "--", "--", "--", "--", "--", "*", "*", "停站"], ["湖南省", "长江流域", "<span data-toggle='tooltip' data-placement='right' title='所在地市:长沙市&#10;所属河流:湘江'>新港</span>", null, "", "--", "--", "--", "--", "--", "--", "--", "--", "--", "*", "*", "停站"], ["湖南省", "长江流域", "<span data-toggle='tooltip' data-placement='right' title='所在地市:岳阳市&#10;所属河流:洞庭湖'>岳阳楼</span>", null, "", "--", "--", "--", "--", "--", "--", "--", "--", "--", "--", "--", "停站"], ["湖南省", "长江流域", "<span data-toggle='tooltip' data-placement='right' title='所在地市:岳阳市&#10;所属河流:长江'>城陵矶</span>", null, "", "--", "--", "--", "--", "--", "--", "--", "--", "--", "*", "*", "停站"], ["广东省", "珠江流域", "<span data-toggle='tooltip' data-placement='right' title='所在地市:清远市&#10;所属河流:北江'>七星岗</span>", "07-02 08:00", "Ⅱ", "<span data-toggle='tooltip' data-placement='right' title='原始值：31.84374'>31.8</span>", "<span data-toggle='tooltip' data-placement='right' title='原始值：7.38773'>7.39</span>", "<span data-toggle='tooltip' data-placement='right' title='原始值：6.1935'>6.19</span>", "<span data-toggle='tooltip' data-placement='right' title='原始值：170.2956'>170.3</span>", "<span data-toggle='tooltip' data-placement='right' title='原始值：16.5167'>16.5</span>", "<span data-toggle='tooltip' data-placement='right' title='原始值：1.62'>1.62</span>", "<span data-toggle='tooltip' data-placement='right' title='原始值：0.15496'>0.155</span>", "<span data-toggle='tooltip' data-placement='right' title='原始值：0.0035'>0.004</span>", "<span data-toggle='tooltip' data-placement='right' title='原始值：0.9357'>0.94</span>", "*", "*", "正常"], ["广东省", "珠江流域", "<span data-toggle='tooltip' data-placement='right' title='所在地市:中山市&#10;所属河流:西江'>横栏</span>", "07-02 08:00", "Ⅱ", "<span data-toggle='tooltip' data-placement='right' title='原始值：27.1'>27.1</span>", "<span data-toggle='tooltip' data-placement='right' title='原始值：7.68'>7.68</span>", "<span data-toggle='tooltip' data-placement='right' title='原始值：7.24'>7.24</span>", "<span data-toggle='tooltip' data-placement='right' title='原始值：207'>207.0</span>", "<span data-toggle='tooltip' data-placement='right' title='原始值：69.4'>69.4</span>", "<span data-toggle='tooltip' data-placement='right' title='原始值：3.1'>3.10</span>", "<span data-toggle='tooltip' data-placement='right' title='原始值：0.12812'>0.128</span>", "*", "*", "*", "*", "正常"], ["广西壮族自治区", "珠江流域", "<span data-toggle='tooltip' data-placement='right' title='所在地市:南宁市&#10;所属河流:邕江'>老口</span>", "07-02 08:00", "Ⅱ", "<span data-toggle='tooltip' data-placement='right' title='原始值：28.55642'>28.6</span>", "<span data-toggle='tooltip' data-placement='right' title='原始值：7.57976'>7.58</span>", "<span data-toggle='tooltip' data-placement='right' title='原始值：6.20045'>6.20</span>", "<span data-toggle='tooltip' data-placement='right' title='原始值：338.8125'>338.8</span>", "<span data-toggle='tooltip' data-placement='right' title='原始值：12.66344'>12.7</span>", "<span data-toggle='tooltip' data-placement='right' title='原始值：1.40649'>1.41</span>", "<span data-toggle='tooltip' data-placement='right' title='原始值：0.13184'>0.132</span>", "<span data-toggle='tooltip' data-placement='right' title='原始值：0.03796'>0.038</span>", "<span data-toggle='tooltip' data-placement='right' title='原始值：2.94078'>2.94</span>", "*", "*", "正常"], ["广西壮族自治区", "珠江流域", "<span data-toggle='tooltip' data-placement='right' title='所在地市:桂林市&#10;所属河流:漓江'>阳朔</span>", null, "", "--", "--", "--", "--", "--", "--", "--", "--", "--", "*", "*", "停站"], ["广西壮族自治区", "珠江流域", "<span data-toggle='tooltip' data-placement='right' title='所在地市:梧州市&#10;所属河流:浔江'>界首</span>", null, "", "--", "--", "--", "--", "--", "--", "--", "--", "--", "*", "*", "停站"], ["广西壮族自治区", "珠江流域", "<span data-toggle='tooltip' data-placement='right' title='所在地市:贵港市&#10;所属河流:浔江'>石嘴</span>", "07-02 08:00", "Ⅱ", "<span data-toggle='tooltip' data-placement='right' title='原始值：28.53981'>28.5</span>", "<span data-toggle='tooltip' data-placement='right' title='原始值：6.44443'>6.44</span>", "<span data-toggle='tooltip' data-placement='right' title='原始值：8.43972'>8.44</span>", "<span data-toggle='tooltip' data-placement='right' title='原始值：316.6334'>316.6</span>", "<span data-toggle='tooltip' data-placement='right' title='原始值：60.93121'>60.9</span>", "<span data-toggle='tooltip' data-placement='right' title='原始值：2.08'>2.08</span>", "<span data-toggle='tooltip' data-placement='right' title='原始值：0.19'>0.190</span>", "<span data-toggle='tooltip' data-placement='right' title='原始值：0.04173'>0.042</span>", "<span data-toggle='tooltip' data-placement='right' title='原始值：2.6138'>2.61</span>", "*", "*", "正常"], ["广西壮族自治区", "珠江流域", "<span data-toggle='tooltip' data-placement='right' title='所在地市:崇左市&#10;所属河流:平而河'>平而关</span>", "07-02 08:00", "", "<span data-toggle='tooltip' data-placement='right' title='原始值：31.89583'>31.9</span>", "<span data-toggle='tooltip' data-placement='right' title='原始值：7.50342'>7.50</span>", "<span data-toggle='tooltip' data-placement='right' title='原始值：6.70012'>6.70</span>", "<span data-toggle='tooltip' data-placement='right' title='原始值：209.161'>209.2</span>", "<span data-toggle='tooltip' data-placement='right' title='原始值：26.79027'>26.8</span>", "<span data-toggle='tooltip' data-placement='right' title='原始值：1.13041'>1.13</span>", "<span data-toggle='tooltip' data-placement='right' title='极值过滤'>--</span>", "*", "*", "*", "*", "维护"], ["重庆市", "长江流域", "<span data-toggle='tooltip' data-placement='right' title='所在地市:永川区&#10;所属河流:长江'>朱沱</span>", null, "", "--", "--", "--", "--", "--", "--", "--", "--", "--", "*", "*", "停站"], ["四川省", "长江流域", "<span data-toggle='tooltip' data-placement='right' title='所在地市:攀枝花市&#10;所属河流:金沙江'>龙洞</span>", null, "", "--", "--", "--", "--", "--", "--", "--", "--", "--", "*", "*", "停站"], ["四川省", "长江流域", "<span data-toggle='tooltip' data-placement='right' title='所在地市:泸州市&#10;所属河流:沱江'>沱江大桥(沱江二桥)</span>", null, "", "--", "--", "--", "--", "--", "--", "--", "--", "--", "*", "*", "停站"], ["四川省", "长江流域", "<span data-toggle='tooltip' data-placement='right' title='所在地市:广元市&#10;所属河流:嘉陵江'>清风峡</span>", "07-02 04:00", "Ⅱ", "<span data-toggle='tooltip' data-placement='right' title='原始值：23.5'>23.5</span>", "<span data-toggle='tooltip' data-placement='right' title='原始值：7.93796'>7.94</span>", "<span data-toggle='tooltip' data-placement='right' title='原始值：8.60685'>8.61</span>", "<span data-toggle='tooltip' data-placement='right' title='原始值：304.1111'>304.1</span>", "<span data-toggle='tooltip' data-placement='right' title='原始值：894.0522'>894.1</span>", "<span data-toggle='tooltip' data-placement='right' title='原始值：3.93'>3.93</span>", "<span data-toggle='tooltip' data-placement='right' title='原始值：0.12695'>0.127</span>", "*", "*", "*", "*", "正常"], ["四川省", "长江流域", "<span data-toggle='tooltip' data-placement='right' title='所在地市:乐山市&#10;所属河流:岷江'>岷江大桥</span>", "07-02 08:00", "Ⅱ", "<span data-toggle='tooltip' data-placement='right' title='原始值：23.74209'>23.7</span>", "<span data-toggle='tooltip' data-placement='right' title='原始值：7.38312'>7.38</span>", "<span data-toggle='tooltip' data-placement='right' title='原始值：7.97566'>7.98</span>", "<span data-toggle='tooltip' data-placement='right' title='原始值：294.4944'>294.5</span>", "<span data-toggle='tooltip' data-placement='right' title='原始值：166.2574'>166.3</span>", "<span data-toggle='tooltip' data-placement='right' title='原始值：3.26'>3.26</span>", "<span data-toggle='tooltip' data-placement='right' title='原始值：0.31'>0.310</span>", "*", "*", "*", "*", "正常"], ["四川省", "长江流域", "<span data-toggle='tooltip' data-placement='right' title='所在地市:宜宾市&#10;所属河流:岷江'>凉姜沟</span>", null, "", "--", "--", "--", "--", "--", "--", "--", "--", "--", "*", "*", "停站"], ["云南省", "滇池流域", "<span data-toggle='tooltip' data-placement='right' title='所在地市:昆明市&#10;所属河流:滇池'>西苑隧道</span>", null, "", "--", "--", "--", "--", "--", "--", "--", "--", "--", "--", "--", "停站"], ["云南省", "滇池流域", "<span data-toggle='tooltip' data-placement='right' title='所在地市:昆明市&#10;所属河流:滇池'>观音山</span>", "07-02 08:00", "Ⅳ", "<span data-toggle='tooltip' data-placement='right' title='原始值：23.67764'>23.7</span>", "<span data-toggle='tooltip' data-placement='right' title='原始值：7.68919'>7.69</span>", "<span data-toggle='tooltip' data-placement='right' title='原始值：6.33398'>6.33</span>", "<span data-toggle='tooltip' data-placement='right' title='原始值：434.8369'>434.8</span>", "<span data-toggle='tooltip' data-placement='right' title='原始值：33.02365'>33.0</span>", "<span data-toggle='tooltip' data-placement='right' title='原始值：8.18'>8.18</span>", "<span data-toggle='tooltip' data-placement='right' title='原始值：0.17'>0.170</span>", "<span data-toggle='tooltip' data-placement='right' title='原始值：0.085'>0.085</span>", "<span data-toggle='tooltip' data-placement='right' title='原始值：1.137'>1.14</span>", "<span data-toggle='tooltip' data-placement='right' title='原始值：0.04012'>0.040</span>", "<span data-toggle='tooltip' data-placement='right' title='原始值：7699876'>7699876</span>", "正常"], ["云南省", "西南诸河", "<span data-toggle='tooltip' data-placement='right' title='所在地市:红河哈尼族彝族自治州&#10;所属河流:红河'>河口县医院(河口)</span>", "07-02 08:00", "Ⅱ", "<span data-toggle='tooltip' data-placement='right' title='原始值：24.7'>24.7</span>", "<span data-toggle='tooltip' data-placement='right' title='原始值：7.48'>7.48</span>", "<span data-toggle='tooltip' data-placement='right' title='原始值：8.04016'>8.04</span>", "<span data-toggle='tooltip' data-placement='right' title='原始值：188'>188.0</span>", "<span data-toggle='tooltip' data-placement='right' title='原始值：263.8201'>263.8</span>", "<span data-toggle='tooltip' data-placement='right' title='原始值：1.87523'>1.88</span>", "<span data-toggle='tooltip' data-placement='right' title='原始值：0.47272'>0.473</span>", "<span data-toggle='tooltip' data-placement='right' title='原始值：0.01927'>0.019</span>", "<span data-toggle='tooltip' data-placement='right' title='原始值：0.90551'>0.91</span>", "*", "*", "正常"], ["云南省", "西南诸河", "<span data-toggle='tooltip' data-placement='right' title='所在地市:西双版纳傣族自治州&#10;所属河流:澜沧江'>橄榄坝</span>", "07-02 08:00", "Ⅱ", "<span data-toggle='tooltip' data-placement='right' title='原始值：18.42669'>18.4</span>", "<span data-toggle='tooltip' data-placement='right' title='原始值：7.47091'>7.47</span>", "<span data-toggle='tooltip' data-placement='right' title='原始值：6.04308'>6.04</span>", "<span data-toggle='tooltip' data-placement='right' title='原始值：680.7709'>680.8</span>", "<span data-toggle='tooltip' data-placement='right' title='原始值：9.26877'>9.3</span>", "<span data-toggle='tooltip' data-placement='right' title='原始值：2.26'>2.26</span>", "<span data-toggle='tooltip' data-placement='right' title='原始值：0.14475'>0.145</span>", "*", "*", "*", "*", "正常"], ["陕西省", "黄河流域", "<span data-toggle='tooltip' data-placement='right' title='所在地市:渭南市&#10;所属河流:渭河'>潼关吊桥</span>", null, "", "--", "--", "--", "--", "--", "--", "--", "--", "--", "*", "*", "停站"], ["甘肃省", "黄河流域", "<span data-toggle='tooltip' data-placement='right' title='所在地市:兰州市&#10;所属河流:黄河'>新城桥</span>", "07-02 08:00", "Ⅱ", "<span data-toggle='tooltip' data-placement='right' title='原始值：15.86223'>15.9</span>", "<span data-toggle='tooltip' data-placement='right' title='原始值：7.20956'>7.21</span>", "<span data-toggle='tooltip' data-placement='right' title='原始值：8.28164'>8.28</span>", "<span data-toggle='tooltip' data-placement='right' title='原始值：467.2635'>467.3</span>", "<span data-toggle='tooltip' data-placement='right' title='原始值：102.8754'>102.9</span>", "<span data-toggle='tooltip' data-placement='right' title='原始值：2.88'>2.88</span>", "<span data-toggle='tooltip' data-placement='right' title='原始值：0.22'>0.220</span>", "<span data-toggle='tooltip' data-placement='right' title='原始值：0.02966'>0.030</span>", "<span data-toggle='tooltip' data-placement='right' title='原始值：2.27122'>2.27</span>", "*", "*", "正常"], ["宁夏回族自治区", "黄河流域", "<span data-toggle='tooltip' data-placement='right' title='所在地市:中卫市&#10;所属河流:黄河'>中卫下河沿(新墩)</span>", "07-02 04:00", "Ⅱ", "<span data-toggle='tooltip' data-placement='right' title='原始值：20.47324'>20.5</span>", "<span data-toggle='tooltip' data-placement='right' title='原始值：8.3851'>8.39</span>", "<span data-toggle='tooltip' data-placement='right' title='原始值：7.60863'>7.61</span>", "<span data-toggle='tooltip' data-placement='right' title='原始值：747.4716'>747.5</span>", "<span data-toggle='tooltip' data-placement='right' title='原始值：359.4908'>359.5</span>", "<span data-toggle='tooltip' data-placement='right' title='原始值：1.92'>1.92</span>", "<span data-toggle='tooltip' data-placement='right' title='原始值：0.02'>0.020</span>", "<span data-toggle='tooltip' data-placement='right' title='原始值：0.0334'>0.033</span>", "<span data-toggle='tooltip' data-placement='right' title='原始值：0.8728'>0.87</span>", "*", "*", "正常"]]}