省份,流域,断面名称,监测时间,水质类别,水温(℃),pH(无量纲),溶解氧(mg/L),电导率(μS/cm),浊度(NTU),高锰酸盐指数(mg/L),氨氮(mg/L),总磷(mg/L),总氮(mg/L),叶绿素α(mg/L),藻密度(cells/L),站点情况
云南省,西南诸河,红旗桥,04-01 04:00,*,23.8,8.13,7.48,336.9,10.7,--,0.130,0.005,0.48,*,*,维护
云南省,西南诸河,红旗桥,04-01 12:00,*,18.5,8.11,9.20,338.9,17.0,--,0.100,0.005,0.57,*,*,维护
云南省,西南诸河,红旗桥,04-01 12:00,*,18.5,8.11,9.20,338.9,17.0,--,0.100,0.005,0.57,*,*,维护
云南省,西南诸河,红旗桥,*,*,--,--,--,--,--,--,--,--,--,*,*,不具备运行条件
云南省,西南诸河,红旗桥,*,*,--,--,--,--,--,--,--,--,--,*,*,不具备运行条件
云南省,西南诸河,红旗桥,*,*,--,--,--,--,--,--,--,--,--,*,*,不具备运行条件
