{"result": 1, "total": 1, "records": 98, "thead": ["省份", "流域", "断面名称", "监测时间", "水质类别", "水温<br/><span class='unit'>(℃)</span>", "pH<br/><span class='unit'>(无量纲)</span>", "溶解氧<br/><span class='unit'>(mg/L)</span>", "电导率<br/><span class='unit'>(μS/cm)</span>", "浊度<br/><span class='unit'>(NTU)</span>", "高锰酸盐指数<br/><span class='unit'>(mg/L)</span>", "氨氮<br/><span class='unit'>(mg/L)</span>", "总磷<br/><span class='unit'>(mg/L)</span>", "总氮<br/><span class='unit'>(mg/L)</span>", "叶绿素α<br/><span class='unit'>(mg/L)</span>", "藻密度<br/><span class='unit'>(cells/L)</span>", "站点情况"], "tbody": [["北京市", "海河流域", "<span data-toggle='tooltip' data-placement='right' title='所在地市:门头沟区&#10;所属河流:永定河'>沿河城</span>", "09-23 08:00", "Ⅲ", "<span data-toggle='tooltip' data-placement='right' title='原始值：20.45662'>20.5</span>", "<span data-toggle='tooltip' data-placement='right' title='原始值：8.38307'>8.38</span>", "<span data-toggle='tooltip' data-placement='right' title='原始值：7.57906'>7.58</span>", "<span data-toggle='tooltip' data-placement='right' title='原始值：1519.539'>1519.5</span>", "<span data-toggle='tooltip' data-placement='right' title='原始值：16.66436'>16.7</span>", "<span data-toggle='tooltip' data-placement='right' title='原始值：5.22'>5.22</span>", "<span data-toggle='tooltip' data-placement='right' title='原始值：0.14'>0.140</span>", "<span data-toggle='tooltip' data-placement='right' title='原始值：0.0421'>0.042</span>", "<span data-toggle='tooltip' data-placement='right' title='原始值：0.59403'>0.59</span>", "*", "*", "正常"], ["北京市", "海河流域", "<span data-toggle='tooltip' data-placement='right' title='所在地市:密云区&#10;所属河流:潮河'>古北口</span>", "09-23 08:00", "", "<span data-toggle='tooltip' data-placement='right' title='原始值：18.03'>18.0</span>", "<span data-toggle='tooltip' data-placement='right' title='原始值：7.22177'>7.22</span>", "<span data-toggle='tooltip' data-placement='right' title='原始值：8.36085'>8.36</span>", "<span data-toggle='tooltip' data-placement='right' title='原始值：657.1224'>657.1</span>", "<span data-toggle='tooltip' data-placement='right' title='原始值：2.44899'>2.4</span>", "<span data-toggle='tooltip' data-placement='right' title='原始值：0.7675'>0.77</span>", "<span data-toggle='tooltip' data-placement='right' title='原始值：0.21'>0.210</span>", "<span data-toggle='tooltip' data-placement='right' title='极值过滤'>--</span>", "<span data-toggle='tooltip' data-placement='right' title='原始值：6.3551'>6.36</span>", "*", "*", "维护"], ["天津市", "海河流域", "<span data-toggle='tooltip' data-placement='right' title='所在地市:河北区&#10;所属河流:海河'>三岔口</span>", "09-23 08:00", "Ⅲ", "<span data-toggle='tooltip' data-placement='right' title='原始值：23.6254'>23.6</span>", "<span data-toggle='tooltip' data-placement='right' title='原始值：7.5356'>7.54</span>", "<span data-toggle='tooltip' data-placement='right' title='原始值：5.827'>5.83</span>", "<span data-toggle='tooltip' data-placement='right' title='原始值：428.5604'>428.6</span>", "<span data-toggle='tooltip' data-placement='right' title='原始值：13.051'>13.1</span>", "<span data-toggle='tooltip' data-placement='right' title='原始值：2.17'>2.17</span>", "<span data-toggle='tooltip' data-placement='right' title='原始值：0.18'>0.180</span>", "<span data-toggle='tooltip' data-placement='right' title='原始值：0.0026'>0.003</span>", "<span data-toggle='tooltip' data-placement='right' title='原始值：0.7993'>0.80</span>", "*", "*", "正常"], ["天津市", "海河流域", "<span data-toggle='tooltip' data-placement='right' title='所在地市:蓟州区&#10;所属河流:果河'>果河桥</span>", "09-23 04:00", "Ⅱ", "<span data-toggle='tooltip' data-placement='right' title='原始值：23.6'>23.6</span>", "<span data-toggle='tooltip' data-placement='right' title='原始值：8.467'>8.47</span>", "<span data-toggle='tooltip' data-placement='right' title='原始值：13.691'>13.69</span>", "<span data-toggle='tooltip' data-placement='right' title='原始值：583.83'>583.8</span>", "<span data-toggle='tooltip' data-placement='right' title='原始值：6.787'>6.8</span>", "<span data-toggle='tooltip' data-placement='right' title='原始值：3.2583'>3.26</span>", "<span data-toggle='tooltip' data-placement='right' title='原始值：0.16'>0.160</span>", "<span data-toggle='tooltip' data-placement='right' title='原始值：0.0395'>0.040</span>", "<span data-toggle='tooltip' data-placement='right' title='原始值：6.8572'>6.86</span>", "*", "*", "正常"], ["河北省", "海河流域", "<span data-toggle='tooltip' data-placement='right' title='所在地市:石家庄市&#10;所属河流:滹沱河'>岗南水库</span>", "09-23 08:00", "Ⅱ", "<span data-toggle='tooltip' data-placement='right' title='原始值：24.53066'>24.5</span>", "<span data-toggle='tooltip' data-placement='right' title='原始值：8.2317'>8.23</span>", "<span data-toggle='tooltip' data-placement='right' title='原始值：7.10539'>7.11</span>", "<span data-toggle='tooltip' data-placement='right' title='原始值：565.8492'>565.8</span>", "<span data-toggle='tooltip' data-placement='right' title='原始值：1.38742'>1.4</span>", "<span data-toggle='tooltip' data-placement='right' title='原始值：2.39204'>2.39</span>", "<span data-toggle='tooltip' data-placement='right' title='原始值：0.09'>0.090</span>", "<span data-toggle='tooltip' data-placement='right' title='原始值：0.01839'>0.018</span>", "<span data-toggle='tooltip' data-placement='right' title='原始值：2.87008'>2.87</span>", "*", "*", "正常"], ["河北省", "海河流域", "<span data-toggle='tooltip' data-placement='right' title='所在地市:张家口市&#10;所属河流:永定河'>八号桥</span>", "09-23 08:00", "Ⅲ", "<span data-toggle='tooltip' data-placement='right' title='原始值：19.0051'>19.0</span>", "<span data-toggle='tooltip' data-placement='right' title='原始值：7.88721'>7.89</span>", "<span data-toggle='tooltip' data-placement='right' title='原始值：7.70207'>7.70</span>", "<span data-toggle='tooltip' data-placement='right' title='原始值：1026.516'>1026.5</span>", "<span data-toggle='tooltip' data-placement='right' title='原始值：51.95665'>52.0</span>", "<span data-toggle='tooltip' data-placement='right' title='原始值：4.37'>4.37</span>", "<span data-toggle='tooltip' data-placement='right' title='原始值：0.15'>0.150</span>", "<span data-toggle='tooltip' data-placement='right' title='原始值：0.12899'>0.129</span>", "<span data-toggle='tooltip' data-placement='right' title='原始值：3.475'>3.48</span>", "*", "*", "正常"], ["山西省", "黄河流域", "<span data-toggle='tooltip' data-placement='right' title='所在地市:运城市&#10;所属河流:汾河'>河津大桥</span>", "09-23 08:00", "Ⅲ", "<span data-toggle='tooltip' data-placement='right' title='原始值：22.2426'>22.2</span>", "<span data-toggle='tooltip' data-placement='right' title='原始值：7.61125'>7.61</span>", "<span data-toggle='tooltip' data-placement='right' title='原始值：6.7585'>6.76</span>", "<span data-toggle='tooltip' data-placement='right' title='原始值：1840.371'>1840.4</span>", "<span data-toggle='tooltip' data-placement='right' title='原始值：106.1102'>106.1</span>", "<span data-toggle='tooltip' data-placement='right' title='原始值：5.77353'>5.77</span>", "<span data-toggle='tooltip' data-placement='right' title='原始值：0.05'>0.050</span>", "*", "*", "*", "*", "正常"], ["山西省", "黄河流域", "<span data-toggle='tooltip' data-placement='right' title='所在地市:忻州市&#10;所属河流:黄河'>万家寨水库</span>", "09-23 08:00", "Ⅳ", "<span data-toggle='tooltip' data-placement='right' title='原始值：19.03958'>19.0</span>", "<span data-toggle='tooltip' data-placement='right' title='原始值：7.83448'>7.83</span>", "<span data-toggle='tooltip' data-placement='right' title='原始值：8.42393'>8.42</span>", "<span data-toggle='tooltip' data-placement='right' title='原始值：687.173'>687.2</span>", "<span data-toggle='tooltip' data-placement='right' title='原始值：152.9619'>153.0</span>", "<span data-toggle='tooltip' data-placement='right' title='原始值：3.87'>3.87</span>", "<span data-toggle='tooltip' data-placement='right' title='原始值：0.32'>0.320</span>", "<span data-toggle='tooltip' data-placement='right' title='原始值：0.269'>0.269</span>", "<span data-toggle='tooltip' data-placement='right' title='原始值：2.35'>2.35</span>", "*", "*", "正常"], ["内蒙古自治区", "黄河流域", "<span data-toggle='tooltip' data-placement='right' title='所在地市:包头市&#10;所属河流:黄河'>画匠营子</span>", "09-23 08:00", "Ⅱ", "<span data-toggle='tooltip' data-placement='right' title='原始值：18.26173'>18.3</span>", "<span data-toggle='tooltip' data-placement='right' title='原始值：7.83195'>7.83</span>", "<span data-toggle='tooltip' data-placement='right' title='原始值：7.75433'>7.75</span>", "<span data-toggle='tooltip' data-placement='right' title='原始值：803.4935'>803.5</span>", "<span data-toggle='tooltip' data-placement='right' title='原始值：1677.166'>1677.2</span>", "<span data-toggle='tooltip' data-placement='right' title='原始值：3.89105'>3.89</span>", "<span data-toggle='tooltip' data-placement='right' title='原始值：0.02975'>0.030</span>", "*", "*", "*", "*", "正常"], ["内蒙古自治区", "黄河流域", "<span data-toggle='tooltip' data-placement='right' title='所在地市:乌海市&#10;所属河流:黄河'>海勃湾</span>", "09-23 08:00", "Ⅱ", "<span data-toggle='tooltip' data-placement='right' title='原始值：18.12328'>18.1</span>", "<span data-toggle='tooltip' data-placement='right' title='原始值：7.80855'>7.81</span>", "<span data-toggle='tooltip' data-placement='right' title='原始值：6.52586'>6.53</span>", "<span data-toggle='tooltip' data-placement='right' title='原始值：658.1972'>658.2</span>", "<span data-toggle='tooltip' data-placement='right' title='原始值：67.01823'>67.0</span>", "<span data-toggle='tooltip' data-placement='right' title='原始值：1.78'>1.78</span>", "<span data-toggle='tooltip' data-placement='right' title='原始值：0.19'>0.190</span>", "*", "*", "*", "*", "正常"], ["内蒙古自治区", "松花江流域", "<span data-toggle='tooltip' data-placement='right' title='所在地市:呼伦贝尔市&#10;所属河流:额尔古纳河'>黑山头</span>", null, "", "--", "--", "--", "--", "--", "--", "--", "--", "--", "*", "*", "停站"], ["辽宁省", "辽河流域", "<span data-toggle='tooltip' data-placement='right' title='所在地市:抚顺市&#10;所属河流:浑河'>大伙房水库</span>", "09-23 08:00", "", "<span data-toggle='tooltip' data-placement='right' title='原始值：21.01269'>21.0</span>", "<span data-toggle='tooltip' data-placement='right' title='原始值：7.24918'>7.25</span>", "<span data-toggle='tooltip' data-placement='right' title='原始值：8.70933'>8.71</span>", "<span data-toggle='tooltip' data-placement='right' title='原始值：296.391'>296.4</span>", "<span data-toggle='tooltip' data-placement='right' title='原始值：7.5863'>7.6</span>", "<span data-toggle='tooltip' data-placement='right' title='原始值：4.18511'>4.19</span>", "<span data-toggle='tooltip' data-placement='right' title='原始值：0.22'>0.220</span>", "<span data-toggle='tooltip' data-placement='right' title='极值过滤'>--</span>", "<span data-toggle='tooltip' data-placement='right' title='原始值：2.16983'>2.17</span>", "<span data-toggle='tooltip' data-placement='right' title='极值过滤'>--</span>", "*", "维护"], ["辽宁省", "辽河流域", "<span data-toggle='tooltip' data-placement='right' title='所在地市:丹东市&#10;所属河流:鸭绿江'>江桥</span>", "09-23 08:00", "Ⅱ", "<span data-toggle='tooltip' data-placement='right' title='原始值：18.3'>18.3</span>", "<span data-toggle='tooltip' data-placement='right' title='原始值：6.5'>6.50</span>", "<span data-toggle='tooltip' data-placement='right' title='原始值：6.43998'>6.44</span>", "<span data-toggle='tooltip' data-placement='right' title='原始值：128'>128.0</span>", "<span data-toggle='tooltip' data-placement='right' title='原始值：2.90625'>2.9</span>", "<span data-toggle='tooltip' data-placement='right' title='原始值：1.08'>1.08</span>", "<span data-toggle='tooltip' data-placement='right' title='原始值：0.02598'>0.026</span>", "<span data-toggle='tooltip' data-placement='right' title='原始值：0.02469'>0.025</span>", "<span data-toggle='tooltip' data-placement='right' title='原始值：1.86465'>1.86</span>", "*", "*", "正常"], ["辽宁省", "辽河流域", "<span data-toggle='tooltip' data-placement='right' title='所在地市:营口市&#10;所属河流:大辽河'>辽河公园</span>", "09-23 08:00", "Ⅳ", "<span data-toggle='tooltip' data-placement='right' title='原始值：21.37613'>21.4</span>", "<span data-toggle='tooltip' data-placement='right' title='原始值：6.39161'>6.39</span>", "<span data-toggle='tooltip' data-placement='right' title='原始值：5.44789'>5.45</span>", "<span data-toggle='tooltip' data-placement='right' title='原始值：1258.7'>1258.7</span>", "<span data-toggle='tooltip' data-placement='right' title='原始值：279.5516'>279.6</span>", "<span data-toggle='tooltip' data-placement='right' title='原始值：8.71505'>8.72</span>", "<span data-toggle='tooltip' data-placement='right' title='原始值：0.11755'>0.118</span>", "<span data-toggle='tooltip' data-placement='right' title='原始值：0.28931'>0.289</span>", "<span data-toggle='tooltip' data-placement='right' title='原始值：2.67942'>2.68</span>", "*", "*", "正常"], ["辽宁省", "辽河流域", "<span data-toggle='tooltip' data-placement='right' title='所在地市:辽阳市&#10;所属河流:太子河'>汤河水库</span>", "09-23 08:00", "", "<span data-toggle='tooltip' data-placement='right' title='原始值：18.4'>18.4</span>", "<span data-toggle='tooltip' data-placement='right' title='原始值：7.55'>7.55</span>", "<span data-toggle='tooltip' data-placement='right' title='原始值：1.4'>1.40</span>", "<span data-toggle='tooltip' data-placement='right' title='原始值：459.9962'>460.0</span>", "<span data-toggle='tooltip' data-placement='right' title='原始值：72.30089'>72.3</span>", "<span data-toggle='tooltip' data-placement='right' title='原始值：1.05'>1.05</span>", "<span data-toggle='tooltip' data-placement='right' title='原始值：0.04722'>0.047</span>", "<span data-toggle='tooltip' data-placement='right' title='极值过滤'>--</span>", "<span data-toggle='tooltip' data-placement='right' title='原始值：2.25696'>2.26</span>", "*", "*", "维护"], ["辽宁省", "辽河流域", "<span data-toggle='tooltip' data-placement='right' title='所在地市:盘锦市&#10;所属河流:辽河'>盘锦兴安(兴安)</span>", "09-23 08:00", "", "<span data-toggle='tooltip' data-placement='right' title='原始值：21.24341'>21.2</span>", "<span data-toggle='tooltip' data-placement='right' title='原始值：8.03086'>8.03</span>", "<span data-toggle='tooltip' data-placement='right' title='原始值：8.96847'>8.97</span>", "<span data-toggle='tooltip' data-placement='right' title='极值过滤'>--</span>", "<span data-toggle='tooltip' data-placement='right' title='原始值：0.85907'>0.9</span>", "<span data-toggle='tooltip' data-placement='right' title='原始值：3.96227'>3.96</span>", "<span data-toggle='tooltip' data-placement='right' title='原始值：0.09'>0.090</span>", "<span data-toggle='tooltip' data-placement='right' title='极值过滤'>--</span>", "<span data-toggle='tooltip' data-placement='right' title='极值过滤'>--</span>", "*", "*", "维护"], ["辽宁省", "辽河流域", "<span data-toggle='tooltip' data-placement='right' title='所在地市:铁岭市&#10;所属河流:辽河'>珠尔山</span>", "09-23 08:00", "Ⅲ", "<span data-toggle='tooltip' data-placement='right' title='原始值：17.55109'>17.6</span>", "<span data-toggle='tooltip' data-placement='right' title='原始值：7.47826'>7.48</span>", "<span data-toggle='tooltip' data-placement='right' title='原始值：11.0446'>11.04</span>", "<span data-toggle='tooltip' data-placement='right' title='原始值：438.0861'>438.1</span>", "<span data-toggle='tooltip' data-placement='right' title='原始值：100.1793'>100.2</span>", "<span data-toggle='tooltip' data-placement='right' title='原始值：3.85866'>3.86</span>", "<span data-toggle='tooltip' data-placement='right' title='原始值：0.15'>0.150</span>", "<span data-toggle='tooltip' data-placement='right' title='原始值：0.17521'>0.175</span>", "<span data-toggle='tooltip' data-placement='right' title='原始值：4.21422'>4.21</span>", "*", "*", "正常"], ["吉林省", "松花江流域", "<span data-toggle='tooltip' data-placement='right' title='所在地市:长春市&#10;所属河流:松花江'>松花江村</span>", null, "", "--", "--", "--", "--", "--", "--", "--", "--", "--", "*", "*", "停站"], ["吉林省", "松花江流域", "<span data-toggle='tooltip' data-placement='right' title='所在地市:白城市&#10;所属河流:嫩江'>白沙滩</span>", null, "", "--", "--", "--", "--", "--", "--", "--", "--", "--", "*", "*", "停站"], ["吉林省", "松花江流域", "<span data-toggle='tooltip' data-placement='right' title='所在地市:延边朝鲜族自治州&#10;所属河流:图们江'>圈河</span>", null, "", "--", "--", "--", "--", "--", "--", "--", "--", "--", "*", "*", "停站"], ["黑龙江省", "松花江流域", "<span data-toggle='tooltip' data-placement='right' title='所在地市:大庆市&#10;所属河流:松花江'>肇源</span>", null, "", "--", "--", "--", "--", "--", "--", "--", "--", "--", "*", "*", "停站"], ["黑龙江省", "松花江流域", "<span data-toggle='tooltip' data-placement='right' title='所在地市:佳木斯市&#10;所属河流:乌苏里江'>乌苏镇</span>", null, "", "--", "--", "--", "--", "--", "--", "--", "--", "--", "*", "*", "停站"], ["黑龙江省", "松花江流域", "<span data-toggle='tooltip' data-placement='right' title='所在地市:佳木斯市&#10;所属河流:松花江'>同江</span>", "09-23 08:00", "Ⅳ", "<span data-toggle='tooltip' data-placement='right' title='原始值：16.63568'>16.6</span>", "<span data-toggle='tooltip' data-placement='right' title='原始值：7.21876'>7.22</span>", "<span data-toggle='tooltip' data-placement='right' title='原始值：6.56251'>6.56</span>", "<span data-toggle='tooltip' data-placement='right' title='原始值：176.7581'>176.8</span>", "<span data-toggle='tooltip' data-placement='right' title='原始值：110.0021'>110.0</span>", "<span data-toggle='tooltip' data-placement='right' title='原始值：7.26177'>7.26</span>", "<span data-toggle='tooltip' data-placement='right' title='原始值：0.14855'>0.149</span>", "<span data-toggle='tooltip' data-placement='right' title='原始值：0.12695'>0.127</span>", "<span data-toggle='tooltip' data-placement='right' title='原始值：2.37204'>2.37</span>", "*", "*", "正常"], ["黑龙江省", "松花江流域", "<span data-toggle='tooltip' data-placement='right' title='所在地市:黑河市&#10;所属河流:黑龙江'>黑河下(黑河)</span>", null, "", "--", "--", "--", "--", "--", "--", "--", "--", "--", "*", "*", "停站"], ["上海市", "长江流域", "<span data-toggle='tooltip' data-placement='right' title='所在地市:青浦区&#10;所属河流:淀山湖'>急水港桥</span>", "09-23 08:00", "Ⅴ", "<span data-toggle='tooltip' data-placement='right' title='原始值：24.5'>24.5</span>", "<span data-toggle='tooltip' data-placement='right' title='原始值：6.08'>6.08</span>", "<span data-toggle='tooltip' data-placement='right' title='原始值：6.96'>6.96</span>", "<span data-toggle='tooltip' data-placement='right' title='原始值：526'>526.0</span>", "<span data-toggle='tooltip' data-placement='right' title='原始值：191.9'>191.9</span>", "<span data-toggle='tooltip' data-placement='right' title='原始值：4.21875'>4.22</span>", "<span data-toggle='tooltip' data-placement='right' title='原始值：1.87383'>1.874</span>", "<span data-toggle='tooltip' data-placement='right' title='原始值：0.07129'>0.071</span>", "<span data-toggle='tooltip' data-placement='right' title='原始值：3.57814'>3.58</span>", "<span data-toggle='tooltip' data-placement='right' title='原始值：0.00253'>0.003</span>", "<span data-toggle='tooltip' data-placement='right' title='原始值：3504655'>3504655</span>", "正常"], ["江苏省", "长江流域", "<span data-toggle='tooltip' data-placement='right' title='所在地市:南京市&#10;所属河流:长江'>林山</span>", null, "", "--", "--", "--", "--", "--", "--", "--", "--", "--", "*", "*", "停站"], ["江苏省", "太湖流域", "<span data-toggle='tooltip' data-placement='right' title='所在地市:无锡市&#10;所属河流:太湖'>沙渚</span>", "09-23 08:00", "Ⅳ", "<span data-toggle='tooltip' data-placement='right' title='原始值：23.74092'>23.7</span>", "<span data-toggle='tooltip' data-placement='right' title='原始值：8.216922'>8.22</span>", "<span data-toggle='tooltip' data-placement='right' title='原始值：6.873897'>6.87</span>", "<span data-toggle='tooltip' data-placement='right' title='原始值：414.5692'>414.6</span>", "<span data-toggle='tooltip' data-placement='right' title='原始值：41.87327'>41.9</span>", "<span data-toggle='tooltip' data-placement='right' title='原始值：6.78'>6.78</span>", "<span data-toggle='tooltip' data-placement='right' title='原始值：0.19'>0.190</span>", "<span data-toggle='tooltip' data-placement='right' title='原始值：0.1024'>0.102</span>", "<span data-toggle='tooltip' data-placement='right' title='原始值：1.189'>1.19</span>", "*", "*", "正常"], ["江苏省", "淮河流域", "<span data-toggle='tooltip' data-placement='right' title='所在地市:徐州市&#10;所属河流:武河'>小红圈</span>", "09-23 08:00", "", "<span data-toggle='tooltip' data-placement='right' title='原始值：23.02'>23.0</span>", "<span data-toggle='tooltip' data-placement='right' title='原始值：7.36'>7.36</span>", "<span data-toggle='tooltip' data-placement='right' title='原始值：9.13'>9.13</span>", "<span data-toggle='tooltip' data-placement='right' title='原始值：998.9'>998.9</span>", "<span data-toggle='tooltip' data-placement='right' title='原始值：14.06'>14.1</span>", "<span data-toggle='tooltip' data-placement='right' title='原始值：2.21'>2.21</span>", "<span data-toggle='tooltip' data-placement='right' title='原始值：0.071'>0.071</span>", "--", "--", "*", "*", "维护"], ["江苏省", "淮河流域", "<span data-toggle='tooltip' data-placement='right' title='所在地市:徐州市&#10;所属河流:沿河'>李集桥</span>", "09-23 08:00", "Ⅳ", "<span data-toggle='tooltip' data-placement='right' title='原始值：24.98'>25.0</span>", "<span data-toggle='tooltip' data-placement='right' title='原始值：7.46'>7.46</span>", "<span data-toggle='tooltip' data-placement='right' title='原始值：4.13'>4.13</span>", "<span data-toggle='tooltip' data-placement='right' title='原始值：925.1'>925.1</span>", "<span data-toggle='tooltip' data-placement='right' title='原始值：34.87'>34.9</span>", "<span data-toggle='tooltip' data-placement='right' title='原始值：4.7'>4.70</span>", "<span data-toggle='tooltip' data-placement='right' title='原始值：0.053'>0.053</span>", "<span data-toggle='tooltip' data-placement='right' title='原始值：0.089'>0.089</span>", "<span data-toggle='tooltip' data-placement='right' title='原始值：0.862'>0.86</span>", "*", "*", "正常"], ["江苏省", "淮河流域", "<span data-toggle='tooltip' data-placement='right' title='所在地市:徐州市&#10;所属河流:邳苍分洪道'>艾山西大桥</span>", "09-23 08:00", "Ⅲ", "<span data-toggle='tooltip' data-placement='right' title='原始值：23.5438'>23.5</span>", "<span data-toggle='tooltip' data-placement='right' title='原始值：8.28031'>8.28</span>", "<span data-toggle='tooltip' data-placement='right' title='原始值：10.3395'>10.34</span>", "<span data-toggle='tooltip' data-placement='right' title='原始值：805.789'>805.8</span>", "<span data-toggle='tooltip' data-placement='right' title='原始值：13.1623'>13.2</span>", "<span data-toggle='tooltip' data-placement='right' title='原始值：2.56'>2.56</span>", "<span data-toggle='tooltip' data-placement='right' title='原始值：0.18'>0.180</span>", "<span data-toggle='tooltip' data-placement='right' title='原始值：0.13881'>0.139</span>", "<span data-toggle='tooltip' data-placement='right' title='原始值：10.56039'>10.56</span>", "*", "*", "正常"], ["江苏省", "太湖流域", "<span data-toggle='tooltip' data-placement='right' title='所在地市:苏州市&#10;所属河流:太湖'>兰山嘴(老)</span>", "09-23 08:00", "", "<span data-toggle='tooltip' data-placement='right' title='原始值：24.2223'>24.2</span>", "<span data-toggle='tooltip' data-placement='right' title='原始值：7.16335'>7.16</span>", "<span data-toggle='tooltip' data-placement='right' title='原始值：4.44905'>4.45</span>", "<span data-toggle='tooltip' data-placement='right' title='原始值：330.76'>330.8</span>", "<span data-toggle='tooltip' data-placement='right' title='原始值：40.57071'>40.6</span>", "<span data-toggle='tooltip' data-placement='right' title='原始值：3.69'>3.69</span>", "<span data-toggle='tooltip' data-placement='right' title='极值过滤'>--</span>", "<span data-toggle='tooltip' data-placement='right' title='原始值：0.10425'>0.104</span>", "<span data-toggle='tooltip' data-placement='right' title='原始值：1.99903'>2.00</span>", "*", "*", "维护"], ["江苏省", "太湖流域", "<span data-toggle='tooltip' data-placement='right' title='所在地市:苏州市&#10;所属河流:太湖'>西山</span>", "09-23 08:00", "", "<span data-toggle='tooltip' data-placement='right' title='原始值：23.94802'>23.9</span>", "<span data-toggle='tooltip' data-placement='right' title='原始值：7.65529'>7.66</span>", "<span data-toggle='tooltip' data-placement='right' title='原始值：7.38343'>7.38</span>", "<span data-toggle='tooltip' data-placement='right' title='原始值：386.7383'>386.7</span>", "<span data-toggle='tooltip' data-placement='right' title='原始值：36.76979'>36.8</span>", "<span data-toggle='tooltip' data-placement='right' title='原始值：1.65'>1.65</span>", "<span data-toggle='tooltip' data-placement='right' title='极值过滤'>--</span>", "<span data-toggle='tooltip' data-placement='right' title='原始值：0.0418'>0.042</span>", "<span data-toggle='tooltip' data-placement='right' title='原始值：0.5771'>0.58</span>", "*", "*", "维护"], ["江苏省", "淮河流域", "<span data-toggle='tooltip' data-placement='right' title='所在地市:连云港市&#10;所属河流:新沭河'>大兴桥</span>", "09-23 08:00", "Ⅲ", "<span data-toggle='tooltip' data-placement='right' title='原始值：25'>25.0</span>", "<span data-toggle='tooltip' data-placement='right' title='原始值：7.99'>7.99</span>", "<span data-toggle='tooltip' data-placement='right' title='原始值：9.19'>9.19</span>", "<span data-toggle='tooltip' data-placement='right' title='原始值：637.3'>637.3</span>", "<span data-toggle='tooltip' data-placement='right' title='原始值：31.7'>31.7</span>", "<span data-toggle='tooltip' data-placement='right' title='原始值：5.4'>5.40</span>", "<span data-toggle='tooltip' data-placement='right' title='原始值：0.075'>0.075</span>", "*", "*", "*", "*", "正常"], ["江苏省", "淮河流域", "<span data-toggle='tooltip' data-placement='right' title='所在地市:淮安市&#10;所属河流:淮河'>淮河大桥</span>", "09-23 08:00", "Ⅲ", "<span data-toggle='tooltip' data-placement='right' title='原始值：26.30183'>26.3</span>", "<span data-toggle='tooltip' data-placement='right' title='原始值：8.09153'>8.09</span>", "<span data-toggle='tooltip' data-placement='right' title='原始值：5.1288'>5.13</span>", "<span data-toggle='tooltip' data-placement='right' title='原始值：344.125'>344.1</span>", "<span data-toggle='tooltip' data-placement='right' title='原始值：63.82595'>63.8</span>", "<span data-toggle='tooltip' data-placement='right' title='原始值：5'>5.00</span>", "<span data-toggle='tooltip' data-placement='right' title='原始值：0.14'>0.140</span>", "<span data-toggle='tooltip' data-placement='right' title='原始值：0.1767'>0.177</span>", "<span data-toggle='tooltip' data-placement='right' title='原始值：3.308'>3.31</span>", "*", "*", "正常"], ["江苏省", "长江流域", "<span data-toggle='tooltip' data-placement='right' title='所在地市:扬州市&#10;所属河流:夹江'>三江营</span>", "09-23 08:00", "Ⅲ", "<span data-toggle='tooltip' data-placement='right' title='原始值：26.47'>26.5</span>", "<span data-toggle='tooltip' data-placement='right' title='原始值：7.84'>7.84</span>", "<span data-toggle='tooltip' data-placement='right' title='原始值：6.05'>6.05</span>", "<span data-toggle='tooltip' data-placement='right' title='原始值：305.34'>305.3</span>", "<span data-toggle='tooltip' data-placement='right' title='原始值：92.59'>92.6</span>", "<span data-toggle='tooltip' data-placement='right' title='原始值：2.527'>2.53</span>", "<span data-toggle='tooltip' data-placement='right' title='原始值：0.074'>0.074</span>", "<span data-toggle='tooltip' data-placement='right' title='原始值：0.102'>0.102</span>", "<span data-toggle='tooltip' data-placement='right' title='原始值：2.01'>2.01</span>", "*", "*", "正常"], ["江苏省", "淮河流域", "<span data-toggle='tooltip' data-placement='right' title='所在地市:宿迁市&#10;所属河流:新濉河'>大屈</span>", "09-23 08:00", "Ⅳ", "<span data-toggle='tooltip' data-placement='right' title='原始值：23.9'>23.9</span>", "<span data-toggle='tooltip' data-placement='right' title='原始值：7.46'>7.46</span>", "<span data-toggle='tooltip' data-placement='right' title='原始值：5.19'>5.19</span>", "<span data-toggle='tooltip' data-placement='right' title='原始值：733.5'>733.5</span>", "<span data-toggle='tooltip' data-placement='right' title='原始值：63.97'>64.0</span>", "<span data-toggle='tooltip' data-placement='right' title='原始值：3.68'>3.68</span>", "<span data-toggle='tooltip' data-placement='right' title='原始值：0.04'>0.040</span>", "<span data-toggle='tooltip' data-placement='right' title='原始值：0.235'>0.235</span>", "<span data-toggle='tooltip' data-placement='right' title='原始值：1.5'>1.50</span>", "*", "*", "正常"], ["浙江省", "浙闽片河流", "<span data-toggle='tooltip' data-placement='right' title='所在地市:杭州市&#10;所属河流:新安江'>街口(鸠坑口)</span>", "09-23 08:00", "Ⅱ", "<span data-toggle='tooltip' data-placement='right' title='原始值：22.74'>22.7</span>", "<span data-toggle='tooltip' data-placement='right' title='原始值：7.84'>7.84</span>", "<span data-toggle='tooltip' data-placement='right' title='原始值：8.76'>8.76</span>", "<span data-toggle='tooltip' data-placement='right' title='原始值：211.2'>211.2</span>", "<span data-toggle='tooltip' data-placement='right' title='原始值：40.71'>40.7</span>", "<span data-toggle='tooltip' data-placement='right' title='原始值：1.892'>1.89</span>", "<span data-toggle='tooltip' data-placement='right' title='原始值：0.003'>0.003</span>", "<span data-toggle='tooltip' data-placement='right' title='原始值：0.024'>0.024</span>", "<span data-toggle='tooltip' data-placement='right' title='原始值：1.049'>1.05</span>", "*", "*", "正常"], ["浙江省", "太湖流域", "<span data-toggle='tooltip' data-placement='right' title='所在地市:嘉兴市&#10;所属河流:斜路港河'>斜路港</span>", "09-23 08:00", "Ⅳ", "<span data-toggle='tooltip' data-placement='right' title='原始值：24.3'>24.3</span>", "<span data-toggle='tooltip' data-placement='right' title='原始值：7.18'>7.18</span>", "<span data-toggle='tooltip' data-placement='right' title='原始值：3.42'>3.42</span>", "<span data-toggle='tooltip' data-placement='right' title='原始值：434'>434.0</span>", "<span data-toggle='tooltip' data-placement='right' title='原始值：75.4'>75.4</span>", "<span data-toggle='tooltip' data-placement='right' title='原始值：5.34'>5.34</span>", "<span data-toggle='tooltip' data-placement='right' title='原始值：0.07888'>0.079</span>", "<span data-toggle='tooltip' data-placement='right' title='原始值：0.11414'>0.114</span>", "<span data-toggle='tooltip' data-placement='right' title='原始值：1.47555'>1.48</span>", "*", "*", "正常"], ["浙江省", "太湖流域", "<span data-toggle='tooltip' data-placement='right' title='所在地市:嘉兴市&#10;所属河流:京杭运河'>王江泾</span>", "09-23 08:00", "Ⅴ", "<span data-toggle='tooltip' data-placement='right' title='原始值：25.09'>25.1</span>", "<span data-toggle='tooltip' data-placement='right' title='原始值：7.13'>7.13</span>", "<span data-toggle='tooltip' data-placement='right' title='原始值：2.91'>2.91</span>", "<span data-toggle='tooltip' data-placement='right' title='原始值：495.34'>495.3</span>", "<span data-toggle='tooltip' data-placement='right' title='原始值：52.83'>52.8</span>", "<span data-toggle='tooltip' data-placement='right' title='原始值：4.728'>4.73</span>", "<span data-toggle='tooltip' data-placement='right' title='原始值：0.142'>0.142</span>", "<span data-toggle='tooltip' data-placement='right' title='原始值：0.074'>0.074</span>", "<span data-toggle='tooltip' data-placement='right' title='原始值：1.945'>1.94</span>", "*", "*", "正常"], ["浙江省", "太湖流域", "<span data-toggle='tooltip' data-placement='right' title='所在地市:湖州市&#10;所属河流:西苕溪'>新港口(新塘港)</span>", "09-23 08:00", "Ⅳ", "<span data-toggle='tooltip' data-placement='right' title='原始值：23.5381'>23.5</span>", "<span data-toggle='tooltip' data-placement='right' title='原始值：7.25056'>7.25</span>", "<span data-toggle='tooltip' data-placement='right' title='原始值：4.97352'>4.97</span>", "<span data-toggle='tooltip' data-placement='right' title='原始值：267.302'>267.3</span>", "<span data-toggle='tooltip' data-placement='right' title='原始值：96.8448'>96.8</span>", "<span data-toggle='tooltip' data-placement='right' title='原始值：3.10571'>3.11</span>", "<span data-toggle='tooltip' data-placement='right' title='原始值：0.17601'>0.176</span>", "<span data-toggle='tooltip' data-placement='right' title='原始值：0.09057'>0.091</span>", "<span data-toggle='tooltip' data-placement='right' title='原始值：10.6981'>10.70</span>", "*", "*", "正常"], ["安徽省", "巢湖流域", "<span data-toggle='tooltip' data-placement='right' title='所在地市:合肥市&#10;所属河流:巢湖'>湖滨(老)</span>", "09-23 08:00", "Ⅴ", "<span data-toggle='tooltip' data-placement='right' title='原始值：24.27843'>24.3</span>", "<span data-toggle='tooltip' data-placement='right' title='原始值：6.97709'>6.98</span>", "<span data-toggle='tooltip' data-placement='right' title='原始值：6.23562'>6.24</span>", "<span data-toggle='tooltip' data-placement='right' title='原始值：211.0806'>211.1</span>", "<span data-toggle='tooltip' data-placement='right' title='原始值：84.1622'>84.2</span>", "<span data-toggle='tooltip' data-placement='right' title='原始值：6.17'>6.17</span>", "<span data-toggle='tooltip' data-placement='right' title='原始值：0.22'>0.220</span>", "<span data-toggle='tooltip' data-placement='right' title='原始值：0.1038'>0.104</span>", "<span data-toggle='tooltip' data-placement='right' title='原始值：1.093'>1.09</span>", "<span data-toggle='tooltip' data-placement='right' title='原始值：0.02653'>0.027</span>", "*", "正常"], ["安徽省", "巢湖流域", "<span data-toggle='tooltip' data-placement='right' title='所在地市:芜湖市&#10;所属河流:巢湖'>裕溪口(老)</span>", "09-23 08:00", "Ⅳ", "<span data-toggle='tooltip' data-placement='right' title='原始值：24.49838'>24.5</span>", "<span data-toggle='tooltip' data-placement='right' title='原始值：7.54467'>7.54</span>", "<span data-toggle='tooltip' data-placement='right' title='原始值：3.56261'>3.56</span>", "<span data-toggle='tooltip' data-placement='right' title='原始值：325.1934'>325.2</span>", "<span data-toggle='tooltip' data-placement='right' title='原始值：53.77147'>53.8</span>", "<span data-toggle='tooltip' data-placement='right' title='原始值：5.29'>5.29</span>", "<span data-toggle='tooltip' data-placement='right' title='原始值：0.19'>0.190</span>", "<span data-toggle='tooltip' data-placement='right' title='原始值：0.0813'>0.081</span>", "<span data-toggle='tooltip' data-placement='right' title='原始值：1.468'>1.47</span>", "*", "*", "正常"], ["安徽省", "淮河流域", "<span data-toggle='tooltip' data-placement='right' title='所在地市:蚌埠市&#10;所属河流:淮河'>蚌埠闸上(蚌埠闸)</span>", "09-23 08:00", "Ⅱ", "<span data-toggle='tooltip' data-placement='right' title='原始值：26.14'>26.1</span>", "<span data-toggle='tooltip' data-placement='right' title='原始值：7.18'>7.18</span>", "<span data-toggle='tooltip' data-placement='right' title='原始值：8.33'>8.33</span>", "<span data-toggle='tooltip' data-placement='right' title='原始值：494.08'>494.1</span>", "<span data-toggle='tooltip' data-placement='right' title='原始值：93.4'>93.4</span>", "<span data-toggle='tooltip' data-placement='right' title='原始值：2.837'>2.84</span>", "<span data-toggle='tooltip' data-placement='right' title='原始值：0.077'>0.077</span>", "<span data-toggle='tooltip' data-placement='right' title='原始值：0.082'>0.082</span>", "<span data-toggle='tooltip' data-placement='right' title='原始值：1.231'>1.23</span>", "*", "*", "正常"], ["安徽省", "淮河流域", "<span data-toggle='tooltip' data-placement='right' title='所在地市:淮南市&#10;所属河流:淮河'>石头埠(老)</span>", "09-23 08:00", "Ⅳ", "<span data-toggle='tooltip' data-placement='right' title='原始值：25.22448'>25.2</span>", "<span data-toggle='tooltip' data-placement='right' title='原始值：7.1583'>7.16</span>", "<span data-toggle='tooltip' data-placement='right' title='原始值：3.24851'>3.25</span>", "<span data-toggle='tooltip' data-placement='right' title='原始值：230.9502'>231.0</span>", "<span data-toggle='tooltip' data-placement='right' title='原始值：51.35876'>51.4</span>", "<span data-toggle='tooltip' data-placement='right' title='原始值：6.17001'>6.17</span>", "<span data-toggle='tooltip' data-placement='right' title='原始值：0.15'>0.150</span>", "*", "*", "*", "*", "正常"], ["安徽省", "淮河流域", "<span data-toggle='tooltip' data-placement='right' title='所在地市:淮北市&#10;所属河流:沱河'>小王桥</span>", "09-23 08:00", "Ⅴ", "<span data-toggle='tooltip' data-placement='right' title='原始值：24.55'>24.6</span>", "<span data-toggle='tooltip' data-placement='right' title='原始值：7.91'>7.91</span>", "<span data-toggle='tooltip' data-placement='right' title='原始值：4.73'>4.73</span>", "<span data-toggle='tooltip' data-placement='right' title='原始值：1211.09'>1211.1</span>", "<span data-toggle='tooltip' data-placement='right' title='原始值：32.71'>32.7</span>", "<span data-toggle='tooltip' data-placement='right' title='原始值：7.708'>7.71</span>", "<span data-toggle='tooltip' data-placement='right' title='原始值：0.082'>0.082</span>", "<span data-toggle='tooltip' data-placement='right' title='原始值：0.365'>0.365</span>", "<span data-toggle='tooltip' data-placement='right' title='原始值：1.551'>1.55</span>", "*", "*", "正常"], ["安徽省", "长江流域", "<span data-toggle='tooltip' data-placement='right' title='所在地市:安庆市&#10;所属河流:长江'>皖河口</span>", "09-23 08:00", "Ⅱ", "<span data-toggle='tooltip' data-placement='right' title='原始值：23.16'>23.2</span>", "<span data-toggle='tooltip' data-placement='right' title='原始值：7.447'>7.45</span>", "<span data-toggle='tooltip' data-placement='right' title='原始值：6.54'>6.54</span>", "<span data-toggle='tooltip' data-placement='right' title='原始值：290.68'>290.7</span>", "<span data-toggle='tooltip' data-placement='right' title='原始值：67.73'>67.7</span>", "<span data-toggle='tooltip' data-placement='right' title='原始值：2.068'>2.07</span>", "<span data-toggle='tooltip' data-placement='right' title='原始值：0.054'>0.054</span>", "<span data-toggle='tooltip' data-placement='right' title='原始值：0.0785'>0.078</span>", "<span data-toggle='tooltip' data-placement='right' title='原始值：2.236'>2.24</span>", "*", "*", "正常"], ["安徽省", "淮河流域", "<span data-toggle='tooltip' data-placement='right' title='所在地市:滁州市&#10;所属河流:淮河'>小柳巷</span>", "09-23 08:00", "Ⅲ", "<span data-toggle='tooltip' data-placement='right' title='原始值：26.8'>26.8</span>", "<span data-toggle='tooltip' data-placement='right' title='原始值：7.14'>7.14</span>", "<span data-toggle='tooltip' data-placement='right' title='原始值：5.17'>5.17</span>", "<span data-toggle='tooltip' data-placement='right' title='原始值：300'>300.0</span>", "<span data-toggle='tooltip' data-placement='right' title='原始值：58.32'>58.3</span>", "<span data-toggle='tooltip' data-placement='right' title='原始值：2.45'>2.45</span>", "<span data-toggle='tooltip' data-placement='right' title='原始值：0.05'>0.050</span>", "<span data-toggle='tooltip' data-placement='right' title='原始值：0.128'>0.128</span>", "<span data-toggle='tooltip' data-placement='right' title='原始值：0.917'>0.92</span>", "*", "*", "正常"], ["安徽省", "淮河流域", "<span data-toggle='tooltip' data-placement='right' title='所在地市:阜阳市&#10;所属河流:黑茨河'>张大桥</span>", null, "", "--", "--", "--", "--", "--", "--", "--", "--", "--", "*", "*", "停站"], ["安徽省", "淮河流域", "<span data-toggle='tooltip' data-placement='right' title='所在地市:阜阳市&#10;所属河流:淮河'>王家坝</span>", "09-23 08:00", "Ⅲ", "<span data-toggle='tooltip' data-placement='right' title='原始值：24.15875'>24.2</span>", "<span data-toggle='tooltip' data-placement='right' title='原始值：8.06256'>8.06</span>", "<span data-toggle='tooltip' data-placement='right' title='原始值：6.19556'>6.20</span>", "<span data-toggle='tooltip' data-placement='right' title='原始值：401.3915'>401.4</span>", "<span data-toggle='tooltip' data-placement='right' title='原始值：34.82994'>34.8</span>", "<span data-toggle='tooltip' data-placement='right' title='原始值：2.52'>2.52</span>", "<span data-toggle='tooltip' data-placement='right' title='原始值：0.19'>0.190</span>", "<span data-toggle='tooltip' data-placement='right' title='原始值：0.18141'>0.181</span>", "<span data-toggle='tooltip' data-placement='right' title='原始值：1.01686'>1.02</span>", "*", "*", "正常"], ["安徽省", "淮河流域", "<span data-toggle='tooltip' data-placement='right' title='所在地市:阜阳市&#10;所属河流:颍河'>界首七渡口(七渡口)</span>", "09-23 08:00", "Ⅳ", "<span data-toggle='tooltip' data-placement='right' title='原始值：25.62572'>25.6</span>", "<span data-toggle='tooltip' data-placement='right' title='原始值：8.26434'>8.26</span>", "<span data-toggle='tooltip' data-placement='right' title='原始值：4.17682'>4.18</span>", "<span data-toggle='tooltip' data-placement='right' title='原始值：766.2488'>766.2</span>", "<span data-toggle='tooltip' data-placement='right' title='原始值：18.34751'>18.3</span>", "<span data-toggle='tooltip' data-placement='right' title='原始值：3.38'>3.38</span>", "<span data-toggle='tooltip' data-placement='right' title='原始值：0.13'>0.130</span>", "<span data-toggle='tooltip' data-placement='right' title='原始值：0.11379'>0.114</span>", "<span data-toggle='tooltip' data-placement='right' title='原始值：2.50232'>2.50</span>", "*", "*", "正常"], ["安徽省", "淮河流域", "<span data-toggle='tooltip' data-placement='right' title='所在地市:阜阳市&#10;所属河流:泉河'>许庄(徐庄)</span>", "09-23 08:00", "", "<span data-toggle='tooltip' data-placement='right' title='原始值：23.8'>23.8</span>", "<span data-toggle='tooltip' data-placement='right' title='原始值：7.8'>7.80</span>", "<span data-toggle='tooltip' data-placement='right' title='原始值：5.93'>5.93</span>", "<span data-toggle='tooltip' data-placement='right' title='原始值：830'>830.0</span>", "<span data-toggle='tooltip' data-placement='right' title='原始值：79.97'>80.0</span>", "<span data-toggle='tooltip' data-placement='right' title='原始值：0.74'>0.74</span>", "<span data-toggle='tooltip' data-placement='right' title='极值过滤'>--</span>", "<span data-toggle='tooltip' data-placement='right' title='原始值：0.131'>0.131</span>", "<span data-toggle='tooltip' data-placement='right' title='原始值：0.859'>0.86</span>", "*", "*", "维护"], ["安徽省", "淮河流域", "<span data-toggle='tooltip' data-placement='right' title='所在地市:宿州市&#10;所属河流:奎河'>杨庄</span>", "09-23 08:00", "Ⅲ", "<span data-toggle='tooltip' data-placement='right' title='原始值：24.33'>24.3</span>", "<span data-toggle='tooltip' data-placement='right' title='原始值：7.71'>7.71</span>", "<span data-toggle='tooltip' data-placement='right' title='原始值：6.1'>6.10</span>", "<span data-toggle='tooltip' data-placement='right' title='原始值：929.6'>929.6</span>", "<span data-toggle='tooltip' data-placement='right' title='原始值：65.56'>65.6</span>", "<span data-toggle='tooltip' data-placement='right' title='原始值：5.11'>5.11</span>", "<span data-toggle='tooltip' data-placement='right' title='原始值：0.326'>0.326</span>", "*", "*", "*", "*", "正常"], ["安徽省", "淮河流域", "<span data-toggle='tooltip' data-placement='right' title='所在地市:宿州市&#10;所属河流:新汴河'>泗县公路桥</span>", "09-23 08:00", "Ⅳ", "<span data-toggle='tooltip' data-placement='right' title='原始值：25.5'>25.5</span>", "<span data-toggle='tooltip' data-placement='right' title='原始值：8.21'>8.21</span>", "<span data-toggle='tooltip' data-placement='right' title='原始值：7.68'>7.68</span>", "<span data-toggle='tooltip' data-placement='right' title='原始值：918.3'>918.3</span>", "<span data-toggle='tooltip' data-placement='right' title='原始值：67.99'>68.0</span>", "<span data-toggle='tooltip' data-placement='right' title='原始值：7.44'>7.44</span>", "<span data-toggle='tooltip' data-placement='right' title='原始值：0.065'>0.065</span>", "*", "*", "*", "*", "正常"], ["安徽省", "淮河流域", "<span data-toggle='tooltip' data-placement='right' title='所在地市:亳州市&#10;所属河流:包河'>颜集</span>", "09-23 08:00", "Ⅳ", "<span data-toggle='tooltip' data-placement='right' title='原始值：21.8'>21.8</span>", "<span data-toggle='tooltip' data-placement='right' title='原始值：7.72'>7.72</span>", "<span data-toggle='tooltip' data-placement='right' title='原始值：5.59'>5.59</span>", "<span data-toggle='tooltip' data-placement='right' title='原始值：1625.2'>1625.2</span>", "<span data-toggle='tooltip' data-placement='right' title='原始值：195.89'>195.9</span>", "<span data-toggle='tooltip' data-placement='right' title='原始值：4.23'>4.23</span>", "<span data-toggle='tooltip' data-placement='right' title='原始值：0.43'>0.430</span>", "<span data-toggle='tooltip' data-placement='right' title='原始值：0.261'>0.261</span>", "<span data-toggle='tooltip' data-placement='right' title='原始值：1.962'>1.96</span>", "*", "*", "正常"], ["福建省", "浙闽片河流", "<span data-toggle='tooltip' data-placement='right' title='所在地市:福州市&#10;所属河流:闽江'>白岩潭</span>", "09-23 08:00", "", "<span data-toggle='tooltip' data-placement='right' title='原始值：28.88'>28.9</span>", "<span data-toggle='tooltip' data-placement='right' title='原始值：6.85'>6.85</span>", "<span data-toggle='tooltip' data-placement='right' title='原始值：5.48'>5.48</span>", "<span data-toggle='tooltip' data-placement='right' title='原始值：327'>327.0</span>", "<span data-toggle='tooltip' data-placement='right' title='原始值：81.68'>81.7</span>", "<span data-toggle='tooltip' data-placement='right' title='原始值：2.39'>2.39</span>", "<span data-toggle='tooltip' data-placement='right' title='极值过滤'>--</span>", "*", "*", "*", "*", "维护"], ["江西省", "长江流域", "<span data-toggle='tooltip' data-placement='right' title='所在地市:南昌市&#10;所属河流:赣江南支'>滁槎</span>", "09-23 08:00", "", "<span data-toggle='tooltip' data-placement='right' title='原始值：25.65701'>25.7</span>", "<span data-toggle='tooltip' data-placement='right' title='原始值：7.74644'>7.75</span>", "<span data-toggle='tooltip' data-placement='right' title='原始值：7.86328'>7.86</span>", "<span data-toggle='tooltip' data-placement='right' title='原始值：154.2452'>154.2</span>", "<span data-toggle='tooltip' data-placement='right' title='原始值：42.63742'>42.6</span>", "<span data-toggle='tooltip' data-placement='right' title='原始值：3.35'>3.35</span>", "<span data-toggle='tooltip' data-placement='right' title='极值过滤'>--</span>", "<span data-toggle='tooltip' data-placement='right' title='原始值：0.069'>0.069</span>", "<span data-toggle='tooltip' data-placement='right' title='原始值：1.595'>1.60</span>", "*", "*", "维护"], ["江西省", "长江流域", "<span data-toggle='tooltip' data-placement='right' title='所在地市:九江市&#10;所属河流:长江'>姚港(河西水厂)</span>", "09-23 08:00", "Ⅲ", "<span data-toggle='tooltip' data-placement='right' title='原始值：23.37'>23.4</span>", "<span data-toggle='tooltip' data-placement='right' title='原始值：7.38'>7.38</span>", "<span data-toggle='tooltip' data-placement='right' title='原始值：7.24'>7.24</span>", "<span data-toggle='tooltip' data-placement='right' title='原始值：286.86'>286.9</span>", "<span data-toggle='tooltip' data-placement='right' title='原始值：74.99'>75.0</span>", "<span data-toggle='tooltip' data-placement='right' title='原始值：1.546'>1.55</span>", "<span data-toggle='tooltip' data-placement='right' title='原始值：0.001'>0.001</span>", "<span data-toggle='tooltip' data-placement='right' title='原始值：0.116'>0.116</span>", "<span data-toggle='tooltip' data-placement='right' title='原始值：1.51'>1.51</span>", "*", "*", "正常"], ["江西省", "长江流域", "<span data-toggle='tooltip' data-placement='right' title='所在地市:九江市&#10;所属河流:鄱阳湖'>蛤蟆石</span>", "09-23 08:00", "Ⅲ", "<span data-toggle='tooltip' data-placement='right' title='原始值：23.69'>23.7</span>", "<span data-toggle='tooltip' data-placement='right' title='原始值：7'>7.00</span>", "<span data-toggle='tooltip' data-placement='right' title='原始值：7.73'>7.73</span>", "<span data-toggle='tooltip' data-placement='right' title='原始值：123.35'>123.4</span>", "<span data-toggle='tooltip' data-placement='right' title='原始值：20.69'>20.7</span>", "<span data-toggle='tooltip' data-placement='right' title='原始值：1.991'>1.99</span>", "<span data-toggle='tooltip' data-placement='right' title='原始值：0.014'>0.014</span>", "<span data-toggle='tooltip' data-placement='right' title='原始值：0.0276'>0.028</span>", "<span data-toggle='tooltip' data-placement='right' title='原始值：0.556'>0.56</span>", "<span data-toggle='tooltip' data-placement='right' title='原始值：0.00539'>0.005</span>", "<span data-toggle='tooltip' data-placement='right' title='原始值：1671484'>1671484</span>", "正常"], ["山东省", "黄河流域", "<span data-toggle='tooltip' data-placement='right' title='所在地市:济南市&#10;所属河流:黄河'>泺口</span>", "09-23 08:00", "Ⅱ", "<span data-toggle='tooltip' data-placement='right' title='原始值：23.5906'>23.6</span>", "<span data-toggle='tooltip' data-placement='right' title='原始值：8.11217'>8.11</span>", "<span data-toggle='tooltip' data-placement='right' title='原始值：7.80358'>7.80</span>", "<span data-toggle='tooltip' data-placement='right' title='原始值：690.032'>690.0</span>", "<span data-toggle='tooltip' data-placement='right' title='原始值：1156.25'>1156.2</span>", "<span data-toggle='tooltip' data-placement='right' title='原始值：2.19'>2.19</span>", "<span data-toggle='tooltip' data-placement='right' title='原始值：0.12428'>0.124</span>", "<span data-toggle='tooltip' data-placement='right' title='原始值：0.02103'>0.021</span>", "<span data-toggle='tooltip' data-placement='right' title='原始值：2.992'>2.99</span>", "*", "*", "正常"], ["山东省", "淮河流域", "<span data-toggle='tooltip' data-placement='right' title='所在地市:枣庄市&#10;所属河流:京杭大运河（韩庄运河）'>台儿庄大桥</span>", "09-23 08:00", "Ⅱ", "<span data-toggle='tooltip' data-placement='right' title='原始值：25.92'>25.9</span>", "<span data-toggle='tooltip' data-placement='right' title='原始值：7.54882'>7.55</span>", "<span data-toggle='tooltip' data-placement='right' title='原始值：6.45765'>6.46</span>", "<span data-toggle='tooltip' data-placement='right' title='原始值：857.6996'>857.7</span>", "<span data-toggle='tooltip' data-placement='right' title='原始值：21.28292'>21.3</span>", "<span data-toggle='tooltip' data-placement='right' title='原始值：3.50812'>3.51</span>", "<span data-toggle='tooltip' data-placement='right' title='原始值：0.05841'>0.058</span>", "<span data-toggle='tooltip' data-placement='right' title='原始值：0.06396'>0.064</span>", "<span data-toggle='tooltip' data-placement='right' title='原始值：2.00911'>2.01</span>", "*", "*", "正常"], ["山东省", "淮河流域", "<span data-toggle='tooltip' data-placement='right' title='所在地市:临沂市&#10;所属河流:沭河'>清泉寺</span>", "09-23 08:00", "Ⅳ", "<span data-toggle='tooltip' data-placement='right' title='原始值：24.76658'>24.8</span>", "<span data-toggle='tooltip' data-placement='right' title='原始值：7.76277'>7.76</span>", "<span data-toggle='tooltip' data-placement='right' title='原始值：6.15519'>6.16</span>", "<span data-toggle='tooltip' data-placement='right' title='原始值：780.0223'>780.0</span>", "<span data-toggle='tooltip' data-placement='right' title='原始值：40.32191'>40.3</span>", "<span data-toggle='tooltip' data-placement='right' title='原始值：6.8'>6.80</span>", "<span data-toggle='tooltip' data-placement='right' title='原始值：0.27'>0.270</span>", "*", "*", "*", "*", "正常"], ["山东省", "淮河流域", "<span data-toggle='tooltip' data-placement='right' title='所在地市:临沂市&#10;所属河流:沂河'>重坊桥</span>", null, "", "--", "--", "--", "--", "--", "--", "--", "--", "--", "*", "*", "停站"], ["山东省", "淮河流域", "<span data-toggle='tooltip' data-placement='right' title='所在地市:临沂市&#10;所属河流:白马河'>捷庄(涝沟桥)</span>", "09-23 08:00", "Ⅲ", "<span data-toggle='tooltip' data-placement='right' title='原始值：24.1'>24.1</span>", "<span data-toggle='tooltip' data-placement='right' title='原始值：7.47'>7.47</span>", "<span data-toggle='tooltip' data-placement='right' title='原始值：12.7647'>12.76</span>", "<span data-toggle='tooltip' data-placement='right' title='原始值：717.002'>717.0</span>", "<span data-toggle='tooltip' data-placement='right' title='原始值：46.83048'>46.8</span>", "<span data-toggle='tooltip' data-placement='right' title='原始值：5.65'>5.65</span>", "<span data-toggle='tooltip' data-placement='right' title='原始值：0.04039'>0.040</span>", "<span data-toggle='tooltip' data-placement='right' title='原始值：0.10161'>0.102</span>", "<span data-toggle='tooltip' data-placement='right' title='原始值：5.13966'>5.14</span>", "*", "*", "正常"], ["山东省", "海河流域", "<span data-toggle='tooltip' data-placement='right' title='所在地市:聊城市&#10;所属河流:卫运河'>秤勾湾(秤钩湾)</span>", null, "", "--", "--", "--", "--", "--", "--", "--", "--", "--", "*", "*", "停站"], ["河南省", "长江流域", "<span data-toggle='tooltip' data-placement='right' title='所在地市:南阳市&#10;所属河流:丹江口水库'>陶岔</span>", "09-23 08:00", "Ⅱ", "<span data-toggle='tooltip' data-placement='right' title='原始值：23.84'>23.8</span>", "<span data-toggle='tooltip' data-placement='right' title='原始值：7.50189'>7.50</span>", "<span data-toggle='tooltip' data-placement='right' title='原始值：6.94542'>6.95</span>", "<span data-toggle='tooltip' data-placement='right' title='原始值：285.8713'>285.9</span>", "<span data-toggle='tooltip' data-placement='right' title='原始值：2.23244'>2.2</span>", "<span data-toggle='tooltip' data-placement='right' title='原始值：2.04'>2.04</span>", "<span data-toggle='tooltip' data-placement='right' title='原始值：0.02894'>0.029</span>", "<span data-toggle='tooltip' data-placement='right' title='原始值：0.01162'>0.012</span>", "<span data-toggle='tooltip' data-placement='right' title='原始值：0.79684'>0.80</span>", "<span data-toggle='tooltip' data-placement='right' title='原始值：0.00476'>0.005</span>", "<span data-toggle='tooltip' data-placement='right' title='极值过滤'>--</span>", "维护"], ["河南省", "淮河流域", "<span data-toggle='tooltip' data-placement='right' title='所在地市:商丘市&#10;所属河流:浍河'>黄口</span>", "09-23 08:00", "Ⅲ", "<span data-toggle='tooltip' data-placement='right' title='原始值：21.4999'>21.5</span>", "<span data-toggle='tooltip' data-placement='right' title='原始值：7.25'>7.25</span>", "<span data-toggle='tooltip' data-placement='right' title='原始值：5.13065'>5.13</span>", "<span data-toggle='tooltip' data-placement='right' title='原始值：1858.969'>1859.0</span>", "<span data-toggle='tooltip' data-placement='right' title='原始值：51.30655'>51.3</span>", "<span data-toggle='tooltip' data-placement='right' title='原始值：4.31'>4.31</span>", "<span data-toggle='tooltip' data-placement='right' title='原始值：0.12166'>0.122</span>", "<span data-toggle='tooltip' data-placement='right' title='原始值：0.1218'>0.122</span>", "<span data-toggle='tooltip' data-placement='right' title='原始值：7.45949'>7.46</span>", "*", "*", "正常"], ["河南省", "淮河流域", "<span data-toggle='tooltip' data-placement='right' title='所在地市:信阳市&#10;所属河流:史灌河'>蒋集</span>", "09-23 08:00", "Ⅳ", "<span data-toggle='tooltip' data-placement='right' title='原始值：24.98442'>25.0</span>", "<span data-toggle='tooltip' data-placement='right' title='原始值：6.89237'>6.89</span>", "<span data-toggle='tooltip' data-placement='right' title='原始值：4.725'>4.72</span>", "<span data-toggle='tooltip' data-placement='right' title='原始值：189.2501'>189.3</span>", "<span data-toggle='tooltip' data-placement='right' title='原始值：291.1893'>291.2</span>", "<span data-toggle='tooltip' data-placement='right' title='原始值：3.42'>3.42</span>", "<span data-toggle='tooltip' data-placement='right' title='原始值：0.17008'>0.170</span>", "*", "*", "*", "*", "正常"], ["河南省", "淮河流域", "<span data-toggle='tooltip' data-placement='right' title='所在地市:信阳市&#10;所属河流:淮河'>淮滨水文站(淮滨)</span>", "09-23 08:00", "Ⅲ", "<span data-toggle='tooltip' data-placement='right' title='原始值：22.8'>22.8</span>", "<span data-toggle='tooltip' data-placement='right' title='原始值：7.1'>7.10</span>", "<span data-toggle='tooltip' data-placement='right' title='原始值：6.74984'>6.75</span>", "<span data-toggle='tooltip' data-placement='right' title='原始值：239'>239.0</span>", "<span data-toggle='tooltip' data-placement='right' title='原始值：73.95789'>74.0</span>", "<span data-toggle='tooltip' data-placement='right' title='原始值：2.902'>2.90</span>", "<span data-toggle='tooltip' data-placement='right' title='原始值：0.11141'>0.111</span>", "<span data-toggle='tooltip' data-placement='right' title='原始值：0.13933'>0.139</span>", "<span data-toggle='tooltip' data-placement='right' title='原始值：0.49656'>0.50</span>", "*", "*", "正常"], ["河南省", "淮河流域", "<span data-toggle='tooltip' data-placement='right' title='所在地市:周口市&#10;所属河流:沙河'>沈丘闸</span>", "09-23 08:00", "", "<span data-toggle='tooltip' data-placement='right' title='原始值：24.31426'>24.3</span>", "<span data-toggle='tooltip' data-placement='right' title='原始值：7.30893'>7.31</span>", "<span data-toggle='tooltip' data-placement='right' title='原始值：3.84042'>3.84</span>", "<span data-toggle='tooltip' data-placement='right' title='原始值：1040'>1040.0</span>", "<span data-toggle='tooltip' data-placement='right' title='原始值：20.3853'>20.4</span>", "<span data-toggle='tooltip' data-placement='right' title='原始值：3.185'>3.18</span>", "<span data-toggle='tooltip' data-placement='right' title='极值过滤'>--</span>", "*", "*", "*", "*", "维护"], ["河南省", "淮河流域", "<span data-toggle='tooltip' data-placement='right' title='所在地市:周口市&#10;所属河流:涡河'>鹿邑付桥(鹿邑付桥闸)</span>", "09-23 08:00", "Ⅲ", "<span data-toggle='tooltip' data-placement='right' title='原始值：24.21547'>24.2</span>", "<span data-toggle='tooltip' data-placement='right' title='原始值：8.43623'>8.44</span>", "<span data-toggle='tooltip' data-placement='right' title='原始值：5.87899'>5.88</span>", "<span data-toggle='tooltip' data-placement='right' title='原始值：1413.005'>1413.0</span>", "<span data-toggle='tooltip' data-placement='right' title='原始值：10.74757'>10.7</span>", "<span data-toggle='tooltip' data-placement='right' title='原始值：5.695'>5.70</span>", "<span data-toggle='tooltip' data-placement='right' title='原始值：0.07'>0.070</span>", "<span data-toggle='tooltip' data-placement='right' title='原始值：0.1594'>0.159</span>", "<span data-toggle='tooltip' data-placement='right' title='原始值：1.44847'>1.45</span>", "*", "*", "正常"], ["河南省", "淮河流域", "<span data-toggle='tooltip' data-placement='right' title='所在地市:驻马店市&#10;所属河流:洪河'>新蔡班台(班台)</span>", "09-23 08:00", "Ⅴ", "<span data-toggle='tooltip' data-placement='right' title='原始值：23.17492'>23.2</span>", "<span data-toggle='tooltip' data-placement='right' title='原始值：7.25863'>7.26</span>", "<span data-toggle='tooltip' data-placement='right' title='原始值：5.90817'>5.91</span>", "<span data-toggle='tooltip' data-placement='right' title='原始值：846.9061'>846.9</span>", "<span data-toggle='tooltip' data-placement='right' title='原始值：14.50341'>14.5</span>", "<span data-toggle='tooltip' data-placement='right' title='原始值：3.555'>3.56</span>", "<span data-toggle='tooltip' data-placement='right' title='原始值：0.31'>0.310</span>", "<span data-toggle='tooltip' data-placement='right' title='原始值：0.30348'>0.303</span>", "<span data-toggle='tooltip' data-placement='right' title='原始值：3.35658'>3.36</span>", "*", "*", "正常"], ["河南省", "黄河流域", "<span data-toggle='tooltip' data-placement='right' title='所在地市:济源市&#10;所属河流:黄河'>小浪底水库(小浪底)</span>", null, "", "--", "--", "--", "--", "--", "--", "--", "--", "--", "*", "*", "停站"], ["湖北省", "长江流域", "<span data-toggle='tooltip' data-placement='right' title='所在地市:武汉市&#10;所属河流:汉江'>宗关</span>", null, "", "--", "--", "--", "--", "--", "--", "--", "--", "--", "--", "--", "停站"], ["湖北省", "长江流域", "<span data-toggle='tooltip' data-placement='right' title='所在地市:十堰市&#10;所属河流:丹江口水库'>坝上中(胡家岭)</span>", "09-23 08:00", "Ⅱ", "<span data-toggle='tooltip' data-placement='right' title='原始值：24.63'>24.6</span>", "<span data-toggle='tooltip' data-placement='right' title='原始值：7.91924'>7.92</span>", "<span data-toggle='tooltip' data-placement='right' title='原始值：6.678664'>6.68</span>", "<span data-toggle='tooltip' data-placement='right' title='原始值：233.8'>233.8</span>", "<span data-toggle='tooltip' data-placement='right' title='原始值：3.690385'>3.7</span>", "<span data-toggle='tooltip' data-placement='right' title='原始值：2.35'>2.35</span>", "<span data-toggle='tooltip' data-placement='right' title='原始值：0.116'>0.116</span>", "<span data-toggle='tooltip' data-placement='right' title='原始值：0.012'>0.012</span>", "<span data-toggle='tooltip' data-placement='right' title='原始值：1.241'>1.24</span>", "<span data-toggle='tooltip' data-placement='right' title='原始值：0.0270662'>0.027</span>", "<span data-toggle='tooltip' data-placement='right' title='原始值：1.1936E+07'>11936000</span>", "正常"], ["湖北省", "长江流域", "<span data-toggle='tooltip' data-placement='right' title='所在地市:宜昌市&#10;所属河流:长江'>南津关</span>", "09-23 08:00", "Ⅱ", "<span data-toggle='tooltip' data-placement='right' title='原始值：23.5'>23.5</span>", "<span data-toggle='tooltip' data-placement='right' title='原始值：7.957749'>7.96</span>", "<span data-toggle='tooltip' data-placement='right' title='原始值：7.072957'>7.07</span>", "<span data-toggle='tooltip' data-placement='right' title='原始值：352.56'>352.6</span>", "<span data-toggle='tooltip' data-placement='right' title='原始值：56.08779'>56.1</span>", "<span data-toggle='tooltip' data-placement='right' title='原始值：1.96'>1.96</span>", "<span data-toggle='tooltip' data-placement='right' title='原始值：0.013'>0.013</span>", "<span data-toggle='tooltip' data-placement='right' title='原始值：0.072'>0.072</span>", "<span data-toggle='tooltip' data-placement='right' title='原始值：1.047'>1.05</span>", "--", "--", "维护"], ["湖南省", "长江流域", "<span data-toggle='tooltip' data-placement='right' title='所在地市:长沙市&#10;所属河流:湘江'>新港</span>", "09-23 08:00", "Ⅱ", "<span data-toggle='tooltip' data-placement='right' title='原始值：23.74'>23.7</span>", "<span data-toggle='tooltip' data-placement='right' title='原始值：7.17'>7.17</span>", "<span data-toggle='tooltip' data-placement='right' title='原始值：6.07'>6.07</span>", "<span data-toggle='tooltip' data-placement='right' title='原始值：228.09'>228.1</span>", "<span data-toggle='tooltip' data-placement='right' title='原始值：72.83'>72.8</span>", "<span data-toggle='tooltip' data-placement='right' title='原始值：2.2'>2.20</span>", "<span data-toggle='tooltip' data-placement='right' title='原始值：0.118'>0.118</span>", "<span data-toggle='tooltip' data-placement='right' title='原始值：0.078'>0.078</span>", "<span data-toggle='tooltip' data-placement='right' title='原始值：1.82'>1.82</span>", "*", "*", "正常"], ["湖南省", "长江流域", "<span data-toggle='tooltip' data-placement='right' title='所在地市:岳阳市&#10;所属河流:洞庭湖'>岳阳楼</span>", "09-23 08:00", "Ⅴ", "<span data-toggle='tooltip' data-placement='right' title='原始值：21.69'>21.7</span>", "<span data-toggle='tooltip' data-placement='right' title='原始值：7.854503'>7.85</span>", "<span data-toggle='tooltip' data-placement='right' title='原始值：6.881043'>6.88</span>", "<span data-toggle='tooltip' data-placement='right' title='原始值：222.1398'>222.1</span>", "<span data-toggle='tooltip' data-placement='right' title='原始值：66.8585'>66.9</span>", "<span data-toggle='tooltip' data-placement='right' title='原始值：2.93'>2.93</span>", "<span data-toggle='tooltip' data-placement='right' title='原始值：0.004'>0.004</span>", "<span data-toggle='tooltip' data-placement='right' title='原始值：0.112'>0.112</span>", "<span data-toggle='tooltip' data-placement='right' title='原始值：1.284'>1.28</span>", "<span data-toggle='tooltip' data-placement='right' title='原始值：0.0035781'>0.004</span>", "<span data-toggle='tooltip' data-placement='right' title='原始值：332.421'>332</span>", "正常"], ["湖南省", "长江流域", "<span data-toggle='tooltip' data-placement='right' title='所在地市:岳阳市&#10;所属河流:长江'>城陵矶</span>", "09-23 08:00", "Ⅲ", "<span data-toggle='tooltip' data-placement='right' title='原始值：22.81'>22.8</span>", "<span data-toggle='tooltip' data-placement='right' title='原始值：7.723269'>7.72</span>", "<span data-toggle='tooltip' data-placement='right' title='原始值：8.268841'>8.27</span>", "<span data-toggle='tooltip' data-placement='right' title='原始值：228.299'>228.3</span>", "<span data-toggle='tooltip' data-placement='right' title='原始值：73.07941'>73.1</span>", "<span data-toggle='tooltip' data-placement='right' title='原始值：2.36'>2.36</span>", "<span data-toggle='tooltip' data-placement='right' title='原始值：0.013'>0.013</span>", "<span data-toggle='tooltip' data-placement='right' title='原始值：0.119'>0.119</span>", "<span data-toggle='tooltip' data-placement='right' title='原始值：0.8755'>0.88</span>", "*", "*", "正常"], ["广东省", "珠江流域", "<span data-toggle='tooltip' data-placement='right' title='所在地市:清远市&#10;所属河流:北江'>七星岗</span>", "09-23 08:00", "劣Ⅴ", "<span data-toggle='tooltip' data-placement='right' title='原始值：30.92978'>30.9</span>", "<span data-toggle='tooltip' data-placement='right' title='原始值：7.44899'>7.45</span>", "<span data-toggle='tooltip' data-placement='right' title='原始值：5.51262'>5.51</span>", "<span data-toggle='tooltip' data-placement='right' title='原始值：238.776'>238.8</span>", "<span data-toggle='tooltip' data-placement='right' title='原始值：16.84446'>16.8</span>", "<span data-toggle='tooltip' data-placement='right' title='原始值：1.69'>1.69</span>", "<span data-toggle='tooltip' data-placement='right' title='原始值：0.13825'>0.138</span>", "<span data-toggle='tooltip' data-placement='right' title='原始值：0.67469'>0.675</span>", "<span data-toggle='tooltip' data-placement='right' title='原始值：1.5269'>1.53</span>", "*", "*", "正常"], ["广东省", "珠江流域", "<span data-toggle='tooltip' data-placement='right' title='所在地市:中山市&#10;所属河流:西江'>横栏</span>", "09-23 08:00", "Ⅴ", "<span data-toggle='tooltip' data-placement='right' title='原始值：27.4'>27.4</span>", "<span data-toggle='tooltip' data-placement='right' title='原始值：7.76'>7.76</span>", "<span data-toggle='tooltip' data-placement='right' title='原始值：6.88'>6.88</span>", "<span data-toggle='tooltip' data-placement='right' title='原始值：225'>225.0</span>", "<span data-toggle='tooltip' data-placement='right' title='原始值：25.7'>25.7</span>", "<span data-toggle='tooltip' data-placement='right' title='原始值：1.97'>1.97</span>", "<span data-toggle='tooltip' data-placement='right' title='原始值：1.65243'>1.652</span>", "*", "*", "*", "*", "正常"], ["广西壮族自治区", "珠江流域", "<span data-toggle='tooltip' data-placement='right' title='所在地市:南宁市&#10;所属河流:邕江'>老口</span>", "09-23 08:00", "Ⅱ", "<span data-toggle='tooltip' data-placement='right' title='原始值：28.92926'>28.9</span>", "<span data-toggle='tooltip' data-placement='right' title='原始值：7.43162'>7.43</span>", "<span data-toggle='tooltip' data-placement='right' title='原始值：6.01032'>6.01</span>", "<span data-toggle='tooltip' data-placement='right' title='原始值：314.3948'>314.4</span>", "<span data-toggle='tooltip' data-placement='right' title='原始值：11.70936'>11.7</span>", "<span data-toggle='tooltip' data-placement='right' title='原始值：1.22158'>1.22</span>", "<span data-toggle='tooltip' data-placement='right' title='原始值：0.10803'>0.108</span>", "<span data-toggle='tooltip' data-placement='right' title='原始值：0.02863'>0.029</span>", "<span data-toggle='tooltip' data-placement='right' title='原始值：1.63027'>1.63</span>", "*", "*", "正常"], ["广西壮族自治区", "珠江流域", "<span data-toggle='tooltip' data-placement='right' title='所在地市:桂林市&#10;所属河流:漓江'>阳朔</span>", null, "", "--", "--", "--", "--", "--", "--", "--", "--", "--", "*", "*", "停站"], ["广西壮族自治区", "珠江流域", "<span data-toggle='tooltip' data-placement='right' title='所在地市:梧州市&#10;所属河流:浔江'>界首</span>", null, "", "--", "--", "--", "--", "--", "--", "--", "--", "--", "*", "*", "停站"], ["广西壮族自治区", "珠江流域", "<span data-toggle='tooltip' data-placement='right' title='所在地市:贵港市&#10;所属河流:浔江'>石嘴</span>", "09-23 08:00", "Ⅱ", "<span data-toggle='tooltip' data-placement='right' title='原始值：27.44532'>27.4</span>", "<span data-toggle='tooltip' data-placement='right' title='原始值：7.11787'>7.12</span>", "<span data-toggle='tooltip' data-placement='right' title='原始值：8.62907'>8.63</span>", "<span data-toggle='tooltip' data-placement='right' title='原始值：245.4717'>245.5</span>", "<span data-toggle='tooltip' data-placement='right' title='原始值：50.29253'>50.3</span>", "<span data-toggle='tooltip' data-placement='right' title='原始值：1.7'>1.70</span>", "<span data-toggle='tooltip' data-placement='right' title='原始值：0.23'>0.230</span>", "<span data-toggle='tooltip' data-placement='right' title='原始值：0.00859'>0.009</span>", "<span data-toggle='tooltip' data-placement='right' title='原始值：1.5714'>1.57</span>", "*", "*", "正常"], ["广西壮族自治区", "珠江流域", "<span data-toggle='tooltip' data-placement='right' title='所在地市:崇左市&#10;所属河流:平而河'>平而关</span>", "09-23 08:00", "Ⅲ", "<span data-toggle='tooltip' data-placement='right' title='原始值：28.24121'>28.2</span>", "<span data-toggle='tooltip' data-placement='right' title='原始值：7.81635'>7.82</span>", "<span data-toggle='tooltip' data-placement='right' title='原始值：6.34429'>6.34</span>", "<span data-toggle='tooltip' data-placement='right' title='原始值：281.5734'>281.6</span>", "<span data-toggle='tooltip' data-placement='right' title='原始值：38.34507'>38.3</span>", "<span data-toggle='tooltip' data-placement='right' title='原始值：1.49513'>1.50</span>", "<span data-toggle='tooltip' data-placement='right' title='原始值：0.57'>0.570</span>", "*", "*", "*", "*", "正常"], ["重庆市", "长江流域", "<span data-toggle='tooltip' data-placement='right' title='所在地市:永川区&#10;所属河流:长江'>朱沱</span>", null, "", "--", "--", "--", "--", "--", "--", "--", "--", "--", "*", "*", "停站"], ["四川省", "长江流域", "<span data-toggle='tooltip' data-placement='right' title='所在地市:攀枝花市&#10;所属河流:金沙江'>龙洞</span>", "09-23 08:00", "Ⅱ", "<span data-toggle='tooltip' data-placement='right' title='原始值：20.85'>20.8</span>", "<span data-toggle='tooltip' data-placement='right' title='原始值：8.250983'>8.25</span>", "<span data-toggle='tooltip' data-placement='right' title='原始值：9.236816'>9.24</span>", "<span data-toggle='tooltip' data-placement='right' title='原始值：706.581'>706.6</span>", "<span data-toggle='tooltip' data-placement='right' title='原始值：85.03954'>85.0</span>", "<span data-toggle='tooltip' data-placement='right' title='原始值：1.65'>1.65</span>", "<span data-toggle='tooltip' data-placement='right' title='原始值：0.001'>0.001</span>", "<span data-toggle='tooltip' data-placement='right' title='原始值：0.0207351'>0.021</span>", "<span data-toggle='tooltip' data-placement='right' title='原始值：2.023768'>2.02</span>", "*", "*", "正常"], ["四川省", "长江流域", "<span data-toggle='tooltip' data-placement='right' title='所在地市:泸州市&#10;所属河流:沱江'>沱江大桥(沱江二桥)</span>", "09-23 08:00", "Ⅳ", "<span data-toggle='tooltip' data-placement='right' title='原始值：24.11'>24.1</span>", "<span data-toggle='tooltip' data-placement='right' title='原始值：8.071396'>8.07</span>", "<span data-toggle='tooltip' data-placement='right' title='原始值：7.864417'>7.86</span>", "<span data-toggle='tooltip' data-placement='right' title='原始值：464.7653'>464.8</span>", "<span data-toggle='tooltip' data-placement='right' title='原始值：72.8887'>72.9</span>", "<span data-toggle='tooltip' data-placement='right' title='原始值：8.6'>8.60</span>", "<span data-toggle='tooltip' data-placement='right' title='原始值：0.028'>0.028</span>", "<span data-toggle='tooltip' data-placement='right' title='原始值：0.171554'>0.172</span>", "<span data-toggle='tooltip' data-placement='right' title='原始值：3.876099'>3.88</span>", "*", "*", "正常"], ["四川省", "长江流域", "<span data-toggle='tooltip' data-placement='right' title='所在地市:广元市&#10;所属河流:嘉陵江'>清风峡</span>", "09-23 08:00", "Ⅰ", "<span data-toggle='tooltip' data-placement='right' title='原始值：18.53831'>18.5</span>", "<span data-toggle='tooltip' data-placement='right' title='原始值：8.17'>8.17</span>", "<span data-toggle='tooltip' data-placement='right' title='原始值：8.9157'>8.92</span>", "<span data-toggle='tooltip' data-placement='right' title='原始值：325'>325.0</span>", "<span data-toggle='tooltip' data-placement='right' title='原始值：109.529'>109.5</span>", "<span data-toggle='tooltip' data-placement='right' title='原始值：1.84'>1.84</span>", "<span data-toggle='tooltip' data-placement='right' title='原始值：0.12282'>0.123</span>", "*", "*", "*", "*", "正常"], ["四川省", "长江流域", "<span data-toggle='tooltip' data-placement='right' title='所在地市:乐山市&#10;所属河流:岷江'>岷江大桥</span>", null, "", "--", "--", "--", "--", "--", "--", "--", "--", "--", "*", "*", "停站"], ["四川省", "长江流域", "<span data-toggle='tooltip' data-placement='right' title='所在地市:宜宾市&#10;所属河流:岷江'>凉姜沟</span>", null, "", "--", "--", "--", "--", "--", "--", "--", "--", "--", "*", "*", "停站"], ["云南省", "滇池流域", "<span data-toggle='tooltip' data-placement='right' title='所在地市:昆明市&#10;所属河流:滇池'>西苑隧道</span>", null, "", "--", "--", "--", "--", "--", "--", "--", "--", "--", "--", "--", "维护"], ["云南省", "滇池流域", "<span data-toggle='tooltip' data-placement='right' title='所在地市:昆明市&#10;所属河流:滇池'>观音山</span>", "09-23 08:00", "Ⅴ", "<span data-toggle='tooltip' data-placement='right' title='原始值：21.88128'>21.9</span>", "<span data-toggle='tooltip' data-placement='right' title='原始值：8.66016'>8.66</span>", "<span data-toggle='tooltip' data-placement='right' title='原始值：7.70101'>7.70</span>", "<span data-toggle='tooltip' data-placement='right' title='原始值：430.5914'>430.6</span>", "<span data-toggle='tooltip' data-placement='right' title='原始值：98.58172'>98.6</span>", "<span data-toggle='tooltip' data-placement='right' title='原始值：7.77692'>7.78</span>", "<span data-toggle='tooltip' data-placement='right' title='原始值：0.23'>0.230</span>", "<span data-toggle='tooltip' data-placement='right' title='原始值：0.1238'>0.124</span>", "<span data-toggle='tooltip' data-placement='right' title='原始值：1.332'>1.33</span>", "<span data-toggle='tooltip' data-placement='right' title='原始值：0.00551'>0.006</span>", "<span data-toggle='tooltip' data-placement='right' title='原始值：7.342925E+07'>73429250</span>", "正常"], ["云南省", "西南诸河", "<span data-toggle='tooltip' data-placement='right' title='所在地市:红河哈尼族彝族自治州&#10;所属河流:红河'>河口县医院(河口)</span>", "09-23 08:00", "Ⅲ", "<span data-toggle='tooltip' data-placement='right' title='原始值：24.86162'>24.9</span>", "<span data-toggle='tooltip' data-placement='right' title='原始值：7.53488'>7.53</span>", "<span data-toggle='tooltip' data-placement='right' title='原始值：7.65759'>7.66</span>", "<span data-toggle='tooltip' data-placement='right' title='原始值：221.9458'>221.9</span>", "<span data-toggle='tooltip' data-placement='right' title='原始值：81.99818'>82.0</span>", "<span data-toggle='tooltip' data-placement='right' title='原始值：2.31459'>2.31</span>", "<span data-toggle='tooltip' data-placement='right' title='原始值：0.02479'>0.025</span>", "<span data-toggle='tooltip' data-placement='right' title='原始值：0.12189'>0.122</span>", "<span data-toggle='tooltip' data-placement='right' title='原始值：1.4481'>1.45</span>", "*", "*", "正常"], ["云南省", "西南诸河", "<span data-toggle='tooltip' data-placement='right' title='所在地市:西双版纳傣族自治州&#10;所属河流:澜沧江'>橄榄坝</span>", "09-23 08:00", "Ⅱ", "<span data-toggle='tooltip' data-placement='right' title='原始值：20.02871'>20.0</span>", "<span data-toggle='tooltip' data-placement='right' title='原始值：7.55687'>7.56</span>", "<span data-toggle='tooltip' data-placement='right' title='原始值：6.69197'>6.69</span>", "<span data-toggle='tooltip' data-placement='right' title='原始值：462.8715'>462.9</span>", "<span data-toggle='tooltip' data-placement='right' title='原始值：37.54623'>37.5</span>", "<span data-toggle='tooltip' data-placement='right' title='原始值：0.53'>0.53</span>", "<span data-toggle='tooltip' data-placement='right' title='原始值：0.07108'>0.071</span>", "*", "*", "*", "*", "正常"], ["陕西省", "黄河流域", "<span data-toggle='tooltip' data-placement='right' title='所在地市:渭南市&#10;所属河流:渭河'>潼关吊桥</span>", null, "", "--", "--", "--", "--", "--", "--", "--", "--", "--", "*", "*", "停站"], ["甘肃省", "黄河流域", "<span data-toggle='tooltip' data-placement='right' title='所在地市:兰州市&#10;所属河流:黄河'>新城桥</span>", "09-23 08:00", "Ⅱ", "<span data-toggle='tooltip' data-placement='right' title='原始值：15.79809'>15.8</span>", "<span data-toggle='tooltip' data-placement='right' title='原始值：7.4759'>7.48</span>", "<span data-toggle='tooltip' data-placement='right' title='原始值：7.39527'>7.40</span>", "<span data-toggle='tooltip' data-placement='right' title='原始值：455.3582'>455.4</span>", "<span data-toggle='tooltip' data-placement='right' title='原始值：872.7533'>872.8</span>", "<span data-toggle='tooltip' data-placement='right' title='原始值：3.74'>3.74</span>", "<span data-toggle='tooltip' data-placement='right' title='原始值：0.15'>0.150</span>", "<span data-toggle='tooltip' data-placement='right' title='原始值：0.07261'>0.073</span>", "<span data-toggle='tooltip' data-placement='right' title='原始值：4.65262'>4.65</span>", "*", "*", "正常"], ["宁夏回族自治区", "黄河流域", "<span data-toggle='tooltip' data-placement='right' title='所在地市:中卫市&#10;所属河流:黄河'>中卫下河沿(新墩)</span>", "09-23 08:00", "Ⅱ", "<span data-toggle='tooltip' data-placement='right' title='原始值：17.50241'>17.5</span>", "<span data-toggle='tooltip' data-placement='right' title='原始值：7.90903'>7.91</span>", "<span data-toggle='tooltip' data-placement='right' title='原始值：7.98381'>7.98</span>", "<span data-toggle='tooltip' data-placement='right' title='原始值：552.3423'>552.3</span>", "<span data-toggle='tooltip' data-placement='right' title='原始值：97.51279'>97.5</span>", "<span data-toggle='tooltip' data-placement='right' title='原始值：2.24'>2.24</span>", "<span data-toggle='tooltip' data-placement='right' title='原始值：0.08'>0.080</span>", "<span data-toggle='tooltip' data-placement='right' title='原始值：0.091'>0.091</span>", "<span data-toggle='tooltip' data-placement='right' title='原始值：1.7563'>1.76</span>", "*", "*", "正常"]]}