{"result": 1, "total": 1, "records": 98, "thead": ["省份", "流域", "断面名称", "监测时间", "水质类别", "水温<br/><span class='unit'>(℃)</span>", "pH<br/><span class='unit'>(无量纲)</span>", "溶解氧<br/><span class='unit'>(mg/L)</span>", "电导率<br/><span class='unit'>(μS/cm)</span>", "浊度<br/><span class='unit'>(NTU)</span>", "高锰酸盐指数<br/><span class='unit'>(mg/L)</span>", "氨氮<br/><span class='unit'>(mg/L)</span>", "总磷<br/><span class='unit'>(mg/L)</span>", "总氮<br/><span class='unit'>(mg/L)</span>", "叶绿素α<br/><span class='unit'>(mg/L)</span>", "藻密度<br/><span class='unit'>(cells/L)</span>", "站点情况"], "tbody": [["北京市", "海河流域", "<span data-toggle='tooltip' data-placement='right' title='所在地市:门头沟区&#10;所属河流:永定河'>沿河城</span>", "09-16 04:00", "Ⅲ", "<span data-toggle='tooltip' data-placement='right' title='原始值：20.48552'>20.5</span>", "<span data-toggle='tooltip' data-placement='right' title='原始值：8.29907'>8.30</span>", "<span data-toggle='tooltip' data-placement='right' title='原始值：8.23774'>8.24</span>", "<span data-toggle='tooltip' data-placement='right' title='原始值：1339.752'>1339.8</span>", "<span data-toggle='tooltip' data-placement='right' title='原始值：23.14436'>23.1</span>", "<span data-toggle='tooltip' data-placement='right' title='原始值：5.8'>5.80</span>", "<span data-toggle='tooltip' data-placement='right' title='原始值：0.21'>0.210</span>", "<span data-toggle='tooltip' data-placement='right' title='原始值：0.04647'>0.046</span>", "<span data-toggle='tooltip' data-placement='right' title='原始值：0.57032'>0.57</span>", "*", "*", "正常"], ["北京市", "海河流域", "<span data-toggle='tooltip' data-placement='right' title='所在地市:密云区&#10;所属河流:潮河'>古北口</span>", "09-16 08:00", "Ⅱ", "<span data-toggle='tooltip' data-placement='right' title='原始值：19.94207'>19.9</span>", "<span data-toggle='tooltip' data-placement='right' title='原始值：7.13865'>7.14</span>", "<span data-toggle='tooltip' data-placement='right' title='原始值：7.6307'>7.63</span>", "<span data-toggle='tooltip' data-placement='right' title='原始值：671.2445'>671.2</span>", "<span data-toggle='tooltip' data-placement='right' title='原始值：2.7766'>2.8</span>", "<span data-toggle='tooltip' data-placement='right' title='原始值：1.1175'>1.12</span>", "<span data-toggle='tooltip' data-placement='right' title='原始值：0.2'>0.200</span>", "<span data-toggle='tooltip' data-placement='right' title='原始值：0.0031'>0.003</span>", "<span data-toggle='tooltip' data-placement='right' title='原始值：5.5246'>5.52</span>", "*", "*", "正常"], ["天津市", "海河流域", "<span data-toggle='tooltip' data-placement='right' title='所在地市:河北区&#10;所属河流:海河'>三岔口</span>", "09-16 08:00", "Ⅳ", "<span data-toggle='tooltip' data-placement='right' title='原始值：23.7823'>23.8</span>", "<span data-toggle='tooltip' data-placement='right' title='原始值：7.2436'>7.24</span>", "<span data-toggle='tooltip' data-placement='right' title='原始值：5.002'>5.00</span>", "<span data-toggle='tooltip' data-placement='right' title='原始值：531.2983'>531.3</span>", "<span data-toggle='tooltip' data-placement='right' title='原始值：24.959'>25.0</span>", "<span data-toggle='tooltip' data-placement='right' title='原始值：3.37'>3.37</span>", "<span data-toggle='tooltip' data-placement='right' title='原始值：1.19'>1.190</span>", "<span data-toggle='tooltip' data-placement='right' title='原始值：0.04'>0.040</span>", "<span data-toggle='tooltip' data-placement='right' title='原始值：1.5382'>1.54</span>", "*", "*", "正常"], ["天津市", "海河流域", "<span data-toggle='tooltip' data-placement='right' title='所在地市:蓟州区&#10;所属河流:果河'>果河桥</span>", "09-16 08:00", "Ⅱ", "<span data-toggle='tooltip' data-placement='right' title='原始值：23.6'>23.6</span>", "<span data-toggle='tooltip' data-placement='right' title='原始值：8.053'>8.05</span>", "<span data-toggle='tooltip' data-placement='right' title='原始值：7.567'>7.57</span>", "<span data-toggle='tooltip' data-placement='right' title='原始值：602.971'>603.0</span>", "<span data-toggle='tooltip' data-placement='right' title='原始值：5.713'>5.7</span>", "<span data-toggle='tooltip' data-placement='right' title='原始值：2.7319'>2.73</span>", "<span data-toggle='tooltip' data-placement='right' title='原始值：0.3'>0.300</span>", "<span data-toggle='tooltip' data-placement='right' title='原始值：0.0562'>0.056</span>", "<span data-toggle='tooltip' data-placement='right' title='原始值：6.5017'>6.50</span>", "*", "*", "正常"], ["河北省", "海河流域", "<span data-toggle='tooltip' data-placement='right' title='所在地市:石家庄市&#10;所属河流:滹沱河'>岗南水库</span>", "09-16 08:00", "Ⅱ", "<span data-toggle='tooltip' data-placement='right' title='原始值：27.37862'>27.4</span>", "<span data-toggle='tooltip' data-placement='right' title='原始值：8.17066'>8.17</span>", "<span data-toggle='tooltip' data-placement='right' title='原始值：6.16361'>6.16</span>", "<span data-toggle='tooltip' data-placement='right' title='原始值：560.4909'>560.5</span>", "<span data-toggle='tooltip' data-placement='right' title='原始值：0.77694'>0.8</span>", "<span data-toggle='tooltip' data-placement='right' title='原始值：2.39344'>2.39</span>", "<span data-toggle='tooltip' data-placement='right' title='原始值：0.03'>0.030</span>", "<span data-toggle='tooltip' data-placement='right' title='原始值：0.00154'>0.002</span>", "<span data-toggle='tooltip' data-placement='right' title='原始值：3.20288'>3.20</span>", "*", "*", "正常"], ["河北省", "海河流域", "<span data-toggle='tooltip' data-placement='right' title='所在地市:张家口市&#10;所属河流:永定河'>八号桥</span>", "09-16 08:00", "Ⅲ", "<span data-toggle='tooltip' data-placement='right' title='原始值：19.1775'>19.2</span>", "<span data-toggle='tooltip' data-placement='right' title='原始值：7.73785'>7.74</span>", "<span data-toggle='tooltip' data-placement='right' title='原始值：6.81314'>6.81</span>", "<span data-toggle='tooltip' data-placement='right' title='原始值：1048.094'>1048.1</span>", "<span data-toggle='tooltip' data-placement='right' title='原始值：54.77632'>54.8</span>", "<span data-toggle='tooltip' data-placement='right' title='原始值：5.2'>5.20</span>", "<span data-toggle='tooltip' data-placement='right' title='原始值：0.39'>0.390</span>", "<span data-toggle='tooltip' data-placement='right' title='原始值：0.1755'>0.176</span>", "<span data-toggle='tooltip' data-placement='right' title='原始值：4.205'>4.20</span>", "*", "*", "正常"], ["山西省", "黄河流域", "<span data-toggle='tooltip' data-placement='right' title='所在地市:运城市&#10;所属河流:汾河'>河津大桥</span>", "09-16 04:00", "Ⅳ", "<span data-toggle='tooltip' data-placement='right' title='原始值：25.96175'>26.0</span>", "<span data-toggle='tooltip' data-placement='right' title='原始值：7.63552'>7.64</span>", "<span data-toggle='tooltip' data-placement='right' title='原始值：6.50828'>6.51</span>", "<span data-toggle='tooltip' data-placement='right' title='原始值：1513.089'>1513.1</span>", "<span data-toggle='tooltip' data-placement='right' title='原始值：136.6881'>136.7</span>", "<span data-toggle='tooltip' data-placement='right' title='原始值：7.525'>7.52</span>", "<span data-toggle='tooltip' data-placement='right' title='原始值：0.07'>0.070</span>", "*", "*", "*", "*", "正常"], ["山西省", "黄河流域", "<span data-toggle='tooltip' data-placement='right' title='所在地市:忻州市&#10;所属河流:黄河'>万家寨水库</span>", "09-16 08:00", "Ⅴ", "<span data-toggle='tooltip' data-placement='right' title='原始值：19.63579'>19.6</span>", "<span data-toggle='tooltip' data-placement='right' title='原始值：8.0904'>8.09</span>", "<span data-toggle='tooltip' data-placement='right' title='原始值：7.86206'>7.86</span>", "<span data-toggle='tooltip' data-placement='right' title='原始值：624.9764'>625.0</span>", "<span data-toggle='tooltip' data-placement='right' title='原始值：275.6936'>275.7</span>", "<span data-toggle='tooltip' data-placement='right' title='原始值：4.34'>4.34</span>", "<span data-toggle='tooltip' data-placement='right' title='原始值：0.34'>0.340</span>", "<span data-toggle='tooltip' data-placement='right' title='原始值：0.38675'>0.387</span>", "<span data-toggle='tooltip' data-placement='right' title='原始值：1.8125'>1.81</span>", "*", "*", "正常"], ["内蒙古自治区", "黄河流域", "<span data-toggle='tooltip' data-placement='right' title='所在地市:包头市&#10;所属河流:黄河'>画匠营子</span>", "09-16 08:00", "Ⅱ", "<span data-toggle='tooltip' data-placement='right' title='原始值：18.93493'>18.9</span>", "<span data-toggle='tooltip' data-placement='right' title='原始值：7.84718'>7.85</span>", "<span data-toggle='tooltip' data-placement='right' title='原始值：7.74055'>7.74</span>", "<span data-toggle='tooltip' data-placement='right' title='原始值：691.7131'>691.7</span>", "<span data-toggle='tooltip' data-placement='right' title='原始值：1669.403'>1669.4</span>", "<span data-toggle='tooltip' data-placement='right' title='原始值：3.50195'>3.50</span>", "<span data-toggle='tooltip' data-placement='right' title='原始值：0.04021'>0.040</span>", "*", "*", "*", "*", "正常"], ["内蒙古自治区", "黄河流域", "<span data-toggle='tooltip' data-placement='right' title='所在地市:乌海市&#10;所属河流:黄河'>海勃湾</span>", "09-16 08:00", "Ⅱ", "<span data-toggle='tooltip' data-placement='right' title='原始值：18.66514'>18.7</span>", "<span data-toggle='tooltip' data-placement='right' title='原始值：7.843'>7.84</span>", "<span data-toggle='tooltip' data-placement='right' title='原始值：6.45883'>6.46</span>", "<span data-toggle='tooltip' data-placement='right' title='原始值：655.4705'>655.5</span>", "<span data-toggle='tooltip' data-placement='right' title='原始值：123.0908'>123.1</span>", "<span data-toggle='tooltip' data-placement='right' title='原始值：2.61'>2.61</span>", "<span data-toggle='tooltip' data-placement='right' title='原始值：0.11'>0.110</span>", "*", "*", "*", "*", "正常"], ["内蒙古自治区", "松花江流域", "<span data-toggle='tooltip' data-placement='right' title='所在地市:呼伦贝尔市&#10;所属河流:额尔古纳河'>黑山头</span>", null, "", "--", "--", "--", "--", "--", "--", "--", "--", "--", "*", "*", "停站"], ["辽宁省", "辽河流域", "<span data-toggle='tooltip' data-placement='right' title='所在地市:抚顺市&#10;所属河流:浑河'>大伙房水库</span>", "09-16 08:00", "Ⅱ", "<span data-toggle='tooltip' data-placement='right' title='原始值：22.20346'>22.2</span>", "<span data-toggle='tooltip' data-placement='right' title='原始值：7.31086'>7.31</span>", "<span data-toggle='tooltip' data-placement='right' title='原始值：8.28138'>8.28</span>", "<span data-toggle='tooltip' data-placement='right' title='原始值：291.3285'>291.3</span>", "<span data-toggle='tooltip' data-placement='right' title='原始值：14.49784'>14.5</span>", "<span data-toggle='tooltip' data-placement='right' title='原始值：2.14185'>2.14</span>", "<span data-toggle='tooltip' data-placement='right' title='原始值：0.07'>0.070</span>", "<span data-toggle='tooltip' data-placement='right' title='原始值：0.08009'>0.080</span>", "<span data-toggle='tooltip' data-placement='right' title='原始值：2.25891'>2.26</span>", "<span data-toggle='tooltip' data-placement='right' title='极值过滤'>--</span>", "*", "维护"], ["辽宁省", "辽河流域", "<span data-toggle='tooltip' data-placement='right' title='所在地市:丹东市&#10;所属河流:鸭绿江'>江桥</span>", "09-16 08:00", "Ⅱ", "<span data-toggle='tooltip' data-placement='right' title='原始值：19.9'>19.9</span>", "<span data-toggle='tooltip' data-placement='right' title='原始值：7.01'>7.01</span>", "<span data-toggle='tooltip' data-placement='right' title='原始值：6.94969'>6.95</span>", "<span data-toggle='tooltip' data-placement='right' title='原始值：141.999'>142.0</span>", "<span data-toggle='tooltip' data-placement='right' title='原始值：1.69668'>1.7</span>", "<span data-toggle='tooltip' data-placement='right' title='原始值：0.76'>0.76</span>", "<span data-toggle='tooltip' data-placement='right' title='原始值：0.05107'>0.051</span>", "<span data-toggle='tooltip' data-placement='right' title='原始值：0.02125'>0.021</span>", "<span data-toggle='tooltip' data-placement='right' title='原始值：2.23333'>2.23</span>", "*", "*", "正常"], ["辽宁省", "辽河流域", "<span data-toggle='tooltip' data-placement='right' title='所在地市:营口市&#10;所属河流:大辽河'>辽河公园</span>", "09-16 08:00", "Ⅳ", "<span data-toggle='tooltip' data-placement='right' title='原始值：21.94437'>21.9</span>", "<span data-toggle='tooltip' data-placement='right' title='原始值：6.63639'>6.64</span>", "<span data-toggle='tooltip' data-placement='right' title='原始值：6.64266'>6.64</span>", "<span data-toggle='tooltip' data-placement='right' title='原始值：475.7526'>475.8</span>", "<span data-toggle='tooltip' data-placement='right' title='原始值：232.8455'>232.8</span>", "<span data-toggle='tooltip' data-placement='right' title='原始值：7.33191'>7.33</span>", "<span data-toggle='tooltip' data-placement='right' title='原始值：0.22847'>0.228</span>", "<span data-toggle='tooltip' data-placement='right' title='原始值：0.22464'>0.225</span>", "<span data-toggle='tooltip' data-placement='right' title='原始值：4.55346'>4.55</span>", "*", "*", "正常"], ["辽宁省", "辽河流域", "<span data-toggle='tooltip' data-placement='right' title='所在地市:辽阳市&#10;所属河流:太子河'>汤河水库</span>", "09-16 08:00", "", "<span data-toggle='tooltip' data-placement='right' title='原始值：18.50625'>18.5</span>", "<span data-toggle='tooltip' data-placement='right' title='原始值：7.53'>7.53</span>", "<span data-toggle='tooltip' data-placement='right' title='原始值：1.33998'>1.34</span>", "<span data-toggle='tooltip' data-placement='right' title='原始值：472.8721'>472.9</span>", "<span data-toggle='tooltip' data-placement='right' title='原始值：13.40633'>13.4</span>", "<span data-toggle='tooltip' data-placement='right' title='原始值：1.73'>1.73</span>", "<span data-toggle='tooltip' data-placement='right' title='原始值：0.00993'>0.010</span>", "<span data-toggle='tooltip' data-placement='right' title='极值过滤'>--</span>", "<span data-toggle='tooltip' data-placement='right' title='极值过滤'>--</span>", "*", "*", "维护"], ["辽宁省", "辽河流域", "<span data-toggle='tooltip' data-placement='right' title='所在地市:盘锦市&#10;所属河流:辽河'>盘锦兴安(兴安)</span>", "09-16 08:00", "劣Ⅴ", "<span data-toggle='tooltip' data-placement='right' title='原始值：21.77192'>21.8</span>", "<span data-toggle='tooltip' data-placement='right' title='原始值：7.30893'>7.31</span>", "<span data-toggle='tooltip' data-placement='right' title='原始值：6.27594'>6.28</span>", "<span data-toggle='tooltip' data-placement='right' title='原始值：443.5178'>443.5</span>", "<span data-toggle='tooltip' data-placement='right' title='原始值：908.642'>908.6</span>", "<span data-toggle='tooltip' data-placement='right' title='原始值：2.99288'>2.99</span>", "<span data-toggle='tooltip' data-placement='right' title='原始值：0.12'>0.120</span>", "<span data-toggle='tooltip' data-placement='right' title='原始值：0.54709'>0.547</span>", "<span data-toggle='tooltip' data-placement='right' title='原始值：2.33811'>2.34</span>", "*", "*", "正常"], ["辽宁省", "辽河流域", "<span data-toggle='tooltip' data-placement='right' title='所在地市:铁岭市&#10;所属河流:辽河'>珠尔山</span>", "09-16 08:00", "Ⅲ", "<span data-toggle='tooltip' data-placement='right' title='原始值：19.74667'>19.7</span>", "<span data-toggle='tooltip' data-placement='right' title='原始值：7.31305'>7.31</span>", "<span data-toggle='tooltip' data-placement='right' title='原始值：9.89268'>9.89</span>", "<span data-toggle='tooltip' data-placement='right' title='原始值：359.0536'>359.1</span>", "<span data-toggle='tooltip' data-placement='right' title='原始值：97.4965'>97.5</span>", "<span data-toggle='tooltip' data-placement='right' title='原始值：4.23534'>4.24</span>", "<span data-toggle='tooltip' data-placement='right' title='原始值：0.21'>0.210</span>", "<span data-toggle='tooltip' data-placement='right' title='原始值：0.07752'>0.078</span>", "<span data-toggle='tooltip' data-placement='right' title='原始值：4.13579'>4.14</span>", "*", "*", "正常"], ["吉林省", "松花江流域", "<span data-toggle='tooltip' data-placement='right' title='所在地市:长春市&#10;所属河流:松花江'>松花江村</span>", null, "", "--", "--", "--", "--", "--", "--", "--", "--", "--", "*", "*", "停站"], ["吉林省", "松花江流域", "<span data-toggle='tooltip' data-placement='right' title='所在地市:白城市&#10;所属河流:嫩江'>白沙滩</span>", null, "", "--", "--", "--", "--", "--", "--", "--", "--", "--", "*", "*", "停站"], ["吉林省", "松花江流域", "<span data-toggle='tooltip' data-placement='right' title='所在地市:延边朝鲜族自治州&#10;所属河流:图们江'>圈河</span>", null, "", "--", "--", "--", "--", "--", "--", "--", "--", "--", "*", "*", "停站"], ["黑龙江省", "松花江流域", "<span data-toggle='tooltip' data-placement='right' title='所在地市:大庆市&#10;所属河流:松花江'>肇源</span>", null, "", "--", "--", "--", "--", "--", "--", "--", "--", "--", "*", "*", "停站"], ["黑龙江省", "松花江流域", "<span data-toggle='tooltip' data-placement='right' title='所在地市:佳木斯市&#10;所属河流:乌苏里江'>乌苏镇</span>", null, "", "--", "--", "--", "--", "--", "--", "--", "--", "--", "*", "*", "停站"], ["黑龙江省", "松花江流域", "<span data-toggle='tooltip' data-placement='right' title='所在地市:佳木斯市&#10;所属河流:松花江'>同江</span>", "09-16 08:00", "Ⅴ", "<span data-toggle='tooltip' data-placement='right' title='原始值：17.95744'>18.0</span>", "<span data-toggle='tooltip' data-placement='right' title='原始值：6.81251'>6.81</span>", "<span data-toggle='tooltip' data-placement='right' title='原始值：5.28126'>5.28</span>", "<span data-toggle='tooltip' data-placement='right' title='原始值：141.6018'>141.6</span>", "<span data-toggle='tooltip' data-placement='right' title='原始值：238.0042'>238.0</span>", "<span data-toggle='tooltip' data-placement='right' title='原始值：10.11978'>10.12</span>", "<span data-toggle='tooltip' data-placement='right' title='原始值：0.15312'>0.153</span>", "<span data-toggle='tooltip' data-placement='right' title='原始值：0.1543'>0.154</span>", "<span data-toggle='tooltip' data-placement='right' title='原始值：2.31601'>2.32</span>", "*", "*", "正常"], ["黑龙江省", "松花江流域", "<span data-toggle='tooltip' data-placement='right' title='所在地市:黑河市&#10;所属河流:黑龙江'>黑河下(黑河)</span>", null, "", "--", "--", "--", "--", "--", "--", "--", "--", "--", "*", "*", "停站"], ["上海市", "长江流域", "<span data-toggle='tooltip' data-placement='right' title='所在地市:青浦区&#10;所属河流:淀山湖'>急水港桥</span>", "09-16 08:00", "Ⅴ", "<span data-toggle='tooltip' data-placement='right' title='原始值：26'>26.0</span>", "<span data-toggle='tooltip' data-placement='right' title='原始值：7.19'>7.19</span>", "<span data-toggle='tooltip' data-placement='right' title='原始值：2.82'>2.82</span>", "<span data-toggle='tooltip' data-placement='right' title='原始值：521'>521.0</span>", "<span data-toggle='tooltip' data-placement='right' title='原始值：80.4'>80.4</span>", "<span data-toggle='tooltip' data-placement='right' title='原始值：3.625'>3.62</span>", "<span data-toggle='tooltip' data-placement='right' title='原始值：0.53389'>0.534</span>", "<span data-toggle='tooltip' data-placement='right' title='原始值：0.06738'>0.067</span>", "<span data-toggle='tooltip' data-placement='right' title='原始值：2.67189'>2.67</span>", "<span data-toggle='tooltip' data-placement='right' title='原始值：0.00339'>0.003</span>", "<span data-toggle='tooltip' data-placement='right' title='原始值：1.133627E+07'>11336270</span>", "正常"], ["江苏省", "长江流域", "<span data-toggle='tooltip' data-placement='right' title='所在地市:南京市&#10;所属河流:长江'>林山</span>", null, "", "--", "--", "--", "--", "--", "--", "--", "--", "--", "*", "*", "停站"], ["江苏省", "太湖流域", "<span data-toggle='tooltip' data-placement='right' title='所在地市:无锡市&#10;所属河流:太湖'>沙渚</span>", "09-16 08:00", "Ⅳ", "<span data-toggle='tooltip' data-placement='right' title='原始值：24.96652'>25.0</span>", "<span data-toggle='tooltip' data-placement='right' title='原始值：7.691408'>7.69</span>", "<span data-toggle='tooltip' data-placement='right' title='原始值：5.32065'>5.32</span>", "<span data-toggle='tooltip' data-placement='right' title='原始值：418.7084'>418.7</span>", "<span data-toggle='tooltip' data-placement='right' title='原始值：55.61892'>55.6</span>", "<span data-toggle='tooltip' data-placement='right' title='原始值：7.65'>7.65</span>", "<span data-toggle='tooltip' data-placement='right' title='原始值：0.23'>0.230</span>", "<span data-toggle='tooltip' data-placement='right' title='原始值：0.0966'>0.097</span>", "<span data-toggle='tooltip' data-placement='right' title='原始值：2.143'>2.14</span>", "*", "*", "正常"], ["江苏省", "淮河流域", "<span data-toggle='tooltip' data-placement='right' title='所在地市:徐州市&#10;所属河流:武河'>小红圈</span>", "09-16 08:00", "", "<span data-toggle='tooltip' data-placement='right' title='原始值：23.38'>23.4</span>", "<span data-toggle='tooltip' data-placement='right' title='原始值：7.4'>7.40</span>", "<span data-toggle='tooltip' data-placement='right' title='原始值：7.97'>7.97</span>", "<span data-toggle='tooltip' data-placement='right' title='原始值：964.9'>964.9</span>", "<span data-toggle='tooltip' data-placement='right' title='原始值：8.47'>8.5</span>", "<span data-toggle='tooltip' data-placement='right' title='原始值：2.19'>2.19</span>", "<span data-toggle='tooltip' data-placement='right' title='原始值：0.117'>0.117</span>", "--", "--", "*", "*", "维护"], ["江苏省", "淮河流域", "<span data-toggle='tooltip' data-placement='right' title='所在地市:徐州市&#10;所属河流:沿河'>李集桥</span>", "09-16 08:00", "Ⅳ", "<span data-toggle='tooltip' data-placement='right' title='原始值：26.54'>26.5</span>", "<span data-toggle='tooltip' data-placement='right' title='原始值：7.69'>7.69</span>", "<span data-toggle='tooltip' data-placement='right' title='原始值：3.9'>3.90</span>", "<span data-toggle='tooltip' data-placement='right' title='原始值：917.7'>917.7</span>", "<span data-toggle='tooltip' data-placement='right' title='原始值：26.44'>26.4</span>", "<span data-toggle='tooltip' data-placement='right' title='原始值：5.69'>5.69</span>", "<span data-toggle='tooltip' data-placement='right' title='原始值：0.071'>0.071</span>", "<span data-toggle='tooltip' data-placement='right' title='原始值：0.102'>0.102</span>", "<span data-toggle='tooltip' data-placement='right' title='原始值：0.898'>0.90</span>", "*", "*", "正常"], ["江苏省", "淮河流域", "<span data-toggle='tooltip' data-placement='right' title='所在地市:徐州市&#10;所属河流:邳苍分洪道'>艾山西大桥</span>", "09-16 08:00", "Ⅲ", "<span data-toggle='tooltip' data-placement='right' title='原始值：24.1932'>24.2</span>", "<span data-toggle='tooltip' data-placement='right' title='原始值：8.16481'>8.16</span>", "<span data-toggle='tooltip' data-placement='right' title='原始值：8.40628'>8.41</span>", "<span data-toggle='tooltip' data-placement='right' title='原始值：866.787'>866.8</span>", "<span data-toggle='tooltip' data-placement='right' title='原始值：22.3272'>22.3</span>", "<span data-toggle='tooltip' data-placement='right' title='原始值：2.71'>2.71</span>", "<span data-toggle='tooltip' data-placement='right' title='原始值：0.22'>0.220</span>", "<span data-toggle='tooltip' data-placement='right' title='原始值：0.17316'>0.173</span>", "<span data-toggle='tooltip' data-placement='right' title='原始值：12.53255'>12.53</span>", "*", "*", "正常"], ["江苏省", "太湖流域", "<span data-toggle='tooltip' data-placement='right' title='所在地市:苏州市&#10;所属河流:太湖'>兰山嘴(老)</span>", "09-16 08:00", "Ⅴ", "<span data-toggle='tooltip' data-placement='right' title='原始值：25.82851'>25.8</span>", "<span data-toggle='tooltip' data-placement='right' title='原始值：7.09793'>7.10</span>", "<span data-toggle='tooltip' data-placement='right' title='原始值：2.15274'>2.15</span>", "<span data-toggle='tooltip' data-placement='right' title='原始值：346.5051'>346.5</span>", "<span data-toggle='tooltip' data-placement='right' title='原始值：36.99482'>37.0</span>", "<span data-toggle='tooltip' data-placement='right' title='原始值：3.89'>3.89</span>", "<span data-toggle='tooltip' data-placement='right' title='原始值：0.59'>0.590</span>", "<span data-toggle='tooltip' data-placement='right' title='原始值：0.10782'>0.108</span>", "<span data-toggle='tooltip' data-placement='right' title='原始值：1.94464'>1.94</span>", "*", "*", "正常"], ["江苏省", "太湖流域", "<span data-toggle='tooltip' data-placement='right' title='所在地市:苏州市&#10;所属河流:太湖'>西山</span>", "09-16 04:00", "Ⅲ", "<span data-toggle='tooltip' data-placement='right' title='原始值：26.02298'>26.0</span>", "<span data-toggle='tooltip' data-placement='right' title='原始值：7.07691'>7.08</span>", "<span data-toggle='tooltip' data-placement='right' title='原始值：6.58824'>6.59</span>", "<span data-toggle='tooltip' data-placement='right' title='原始值：389.574'>389.6</span>", "<span data-toggle='tooltip' data-placement='right' title='原始值：32.98526'>33.0</span>", "<span data-toggle='tooltip' data-placement='right' title='原始值：1.65'>1.65</span>", "<span data-toggle='tooltip' data-placement='right' title='原始值：0.14'>0.140</span>", "<span data-toggle='tooltip' data-placement='right' title='原始值：0.041'>0.041</span>", "<span data-toggle='tooltip' data-placement='right' title='原始值：0.5871'>0.59</span>", "*", "*", "正常"], ["江苏省", "淮河流域", "<span data-toggle='tooltip' data-placement='right' title='所在地市:连云港市&#10;所属河流:新沭河'>大兴桥</span>", null, "", "--", "--", "--", "--", "--", "--", "--", "--", "--", "*", "*", "停站"], ["江苏省", "淮河流域", "<span data-toggle='tooltip' data-placement='right' title='所在地市:淮安市&#10;所属河流:淮河'>淮河大桥</span>", "09-16 08:00", "Ⅲ", "<span data-toggle='tooltip' data-placement='right' title='原始值：27.0043'>27.0</span>", "<span data-toggle='tooltip' data-placement='right' title='原始值：7.9545'>7.95</span>", "<span data-toggle='tooltip' data-placement='right' title='原始值：8.29764'>8.30</span>", "<span data-toggle='tooltip' data-placement='right' title='原始值：375.698'>375.7</span>", "<span data-toggle='tooltip' data-placement='right' title='原始值：61.1152'>61.1</span>", "<span data-toggle='tooltip' data-placement='right' title='原始值：4.86'>4.86</span>", "<span data-toggle='tooltip' data-placement='right' title='原始值：0.3'>0.300</span>", "<span data-toggle='tooltip' data-placement='right' title='原始值：0.1604'>0.160</span>", "<span data-toggle='tooltip' data-placement='right' title='原始值：2.769'>2.77</span>", "*", "*", "正常"], ["江苏省", "长江流域", "<span data-toggle='tooltip' data-placement='right' title='所在地市:扬州市&#10;所属河流:夹江'>三江营</span>", "09-16 08:00", "Ⅲ", "<span data-toggle='tooltip' data-placement='right' title='原始值：27.69'>27.7</span>", "<span data-toggle='tooltip' data-placement='right' title='原始值：7.84'>7.84</span>", "<span data-toggle='tooltip' data-placement='right' title='原始值：6'>6.00</span>", "<span data-toggle='tooltip' data-placement='right' title='原始值：294.01'>294.0</span>", "<span data-toggle='tooltip' data-placement='right' title='原始值：93.67'>93.7</span>", "<span data-toggle='tooltip' data-placement='right' title='原始值：3.023'>3.02</span>", "<span data-toggle='tooltip' data-placement='right' title='原始值：0.093'>0.093</span>", "<span data-toggle='tooltip' data-placement='right' title='原始值：0.103'>0.103</span>", "<span data-toggle='tooltip' data-placement='right' title='原始值：1.95'>1.95</span>", "*", "*", "正常"], ["江苏省", "淮河流域", "<span data-toggle='tooltip' data-placement='right' title='所在地市:宿迁市&#10;所属河流:新濉河'>大屈</span>", "09-16 08:00", "Ⅳ", "<span data-toggle='tooltip' data-placement='right' title='原始值：25.1'>25.1</span>", "<span data-toggle='tooltip' data-placement='right' title='原始值：7.92'>7.92</span>", "<span data-toggle='tooltip' data-placement='right' title='原始值：7.24'>7.24</span>", "<span data-toggle='tooltip' data-placement='right' title='原始值：728.5'>728.5</span>", "<span data-toggle='tooltip' data-placement='right' title='原始值：174.59'>174.6</span>", "<span data-toggle='tooltip' data-placement='right' title='原始值：4.51'>4.51</span>", "<span data-toggle='tooltip' data-placement='right' title='原始值：0.15'>0.150</span>", "<span data-toggle='tooltip' data-placement='right' title='原始值：0.208'>0.208</span>", "<span data-toggle='tooltip' data-placement='right' title='原始值：1.344'>1.34</span>", "*", "*", "正常"], ["浙江省", "浙闽片河流", "<span data-toggle='tooltip' data-placement='right' title='所在地市:杭州市&#10;所属河流:新安江'>街口(鸠坑口)</span>", "09-16 08:00", "Ⅰ", "<span data-toggle='tooltip' data-placement='right' title='原始值：25.43'>25.4</span>", "<span data-toggle='tooltip' data-placement='right' title='原始值：7.25'>7.25</span>", "<span data-toggle='tooltip' data-placement='right' title='原始值：8.26'>8.26</span>", "<span data-toggle='tooltip' data-placement='right' title='原始值：167.39'>167.4</span>", "<span data-toggle='tooltip' data-placement='right' title='原始值：37.43'>37.4</span>", "<span data-toggle='tooltip' data-placement='right' title='原始值：1.336'>1.34</span>", "<span data-toggle='tooltip' data-placement='right' title='原始值：0.002'>0.002</span>", "<span data-toggle='tooltip' data-placement='right' title='原始值：0.015'>0.015</span>", "<span data-toggle='tooltip' data-placement='right' title='原始值：0.446'>0.45</span>", "*", "*", "正常"], ["浙江省", "太湖流域", "<span data-toggle='tooltip' data-placement='right' title='所在地市:嘉兴市&#10;所属河流:斜路港河'>斜路港</span>", "09-16 08:00", "劣Ⅴ", "<span data-toggle='tooltip' data-placement='right' title='原始值：26.7'>26.7</span>", "<span data-toggle='tooltip' data-placement='right' title='原始值：7.14'>7.14</span>", "<span data-toggle='tooltip' data-placement='right' title='原始值：1.78'>1.78</span>", "<span data-toggle='tooltip' data-placement='right' title='原始值：458'>458.0</span>", "<span data-toggle='tooltip' data-placement='right' title='原始值：66.7'>66.7</span>", "<span data-toggle='tooltip' data-placement='right' title='原始值：4.82'>4.82</span>", "<span data-toggle='tooltip' data-placement='right' title='原始值：0.15988'>0.160</span>", "<span data-toggle='tooltip' data-placement='right' title='原始值：0.12367'>0.124</span>", "<span data-toggle='tooltip' data-placement='right' title='原始值：1.24666'>1.25</span>", "*", "*", "正常"], ["浙江省", "太湖流域", "<span data-toggle='tooltip' data-placement='right' title='所在地市:嘉兴市&#10;所属河流:京杭运河'>王江泾</span>", "09-16 08:00", "Ⅳ", "<span data-toggle='tooltip' data-placement='right' title='原始值：27.27'>27.3</span>", "<span data-toggle='tooltip' data-placement='right' title='原始值：7.2'>7.20</span>", "<span data-toggle='tooltip' data-placement='right' title='原始值：3.7'>3.70</span>", "<span data-toggle='tooltip' data-placement='right' title='原始值：545.27'>545.3</span>", "<span data-toggle='tooltip' data-placement='right' title='原始值：54.65'>54.6</span>", "<span data-toggle='tooltip' data-placement='right' title='原始值：4.235'>4.24</span>", "<span data-toggle='tooltip' data-placement='right' title='原始值：0.2'>0.200</span>", "<span data-toggle='tooltip' data-placement='right' title='原始值：0.093'>0.093</span>", "<span data-toggle='tooltip' data-placement='right' title='原始值：1.52'>1.52</span>", "*", "*", "正常"], ["浙江省", "太湖流域", "<span data-toggle='tooltip' data-placement='right' title='所在地市:湖州市&#10;所属河流:西苕溪'>新港口(新塘港)</span>", "09-16 08:00", "Ⅱ", "<span data-toggle='tooltip' data-placement='right' title='原始值：24.8929'>24.9</span>", "<span data-toggle='tooltip' data-placement='right' title='原始值：7.83709'>7.84</span>", "<span data-toggle='tooltip' data-placement='right' title='原始值：7.4669'>7.47</span>", "<span data-toggle='tooltip' data-placement='right' title='原始值：330.281'>330.3</span>", "<span data-toggle='tooltip' data-placement='right' title='原始值：55.9764'>56.0</span>", "<span data-toggle='tooltip' data-placement='right' title='原始值：3.1757'>3.18</span>", "<span data-toggle='tooltip' data-placement='right' title='原始值：0.14031'>0.140</span>", "<span data-toggle='tooltip' data-placement='right' title='原始值：0.05371'>0.054</span>", "<span data-toggle='tooltip' data-placement='right' title='原始值：4.53498'>4.53</span>", "*", "*", "正常"], ["安徽省", "巢湖流域", "<span data-toggle='tooltip' data-placement='right' title='所在地市:合肥市&#10;所属河流:巢湖'>湖滨(老)</span>", "09-16 08:00", "Ⅴ", "<span data-toggle='tooltip' data-placement='right' title='原始值：27.20047'>27.2</span>", "<span data-toggle='tooltip' data-placement='right' title='原始值：7.04862'>7.05</span>", "<span data-toggle='tooltip' data-placement='right' title='原始值：4.71642'>4.72</span>", "<span data-toggle='tooltip' data-placement='right' title='原始值：76.21097'>76.2</span>", "<span data-toggle='tooltip' data-placement='right' title='原始值：79.15414'>79.2</span>", "<span data-toggle='tooltip' data-placement='right' title='原始值：4.85'>4.85</span>", "<span data-toggle='tooltip' data-placement='right' title='原始值：0.35'>0.350</span>", "<span data-toggle='tooltip' data-placement='right' title='原始值：0.1125'>0.112</span>", "<span data-toggle='tooltip' data-placement='right' title='原始值：1.063'>1.06</span>", "<span data-toggle='tooltip' data-placement='right' title='原始值：0.02225'>0.022</span>", "*", "正常"], ["安徽省", "巢湖流域", "<span data-toggle='tooltip' data-placement='right' title='所在地市:芜湖市&#10;所属河流:巢湖'>裕溪口(老)</span>", "09-16 08:00", "Ⅳ", "<span data-toggle='tooltip' data-placement='right' title='原始值：26.28286'>26.3</span>", "<span data-toggle='tooltip' data-placement='right' title='原始值：7.51487'>7.51</span>", "<span data-toggle='tooltip' data-placement='right' title='原始值：7.6749'>7.67</span>", "<span data-toggle='tooltip' data-placement='right' title='原始值：283.3369'>283.3</span>", "<span data-toggle='tooltip' data-placement='right' title='原始值：62.56304'>62.6</span>", "<span data-toggle='tooltip' data-placement='right' title='原始值：2.93'>2.93</span>", "<span data-toggle='tooltip' data-placement='right' title='原始值：0.12'>0.120</span>", "<span data-toggle='tooltip' data-placement='right' title='原始值：0.0747'>0.075</span>", "<span data-toggle='tooltip' data-placement='right' title='原始值：1.649'>1.65</span>", "*", "*", "正常"], ["安徽省", "淮河流域", "<span data-toggle='tooltip' data-placement='right' title='所在地市:蚌埠市&#10;所属河流:淮河'>蚌埠闸上(蚌埠闸)</span>", "09-16 08:00", "劣Ⅴ", "<span data-toggle='tooltip' data-placement='right' title='原始值：27.85'>27.8</span>", "<span data-toggle='tooltip' data-placement='right' title='原始值：7.05'>7.05</span>", "<span data-toggle='tooltip' data-placement='right' title='原始值：1.14'>1.14</span>", "<span data-toggle='tooltip' data-placement='right' title='原始值：425.12'>425.1</span>", "<span data-toggle='tooltip' data-placement='right' title='原始值：90.86'>90.9</span>", "<span data-toggle='tooltip' data-placement='right' title='原始值：20.281'>20.28</span>", "<span data-toggle='tooltip' data-placement='right' title='原始值：0.038'>0.038</span>", "<span data-toggle='tooltip' data-placement='right' title='原始值：0.089'>0.089</span>", "<span data-toggle='tooltip' data-placement='right' title='原始值：1.055'>1.06</span>", "*", "*", "正常"], ["安徽省", "淮河流域", "<span data-toggle='tooltip' data-placement='right' title='所在地市:淮南市&#10;所属河流:淮河'>石头埠(老)</span>", "09-16 08:00", "", "<span data-toggle='tooltip' data-placement='right' title='极值过滤'>--</span>", "<span data-toggle='tooltip' data-placement='right' title='极值过滤'>--</span>", "<span data-toggle='tooltip' data-placement='right' title='极值过滤'>--</span>", "<span data-toggle='tooltip' data-placement='right' title='原始值：27.3128'>27.3</span>", "<span data-toggle='tooltip' data-placement='right' title='原始值：7.18879'>7.2</span>", "<span data-toggle='tooltip' data-placement='right' title='原始值：6.98'>6.98</span>", "<span data-toggle='tooltip' data-placement='right' title='极值过滤'>--</span>", "*", "*", "*", "*", "维护"], ["安徽省", "淮河流域", "<span data-toggle='tooltip' data-placement='right' title='所在地市:淮北市&#10;所属河流:沱河'>小王桥</span>", "09-16 08:00", "劣Ⅴ", "<span data-toggle='tooltip' data-placement='right' title='原始值：26.43'>26.4</span>", "<span data-toggle='tooltip' data-placement='right' title='原始值：7.83'>7.83</span>", "<span data-toggle='tooltip' data-placement='right' title='原始值：4.68'>4.68</span>", "<span data-toggle='tooltip' data-placement='right' title='原始值：1172.54'>1172.5</span>", "<span data-toggle='tooltip' data-placement='right' title='原始值：32.13'>32.1</span>", "<span data-toggle='tooltip' data-placement='right' title='原始值：7.976'>7.98</span>", "<span data-toggle='tooltip' data-placement='right' title='原始值：0.104'>0.104</span>", "<span data-toggle='tooltip' data-placement='right' title='原始值：2.674'>2.674</span>", "<span data-toggle='tooltip' data-placement='right' title='原始值：3.518'>3.52</span>", "*", "*", "正常"], ["安徽省", "长江流域", "<span data-toggle='tooltip' data-placement='right' title='所在地市:安庆市&#10;所属河流:长江'>皖河口</span>", "09-16 08:00", "Ⅲ", "<span data-toggle='tooltip' data-placement='right' title='原始值：26.4'>26.4</span>", "<span data-toggle='tooltip' data-placement='right' title='原始值：7.326'>7.33</span>", "<span data-toggle='tooltip' data-placement='right' title='原始值：5.87'>5.87</span>", "<span data-toggle='tooltip' data-placement='right' title='原始值：271.01'>271.0</span>", "<span data-toggle='tooltip' data-placement='right' title='原始值：20.05'>20.0</span>", "<span data-toggle='tooltip' data-placement='right' title='原始值：2.027'>2.03</span>", "<span data-toggle='tooltip' data-placement='right' title='原始值：0.06'>0.060</span>", "<span data-toggle='tooltip' data-placement='right' title='原始值：0.0588'>0.059</span>", "<span data-toggle='tooltip' data-placement='right' title='原始值：2.135'>2.14</span>", "*", "*", "正常"], ["安徽省", "淮河流域", "<span data-toggle='tooltip' data-placement='right' title='所在地市:滁州市&#10;所属河流:淮河'>小柳巷</span>", "09-16 08:00", "Ⅲ", "<span data-toggle='tooltip' data-placement='right' title='原始值：28.1'>28.1</span>", "<span data-toggle='tooltip' data-placement='right' title='原始值：7.31'>7.31</span>", "<span data-toggle='tooltip' data-placement='right' title='原始值：5.26'>5.26</span>", "<span data-toggle='tooltip' data-placement='right' title='原始值：360.7'>360.7</span>", "<span data-toggle='tooltip' data-placement='right' title='原始值：54.86'>54.9</span>", "<span data-toggle='tooltip' data-placement='right' title='原始值：2.88'>2.88</span>", "<span data-toggle='tooltip' data-placement='right' title='原始值：0.05'>0.050</span>", "<span data-toggle='tooltip' data-placement='right' title='原始值：0.134'>0.134</span>", "<span data-toggle='tooltip' data-placement='right' title='原始值：1.081'>1.08</span>", "*", "*", "正常"], ["安徽省", "淮河流域", "<span data-toggle='tooltip' data-placement='right' title='所在地市:阜阳市&#10;所属河流:黑茨河'>张大桥</span>", null, "", "--", "--", "--", "--", "--", "--", "--", "--", "--", "*", "*", "停站"], ["安徽省", "淮河流域", "<span data-toggle='tooltip' data-placement='right' title='所在地市:阜阳市&#10;所属河流:淮河'>王家坝</span>", "09-16 08:00", "Ⅲ", "<span data-toggle='tooltip' data-placement='right' title='原始值：26.84'>26.8</span>", "<span data-toggle='tooltip' data-placement='right' title='原始值：8.02774'>8.03</span>", "<span data-toggle='tooltip' data-placement='right' title='原始值：5.45835'>5.46</span>", "<span data-toggle='tooltip' data-placement='right' title='原始值：700.4443'>700.4</span>", "<span data-toggle='tooltip' data-placement='right' title='原始值：28.41705'>28.4</span>", "<span data-toggle='tooltip' data-placement='right' title='原始值：1.85'>1.85</span>", "<span data-toggle='tooltip' data-placement='right' title='原始值：0.187'>0.187</span>", "<span data-toggle='tooltip' data-placement='right' title='原始值：0.18509'>0.185</span>", "<span data-toggle='tooltip' data-placement='right' title='原始值：1.48941'>1.49</span>", "*", "*", "正常"], ["安徽省", "淮河流域", "<span data-toggle='tooltip' data-placement='right' title='所在地市:阜阳市&#10;所属河流:颍河'>界首七渡口(七渡口)</span>", "09-16 08:00", "Ⅳ", "<span data-toggle='tooltip' data-placement='right' title='原始值：27.35567'>27.4</span>", "<span data-toggle='tooltip' data-placement='right' title='原始值：8.15565'>8.16</span>", "<span data-toggle='tooltip' data-placement='right' title='原始值：3.5821'>3.58</span>", "<span data-toggle='tooltip' data-placement='right' title='原始值：826.6356'>826.6</span>", "<span data-toggle='tooltip' data-placement='right' title='原始值：19.69431'>19.7</span>", "<span data-toggle='tooltip' data-placement='right' title='原始值：3.26'>3.26</span>", "<span data-toggle='tooltip' data-placement='right' title='原始值：0.66'>0.660</span>", "<span data-toggle='tooltip' data-placement='right' title='原始值：0.10302'>0.103</span>", "<span data-toggle='tooltip' data-placement='right' title='原始值：2.63057'>2.63</span>", "*", "*", "正常"], ["安徽省", "淮河流域", "<span data-toggle='tooltip' data-placement='right' title='所在地市:阜阳市&#10;所属河流:泉河'>许庄(徐庄)</span>", "09-16 08:00", "", "<span data-toggle='tooltip' data-placement='right' title='原始值：25.5'>25.5</span>", "<span data-toggle='tooltip' data-placement='right' title='原始值：7.72'>7.72</span>", "<span data-toggle='tooltip' data-placement='right' title='原始值：5.16'>5.16</span>", "<span data-toggle='tooltip' data-placement='right' title='原始值：834.3'>834.3</span>", "<span data-toggle='tooltip' data-placement='right' title='原始值：108.29'>108.3</span>", "<span data-toggle='tooltip' data-placement='right' title='原始值：3.44'>3.44</span>", "<span data-toggle='tooltip' data-placement='right' title='极值过滤'>--</span>", "<span data-toggle='tooltip' data-placement='right' title='原始值：0.146'>0.146</span>", "<span data-toggle='tooltip' data-placement='right' title='原始值：1.084'>1.08</span>", "*", "*", "维护"], ["安徽省", "淮河流域", "<span data-toggle='tooltip' data-placement='right' title='所在地市:宿州市&#10;所属河流:奎河'>杨庄</span>", "09-16 08:00", "Ⅲ", "<span data-toggle='tooltip' data-placement='right' title='原始值：25.93'>25.9</span>", "<span data-toggle='tooltip' data-placement='right' title='原始值：7.64'>7.64</span>", "<span data-toggle='tooltip' data-placement='right' title='原始值：7.72'>7.72</span>", "<span data-toggle='tooltip' data-placement='right' title='原始值：909.6'>909.6</span>", "<span data-toggle='tooltip' data-placement='right' title='原始值：209.25'>209.2</span>", "<span data-toggle='tooltip' data-placement='right' title='原始值：4.24'>4.24</span>", "<span data-toggle='tooltip' data-placement='right' title='原始值：0.157'>0.157</span>", "*", "*", "*", "*", "正常"], ["安徽省", "淮河流域", "<span data-toggle='tooltip' data-placement='right' title='所在地市:宿州市&#10;所属河流:新汴河'>泗县公路桥</span>", "09-16 08:00", "Ⅳ", "<span data-toggle='tooltip' data-placement='right' title='原始值：26.97'>27.0</span>", "<span data-toggle='tooltip' data-placement='right' title='原始值：8.24'>8.24</span>", "<span data-toggle='tooltip' data-placement='right' title='原始值：7.93'>7.93</span>", "<span data-toggle='tooltip' data-placement='right' title='原始值：913.4'>913.4</span>", "<span data-toggle='tooltip' data-placement='right' title='原始值：36.82'>36.8</span>", "<span data-toggle='tooltip' data-placement='right' title='原始值：7.66'>7.66</span>", "<span data-toggle='tooltip' data-placement='right' title='原始值：0.072'>0.072</span>", "*", "*", "*", "*", "正常"], ["安徽省", "淮河流域", "<span data-toggle='tooltip' data-placement='right' title='所在地市:亳州市&#10;所属河流:包河'>颜集</span>", "09-16 08:00", "Ⅳ", "<span data-toggle='tooltip' data-placement='right' title='原始值：24.5'>24.5</span>", "<span data-toggle='tooltip' data-placement='right' title='原始值：7.84'>7.84</span>", "<span data-toggle='tooltip' data-placement='right' title='原始值：6.07'>6.07</span>", "<span data-toggle='tooltip' data-placement='right' title='原始值：1550.4'>1550.4</span>", "<span data-toggle='tooltip' data-placement='right' title='原始值：169.08'>169.1</span>", "<span data-toggle='tooltip' data-placement='right' title='原始值：4.87'>4.87</span>", "<span data-toggle='tooltip' data-placement='right' title='原始值：0.02'>0.020</span>", "<span data-toggle='tooltip' data-placement='right' title='原始值：0.235'>0.235</span>", "<span data-toggle='tooltip' data-placement='right' title='原始值：2.28'>2.28</span>", "*", "*", "正常"], ["福建省", "浙闽片河流", "<span data-toggle='tooltip' data-placement='right' title='所在地市:福州市&#10;所属河流:闽江'>白岩潭</span>", "09-16 08:00", "Ⅳ", "<span data-toggle='tooltip' data-placement='right' title='原始值：29.73'>29.7</span>", "<span data-toggle='tooltip' data-placement='right' title='原始值：6.9'>6.90</span>", "<span data-toggle='tooltip' data-placement='right' title='原始值：6.07'>6.07</span>", "<span data-toggle='tooltip' data-placement='right' title='原始值：267.5'>267.5</span>", "<span data-toggle='tooltip' data-placement='right' title='原始值：117.75'>117.8</span>", "<span data-toggle='tooltip' data-placement='right' title='原始值：1.41'>1.41</span>", "<span data-toggle='tooltip' data-placement='right' title='原始值：1.39'>1.390</span>", "*", "*", "*", "*", "正常"], ["江西省", "长江流域", "<span data-toggle='tooltip' data-placement='right' title='所在地市:南昌市&#10;所属河流:赣江南支'>滁槎</span>", null, "", "--", "--", "--", "--", "--", "--", "--", "--", "--", "*", "*", "维护"], ["江西省", "长江流域", "<span data-toggle='tooltip' data-placement='right' title='所在地市:九江市&#10;所属河流:长江'>姚港(河西水厂)</span>", "09-16 08:00", "Ⅲ", "<span data-toggle='tooltip' data-placement='right' title='原始值：25.85'>25.8</span>", "<span data-toggle='tooltip' data-placement='right' title='原始值：7.37'>7.37</span>", "<span data-toggle='tooltip' data-placement='right' title='原始值：6.8'>6.80</span>", "<span data-toggle='tooltip' data-placement='right' title='原始值：303.48'>303.5</span>", "<span data-toggle='tooltip' data-placement='right' title='原始值：76.9'>76.9</span>", "<span data-toggle='tooltip' data-placement='right' title='原始值：2.063'>2.06</span>", "<span data-toggle='tooltip' data-placement='right' title='原始值：0.007'>0.007</span>", "<span data-toggle='tooltip' data-placement='right' title='原始值：0.119'>0.119</span>", "<span data-toggle='tooltip' data-placement='right' title='原始值：1.55'>1.55</span>", "*", "*", "正常"], ["江西省", "长江流域", "<span data-toggle='tooltip' data-placement='right' title='所在地市:九江市&#10;所属河流:鄱阳湖'>蛤蟆石</span>", "09-16 08:00", "Ⅱ", "<span data-toggle='tooltip' data-placement='right' title='原始值：27.99'>28.0</span>", "<span data-toggle='tooltip' data-placement='right' title='原始值：6.83'>6.83</span>", "<span data-toggle='tooltip' data-placement='right' title='原始值：6.09'>6.09</span>", "<span data-toggle='tooltip' data-placement='right' title='原始值：121.14'>121.1</span>", "<span data-toggle='tooltip' data-placement='right' title='原始值：5.17'>5.2</span>", "<span data-toggle='tooltip' data-placement='right' title='原始值：1.665'>1.66</span>", "<span data-toggle='tooltip' data-placement='right' title='原始值：0.008'>0.008</span>", "<span data-toggle='tooltip' data-placement='right' title='原始值：0.0237'>0.024</span>", "<span data-toggle='tooltip' data-placement='right' title='原始值：0.587'>0.59</span>", "<span data-toggle='tooltip' data-placement='right' title='原始值：0.00828'>0.008</span>", "<span data-toggle='tooltip' data-placement='right' title='原始值：1736194'>1736194</span>", "正常"], ["山东省", "黄河流域", "<span data-toggle='tooltip' data-placement='right' title='所在地市:济南市&#10;所属河流:黄河'>泺口</span>", "09-16 08:00", "Ⅱ", "<span data-toggle='tooltip' data-placement='right' title='原始值：24.187'>24.2</span>", "<span data-toggle='tooltip' data-placement='right' title='原始值：7.85345'>7.85</span>", "<span data-toggle='tooltip' data-placement='right' title='原始值：7.12394'>7.12</span>", "<span data-toggle='tooltip' data-placement='right' title='原始值：679.708'>679.7</span>", "<span data-toggle='tooltip' data-placement='right' title='原始值：1499.76'>1499.8</span>", "<span data-toggle='tooltip' data-placement='right' title='原始值：2.56'>2.56</span>", "<span data-toggle='tooltip' data-placement='right' title='原始值：0.0927'>0.093</span>", "<span data-toggle='tooltip' data-placement='right' title='原始值：0.02457'>0.025</span>", "<span data-toggle='tooltip' data-placement='right' title='原始值：3.321'>3.32</span>", "*", "*", "正常"], ["山东省", "淮河流域", "<span data-toggle='tooltip' data-placement='right' title='所在地市:枣庄市&#10;所属河流:京杭大运河（韩庄运河）'>台儿庄大桥</span>", "09-16 08:00", "Ⅳ", "<span data-toggle='tooltip' data-placement='right' title='原始值：26.94'>26.9</span>", "<span data-toggle='tooltip' data-placement='right' title='原始值：7.38643'>7.39</span>", "<span data-toggle='tooltip' data-placement='right' title='原始值：4.27712'>4.28</span>", "<span data-toggle='tooltip' data-placement='right' title='原始值：866.8887'>866.9</span>", "<span data-toggle='tooltip' data-placement='right' title='原始值：24.85482'>24.9</span>", "<span data-toggle='tooltip' data-placement='right' title='原始值：3.52569'>3.53</span>", "<span data-toggle='tooltip' data-placement='right' title='原始值：0.07258'>0.073</span>", "<span data-toggle='tooltip' data-placement='right' title='原始值：0.07058'>0.071</span>", "<span data-toggle='tooltip' data-placement='right' title='原始值：1.93284'>1.93</span>", "*", "*", "正常"], ["山东省", "淮河流域", "<span data-toggle='tooltip' data-placement='right' title='所在地市:临沂市&#10;所属河流:沭河'>清泉寺</span>", "09-16 08:00", "Ⅳ", "<span data-toggle='tooltip' data-placement='right' title='原始值：25.34803'>25.3</span>", "<span data-toggle='tooltip' data-placement='right' title='原始值：7.73924'>7.74</span>", "<span data-toggle='tooltip' data-placement='right' title='原始值：5.63473'>5.63</span>", "<span data-toggle='tooltip' data-placement='right' title='原始值：773.045'>773.0</span>", "<span data-toggle='tooltip' data-placement='right' title='原始值：30.59037'>30.6</span>", "<span data-toggle='tooltip' data-placement='right' title='原始值：7.31'>7.31</span>", "<span data-toggle='tooltip' data-placement='right' title='原始值：0.49'>0.490</span>", "*", "*", "*", "*", "正常"], ["山东省", "淮河流域", "<span data-toggle='tooltip' data-placement='right' title='所在地市:临沂市&#10;所属河流:沂河'>重坊桥</span>", null, "", "--", "--", "--", "--", "--", "--", "--", "--", "--", "*", "*", "停站"], ["山东省", "淮河流域", "<span data-toggle='tooltip' data-placement='right' title='所在地市:临沂市&#10;所属河流:白马河'>捷庄(涝沟桥)</span>", "09-16 08:00", "Ⅳ", "<span data-toggle='tooltip' data-placement='right' title='原始值：24.5'>24.5</span>", "<span data-toggle='tooltip' data-placement='right' title='原始值：7.52999'>7.53</span>", "<span data-toggle='tooltip' data-placement='right' title='原始值：17.50175'>17.50</span>", "<span data-toggle='tooltip' data-placement='right' title='原始值：750.9999'>751.0</span>", "<span data-toggle='tooltip' data-placement='right' title='原始值：28.45623'>28.5</span>", "<span data-toggle='tooltip' data-placement='right' title='原始值：6.85'>6.85</span>", "<span data-toggle='tooltip' data-placement='right' title='原始值：0.05731'>0.057</span>", "<span data-toggle='tooltip' data-placement='right' title='原始值：0.10987'>0.110</span>", "<span data-toggle='tooltip' data-placement='right' title='原始值：6.02697'>6.03</span>", "*", "*", "正常"], ["山东省", "海河流域", "<span data-toggle='tooltip' data-placement='right' title='所在地市:聊城市&#10;所属河流:卫运河'>秤勾湾(秤钩湾)</span>", null, "", "--", "--", "--", "--", "--", "--", "--", "--", "--", "*", "*", "停站"], ["河南省", "长江流域", "<span data-toggle='tooltip' data-placement='right' title='所在地市:南阳市&#10;所属河流:丹江口水库'>陶岔</span>", "09-16 08:00", "Ⅱ", "<span data-toggle='tooltip' data-placement='right' title='原始值：26.73'>26.7</span>", "<span data-toggle='tooltip' data-placement='right' title='原始值：8.09056'>8.09</span>", "<span data-toggle='tooltip' data-placement='right' title='原始值：7.48118'>7.48</span>", "<span data-toggle='tooltip' data-placement='right' title='原始值：297.6929'>297.7</span>", "<span data-toggle='tooltip' data-placement='right' title='原始值：1.94671'>1.9</span>", "<span data-toggle='tooltip' data-placement='right' title='原始值：2.31'>2.31</span>", "<span data-toggle='tooltip' data-placement='right' title='原始值：0.01407'>0.014</span>", "<span data-toggle='tooltip' data-placement='right' title='原始值：0.01025'>0.010</span>", "<span data-toggle='tooltip' data-placement='right' title='原始值：0.63579'>0.64</span>", "<span data-toggle='tooltip' data-placement='right' title='原始值：0.00574'>0.006</span>", "<span data-toggle='tooltip' data-placement='right' title='原始值：171621.8'>171622</span>", "正常"], ["河南省", "淮河流域", "<span data-toggle='tooltip' data-placement='right' title='所在地市:商丘市&#10;所属河流:浍河'>黄口</span>", "09-16 08:00", "Ⅲ", "<span data-toggle='tooltip' data-placement='right' title='原始值：22.3'>22.3</span>", "<span data-toggle='tooltip' data-placement='right' title='原始值：7.18001'>7.18</span>", "<span data-toggle='tooltip' data-placement='right' title='原始值：5.27128'>5.27</span>", "<span data-toggle='tooltip' data-placement='right' title='原始值：1797.001'>1797.0</span>", "<span data-toggle='tooltip' data-placement='right' title='原始值：53.83065'>53.8</span>", "<span data-toggle='tooltip' data-placement='right' title='原始值：3.77'>3.77</span>", "<span data-toggle='tooltip' data-placement='right' title='原始值：0.04'>0.040</span>", "<span data-toggle='tooltip' data-placement='right' title='原始值：0.1225'>0.122</span>", "<span data-toggle='tooltip' data-placement='right' title='原始值：9.62327'>9.62</span>", "*", "*", "正常"], ["河南省", "淮河流域", "<span data-toggle='tooltip' data-placement='right' title='所在地市:信阳市&#10;所属河流:史灌河'>蒋集</span>", "09-16 08:00", "Ⅲ", "<span data-toggle='tooltip' data-placement='right' title='原始值：28.14375'>28.1</span>", "<span data-toggle='tooltip' data-placement='right' title='原始值：7.0245'>7.02</span>", "<span data-toggle='tooltip' data-placement='right' title='原始值：5.13'>5.13</span>", "<span data-toggle='tooltip' data-placement='right' title='原始值：217.3948'>217.4</span>", "<span data-toggle='tooltip' data-placement='right' title='原始值：170.0404'>170.0</span>", "<span data-toggle='tooltip' data-placement='right' title='原始值：3.16'>3.16</span>", "<span data-toggle='tooltip' data-placement='right' title='原始值：0.19947'>0.199</span>", "*", "*", "*", "*", "正常"], ["河南省", "淮河流域", "<span data-toggle='tooltip' data-placement='right' title='所在地市:信阳市&#10;所属河流:淮河'>淮滨水文站(淮滨)</span>", "09-16 08:00", "Ⅲ", "<span data-toggle='tooltip' data-placement='right' title='原始值：25.5'>25.5</span>", "<span data-toggle='tooltip' data-placement='right' title='原始值：7.05'>7.05</span>", "<span data-toggle='tooltip' data-placement='right' title='原始值：5.98516'>5.99</span>", "<span data-toggle='tooltip' data-placement='right' title='原始值：247.4998'>247.5</span>", "<span data-toggle='tooltip' data-placement='right' title='原始值：65.66393'>65.7</span>", "<span data-toggle='tooltip' data-placement='right' title='原始值：2.85271'>2.85</span>", "<span data-toggle='tooltip' data-placement='right' title='原始值：0.12642'>0.126</span>", "<span data-toggle='tooltip' data-placement='right' title='原始值：0.14109'>0.141</span>", "<span data-toggle='tooltip' data-placement='right' title='原始值：1.15645'>1.16</span>", "*", "*", "正常"], ["河南省", "淮河流域", "<span data-toggle='tooltip' data-placement='right' title='所在地市:周口市&#10;所属河流:沙河'>沈丘闸</span>", "09-16 08:00", "Ⅴ", "<span data-toggle='tooltip' data-placement='right' title='原始值：26.55569'>26.6</span>", "<span data-toggle='tooltip' data-placement='right' title='原始值：7.23259'>7.23</span>", "<span data-toggle='tooltip' data-placement='right' title='原始值：2.99354'>2.99</span>", "<span data-toggle='tooltip' data-placement='right' title='原始值：927.6364'>927.6</span>", "<span data-toggle='tooltip' data-placement='right' title='原始值：16.28234'>16.3</span>", "<span data-toggle='tooltip' data-placement='right' title='原始值：4'>4.00</span>", "<span data-toggle='tooltip' data-placement='right' title='原始值：0.01'>0.010</span>", "*", "*", "*", "*", "正常"], ["河南省", "淮河流域", "<span data-toggle='tooltip' data-placement='right' title='所在地市:周口市&#10;所属河流:涡河'>鹿邑付桥(鹿邑付桥闸)</span>", "09-16 08:00", "Ⅳ", "<span data-toggle='tooltip' data-placement='right' title='原始值：25.0932'>25.1</span>", "<span data-toggle='tooltip' data-placement='right' title='原始值：8.30474'>8.30</span>", "<span data-toggle='tooltip' data-placement='right' title='原始值：4.50689'>4.51</span>", "<span data-toggle='tooltip' data-placement='right' title='原始值：1430.2'>1430.2</span>", "<span data-toggle='tooltip' data-placement='right' title='原始值：10.0149'>10.0</span>", "<span data-toggle='tooltip' data-placement='right' title='原始值：5.23'>5.23</span>", "<span data-toggle='tooltip' data-placement='right' title='原始值：0.19'>0.190</span>", "<span data-toggle='tooltip' data-placement='right' title='原始值：0.1648'>0.165</span>", "<span data-toggle='tooltip' data-placement='right' title='原始值：1.30799'>1.31</span>", "*", "*", "正常"], ["河南省", "淮河流域", "<span data-toggle='tooltip' data-placement='right' title='所在地市:驻马店市&#10;所属河流:洪河'>新蔡班台(班台)</span>", "09-16 08:00", "Ⅴ", "<span data-toggle='tooltip' data-placement='right' title='原始值：25.67659'>25.7</span>", "<span data-toggle='tooltip' data-placement='right' title='原始值：7.35084'>7.35</span>", "<span data-toggle='tooltip' data-placement='right' title='原始值：5.93761'>5.94</span>", "<span data-toggle='tooltip' data-placement='right' title='原始值：775.9167'>775.9</span>", "<span data-toggle='tooltip' data-placement='right' title='原始值：18.79227'>18.8</span>", "<span data-toggle='tooltip' data-placement='right' title='原始值：3.885'>3.88</span>", "<span data-toggle='tooltip' data-placement='right' title='原始值：0.04'>0.040</span>", "<span data-toggle='tooltip' data-placement='right' title='原始值：0.31769'>0.318</span>", "<span data-toggle='tooltip' data-placement='right' title='原始值：2.9567'>2.96</span>", "*", "*", "正常"], ["河南省", "黄河流域", "<span data-toggle='tooltip' data-placement='right' title='所在地市:济源市&#10;所属河流:黄河'>小浪底水库(小浪底)</span>", null, "", "--", "--", "--", "--", "--", "--", "--", "--", "--", "*", "*", "停站"], ["湖北省", "长江流域", "<span data-toggle='tooltip' data-placement='right' title='所在地市:武汉市&#10;所属河流:汉江'>宗关</span>", null, "", "--", "--", "--", "--", "--", "--", "--", "--", "--", "*", "*", "停站"], ["湖北省", "长江流域", "<span data-toggle='tooltip' data-placement='right' title='所在地市:十堰市&#10;所属河流:丹江口水库'>坝上中(胡家岭)</span>", "09-16 08:00", "Ⅱ", "<span data-toggle='tooltip' data-placement='right' title='原始值：27.32'>27.3</span>", "<span data-toggle='tooltip' data-placement='right' title='原始值：8.712147'>8.71</span>", "<span data-toggle='tooltip' data-placement='right' title='原始值：9.239629'>9.24</span>", "<span data-toggle='tooltip' data-placement='right' title='原始值：226.645'>226.6</span>", "<span data-toggle='tooltip' data-placement='right' title='原始值：2.690835'>2.7</span>", "<span data-toggle='tooltip' data-placement='right' title='原始值：2.71'>2.71</span>", "<span data-toggle='tooltip' data-placement='right' title='原始值：0.115'>0.115</span>", "<span data-toggle='tooltip' data-placement='right' title='原始值：0.019'>0.019</span>", "<span data-toggle='tooltip' data-placement='right' title='原始值：1.125'>1.12</span>", "<span data-toggle='tooltip' data-placement='right' title='原始值：0.0905547'>0.091</span>", "<span data-toggle='tooltip' data-placement='right' title='原始值：1.4286E+07'>14286000</span>", "正常"], ["湖北省", "长江流域", "<span data-toggle='tooltip' data-placement='right' title='所在地市:宜昌市&#10;所属河流:长江'>南津关</span>", null, "", "--", "--", "--", "--", "--", "--", "--", "--", "--", "*", "*", "停站"], ["湖南省", "长江流域", "<span data-toggle='tooltip' data-placement='right' title='所在地市:长沙市&#10;所属河流:湘江'>新港</span>", "09-16 08:00", "Ⅲ", "<span data-toggle='tooltip' data-placement='right' title='原始值：26.76'>26.8</span>", "<span data-toggle='tooltip' data-placement='right' title='原始值：7.15'>7.15</span>", "<span data-toggle='tooltip' data-placement='right' title='原始值：5.59'>5.59</span>", "<span data-toggle='tooltip' data-placement='right' title='原始值：243.58'>243.6</span>", "<span data-toggle='tooltip' data-placement='right' title='原始值：45.37'>45.4</span>", "<span data-toggle='tooltip' data-placement='right' title='原始值：2.03'>2.03</span>", "<span data-toggle='tooltip' data-placement='right' title='原始值：0.024'>0.024</span>", "<span data-toggle='tooltip' data-placement='right' title='原始值：0.052'>0.052</span>", "<span data-toggle='tooltip' data-placement='right' title='原始值：1.26'>1.26</span>", "*", "*", "正常"], ["湖南省", "长江流域", "<span data-toggle='tooltip' data-placement='right' title='所在地市:岳阳市&#10;所属河流:洞庭湖'>岳阳楼</span>", "09-16 08:00", "Ⅲ", "<span data-toggle='tooltip' data-placement='right' title='原始值：24.03'>24.0</span>", "<span data-toggle='tooltip' data-placement='right' title='原始值：7.820796'>7.82</span>", "<span data-toggle='tooltip' data-placement='right' title='原始值：5.632063'>5.63</span>", "<span data-toggle='tooltip' data-placement='right' title='原始值：264.6182'>264.6</span>", "<span data-toggle='tooltip' data-placement='right' title='原始值：39.01723'>39.0</span>", "<span data-toggle='tooltip' data-placement='right' title='原始值：2.46'>2.46</span>", "<span data-toggle='tooltip' data-placement='right' title='原始值：0.004'>0.004</span>", "<span data-toggle='tooltip' data-placement='right' title='原始值：0.021'>0.021</span>", "<span data-toggle='tooltip' data-placement='right' title='极值过滤'>--</span>", "<span data-toggle='tooltip' data-placement='right' title='原始值：0.0032031'>0.003</span>", "<span data-toggle='tooltip' data-placement='right' title='原始值：251.541'>252</span>", "维护"], ["湖南省", "长江流域", "<span data-toggle='tooltip' data-placement='right' title='所在地市:岳阳市&#10;所属河流:长江'>城陵矶</span>", "09-16 08:00", "劣Ⅴ", "<span data-toggle='tooltip' data-placement='right' title='原始值：24.95'>25.0</span>", "<span data-toggle='tooltip' data-placement='right' title='原始值：4.796711'>4.80</span>", "<span data-toggle='tooltip' data-placement='right' title='原始值：7.325037'>7.33</span>", "<span data-toggle='tooltip' data-placement='right' title='原始值：700.708'>700.7</span>", "<span data-toggle='tooltip' data-placement='right' title='原始值：44.38884'>44.4</span>", "<span data-toggle='tooltip' data-placement='right' title='原始值：2.48'>2.48</span>", "<span data-toggle='tooltip' data-placement='right' title='原始值：0.009'>0.009</span>", "<span data-toggle='tooltip' data-placement='right' title='原始值：0.13'>0.130</span>", "<span data-toggle='tooltip' data-placement='right' title='原始值：1.259'>1.26</span>", "*", "*", "正常"], ["广东省", "珠江流域", "<span data-toggle='tooltip' data-placement='right' title='所在地市:清远市&#10;所属河流:北江'>七星岗</span>", "09-16 08:00", "Ⅲ", "<span data-toggle='tooltip' data-placement='right' title='原始值：31.01394'>31.0</span>", "<span data-toggle='tooltip' data-placement='right' title='原始值：7.33418'>7.33</span>", "<span data-toggle='tooltip' data-placement='right' title='原始值：5.40798'>5.41</span>", "<span data-toggle='tooltip' data-placement='right' title='原始值：232.3439'>232.3</span>", "<span data-toggle='tooltip' data-placement='right' title='原始值：10.74505'>10.7</span>", "<span data-toggle='tooltip' data-placement='right' title='原始值：1.51'>1.51</span>", "<span data-toggle='tooltip' data-placement='right' title='原始值：0.1387'>0.139</span>", "<span data-toggle='tooltip' data-placement='right' title='原始值：0.02987'>0.030</span>", "<span data-toggle='tooltip' data-placement='right' title='原始值：0.7042'>0.70</span>", "*", "*", "正常"], ["广东省", "珠江流域", "<span data-toggle='tooltip' data-placement='right' title='所在地市:中山市&#10;所属河流:西江'>横栏</span>", "09-16 08:00", "Ⅱ", "<span data-toggle='tooltip' data-placement='right' title='原始值：27.6'>27.6</span>", "<span data-toggle='tooltip' data-placement='right' title='原始值：7.72'>7.72</span>", "<span data-toggle='tooltip' data-placement='right' title='原始值：6.38'>6.38</span>", "<span data-toggle='tooltip' data-placement='right' title='原始值：260'>260.0</span>", "<span data-toggle='tooltip' data-placement='right' title='原始值：8.5'>8.5</span>", "<span data-toggle='tooltip' data-placement='right' title='原始值：2.22'>2.22</span>", "<span data-toggle='tooltip' data-placement='right' title='原始值：0.14511'>0.145</span>", "*", "*", "*", "*", "正常"], ["广西壮族自治区", "珠江流域", "<span data-toggle='tooltip' data-placement='right' title='所在地市:南宁市&#10;所属河流:邕江'>老口</span>", "09-16 08:00", "Ⅱ", "<span data-toggle='tooltip' data-placement='right' title='原始值：29.80801'>29.8</span>", "<span data-toggle='tooltip' data-placement='right' title='原始值：7.52273'>7.52</span>", "<span data-toggle='tooltip' data-placement='right' title='原始值：6.54002'>6.54</span>", "<span data-toggle='tooltip' data-placement='right' title='原始值：334.8199'>334.8</span>", "<span data-toggle='tooltip' data-placement='right' title='原始值：8.22117'>8.2</span>", "<span data-toggle='tooltip' data-placement='right' title='原始值：1.27901'>1.28</span>", "<span data-toggle='tooltip' data-placement='right' title='原始值：0.1181'>0.118</span>", "<span data-toggle='tooltip' data-placement='right' title='原始值：0.02051'>0.021</span>", "<span data-toggle='tooltip' data-placement='right' title='原始值：1.55161'>1.55</span>", "*", "*", "正常"], ["广西壮族自治区", "珠江流域", "<span data-toggle='tooltip' data-placement='right' title='所在地市:桂林市&#10;所属河流:漓江'>阳朔</span>", null, "", "--", "--", "--", "--", "--", "--", "--", "--", "--", "*", "*", "停站"], ["广西壮族自治区", "珠江流域", "<span data-toggle='tooltip' data-placement='right' title='所在地市:梧州市&#10;所属河流:浔江'>界首</span>", null, "", "--", "--", "--", "--", "--", "--", "--", "--", "--", "*", "*", "停站"], ["广西壮族自治区", "珠江流域", "<span data-toggle='tooltip' data-placement='right' title='所在地市:贵港市&#10;所属河流:浔江'>石嘴</span>", "09-16 08:00", "Ⅱ", "<span data-toggle='tooltip' data-placement='right' title='原始值：28.75712'>28.8</span>", "<span data-toggle='tooltip' data-placement='right' title='原始值：7.10836'>7.11</span>", "<span data-toggle='tooltip' data-placement='right' title='原始值：7.63179'>7.63</span>", "<span data-toggle='tooltip' data-placement='right' title='原始值：248.8349'>248.8</span>", "<span data-toggle='tooltip' data-placement='right' title='原始值：66.08768'>66.1</span>", "<span data-toggle='tooltip' data-placement='right' title='原始值：1.42'>1.42</span>", "<span data-toggle='tooltip' data-placement='right' title='原始值：0.15'>0.150</span>", "<span data-toggle='tooltip' data-placement='right' title='原始值：0.04282'>0.043</span>", "<span data-toggle='tooltip' data-placement='right' title='原始值：1.6876'>1.69</span>", "*", "*", "正常"], ["广西壮族自治区", "珠江流域", "<span data-toggle='tooltip' data-placement='right' title='所在地市:崇左市&#10;所属河流:平而河'>平而关</span>", "09-16 08:00", "Ⅱ", "<span data-toggle='tooltip' data-placement='right' title='原始值：29.07461'>29.1</span>", "<span data-toggle='tooltip' data-placement='right' title='原始值：7.79727'>7.80</span>", "<span data-toggle='tooltip' data-placement='right' title='原始值：6.31675'>6.32</span>", "<span data-toggle='tooltip' data-placement='right' title='原始值：236.8053'>236.8</span>", "<span data-toggle='tooltip' data-placement='right' title='原始值：33.54652'>33.5</span>", "<span data-toggle='tooltip' data-placement='right' title='原始值：1.67'>1.67</span>", "<span data-toggle='tooltip' data-placement='right' title='原始值：0.09'>0.090</span>", "*", "*", "*", "*", "正常"], ["重庆市", "长江流域", "<span data-toggle='tooltip' data-placement='right' title='所在地市:永川区&#10;所属河流:长江'>朱沱</span>", null, "", "--", "--", "--", "--", "--", "--", "--", "--", "--", "*", "*", "停站"], ["四川省", "长江流域", "<span data-toggle='tooltip' data-placement='right' title='所在地市:攀枝花市&#10;所属河流:金沙江'>龙洞</span>", null, "", "--", "--", "--", "--", "--", "--", "--", "--", "--", "*", "*", "停站"], ["四川省", "长江流域", "<span data-toggle='tooltip' data-placement='right' title='所在地市:泸州市&#10;所属河流:沱江'>沱江大桥(沱江二桥)</span>", "09-16 08:00", "Ⅲ", "<span data-toggle='tooltip' data-placement='right' title='原始值：25.77'>25.8</span>", "<span data-toggle='tooltip' data-placement='right' title='原始值：8.030236'>8.03</span>", "<span data-toggle='tooltip' data-placement='right' title='原始值：7.825563'>7.83</span>", "<span data-toggle='tooltip' data-placement='right' title='原始值：449.6149'>449.6</span>", "<span data-toggle='tooltip' data-placement='right' title='原始值：78.80323'>78.8</span>", "<span data-toggle='tooltip' data-placement='right' title='原始值：3.26'>3.26</span>", "<span data-toggle='tooltip' data-placement='right' title='原始值：0.011'>0.011</span>", "<span data-toggle='tooltip' data-placement='right' title='原始值：0.169917'>0.170</span>", "<span data-toggle='tooltip' data-placement='right' title='原始值：3.962503'>3.96</span>", "*", "*", "正常"], ["四川省", "长江流域", "<span data-toggle='tooltip' data-placement='right' title='所在地市:广元市&#10;所属河流:嘉陵江'>清风峡</span>", "09-16 08:00", "Ⅰ", "<span data-toggle='tooltip' data-placement='right' title='原始值：21.60925'>21.6</span>", "<span data-toggle='tooltip' data-placement='right' title='原始值：8.22999'>8.23</span>", "<span data-toggle='tooltip' data-placement='right' title='原始值：8.61925'>8.62</span>", "<span data-toggle='tooltip' data-placement='right' title='原始值：394'>394.0</span>", "<span data-toggle='tooltip' data-placement='right' title='原始值：39.27315'>39.3</span>", "<span data-toggle='tooltip' data-placement='right' title='原始值：0.99'>0.99</span>", "<span data-toggle='tooltip' data-placement='right' title='原始值：0.10964'>0.110</span>", "*", "*", "*", "*", "正常"], ["四川省", "长江流域", "<span data-toggle='tooltip' data-placement='right' title='所在地市:乐山市&#10;所属河流:岷江'>岷江大桥</span>", null, "", "--", "--", "--", "--", "--", "--", "--", "--", "--", "*", "*", "停站"], ["四川省", "长江流域", "<span data-toggle='tooltip' data-placement='right' title='所在地市:宜宾市&#10;所属河流:岷江'>凉姜沟</span>", null, "", "--", "--", "--", "--", "--", "--", "--", "--", "--", "*", "*", "停站"], ["云南省", "滇池流域", "<span data-toggle='tooltip' data-placement='right' title='所在地市:昆明市&#10;所属河流:滇池'>西苑隧道</span>", "09-16 08:00", "", "<span data-toggle='tooltip' data-placement='right' title='极值过滤'>--</span>", "<span data-toggle='tooltip' data-placement='right' title='极值过滤'>--</span>", "<span data-toggle='tooltip' data-placement='right' title='原始值：2.01842'>2.02</span>", "<span data-toggle='tooltip' data-placement='right' title='原始值：547.7326'>547.7</span>", "<span data-toggle='tooltip' data-placement='right' title='原始值：21.13699'>21.1</span>", "<span data-toggle='tooltip' data-placement='right' title='原始值：7.85999'>7.86</span>", "<span data-toggle='tooltip' data-placement='right' title='原始值：2.07643'>2.076</span>", "<span data-toggle='tooltip' data-placement='right' title='原始值：0.17398'>0.174</span>", "<span data-toggle='tooltip' data-placement='right' title='原始值：4.20882'>4.21</span>", "<span data-toggle='tooltip' data-placement='right' title='原始值：0.00253'>0.003</span>", "<span data-toggle='tooltip' data-placement='right' title='原始值：1.563235E+07'>15632350</span>", "维护"], ["云南省", "滇池流域", "<span data-toggle='tooltip' data-placement='right' title='所在地市:昆明市&#10;所属河流:滇池'>观音山</span>", "09-16 08:00", "Ⅳ", "<span data-toggle='tooltip' data-placement='right' title='原始值：23.26741'>23.3</span>", "<span data-toggle='tooltip' data-placement='right' title='原始值：8.38696'>8.39</span>", "<span data-toggle='tooltip' data-placement='right' title='原始值：5.38349'>5.38</span>", "<span data-toggle='tooltip' data-placement='right' title='原始值：421.7986'>421.8</span>", "<span data-toggle='tooltip' data-placement='right' title='原始值：52.6133'>52.6</span>", "<span data-toggle='tooltip' data-placement='right' title='原始值：9.00769'>9.01</span>", "<span data-toggle='tooltip' data-placement='right' title='原始值：0.61'>0.610</span>", "<span data-toggle='tooltip' data-placement='right' title='原始值：0.0916'>0.092</span>", "<span data-toggle='tooltip' data-placement='right' title='原始值：1.923'>1.92</span>", "<span data-toggle='tooltip' data-placement='right' title='原始值：0.00513'>0.005</span>", "<span data-toggle='tooltip' data-placement='right' title='原始值：4.19464E+07'>41946400</span>", "正常"], ["云南省", "西南诸河", "<span data-toggle='tooltip' data-placement='right' title='所在地市:红河哈尼族彝族自治州&#10;所属河流:红河'>河口县医院(河口)</span>", "09-16 08:00", "Ⅳ", "<span data-toggle='tooltip' data-placement='right' title='原始值：26.11967'>26.1</span>", "<span data-toggle='tooltip' data-placement='right' title='原始值：6.95792'>6.96</span>", "<span data-toggle='tooltip' data-placement='right' title='原始值：7.67133'>7.67</span>", "<span data-toggle='tooltip' data-placement='right' title='原始值：163.802'>163.8</span>", "<span data-toggle='tooltip' data-placement='right' title='原始值：44.7872'>44.8</span>", "<span data-toggle='tooltip' data-placement='right' title='原始值：1.75746'>1.76</span>", "<span data-toggle='tooltip' data-placement='right' title='原始值：1.22388'>1.224</span>", "<span data-toggle='tooltip' data-placement='right' title='原始值：0.09124'>0.091</span>", "<span data-toggle='tooltip' data-placement='right' title='原始值：1.63416'>1.63</span>", "*", "*", "正常"], ["云南省", "西南诸河", "<span data-toggle='tooltip' data-placement='right' title='所在地市:西双版纳傣族自治州&#10;所属河流:澜沧江'>橄榄坝</span>", "09-16 08:00", "Ⅱ", "<span data-toggle='tooltip' data-placement='right' title='原始值：19.88624'>19.9</span>", "<span data-toggle='tooltip' data-placement='right' title='原始值：7.57362'>7.57</span>", "<span data-toggle='tooltip' data-placement='right' title='原始值：6.3341'>6.33</span>", "<span data-toggle='tooltip' data-placement='right' title='原始值：501.0382'>501.0</span>", "<span data-toggle='tooltip' data-placement='right' title='原始值：38.81979'>38.8</span>", "<span data-toggle='tooltip' data-placement='right' title='原始值：0.84'>0.84</span>", "<span data-toggle='tooltip' data-placement='right' title='原始值：0.09976'>0.100</span>", "*", "*", "*", "*", "正常"], ["陕西省", "黄河流域", "<span data-toggle='tooltip' data-placement='right' title='所在地市:渭南市&#10;所属河流:渭河'>潼关吊桥</span>", null, "", "--", "--", "--", "--", "--", "--", "--", "--", "--", "*", "*", "停站"], ["甘肃省", "黄河流域", "<span data-toggle='tooltip' data-placement='right' title='所在地市:兰州市&#10;所属河流:黄河'>新城桥</span>", "09-16 08:00", "Ⅱ", "<span data-toggle='tooltip' data-placement='right' title='原始值：15.62636'>15.6</span>", "<span data-toggle='tooltip' data-placement='right' title='原始值：6.91041'>6.91</span>", "<span data-toggle='tooltip' data-placement='right' title='原始值：7.7815'>7.78</span>", "<span data-toggle='tooltip' data-placement='right' title='原始值：466.9958'>467.0</span>", "<span data-toggle='tooltip' data-placement='right' title='原始值：208.3804'>208.4</span>", "<span data-toggle='tooltip' data-placement='right' title='原始值：2.77'>2.77</span>", "<span data-toggle='tooltip' data-placement='right' title='原始值：0.3'>0.300</span>", "<span data-toggle='tooltip' data-placement='right' title='原始值：0.03917'>0.039</span>", "<span data-toggle='tooltip' data-placement='right' title='原始值：2.72217'>2.72</span>", "*", "*", "正常"], ["宁夏回族自治区", "黄河流域", "<span data-toggle='tooltip' data-placement='right' title='所在地市:中卫市&#10;所属河流:黄河'>中卫下河沿(新墩)</span>", "09-16 08:00", "Ⅱ", "<span data-toggle='tooltip' data-placement='right' title='原始值：18.04507'>18.0</span>", "<span data-toggle='tooltip' data-placement='right' title='原始值：8.03882'>8.04</span>", "<span data-toggle='tooltip' data-placement='right' title='原始值：7.83762'>7.84</span>", "<span data-toggle='tooltip' data-placement='right' title='原始值：564.9421'>564.9</span>", "<span data-toggle='tooltip' data-placement='right' title='原始值：242.4235'>242.4</span>", "<span data-toggle='tooltip' data-placement='right' title='原始值：2.98'>2.98</span>", "<span data-toggle='tooltip' data-placement='right' title='原始值：0.2'>0.200</span>", "<span data-toggle='tooltip' data-placement='right' title='原始值：0.084'>0.084</span>", "<span data-toggle='tooltip' data-placement='right' title='原始值：1.9659'>1.97</span>", "*", "*", "正常"]]}