{"result": 1, "total": 1, "records": 98, "thead": ["省份", "流域", "断面名称", "监测时间", "水质类别", "水温<br/><span class='unit'>(℃)</span>", "pH<br/><span class='unit'>(无量纲)</span>", "溶解氧<br/><span class='unit'>(mg/L)</span>", "电导率<br/><span class='unit'>(μS/cm)</span>", "浊度<br/><span class='unit'>(NTU)</span>", "高锰酸盐指数<br/><span class='unit'>(mg/L)</span>", "氨氮<br/><span class='unit'>(mg/L)</span>", "总磷<br/><span class='unit'>(mg/L)</span>", "总氮<br/><span class='unit'>(mg/L)</span>", "叶绿素α<br/><span class='unit'>(mg/L)</span>", "藻密度<br/><span class='unit'>(cells/L)</span>", "站点情况"], "tbody": [["北京市", "海河流域", "<span data-toggle='tooltip' data-placement='right' title='所在地市:门头沟区&#10;所属河流:永定河'>沿河城</span>", "09-27 08:00", "Ⅲ", "<span data-toggle='tooltip' data-placement='right' title='原始值：19.77035'>19.8</span>", "<span data-toggle='tooltip' data-placement='right' title='原始值：8.53802'>8.54</span>", "<span data-toggle='tooltip' data-placement='right' title='原始值：8.04442'>8.04</span>", "<span data-toggle='tooltip' data-placement='right' title='原始值：1538.582'>1538.6</span>", "<span data-toggle='tooltip' data-placement='right' title='原始值：15.84453'>15.8</span>", "<span data-toggle='tooltip' data-placement='right' title='原始值：5.11'>5.11</span>", "<span data-toggle='tooltip' data-placement='right' title='原始值：0.2'>0.200</span>", "<span data-toggle='tooltip' data-placement='right' title='原始值：0.0394'>0.039</span>", "<span data-toggle='tooltip' data-placement='right' title='原始值：0.60059'>0.60</span>", "*", "*", "正常"], ["北京市", "海河流域", "<span data-toggle='tooltip' data-placement='right' title='所在地市:密云区&#10;所属河流:潮河'>古北口</span>", "09-27 08:00", "", "<span data-toggle='tooltip' data-placement='right' title='原始值：18.33872'>18.3</span>", "<span data-toggle='tooltip' data-placement='right' title='原始值：7.21477'>7.21</span>", "<span data-toggle='tooltip' data-placement='right' title='原始值：8.55461'>8.55</span>", "<span data-toggle='tooltip' data-placement='right' title='原始值：690.3075'>690.3</span>", "<span data-toggle='tooltip' data-placement='right' title='原始值：2.73333'>2.7</span>", "<span data-toggle='tooltip' data-placement='right' title='原始值：1.7075'>1.71</span>", "<span data-toggle='tooltip' data-placement='right' title='原始值：0.2'>0.200</span>", "<span data-toggle='tooltip' data-placement='right' title='极值过滤'>--</span>", "<span data-toggle='tooltip' data-placement='right' title='原始值：6.3697'>6.37</span>", "*", "*", "维护"], ["天津市", "海河流域", "<span data-toggle='tooltip' data-placement='right' title='所在地市:河北区&#10;所属河流:海河'>三岔口</span>", "09-27 08:00", "Ⅱ", "<span data-toggle='tooltip' data-placement='right' title='原始值：22.9304'>22.9</span>", "<span data-toggle='tooltip' data-placement='right' title='原始值：7.5456'>7.55</span>", "<span data-toggle='tooltip' data-placement='right' title='原始值：6.634'>6.63</span>", "<span data-toggle='tooltip' data-placement='right' title='原始值：704.9291'>704.9</span>", "<span data-toggle='tooltip' data-placement='right' title='原始值：20.78'>20.8</span>", "<span data-toggle='tooltip' data-placement='right' title='原始值：2.69'>2.69</span>", "<span data-toggle='tooltip' data-placement='right' title='原始值：0.24'>0.240</span>", "<span data-toggle='tooltip' data-placement='right' title='原始值：0.0024'>0.002</span>", "<span data-toggle='tooltip' data-placement='right' title='原始值：0.8545'>0.85</span>", "*", "*", "正常"], ["天津市", "海河流域", "<span data-toggle='tooltip' data-placement='right' title='所在地市:蓟州区&#10;所属河流:果河'>果河桥</span>", "09-27 08:00", "Ⅱ", "<span data-toggle='tooltip' data-placement='right' title='原始值：23'>23.0</span>", "<span data-toggle='tooltip' data-placement='right' title='原始值：8.63'>8.63</span>", "<span data-toggle='tooltip' data-placement='right' title='原始值：11.73'>11.73</span>", "<span data-toggle='tooltip' data-placement='right' title='原始值：624.733'>624.7</span>", "<span data-toggle='tooltip' data-placement='right' title='原始值：4.1'>4.1</span>", "<span data-toggle='tooltip' data-placement='right' title='原始值：2.8089'>2.81</span>", "<span data-toggle='tooltip' data-placement='right' title='原始值：0.07'>0.070</span>", "<span data-toggle='tooltip' data-placement='right' title='原始值：0.0431'>0.043</span>", "<span data-toggle='tooltip' data-placement='right' title='原始值：6.6274'>6.63</span>", "*", "*", "正常"], ["河北省", "海河流域", "<span data-toggle='tooltip' data-placement='right' title='所在地市:石家庄市&#10;所属河流:滹沱河'>岗南水库</span>", "09-27 08:00", "Ⅱ", "<span data-toggle='tooltip' data-placement='right' title='原始值：24.58802'>24.6</span>", "<span data-toggle='tooltip' data-placement='right' title='原始值：8.28706'>8.29</span>", "<span data-toggle='tooltip' data-placement='right' title='原始值：7.21981'>7.22</span>", "<span data-toggle='tooltip' data-placement='right' title='原始值：565.1432'>565.1</span>", "<span data-toggle='tooltip' data-placement='right' title='原始值：1.42015'>1.4</span>", "<span data-toggle='tooltip' data-placement='right' title='原始值：2.39438'>2.39</span>", "<span data-toggle='tooltip' data-placement='right' title='原始值：0.08'>0.080</span>", "<span data-toggle='tooltip' data-placement='right' title='原始值：0.01692'>0.017</span>", "<span data-toggle='tooltip' data-placement='right' title='原始值：2.93125'>2.93</span>", "*", "*", "正常"], ["河北省", "海河流域", "<span data-toggle='tooltip' data-placement='right' title='所在地市:张家口市&#10;所属河流:永定河'>八号桥</span>", "09-27 08:00", "Ⅲ", "<span data-toggle='tooltip' data-placement='right' title='原始值：18.7323'>18.7</span>", "<span data-toggle='tooltip' data-placement='right' title='原始值：7.85343'>7.85</span>", "<span data-toggle='tooltip' data-placement='right' title='原始值：7.58191'>7.58</span>", "<span data-toggle='tooltip' data-placement='right' title='原始值：1042.411'>1042.4</span>", "<span data-toggle='tooltip' data-placement='right' title='原始值：68.61998'>68.6</span>", "<span data-toggle='tooltip' data-placement='right' title='原始值：5.18'>5.18</span>", "<span data-toggle='tooltip' data-placement='right' title='原始值：0.11'>0.110</span>", "<span data-toggle='tooltip' data-placement='right' title='原始值：0.1575'>0.158</span>", "<span data-toggle='tooltip' data-placement='right' title='原始值：3.35972'>3.36</span>", "*", "*", "正常"], ["山西省", "黄河流域", "<span data-toggle='tooltip' data-placement='right' title='所在地市:运城市&#10;所属河流:汾河'>河津大桥</span>", "09-27 08:00", "Ⅳ", "<span data-toggle='tooltip' data-placement='right' title='原始值：22.61297'>22.6</span>", "<span data-toggle='tooltip' data-placement='right' title='原始值：7.92697'>7.93</span>", "<span data-toggle='tooltip' data-placement='right' title='原始值：7.47798'>7.48</span>", "<span data-toggle='tooltip' data-placement='right' title='原始值：1745.821'>1745.8</span>", "<span data-toggle='tooltip' data-placement='right' title='原始值：114.7221'>114.7</span>", "<span data-toggle='tooltip' data-placement='right' title='原始值：6.4261'>6.43</span>", "<span data-toggle='tooltip' data-placement='right' title='原始值：0.05'>0.050</span>", "*", "*", "*", "*", "正常"], ["山西省", "黄河流域", "<span data-toggle='tooltip' data-placement='right' title='所在地市:忻州市&#10;所属河流:黄河'>万家寨水库</span>", "09-27 08:00", "Ⅱ", "<span data-toggle='tooltip' data-placement='right' title='原始值：18.17428'>18.2</span>", "<span data-toggle='tooltip' data-placement='right' title='原始值：7.91176'>7.91</span>", "<span data-toggle='tooltip' data-placement='right' title='原始值：8.70786'>8.71</span>", "<span data-toggle='tooltip' data-placement='right' title='原始值：745.6882'>745.7</span>", "<span data-toggle='tooltip' data-placement='right' title='原始值：30.62514'>30.6</span>", "<span data-toggle='tooltip' data-placement='right' title='原始值：3.32'>3.32</span>", "<span data-toggle='tooltip' data-placement='right' title='原始值：0.31'>0.310</span>", "<span data-toggle='tooltip' data-placement='right' title='原始值：0.02025'>0.020</span>", "<span data-toggle='tooltip' data-placement='right' title='原始值：2.7125'>2.71</span>", "*", "*", "正常"], ["内蒙古自治区", "黄河流域", "<span data-toggle='tooltip' data-placement='right' title='所在地市:包头市&#10;所属河流:黄河'>画匠营子</span>", null, "", "--", "--", "--", "--", "--", "--", "--", "*", "*", "*", "*", "维护"], ["内蒙古自治区", "黄河流域", "<span data-toggle='tooltip' data-placement='right' title='所在地市:乌海市&#10;所属河流:黄河'>海勃湾</span>", "09-27 08:00", "Ⅱ", "<span data-toggle='tooltip' data-placement='right' title='原始值：19.23461'>19.2</span>", "<span data-toggle='tooltip' data-placement='right' title='原始值：7.53803'>7.54</span>", "<span data-toggle='tooltip' data-placement='right' title='原始值：6.38487'>6.38</span>", "<span data-toggle='tooltip' data-placement='right' title='原始值：683.0053'>683.0</span>", "<span data-toggle='tooltip' data-placement='right' title='原始值：61.88771'>61.9</span>", "<span data-toggle='tooltip' data-placement='right' title='原始值：2.54'>2.54</span>", "<span data-toggle='tooltip' data-placement='right' title='原始值：0.14'>0.140</span>", "*", "*", "*", "*", "正常"], ["内蒙古自治区", "松花江流域", "<span data-toggle='tooltip' data-placement='right' title='所在地市:呼伦贝尔市&#10;所属河流:额尔古纳河'>黑山头</span>", null, "", "--", "--", "--", "--", "--", "--", "--", "--", "--", "*", "*", "停站"], ["辽宁省", "辽河流域", "<span data-toggle='tooltip' data-placement='right' title='所在地市:抚顺市&#10;所属河流:浑河'>大伙房水库</span>", null, "", "--", "--", "--", "--", "--", "--", "--", "--", "--", "--", "*", "停站"], ["辽宁省", "辽河流域", "<span data-toggle='tooltip' data-placement='right' title='所在地市:丹东市&#10;所属河流:鸭绿江'>江桥</span>", null, "", "--", "--", "--", "--", "--", "--", "--", "--", "--", "*", "*", "维护"], ["辽宁省", "辽河流域", "<span data-toggle='tooltip' data-placement='right' title='所在地市:营口市&#10;所属河流:大辽河'>辽河公园</span>", "09-27 08:00", "Ⅲ", "<span data-toggle='tooltip' data-placement='right' title='原始值：21.78809'>21.8</span>", "<span data-toggle='tooltip' data-placement='right' title='原始值：6.40983'>6.41</span>", "<span data-toggle='tooltip' data-placement='right' title='原始值：6.00365'>6.00</span>", "<span data-toggle='tooltip' data-placement='right' title='原始值：813.2213'>813.2</span>", "<span data-toggle='tooltip' data-placement='right' title='原始值：53.19696'>53.2</span>", "<span data-toggle='tooltip' data-placement='right' title='原始值：5.56545'>5.57</span>", "<span data-toggle='tooltip' data-placement='right' title='原始值：0.13747'>0.137</span>", "<span data-toggle='tooltip' data-placement='right' title='原始值：0.1403'>0.140</span>", "<span data-toggle='tooltip' data-placement='right' title='原始值：3.38317'>3.38</span>", "*", "*", "正常"], ["辽宁省", "辽河流域", "<span data-toggle='tooltip' data-placement='right' title='所在地市:辽阳市&#10;所属河流:太子河'>汤河水库</span>", null, "", "--", "--", "--", "--", "--", "--", "--", "--", "--", "*", "*", "停站"], ["辽宁省", "辽河流域", "<span data-toggle='tooltip' data-placement='right' title='所在地市:盘锦市&#10;所属河流:辽河'>盘锦兴安(兴安)</span>", null, "", "--", "--", "--", "--", "--", "--", "--", "--", "--", "*", "*", "停站"], ["辽宁省", "辽河流域", "<span data-toggle='tooltip' data-placement='right' title='所在地市:铁岭市&#10;所属河流:辽河'>珠尔山</span>", "09-27 08:00", "Ⅲ", "<span data-toggle='tooltip' data-placement='right' title='原始值：18.51558'>18.5</span>", "<span data-toggle='tooltip' data-placement='right' title='原始值：7.46193'>7.46</span>", "<span data-toggle='tooltip' data-placement='right' title='原始值：12.82656'>12.83</span>", "<span data-toggle='tooltip' data-placement='right' title='原始值：463.1702'>463.2</span>", "<span data-toggle='tooltip' data-placement='right' title='原始值：82.27422'>82.3</span>", "<span data-toggle='tooltip' data-placement='right' title='原始值：3.89544'>3.90</span>", "<span data-toggle='tooltip' data-placement='right' title='原始值：0.13'>0.130</span>", "<span data-toggle='tooltip' data-placement='right' title='原始值：0.18223'>0.182</span>", "<span data-toggle='tooltip' data-placement='right' title='原始值：5.7335'>5.73</span>", "*", "*", "正常"], ["吉林省", "松花江流域", "<span data-toggle='tooltip' data-placement='right' title='所在地市:长春市&#10;所属河流:松花江'>松花江村</span>", null, "", "--", "--", "--", "--", "--", "--", "--", "--", "--", "*", "*", "停站"], ["吉林省", "松花江流域", "<span data-toggle='tooltip' data-placement='right' title='所在地市:白城市&#10;所属河流:嫩江'>白沙滩</span>", null, "", "--", "--", "--", "--", "--", "--", "--", "--", "--", "*", "*", "停站"], ["吉林省", "松花江流域", "<span data-toggle='tooltip' data-placement='right' title='所在地市:延边朝鲜族自治州&#10;所属河流:图们江'>圈河</span>", null, "", "--", "--", "--", "--", "--", "--", "--", "--", "--", "*", "*", "停站"], ["黑龙江省", "松花江流域", "<span data-toggle='tooltip' data-placement='right' title='所在地市:大庆市&#10;所属河流:松花江'>肇源</span>", null, "", "--", "--", "--", "--", "--", "--", "--", "--", "--", "*", "*", "停站"], ["黑龙江省", "松花江流域", "<span data-toggle='tooltip' data-placement='right' title='所在地市:佳木斯市&#10;所属河流:乌苏里江'>乌苏镇</span>", null, "", "--", "--", "--", "--", "--", "--", "--", "--", "--", "*", "*", "停站"], ["黑龙江省", "松花江流域", "<span data-toggle='tooltip' data-placement='right' title='所在地市:佳木斯市&#10;所属河流:松花江'>同江</span>", "09-27 08:00", "Ⅳ", "<span data-toggle='tooltip' data-placement='right' title='原始值：16.59056'>16.6</span>", "<span data-toggle='tooltip' data-placement='right' title='原始值：7.34376'>7.34</span>", "<span data-toggle='tooltip' data-placement='right' title='原始值：7.43751'>7.44</span>", "<span data-toggle='tooltip' data-placement='right' title='原始值：186.5237'>186.5</span>", "<span data-toggle='tooltip' data-placement='right' title='原始值：88.50211'>88.5</span>", "<span data-toggle='tooltip' data-placement='right' title='原始值：6.66667'>6.67</span>", "<span data-toggle='tooltip' data-placement='right' title='原始值：0.13344'>0.133</span>", "<span data-toggle='tooltip' data-placement='right' title='原始值：0.11621'>0.116</span>", "<span data-toggle='tooltip' data-placement='right' title='原始值：2.23172'>2.23</span>", "*", "*", "正常"], ["黑龙江省", "松花江流域", "<span data-toggle='tooltip' data-placement='right' title='所在地市:黑河市&#10;所属河流:黑龙江'>黑河下(黑河)</span>", null, "", "--", "--", "--", "--", "--", "--", "--", "--", "--", "*", "*", "停站"], ["上海市", "长江流域", "<span data-toggle='tooltip' data-placement='right' title='所在地市:青浦区&#10;所属河流:淀山湖'>急水港桥</span>", "09-27 08:00", "Ⅳ", "<span data-toggle='tooltip' data-placement='right' title='原始值：25'>25.0</span>", "<span data-toggle='tooltip' data-placement='right' title='原始值：7.22'>7.22</span>", "<span data-toggle='tooltip' data-placement='right' title='原始值：3.34'>3.34</span>", "<span data-toggle='tooltip' data-placement='right' title='原始值：489'>489.0</span>", "<span data-toggle='tooltip' data-placement='right' title='原始值：71.1'>71.1</span>", "<span data-toggle='tooltip' data-placement='right' title='原始值：3.78125'>3.78</span>", "<span data-toggle='tooltip' data-placement='right' title='原始值：0.38987'>0.390</span>", "<span data-toggle='tooltip' data-placement='right' title='原始值：0.05664'>0.057</span>", "<span data-toggle='tooltip' data-placement='right' title='原始值：2.40627'>2.41</span>", "<span data-toggle='tooltip' data-placement='right' title='原始值：0.0024'>0.002</span>", "<span data-toggle='tooltip' data-placement='right' title='原始值：2624680'>2624680</span>", "正常"], ["江苏省", "长江流域", "<span data-toggle='tooltip' data-placement='right' title='所在地市:南京市&#10;所属河流:长江'>林山</span>", null, "", "--", "--", "--", "--", "--", "--", "--", "--", "--", "*", "*", "停站"], ["江苏省", "太湖流域", "<span data-toggle='tooltip' data-placement='right' title='所在地市:无锡市&#10;所属河流:太湖'>沙渚</span>", "09-27 08:00", "Ⅳ", "<span data-toggle='tooltip' data-placement='right' title='原始值：23.60255'>23.6</span>", "<span data-toggle='tooltip' data-placement='right' title='原始值：8.895943'>8.90</span>", "<span data-toggle='tooltip' data-placement='right' title='原始值：9.01724'>9.02</span>", "<span data-toggle='tooltip' data-placement='right' title='原始值：424.9371'>424.9</span>", "<span data-toggle='tooltip' data-placement='right' title='原始值：43.49313'>43.5</span>", "<span data-toggle='tooltip' data-placement='right' title='原始值：8.31'>8.31</span>", "<span data-toggle='tooltip' data-placement='right' title='原始值：0.12'>0.120</span>", "<span data-toggle='tooltip' data-placement='right' title='原始值：0.1354'>0.135</span>", "<span data-toggle='tooltip' data-placement='right' title='原始值：1.366'>1.37</span>", "*", "*", "正常"], ["江苏省", "淮河流域", "<span data-toggle='tooltip' data-placement='right' title='所在地市:徐州市&#10;所属河流:武河'>小红圈</span>", "09-27 08:00", "", "<span data-toggle='tooltip' data-placement='right' title='原始值：21.83'>21.8</span>", "<span data-toggle='tooltip' data-placement='right' title='原始值：7.36'>7.36</span>", "<span data-toggle='tooltip' data-placement='right' title='原始值：9.05'>9.05</span>", "<span data-toggle='tooltip' data-placement='right' title='原始值：951.3'>951.3</span>", "<span data-toggle='tooltip' data-placement='right' title='原始值：10.83'>10.8</span>", "<span data-toggle='tooltip' data-placement='right' title='原始值：2.4'>2.40</span>", "<span data-toggle='tooltip' data-placement='right' title='原始值：0.094'>0.094</span>", "--", "--", "*", "*", "维护"], ["江苏省", "淮河流域", "<span data-toggle='tooltip' data-placement='right' title='所在地市:徐州市&#10;所属河流:沿河'>李集桥</span>", "09-27 08:00", "Ⅲ", "<span data-toggle='tooltip' data-placement='right' title='原始值：24.77'>24.8</span>", "<span data-toggle='tooltip' data-placement='right' title='原始值：7.6'>7.60</span>", "<span data-toggle='tooltip' data-placement='right' title='原始值：5.25'>5.25</span>", "<span data-toggle='tooltip' data-placement='right' title='原始值：950.7'>950.7</span>", "<span data-toggle='tooltip' data-placement='right' title='原始值：31.44'>31.4</span>", "<span data-toggle='tooltip' data-placement='right' title='原始值：5.57'>5.57</span>", "<span data-toggle='tooltip' data-placement='right' title='原始值：0.062'>0.062</span>", "<span data-toggle='tooltip' data-placement='right' title='原始值：0.093'>0.093</span>", "<span data-toggle='tooltip' data-placement='right' title='原始值：0.834'>0.83</span>", "*", "*", "正常"], ["江苏省", "淮河流域", "<span data-toggle='tooltip' data-placement='right' title='所在地市:徐州市&#10;所属河流:邳苍分洪道'>艾山西大桥</span>", "09-27 08:00", "Ⅲ", "<span data-toggle='tooltip' data-placement='right' title='原始值：22.9183'>22.9</span>", "<span data-toggle='tooltip' data-placement='right' title='原始值：8.32272'>8.32</span>", "<span data-toggle='tooltip' data-placement='right' title='原始值：11.0257'>11.03</span>", "<span data-toggle='tooltip' data-placement='right' title='原始值：794.528'>794.5</span>", "<span data-toggle='tooltip' data-placement='right' title='原始值：15.3125'>15.3</span>", "<span data-toggle='tooltip' data-placement='right' title='原始值：2.81'>2.81</span>", "<span data-toggle='tooltip' data-placement='right' title='原始值：0.18'>0.180</span>", "<span data-toggle='tooltip' data-placement='right' title='原始值：0.11852'>0.119</span>", "<span data-toggle='tooltip' data-placement='right' title='原始值：9.98511'>9.99</span>", "*", "*", "正常"], ["江苏省", "太湖流域", "<span data-toggle='tooltip' data-placement='right' title='所在地市:苏州市&#10;所属河流:太湖'>兰山嘴(老)</span>", "09-27 04:00", "Ⅳ", "<span data-toggle='tooltip' data-placement='right' title='原始值：24.23727'>24.2</span>", "<span data-toggle='tooltip' data-placement='right' title='原始值：7.20632'>7.21</span>", "<span data-toggle='tooltip' data-placement='right' title='原始值：4.66836'>4.67</span>", "<span data-toggle='tooltip' data-placement='right' title='原始值：321.4962'>321.5</span>", "<span data-toggle='tooltip' data-placement='right' title='原始值：121.0182'>121.0</span>", "<span data-toggle='tooltip' data-placement='right' title='原始值：5.05'>5.05</span>", "<span data-toggle='tooltip' data-placement='right' title='原始值：0.34'>0.340</span>", "<span data-toggle='tooltip' data-placement='right' title='原始值：0.0047'>0.005</span>", "<span data-toggle='tooltip' data-placement='right' title='原始值：0.58667'>0.59</span>", "*", "*", "正常"], ["江苏省", "太湖流域", "<span data-toggle='tooltip' data-placement='right' title='所在地市:苏州市&#10;所属河流:太湖'>西山</span>", "09-27 08:00", "Ⅳ", "<span data-toggle='tooltip' data-placement='right' title='原始值：24.838'>24.8</span>", "<span data-toggle='tooltip' data-placement='right' title='原始值：7.31972'>7.32</span>", "<span data-toggle='tooltip' data-placement='right' title='原始值：7.17839'>7.18</span>", "<span data-toggle='tooltip' data-placement='right' title='原始值：387.4513'>387.5</span>", "<span data-toggle='tooltip' data-placement='right' title='原始值：58.53935'>58.5</span>", "<span data-toggle='tooltip' data-placement='right' title='原始值：2.14'>2.14</span>", "<span data-toggle='tooltip' data-placement='right' title='原始值：0.24'>0.240</span>", "<span data-toggle='tooltip' data-placement='right' title='原始值：0.0587'>0.059</span>", "<span data-toggle='tooltip' data-placement='right' title='原始值：0.8584'>0.86</span>", "*", "*", "正常"], ["江苏省", "淮河流域", "<span data-toggle='tooltip' data-placement='right' title='所在地市:连云港市&#10;所属河流:新沭河'>大兴桥</span>", "09-27 08:00", "Ⅲ", "<span data-toggle='tooltip' data-placement='right' title='原始值：24.7'>24.7</span>", "<span data-toggle='tooltip' data-placement='right' title='原始值：8.02'>8.02</span>", "<span data-toggle='tooltip' data-placement='right' title='原始值：10.7'>10.70</span>", "<span data-toggle='tooltip' data-placement='right' title='原始值：664.8'>664.8</span>", "<span data-toggle='tooltip' data-placement='right' title='原始值：51.89'>51.9</span>", "<span data-toggle='tooltip' data-placement='right' title='原始值：4.4'>4.40</span>", "<span data-toggle='tooltip' data-placement='right' title='原始值：0.067'>0.067</span>", "*", "*", "*", "*", "正常"], ["江苏省", "淮河流域", "<span data-toggle='tooltip' data-placement='right' title='所在地市:淮安市&#10;所属河流:淮河'>淮河大桥</span>", "09-27 08:00", "Ⅲ", "<span data-toggle='tooltip' data-placement='right' title='原始值：26.02012'>26.0</span>", "<span data-toggle='tooltip' data-placement='right' title='原始值：8.11924'>8.12</span>", "<span data-toggle='tooltip' data-placement='right' title='原始值：5.75789'>5.76</span>", "<span data-toggle='tooltip' data-placement='right' title='原始值：328.474'>328.5</span>", "<span data-toggle='tooltip' data-placement='right' title='原始值：70.08517'>70.1</span>", "<span data-toggle='tooltip' data-placement='right' title='原始值：4.24'>4.24</span>", "<span data-toggle='tooltip' data-placement='right' title='原始值：0.15'>0.150</span>", "<span data-toggle='tooltip' data-placement='right' title='原始值：0.1817'>0.182</span>", "<span data-toggle='tooltip' data-placement='right' title='原始值：3.132'>3.13</span>", "*", "*", "正常"], ["江苏省", "长江流域", "<span data-toggle='tooltip' data-placement='right' title='所在地市:扬州市&#10;所属河流:夹江'>三江营</span>", "09-27 08:00", "Ⅱ", "<span data-toggle='tooltip' data-placement='right' title='原始值：25.04'>25.0</span>", "<span data-toggle='tooltip' data-placement='right' title='原始值：7.81'>7.81</span>", "<span data-toggle='tooltip' data-placement='right' title='原始值：6.33'>6.33</span>", "<span data-toggle='tooltip' data-placement='right' title='原始值：305.42'>305.4</span>", "<span data-toggle='tooltip' data-placement='right' title='原始值：29.29'>29.3</span>", "<span data-toggle='tooltip' data-placement='right' title='原始值：2.03'>2.03</span>", "<span data-toggle='tooltip' data-placement='right' title='原始值：0.056'>0.056</span>", "<span data-toggle='tooltip' data-placement='right' title='原始值：0.066'>0.066</span>", "<span data-toggle='tooltip' data-placement='right' title='原始值：1.45'>1.45</span>", "*", "*", "正常"], ["江苏省", "淮河流域", "<span data-toggle='tooltip' data-placement='right' title='所在地市:宿迁市&#10;所属河流:新濉河'>大屈</span>", "09-27 08:00", "Ⅲ", "<span data-toggle='tooltip' data-placement='right' title='原始值：24.8'>24.8</span>", "<span data-toggle='tooltip' data-placement='right' title='原始值：7.96'>7.96</span>", "<span data-toggle='tooltip' data-placement='right' title='原始值：6.08'>6.08</span>", "<span data-toggle='tooltip' data-placement='right' title='原始值：758.6'>758.6</span>", "<span data-toggle='tooltip' data-placement='right' title='原始值：41.93'>41.9</span>", "<span data-toggle='tooltip' data-placement='right' title='原始值：4.04'>4.04</span>", "<span data-toggle='tooltip' data-placement='right' title='原始值：0.05'>0.050</span>", "<span data-toggle='tooltip' data-placement='right' title='原始值：0.168'>0.168</span>", "<span data-toggle='tooltip' data-placement='right' title='原始值：1.216'>1.22</span>", "*", "*", "正常"], ["浙江省", "浙闽片河流", "<span data-toggle='tooltip' data-placement='right' title='所在地市:杭州市&#10;所属河流:新安江'>街口(鸠坑口)</span>", "09-27 08:00", "", "<span data-toggle='tooltip' data-placement='right' title='原始值：23.89'>23.9</span>", "<span data-toggle='tooltip' data-placement='right' title='原始值：7.95'>7.95</span>", "<span data-toggle='tooltip' data-placement='right' title='原始值：8.6'>8.60</span>", "<span data-toggle='tooltip' data-placement='right' title='原始值：175.75'>175.8</span>", "<span data-toggle='tooltip' data-placement='right' title='原始值：42.29'>42.3</span>", "<span data-toggle='tooltip' data-placement='right' title='原始值：1.781'>1.78</span>", "<span data-toggle='tooltip' data-placement='right' title='极值过滤'>--</span>", "<span data-toggle='tooltip' data-placement='right' title='原始值：0.015'>0.015</span>", "<span data-toggle='tooltip' data-placement='right' title='原始值：0.73'>0.73</span>", "*", "*", "维护"], ["浙江省", "太湖流域", "<span data-toggle='tooltip' data-placement='right' title='所在地市:嘉兴市&#10;所属河流:斜路港河'>斜路港</span>", "09-27 08:00", "Ⅳ", "<span data-toggle='tooltip' data-placement='right' title='原始值：24.3'>24.3</span>", "<span data-toggle='tooltip' data-placement='right' title='原始值：7.34'>7.34</span>", "<span data-toggle='tooltip' data-placement='right' title='原始值：4.57'>4.57</span>", "<span data-toggle='tooltip' data-placement='right' title='原始值：420'>420.0</span>", "<span data-toggle='tooltip' data-placement='right' title='原始值：345'>345.0</span>", "<span data-toggle='tooltip' data-placement='right' title='原始值：4.5'>4.50</span>", "<span data-toggle='tooltip' data-placement='right' title='原始值：0.06716'>0.067</span>", "<span data-toggle='tooltip' data-placement='right' title='原始值：0.07378'>0.074</span>", "<span data-toggle='tooltip' data-placement='right' title='原始值：0.70039'>0.70</span>", "*", "*", "正常"], ["浙江省", "太湖流域", "<span data-toggle='tooltip' data-placement='right' title='所在地市:嘉兴市&#10;所属河流:京杭运河'>王江泾</span>", "09-27 08:00", "Ⅳ", "<span data-toggle='tooltip' data-placement='right' title='原始值：25.16'>25.2</span>", "<span data-toggle='tooltip' data-placement='right' title='原始值：7.22'>7.22</span>", "<span data-toggle='tooltip' data-placement='right' title='原始值：4.9'>4.90</span>", "<span data-toggle='tooltip' data-placement='right' title='原始值：447.92'>447.9</span>", "<span data-toggle='tooltip' data-placement='right' title='原始值：82.73'>82.7</span>", "<span data-toggle='tooltip' data-placement='right' title='原始值：4.42'>4.42</span>", "<span data-toggle='tooltip' data-placement='right' title='原始值：0.126'>0.126</span>", "<span data-toggle='tooltip' data-placement='right' title='原始值：0.071'>0.071</span>", "<span data-toggle='tooltip' data-placement='right' title='原始值：1.426'>1.43</span>", "*", "*", "正常"], ["浙江省", "太湖流域", "<span data-toggle='tooltip' data-placement='right' title='所在地市:湖州市&#10;所属河流:西苕溪'>新港口(新塘港)</span>", "09-27 08:00", "Ⅱ", "<span data-toggle='tooltip' data-placement='right' title='原始值：24.0844'>24.1</span>", "<span data-toggle='tooltip' data-placement='right' title='原始值：7.83518'>7.84</span>", "<span data-toggle='tooltip' data-placement='right' title='原始值：9.44567'>9.45</span>", "<span data-toggle='tooltip' data-placement='right' title='原始值：307.067'>307.1</span>", "<span data-toggle='tooltip' data-placement='right' title='原始值：71.5768'>71.6</span>", "<span data-toggle='tooltip' data-placement='right' title='原始值：3.10782'>3.11</span>", "<span data-toggle='tooltip' data-placement='right' title='原始值：0.17395'>0.174</span>", "<span data-toggle='tooltip' data-placement='right' title='原始值：0.07465'>0.075</span>", "<span data-toggle='tooltip' data-placement='right' title='原始值：3.43786'>3.44</span>", "*", "*", "正常"], ["安徽省", "巢湖流域", "<span data-toggle='tooltip' data-placement='right' title='所在地市:合肥市&#10;所属河流:巢湖'>湖滨(老)</span>", "09-27 08:00", "Ⅴ", "<span data-toggle='tooltip' data-placement='right' title='原始值：23.81332'>23.8</span>", "<span data-toggle='tooltip' data-placement='right' title='原始值：6.6034'>6.60</span>", "<span data-toggle='tooltip' data-placement='right' title='原始值：4.80893'>4.81</span>", "<span data-toggle='tooltip' data-placement='right' title='原始值：191.8343'>191.8</span>", "<span data-toggle='tooltip' data-placement='right' title='原始值：98.77928'>98.8</span>", "<span data-toggle='tooltip' data-placement='right' title='原始值：5.45'>5.45</span>", "<span data-toggle='tooltip' data-placement='right' title='原始值：0.37'>0.370</span>", "<span data-toggle='tooltip' data-placement='right' title='原始值：0.1067'>0.107</span>", "<span data-toggle='tooltip' data-placement='right' title='原始值：2.167'>2.17</span>", "<span data-toggle='tooltip' data-placement='right' title='原始值：0.01876'>0.019</span>", "*", "正常"], ["安徽省", "巢湖流域", "<span data-toggle='tooltip' data-placement='right' title='所在地市:芜湖市&#10;所属河流:巢湖'>裕溪口(老)</span>", "09-27 08:00", "Ⅴ", "<span data-toggle='tooltip' data-placement='right' title='原始值：24.86641'>24.9</span>", "<span data-toggle='tooltip' data-placement='right' title='原始值：7.01391'>7.01</span>", "<span data-toggle='tooltip' data-placement='right' title='原始值：4.82553'>4.83</span>", "<span data-toggle='tooltip' data-placement='right' title='原始值：307.0974'>307.1</span>", "<span data-toggle='tooltip' data-placement='right' title='原始值：60.03863'>60.0</span>", "<span data-toggle='tooltip' data-placement='right' title='原始值：4.22'>4.22</span>", "<span data-toggle='tooltip' data-placement='right' title='原始值：0.17'>0.170</span>", "<span data-toggle='tooltip' data-placement='right' title='原始值：0.1053'>0.105</span>", "<span data-toggle='tooltip' data-placement='right' title='原始值：1.965'>1.96</span>", "*", "*", "正常"], ["安徽省", "淮河流域", "<span data-toggle='tooltip' data-placement='right' title='所在地市:蚌埠市&#10;所属河流:淮河'>蚌埠闸上(蚌埠闸)</span>", "09-27 08:00", "Ⅲ", "<span data-toggle='tooltip' data-placement='right' title='原始值：26.02'>26.0</span>", "<span data-toggle='tooltip' data-placement='right' title='原始值：7.18'>7.18</span>", "<span data-toggle='tooltip' data-placement='right' title='原始值：8.42'>8.42</span>", "<span data-toggle='tooltip' data-placement='right' title='原始值：523.1'>523.1</span>", "<span data-toggle='tooltip' data-placement='right' title='原始值：93.5'>93.5</span>", "<span data-toggle='tooltip' data-placement='right' title='原始值：2.95'>2.95</span>", "<span data-toggle='tooltip' data-placement='right' title='原始值：0.085'>0.085</span>", "<span data-toggle='tooltip' data-placement='right' title='原始值：0.118'>0.118</span>", "<span data-toggle='tooltip' data-placement='right' title='原始值：1.283'>1.28</span>", "*", "*", "正常"], ["安徽省", "淮河流域", "<span data-toggle='tooltip' data-placement='right' title='所在地市:淮南市&#10;所属河流:淮河'>石头埠(老)</span>", "09-27 08:00", "Ⅳ", "<span data-toggle='tooltip' data-placement='right' title='原始值：26.46442'>26.5</span>", "<span data-toggle='tooltip' data-placement='right' title='原始值：7.17039'>7.17</span>", "<span data-toggle='tooltip' data-placement='right' title='原始值：3.57865'>3.58</span>", "<span data-toggle='tooltip' data-placement='right' title='原始值：398.3179'>398.3</span>", "<span data-toggle='tooltip' data-placement='right' title='原始值：24.97746'>25.0</span>", "<span data-toggle='tooltip' data-placement='right' title='原始值：4.97'>4.97</span>", "<span data-toggle='tooltip' data-placement='right' title='原始值：0.11'>0.110</span>", "*", "*", "*", "*", "正常"], ["安徽省", "淮河流域", "<span data-toggle='tooltip' data-placement='right' title='所在地市:淮北市&#10;所属河流:沱河'>小王桥</span>", "09-27 08:00", "劣Ⅴ", "<span data-toggle='tooltip' data-placement='right' title='原始值：24.33'>24.3</span>", "<span data-toggle='tooltip' data-placement='right' title='原始值：7.83'>7.83</span>", "<span data-toggle='tooltip' data-placement='right' title='原始值：2.77'>2.77</span>", "<span data-toggle='tooltip' data-placement='right' title='原始值：1197.59'>1197.6</span>", "<span data-toggle='tooltip' data-placement='right' title='原始值：19.53'>19.5</span>", "<span data-toggle='tooltip' data-placement='right' title='原始值：7.556'>7.56</span>", "<span data-toggle='tooltip' data-placement='right' title='原始值：0.245'>0.245</span>", "<span data-toggle='tooltip' data-placement='right' title='原始值：0.425'>0.425</span>", "<span data-toggle='tooltip' data-placement='right' title='原始值：1.484'>1.48</span>", "*", "*", "正常"], ["安徽省", "长江流域", "<span data-toggle='tooltip' data-placement='right' title='所在地市:安庆市&#10;所属河流:长江'>皖河口</span>", "09-27 08:00", "Ⅱ", "<span data-toggle='tooltip' data-placement='right' title='原始值：24.05'>24.0</span>", "<span data-toggle='tooltip' data-placement='right' title='原始值：7.282'>7.28</span>", "<span data-toggle='tooltip' data-placement='right' title='原始值：6.35'>6.35</span>", "<span data-toggle='tooltip' data-placement='right' title='原始值：283.79'>283.8</span>", "<span data-toggle='tooltip' data-placement='right' title='原始值：38.92'>38.9</span>", "<span data-toggle='tooltip' data-placement='right' title='原始值：1.95'>1.95</span>", "<span data-toggle='tooltip' data-placement='right' title='原始值：0.06'>0.060</span>", "<span data-toggle='tooltip' data-placement='right' title='原始值：0.0635'>0.064</span>", "<span data-toggle='tooltip' data-placement='right' title='原始值：2.288'>2.29</span>", "*", "*", "正常"], ["安徽省", "淮河流域", "<span data-toggle='tooltip' data-placement='right' title='所在地市:滁州市&#10;所属河流:淮河'>小柳巷</span>", "09-27 08:00", "Ⅲ", "<span data-toggle='tooltip' data-placement='right' title='原始值：26.1'>26.1</span>", "<span data-toggle='tooltip' data-placement='right' title='原始值：7.41'>7.41</span>", "<span data-toggle='tooltip' data-placement='right' title='原始值：5.67'>5.67</span>", "<span data-toggle='tooltip' data-placement='right' title='原始值：369.2'>369.2</span>", "<span data-toggle='tooltip' data-placement='right' title='原始值：58.33'>58.3</span>", "<span data-toggle='tooltip' data-placement='right' title='原始值：2'>2.00</span>", "<span data-toggle='tooltip' data-placement='right' title='原始值：0.05'>0.050</span>", "<span data-toggle='tooltip' data-placement='right' title='原始值：0.142'>0.142</span>", "<span data-toggle='tooltip' data-placement='right' title='原始值：1.185'>1.18</span>", "*", "*", "正常"], ["安徽省", "淮河流域", "<span data-toggle='tooltip' data-placement='right' title='所在地市:阜阳市&#10;所属河流:黑茨河'>张大桥</span>", null, "", "--", "--", "--", "--", "--", "--", "--", "--", "--", "*", "*", "停站"], ["安徽省", "淮河流域", "<span data-toggle='tooltip' data-placement='right' title='所在地市:阜阳市&#10;所属河流:淮河'>王家坝</span>", "09-27 08:00", "Ⅳ", "<span data-toggle='tooltip' data-placement='right' title='原始值：23.57985'>23.6</span>", "<span data-toggle='tooltip' data-placement='right' title='原始值：8.05871'>8.06</span>", "<span data-toggle='tooltip' data-placement='right' title='原始值：6.82054'>6.82</span>", "<span data-toggle='tooltip' data-placement='right' title='原始值：634.6731'>634.7</span>", "<span data-toggle='tooltip' data-placement='right' title='原始值：42.81213'>42.8</span>", "<span data-toggle='tooltip' data-placement='right' title='原始值：3.33'>3.33</span>", "<span data-toggle='tooltip' data-placement='right' title='原始值：0.159'>0.159</span>", "<span data-toggle='tooltip' data-placement='right' title='原始值：0.21013'>0.210</span>", "<span data-toggle='tooltip' data-placement='right' title='原始值：1.03558'>1.04</span>", "*", "*", "正常"], ["安徽省", "淮河流域", "<span data-toggle='tooltip' data-placement='right' title='所在地市:阜阳市&#10;所属河流:颍河'>界首七渡口(七渡口)</span>", "09-27 08:00", "劣Ⅴ", "<span data-toggle='tooltip' data-placement='right' title='原始值：24.86927'>24.9</span>", "<span data-toggle='tooltip' data-placement='right' title='原始值：8.29602'>8.30</span>", "<span data-toggle='tooltip' data-placement='right' title='原始值：2.67091'>2.67</span>", "<span data-toggle='tooltip' data-placement='right' title='原始值：804.4232'>804.4</span>", "<span data-toggle='tooltip' data-placement='right' title='原始值：17.66605'>17.7</span>", "<span data-toggle='tooltip' data-placement='right' title='原始值：3.25'>3.25</span>", "<span data-toggle='tooltip' data-placement='right' title='原始值：2.42'>2.420</span>", "<span data-toggle='tooltip' data-placement='right' title='原始值：0.10754'>0.108</span>", "<span data-toggle='tooltip' data-placement='right' title='原始值：2.25849'>2.26</span>", "*", "*", "正常"], ["安徽省", "淮河流域", "<span data-toggle='tooltip' data-placement='right' title='所在地市:阜阳市&#10;所属河流:泉河'>许庄(徐庄)</span>", "09-27 08:00", "", "<span data-toggle='tooltip' data-placement='right' title='原始值：22.5'>22.5</span>", "<span data-toggle='tooltip' data-placement='right' title='原始值：7.67'>7.67</span>", "<span data-toggle='tooltip' data-placement='right' title='原始值：5.41'>5.41</span>", "<span data-toggle='tooltip' data-placement='right' title='原始值：871.4'>871.4</span>", "<span data-toggle='tooltip' data-placement='right' title='原始值：39.52'>39.5</span>", "<span data-toggle='tooltip' data-placement='right' title='原始值：2.5'>2.50</span>", "<span data-toggle='tooltip' data-placement='right' title='极值过滤'>--</span>", "<span data-toggle='tooltip' data-placement='right' title='原始值：0.141'>0.141</span>", "<span data-toggle='tooltip' data-placement='right' title='原始值：1.267'>1.27</span>", "*", "*", "维护"], ["安徽省", "淮河流域", "<span data-toggle='tooltip' data-placement='right' title='所在地市:宿州市&#10;所属河流:奎河'>杨庄</span>", "09-27 08:00", "Ⅲ", "<span data-toggle='tooltip' data-placement='right' title='原始值：24.21'>24.2</span>", "<span data-toggle='tooltip' data-placement='right' title='原始值：7.71'>7.71</span>", "<span data-toggle='tooltip' data-placement='right' title='原始值：7.94'>7.94</span>", "<span data-toggle='tooltip' data-placement='right' title='原始值：916.2'>916.2</span>", "<span data-toggle='tooltip' data-placement='right' title='原始值：95.76'>95.8</span>", "<span data-toggle='tooltip' data-placement='right' title='原始值：3.58'>3.58</span>", "<span data-toggle='tooltip' data-placement='right' title='原始值：0.538'>0.538</span>", "*", "*", "*", "*", "正常"], ["安徽省", "淮河流域", "<span data-toggle='tooltip' data-placement='right' title='所在地市:宿州市&#10;所属河流:新汴河'>泗县公路桥</span>", "09-27 08:00", "Ⅳ", "<span data-toggle='tooltip' data-placement='right' title='原始值：24.94'>24.9</span>", "<span data-toggle='tooltip' data-placement='right' title='原始值：8.22'>8.22</span>", "<span data-toggle='tooltip' data-placement='right' title='原始值：8.28'>8.28</span>", "<span data-toggle='tooltip' data-placement='right' title='原始值：927.1'>927.1</span>", "<span data-toggle='tooltip' data-placement='right' title='原始值：42.84'>42.8</span>", "<span data-toggle='tooltip' data-placement='right' title='原始值：6.68'>6.68</span>", "<span data-toggle='tooltip' data-placement='right' title='原始值：0.07'>0.070</span>", "*", "*", "*", "*", "正常"], ["安徽省", "淮河流域", "<span data-toggle='tooltip' data-placement='right' title='所在地市:亳州市&#10;所属河流:包河'>颜集</span>", "09-27 08:00", "Ⅳ", "<span data-toggle='tooltip' data-placement='right' title='原始值：22.1'>22.1</span>", "<span data-toggle='tooltip' data-placement='right' title='原始值：7.94'>7.94</span>", "<span data-toggle='tooltip' data-placement='right' title='原始值：6.52'>6.52</span>", "<span data-toggle='tooltip' data-placement='right' title='原始值：1850.4'>1850.4</span>", "<span data-toggle='tooltip' data-placement='right' title='原始值：349.01'>349.0</span>", "<span data-toggle='tooltip' data-placement='right' title='原始值：7.3'>7.30</span>", "<span data-toggle='tooltip' data-placement='right' title='原始值：0.43'>0.430</span>", "<span data-toggle='tooltip' data-placement='right' title='原始值：0.271'>0.271</span>", "<span data-toggle='tooltip' data-placement='right' title='原始值：4.333'>4.33</span>", "*", "*", "正常"], ["福建省", "浙闽片河流", "<span data-toggle='tooltip' data-placement='right' title='所在地市:福州市&#10;所属河流:闽江'>白岩潭</span>", "09-27 08:00", "Ⅲ", "<span data-toggle='tooltip' data-placement='right' title='原始值：27.64'>27.6</span>", "<span data-toggle='tooltip' data-placement='right' title='原始值：6.72'>6.72</span>", "<span data-toggle='tooltip' data-placement='right' title='原始值：5.64'>5.64</span>", "<span data-toggle='tooltip' data-placement='right' title='原始值：765.1'>765.1</span>", "<span data-toggle='tooltip' data-placement='right' title='原始值：48.3'>48.3</span>", "<span data-toggle='tooltip' data-placement='right' title='原始值：2.04'>2.04</span>", "<span data-toggle='tooltip' data-placement='right' title='原始值：0.11'>0.110</span>", "*", "*", "*", "*", "正常"], ["江西省", "长江流域", "<span data-toggle='tooltip' data-placement='right' title='所在地市:南昌市&#10;所属河流:赣江南支'>滁槎</span>", "09-27 08:00", "Ⅱ", "<span data-toggle='tooltip' data-placement='right' title='原始值：25.01299'>25.0</span>", "<span data-toggle='tooltip' data-placement='right' title='原始值：7.78892'>7.79</span>", "<span data-toggle='tooltip' data-placement='right' title='原始值：10.53775'>10.54</span>", "<span data-toggle='tooltip' data-placement='right' title='原始值：109.846'>109.8</span>", "<span data-toggle='tooltip' data-placement='right' title='原始值：53.5229'>53.5</span>", "<span data-toggle='tooltip' data-placement='right' title='原始值：2.99'>2.99</span>", "<span data-toggle='tooltip' data-placement='right' title='原始值：0.2'>0.200</span>", "<span data-toggle='tooltip' data-placement='right' title='原始值：0.07075'>0.071</span>", "<span data-toggle='tooltip' data-placement='right' title='原始值：1.5175'>1.52</span>", "*", "*", "正常"], ["江西省", "长江流域", "<span data-toggle='tooltip' data-placement='right' title='所在地市:九江市&#10;所属河流:长江'>姚港(河西水厂)</span>", "09-27 08:00", "Ⅱ", "<span data-toggle='tooltip' data-placement='right' title='原始值：23.08'>23.1</span>", "<span data-toggle='tooltip' data-placement='right' title='原始值：7.36'>7.36</span>", "<span data-toggle='tooltip' data-placement='right' title='原始值：7.49'>7.49</span>", "<span data-toggle='tooltip' data-placement='right' title='原始值：293.65'>293.6</span>", "<span data-toggle='tooltip' data-placement='right' title='原始值：55.99'>56.0</span>", "<span data-toggle='tooltip' data-placement='right' title='原始值：1.422'>1.42</span>", "<span data-toggle='tooltip' data-placement='right' title='原始值：0.046'>0.046</span>", "<span data-toggle='tooltip' data-placement='right' title='原始值：0.098'>0.098</span>", "<span data-toggle='tooltip' data-placement='right' title='原始值：1.36'>1.36</span>", "*", "*", "正常"], ["江西省", "长江流域", "<span data-toggle='tooltip' data-placement='right' title='所在地市:九江市&#10;所属河流:鄱阳湖'>蛤蟆石</span>", "09-27 08:00", "Ⅲ", "<span data-toggle='tooltip' data-placement='right' title='原始值：23.3'>23.3</span>", "<span data-toggle='tooltip' data-placement='right' title='原始值：6.99'>6.99</span>", "<span data-toggle='tooltip' data-placement='right' title='原始值：7.74'>7.74</span>", "<span data-toggle='tooltip' data-placement='right' title='原始值：113.37'>113.4</span>", "<span data-toggle='tooltip' data-placement='right' title='原始值：17.52'>17.5</span>", "<span data-toggle='tooltip' data-placement='right' title='原始值：1.804'>1.80</span>", "<span data-toggle='tooltip' data-placement='right' title='原始值：0.004'>0.004</span>", "<span data-toggle='tooltip' data-placement='right' title='原始值：0.0266'>0.027</span>", "<span data-toggle='tooltip' data-placement='right' title='原始值：0.738'>0.74</span>", "<span data-toggle='tooltip' data-placement='right' title='原始值：0.0099'>0.010</span>", "<span data-toggle='tooltip' data-placement='right' title='原始值：1670387'>1670387</span>", "正常"], ["山东省", "黄河流域", "<span data-toggle='tooltip' data-placement='right' title='所在地市:济南市&#10;所属河流:黄河'>泺口</span>", "09-27 08:00", "Ⅱ", "<span data-toggle='tooltip' data-placement='right' title='原始值：22.4374'>22.4</span>", "<span data-toggle='tooltip' data-placement='right' title='原始值：8.16409'>8.16</span>", "<span data-toggle='tooltip' data-placement='right' title='原始值：7.83244'>7.83</span>", "<span data-toggle='tooltip' data-placement='right' title='原始值：712.175'>712.2</span>", "<span data-toggle='tooltip' data-placement='right' title='原始值：1073.41'>1073.4</span>", "<span data-toggle='tooltip' data-placement='right' title='原始值：2.13'>2.13</span>", "<span data-toggle='tooltip' data-placement='right' title='原始值：0.14923'>0.149</span>", "<span data-toggle='tooltip' data-placement='right' title='原始值：0.01835'>0.018</span>", "<span data-toggle='tooltip' data-placement='right' title='原始值：3.057'>3.06</span>", "*", "*", "正常"], ["山东省", "淮河流域", "<span data-toggle='tooltip' data-placement='right' title='所在地市:枣庄市&#10;所属河流:京杭大运河（韩庄运河）'>台儿庄大桥</span>", "09-27 08:00", "Ⅱ", "<span data-toggle='tooltip' data-placement='right' title='原始值：25.35001'>25.4</span>", "<span data-toggle='tooltip' data-placement='right' title='原始值：7.6359'>7.64</span>", "<span data-toggle='tooltip' data-placement='right' title='原始值：7.03864'>7.04</span>", "<span data-toggle='tooltip' data-placement='right' title='原始值：847.4053'>847.4</span>", "<span data-toggle='tooltip' data-placement='right' title='原始值：25.78305'>25.8</span>", "<span data-toggle='tooltip' data-placement='right' title='原始值：3.48311'>3.48</span>", "<span data-toggle='tooltip' data-placement='right' title='原始值：0.001'>0.001</span>", "<span data-toggle='tooltip' data-placement='right' title='原始值：0.06425'>0.064</span>", "<span data-toggle='tooltip' data-placement='right' title='原始值：1.74453'>1.74</span>", "*", "*", "正常"], ["山东省", "淮河流域", "<span data-toggle='tooltip' data-placement='right' title='所在地市:临沂市&#10;所属河流:沭河'>清泉寺</span>", "09-27 08:00", "Ⅳ", "<span data-toggle='tooltip' data-placement='right' title='原始值：24.09568'>24.1</span>", "<span data-toggle='tooltip' data-placement='right' title='原始值：8.20879'>8.21</span>", "<span data-toggle='tooltip' data-placement='right' title='原始值：10.27388'>10.27</span>", "<span data-toggle='tooltip' data-placement='right' title='原始值：815.3022'>815.3</span>", "<span data-toggle='tooltip' data-placement='right' title='原始值：16.04881'>16.0</span>", "<span data-toggle='tooltip' data-placement='right' title='原始值：7.54'>7.54</span>", "<span data-toggle='tooltip' data-placement='right' title='原始值：0.22'>0.220</span>", "*", "*", "*", "*", "正常"], ["山东省", "淮河流域", "<span data-toggle='tooltip' data-placement='right' title='所在地市:临沂市&#10;所属河流:沂河'>重坊桥</span>", null, "", "--", "--", "--", "--", "--", "--", "--", "--", "--", "*", "*", "停站"], ["山东省", "淮河流域", "<span data-toggle='tooltip' data-placement='right' title='所在地市:临沂市&#10;所属河流:白马河'>捷庄(涝沟桥)</span>", "09-27 08:00", "Ⅲ", "<span data-toggle='tooltip' data-placement='right' title='原始值：23.5'>23.5</span>", "<span data-toggle='tooltip' data-placement='right' title='原始值：7.46'>7.46</span>", "<span data-toggle='tooltip' data-placement='right' title='原始值：12.91732'>12.92</span>", "<span data-toggle='tooltip' data-placement='right' title='原始值：723'>723.0</span>", "<span data-toggle='tooltip' data-placement='right' title='原始值：47.25837'>47.3</span>", "<span data-toggle='tooltip' data-placement='right' title='原始值：5.88'>5.88</span>", "<span data-toggle='tooltip' data-placement='right' title='原始值：0.04768'>0.048</span>", "<span data-toggle='tooltip' data-placement='right' title='原始值：0.09164'>0.092</span>", "<span data-toggle='tooltip' data-placement='right' title='原始值：4.92032'>4.92</span>", "*", "*", "正常"], ["山东省", "海河流域", "<span data-toggle='tooltip' data-placement='right' title='所在地市:聊城市&#10;所属河流:卫运河'>秤勾湾(秤钩湾)</span>", null, "", "--", "--", "--", "--", "--", "--", "--", "--", "--", "*", "*", "停站"], ["河南省", "长江流域", "<span data-toggle='tooltip' data-placement='right' title='所在地市:南阳市&#10;所属河流:丹江口水库'>陶岔</span>", "09-27 08:00", "Ⅱ", "<span data-toggle='tooltip' data-placement='right' title='原始值：24.2'>24.2</span>", "<span data-toggle='tooltip' data-placement='right' title='原始值：7.71411'>7.71</span>", "<span data-toggle='tooltip' data-placement='right' title='原始值：7.4181'>7.42</span>", "<span data-toggle='tooltip' data-placement='right' title='原始值：284.7124'>284.7</span>", "<span data-toggle='tooltip' data-placement='right' title='原始值：2.20318'>2.2</span>", "<span data-toggle='tooltip' data-placement='right' title='原始值：1.19'>1.19</span>", "<span data-toggle='tooltip' data-placement='right' title='原始值：0.04527'>0.045</span>", "<span data-toggle='tooltip' data-placement='right' title='原始值：0.00984'>0.010</span>", "<span data-toggle='tooltip' data-placement='right' title='原始值：0.92964'>0.93</span>", "<span data-toggle='tooltip' data-placement='right' title='原始值：0.00411'>0.004</span>", "<span data-toggle='tooltip' data-placement='right' title='极值过滤'>--</span>", "维护"], ["河南省", "淮河流域", "<span data-toggle='tooltip' data-placement='right' title='所在地市:商丘市&#10;所属河流:浍河'>黄口</span>", "09-27 08:00", "Ⅳ", "<span data-toggle='tooltip' data-placement='right' title='原始值：21.2'>21.2</span>", "<span data-toggle='tooltip' data-placement='right' title='原始值：7.36031'>7.36</span>", "<span data-toggle='tooltip' data-placement='right' title='原始值：9.11936'>9.12</span>", "<span data-toggle='tooltip' data-placement='right' title='原始值：2090.03'>2090.0</span>", "<span data-toggle='tooltip' data-placement='right' title='原始值：81.47775'>81.5</span>", "<span data-toggle='tooltip' data-placement='right' title='原始值：7.34'>7.34</span>", "<span data-toggle='tooltip' data-placement='right' title='原始值：0.002'>0.002</span>", "<span data-toggle='tooltip' data-placement='right' title='原始值：0.1275'>0.128</span>", "<span data-toggle='tooltip' data-placement='right' title='原始值：3.74352'>3.74</span>", "*", "*", "正常"], ["河南省", "淮河流域", "<span data-toggle='tooltip' data-placement='right' title='所在地市:信阳市&#10;所属河流:史灌河'>蒋集</span>", "09-27 08:00", "Ⅱ", "<span data-toggle='tooltip' data-placement='right' title='原始值：25.0373'>25.0</span>", "<span data-toggle='tooltip' data-placement='right' title='原始值：7.03588'>7.04</span>", "<span data-toggle='tooltip' data-placement='right' title='原始值：6.525'>6.52</span>", "<span data-toggle='tooltip' data-placement='right' title='原始值：186.5'>186.5</span>", "<span data-toggle='tooltip' data-placement='right' title='原始值：193.3659'>193.4</span>", "<span data-toggle='tooltip' data-placement='right' title='原始值：2.95'>2.95</span>", "<span data-toggle='tooltip' data-placement='right' title='原始值：0.03845'>0.038</span>", "*", "*", "*", "*", "正常"], ["河南省", "淮河流域", "<span data-toggle='tooltip' data-placement='right' title='所在地市:信阳市&#10;所属河流:淮河'>淮滨水文站(淮滨)</span>", "09-27 08:00", "", "<span data-toggle='tooltip' data-placement='right' title='原始值：22.59961'>22.6</span>", "<span data-toggle='tooltip' data-placement='right' title='原始值：7.08'>7.08</span>", "<span data-toggle='tooltip' data-placement='right' title='原始值：6.85'>6.85</span>", "<span data-toggle='tooltip' data-placement='right' title='原始值：243'>243.0</span>", "<span data-toggle='tooltip' data-placement='right' title='原始值：237.9373'>237.9</span>", "<span data-toggle='tooltip' data-placement='right' title='原始值：2.77355'>2.77</span>", "<span data-toggle='tooltip' data-placement='right' title='原始值：0.12422'>0.124</span>", "<span data-toggle='tooltip' data-placement='right' title='极值过滤'>--</span>", "<span data-toggle='tooltip' data-placement='right' title='原始值：0.95567'>0.96</span>", "*", "*", "维护"], ["河南省", "淮河流域", "<span data-toggle='tooltip' data-placement='right' title='所在地市:周口市&#10;所属河流:沙河'>沈丘闸</span>", "09-27 08:00", "Ⅳ", "<span data-toggle='tooltip' data-placement='right' title='原始值：23.79267'>23.8</span>", "<span data-toggle='tooltip' data-placement='right' title='原始值：7.30426'>7.30</span>", "<span data-toggle='tooltip' data-placement='right' title='原始值：3.37029'>3.37</span>", "<span data-toggle='tooltip' data-placement='right' title='原始值：1069.309'>1069.3</span>", "<span data-toggle='tooltip' data-placement='right' title='原始值：24.88429'>24.9</span>", "<span data-toggle='tooltip' data-placement='right' title='原始值：3.27'>3.27</span>", "<span data-toggle='tooltip' data-placement='right' title='原始值：0.04'>0.040</span>", "*", "*", "*", "*", "正常"], ["河南省", "淮河流域", "<span data-toggle='tooltip' data-placement='right' title='所在地市:周口市&#10;所属河流:涡河'>鹿邑付桥(鹿邑付桥闸)</span>", "09-27 08:00", "Ⅲ", "<span data-toggle='tooltip' data-placement='right' title='原始值：23.92006'>23.9</span>", "<span data-toggle='tooltip' data-placement='right' title='原始值：8.46678'>8.47</span>", "<span data-toggle='tooltip' data-placement='right' title='原始值：7.71899'>7.72</span>", "<span data-toggle='tooltip' data-placement='right' title='原始值：1412.512'>1412.5</span>", "<span data-toggle='tooltip' data-placement='right' title='原始值：11.2849'>11.3</span>", "<span data-toggle='tooltip' data-placement='right' title='原始值：5.885'>5.88</span>", "<span data-toggle='tooltip' data-placement='right' title='原始值：0.04'>0.040</span>", "<span data-toggle='tooltip' data-placement='right' title='原始值：0.156'>0.156</span>", "<span data-toggle='tooltip' data-placement='right' title='原始值：1.3063'>1.31</span>", "*", "*", "正常"], ["河南省", "淮河流域", "<span data-toggle='tooltip' data-placement='right' title='所在地市:驻马店市&#10;所属河流:洪河'>新蔡班台(班台)</span>", "09-27 08:00", "Ⅴ", "<span data-toggle='tooltip' data-placement='right' title='原始值：24.84509'>24.8</span>", "<span data-toggle='tooltip' data-placement='right' title='原始值：7.27607'>7.28</span>", "<span data-toggle='tooltip' data-placement='right' title='原始值：10.21351'>10.21</span>", "<span data-toggle='tooltip' data-placement='right' title='原始值：872.837'>872.8</span>", "<span data-toggle='tooltip' data-placement='right' title='原始值：32.03778'>32.0</span>", "<span data-toggle='tooltip' data-placement='right' title='原始值：3.605'>3.60</span>", "<span data-toggle='tooltip' data-placement='right' title='原始值：0.13'>0.130</span>", "<span data-toggle='tooltip' data-placement='right' title='原始值：0.3081'>0.308</span>", "<span data-toggle='tooltip' data-placement='right' title='原始值：2.98974'>2.99</span>", "*", "*", "正常"], ["河南省", "黄河流域", "<span data-toggle='tooltip' data-placement='right' title='所在地市:济源市&#10;所属河流:黄河'>小浪底水库(小浪底)</span>", "09-27 08:00", "", "<span data-toggle='tooltip' data-placement='right' title='原始值：22.26828'>22.3</span>", "<span data-toggle='tooltip' data-placement='right' title='原始值：8.1407'>8.14</span>", "<span data-toggle='tooltip' data-placement='right' title='原始值：12.70482'>12.70</span>", "<span data-toggle='tooltip' data-placement='right' title='原始值：623.9579'>624.0</span>", "<span data-toggle='tooltip' data-placement='right' title='原始值：348.1981'>348.2</span>", "<span data-toggle='tooltip' data-placement='right' title='原始值：1.585'>1.58</span>", "<span data-toggle='tooltip' data-placement='right' title='原始值：2.41'>2.410</span>", "<span data-toggle='tooltip' data-placement='right' title='极值过滤'>--</span>", "<span data-toggle='tooltip' data-placement='right' title='极值过滤'>--</span>", "*", "*", "维护"], ["湖北省", "长江流域", "<span data-toggle='tooltip' data-placement='right' title='所在地市:武汉市&#10;所属河流:汉江'>宗关</span>", null, "", "--", "--", "--", "--", "--", "--", "--", "--", "--", "--", "*", "停站"], ["湖北省", "长江流域", "<span data-toggle='tooltip' data-placement='right' title='所在地市:十堰市&#10;所属河流:丹江口水库'>坝上中(胡家岭)</span>", "09-27 08:00", "Ⅱ", "<span data-toggle='tooltip' data-placement='right' title='原始值：24.63'>24.6</span>", "<span data-toggle='tooltip' data-placement='right' title='原始值：7.936011'>7.94</span>", "<span data-toggle='tooltip' data-placement='right' title='原始值：6.801811'>6.80</span>", "<span data-toggle='tooltip' data-placement='right' title='原始值：233.822'>233.8</span>", "<span data-toggle='tooltip' data-placement='right' title='原始值：4.682844'>4.7</span>", "<span data-toggle='tooltip' data-placement='right' title='原始值：2.41'>2.41</span>", "<span data-toggle='tooltip' data-placement='right' title='原始值：0.101'>0.101</span>", "<span data-toggle='tooltip' data-placement='right' title='原始值：0.012'>0.012</span>", "<span data-toggle='tooltip' data-placement='right' title='原始值：1.28'>1.28</span>", "<span data-toggle='tooltip' data-placement='right' title='极值过滤'>--</span>", "<span data-toggle='tooltip' data-placement='right' title='原始值：1.1724E+07'>11724000</span>", "维护"], ["湖北省", "长江流域", "<span data-toggle='tooltip' data-placement='right' title='所在地市:宜昌市&#10;所属河流:长江'>南津关</span>", "09-27 08:00", "Ⅱ", "<span data-toggle='tooltip' data-placement='right' title='原始值：22.98'>23.0</span>", "<span data-toggle='tooltip' data-placement='right' title='原始值：8.043692'>8.04</span>", "<span data-toggle='tooltip' data-placement='right' title='原始值：7.843855'>7.84</span>", "<span data-toggle='tooltip' data-placement='right' title='原始值：371.08'>371.1</span>", "<span data-toggle='tooltip' data-placement='right' title='原始值：30.98813'>31.0</span>", "<span data-toggle='tooltip' data-placement='right' title='原始值：1.53'>1.53</span>", "<span data-toggle='tooltip' data-placement='right' title='原始值：0.004'>0.004</span>", "<span data-toggle='tooltip' data-placement='right' title='原始值：0.054'>0.054</span>", "<span data-toggle='tooltip' data-placement='right' title='原始值：1.238'>1.24</span>", "--", "*", "维护"], ["湖南省", "长江流域", "<span data-toggle='tooltip' data-placement='right' title='所在地市:长沙市&#10;所属河流:湘江'>新港</span>", "09-27 08:00", "Ⅱ", "<span data-toggle='tooltip' data-placement='right' title='原始值：23.74'>23.7</span>", "<span data-toggle='tooltip' data-placement='right' title='原始值：7.23'>7.23</span>", "<span data-toggle='tooltip' data-placement='right' title='原始值：7.38'>7.38</span>", "<span data-toggle='tooltip' data-placement='right' title='原始值：250.95'>251.0</span>", "<span data-toggle='tooltip' data-placement='right' title='原始值：70.16'>70.2</span>", "<span data-toggle='tooltip' data-placement='right' title='原始值：2.29'>2.29</span>", "<span data-toggle='tooltip' data-placement='right' title='原始值：0.073'>0.073</span>", "<span data-toggle='tooltip' data-placement='right' title='原始值：0.087'>0.087</span>", "<span data-toggle='tooltip' data-placement='right' title='原始值：1.7'>1.70</span>", "*", "*", "正常"], ["湖南省", "长江流域", "<span data-toggle='tooltip' data-placement='right' title='所在地市:岳阳市&#10;所属河流:洞庭湖'>岳阳楼</span>", "09-27 08:00", "Ⅳ", "<span data-toggle='tooltip' data-placement='right' title='原始值：22.29'>22.3</span>", "<span data-toggle='tooltip' data-placement='right' title='原始值：7.803581'>7.80</span>", "<span data-toggle='tooltip' data-placement='right' title='原始值：6.516197'>6.52</span>", "<span data-toggle='tooltip' data-placement='right' title='原始值：227.8865'>227.9</span>", "<span data-toggle='tooltip' data-placement='right' title='原始值：39.59988'>39.6</span>", "<span data-toggle='tooltip' data-placement='right' title='原始值：2.92'>2.92</span>", "<span data-toggle='tooltip' data-placement='right' title='原始值：0.008'>0.008</span>", "<span data-toggle='tooltip' data-placement='right' title='原始值：0.094'>0.094</span>", "<span data-toggle='tooltip' data-placement='right' title='原始值：1.695'>1.70</span>", "<span data-toggle='tooltip' data-placement='right' title='原始值：0.0032812'>0.003</span>", "<span data-toggle='tooltip' data-placement='right' title='原始值：313.367'>313</span>", "正常"], ["湖南省", "长江流域", "<span data-toggle='tooltip' data-placement='right' title='所在地市:岳阳市&#10;所属河流:长江'>城陵矶</span>", "09-27 08:00", "Ⅱ", "<span data-toggle='tooltip' data-placement='right' title='原始值：23'>23.0</span>", "<span data-toggle='tooltip' data-placement='right' title='原始值：7.656705'>7.66</span>", "<span data-toggle='tooltip' data-placement='right' title='原始值：8.355212'>8.36</span>", "<span data-toggle='tooltip' data-placement='right' title='原始值：243.502'>243.5</span>", "<span data-toggle='tooltip' data-placement='right' title='原始值：49.92176'>49.9</span>", "<span data-toggle='tooltip' data-placement='right' title='原始值：1.82'>1.82</span>", "<span data-toggle='tooltip' data-placement='right' title='原始值：0.004'>0.004</span>", "<span data-toggle='tooltip' data-placement='right' title='原始值：0.059'>0.059</span>", "<span data-toggle='tooltip' data-placement='right' title='原始值：1.1797'>1.18</span>", "*", "*", "正常"], ["广东省", "珠江流域", "<span data-toggle='tooltip' data-placement='right' title='所在地市:清远市&#10;所属河流:北江'>七星岗</span>", "09-27 08:00", "Ⅱ", "<span data-toggle='tooltip' data-placement='right' title='原始值：28.60617'>28.6</span>", "<span data-toggle='tooltip' data-placement='right' title='原始值：7.51865'>7.52</span>", "<span data-toggle='tooltip' data-placement='right' title='原始值：6.02827'>6.03</span>", "<span data-toggle='tooltip' data-placement='right' title='原始值：254.3485'>254.3</span>", "<span data-toggle='tooltip' data-placement='right' title='原始值：15.50275'>15.5</span>", "<span data-toggle='tooltip' data-placement='right' title='原始值：0.87'>0.87</span>", "<span data-toggle='tooltip' data-placement='right' title='原始值：0.11307'>0.113</span>", "<span data-toggle='tooltip' data-placement='right' title='原始值：0.05002'>0.050</span>", "<span data-toggle='tooltip' data-placement='right' title='原始值：1.5928'>1.59</span>", "*", "*", "正常"], ["广东省", "珠江流域", "<span data-toggle='tooltip' data-placement='right' title='所在地市:中山市&#10;所属河流:西江'>横栏</span>", "09-27 08:00", "Ⅰ", "<span data-toggle='tooltip' data-placement='right' title='原始值：26.5'>26.5</span>", "<span data-toggle='tooltip' data-placement='right' title='原始值：7.77'>7.77</span>", "<span data-toggle='tooltip' data-placement='right' title='原始值：8.57'>8.57</span>", "<span data-toggle='tooltip' data-placement='right' title='原始值：230'>230.0</span>", "<span data-toggle='tooltip' data-placement='right' title='原始值：19.7'>19.7</span>", "<span data-toggle='tooltip' data-placement='right' title='原始值：1.74'>1.74</span>", "<span data-toggle='tooltip' data-placement='right' title='原始值：0.001'>0.001</span>", "*", "*", "*", "*", "正常"], ["广西壮族自治区", "珠江流域", "<span data-toggle='tooltip' data-placement='right' title='所在地市:南宁市&#10;所属河流:邕江'>老口</span>", "09-27 08:00", "Ⅱ", "<span data-toggle='tooltip' data-placement='right' title='原始值：27.89697'>27.9</span>", "<span data-toggle='tooltip' data-placement='right' title='原始值：7.42203'>7.42</span>", "<span data-toggle='tooltip' data-placement='right' title='原始值：6.24386'>6.24</span>", "<span data-toggle='tooltip' data-placement='right' title='原始值：344.7932'>344.8</span>", "<span data-toggle='tooltip' data-placement='right' title='原始值：17.33165'>17.3</span>", "<span data-toggle='tooltip' data-placement='right' title='原始值：1.80257'>1.80</span>", "<span data-toggle='tooltip' data-placement='right' title='原始值：0.12108'>0.121</span>", "<span data-toggle='tooltip' data-placement='right' title='原始值：0.03399'>0.034</span>", "<span data-toggle='tooltip' data-placement='right' title='原始值：1.74613'>1.75</span>", "*", "*", "正常"], ["广西壮族自治区", "珠江流域", "<span data-toggle='tooltip' data-placement='right' title='所在地市:桂林市&#10;所属河流:漓江'>阳朔</span>", null, "", "--", "--", "--", "--", "--", "--", "--", "--", "--", "*", "*", "停站"], ["广西壮族自治区", "珠江流域", "<span data-toggle='tooltip' data-placement='right' title='所在地市:梧州市&#10;所属河流:浔江'>界首</span>", null, "", "--", "--", "--", "--", "--", "--", "--", "--", "--", "*", "*", "停站"], ["广西壮族自治区", "珠江流域", "<span data-toggle='tooltip' data-placement='right' title='所在地市:贵港市&#10;所属河流:浔江'>石嘴</span>", "09-27 08:00", "Ⅱ", "<span data-toggle='tooltip' data-placement='right' title='原始值：27.10933'>27.1</span>", "<span data-toggle='tooltip' data-placement='right' title='原始值：7.03598'>7.04</span>", "<span data-toggle='tooltip' data-placement='right' title='原始值：8.05459'>8.05</span>", "<span data-toggle='tooltip' data-placement='right' title='原始值：260.5933'>260.6</span>", "<span data-toggle='tooltip' data-placement='right' title='原始值：92.23691'>92.2</span>", "<span data-toggle='tooltip' data-placement='right' title='原始值：2.22'>2.22</span>", "<span data-toggle='tooltip' data-placement='right' title='原始值：0.23'>0.230</span>", "<span data-toggle='tooltip' data-placement='right' title='原始值：0.01738'>0.017</span>", "<span data-toggle='tooltip' data-placement='right' title='原始值：2.2003'>2.20</span>", "*", "*", "正常"], ["广西壮族自治区", "珠江流域", "<span data-toggle='tooltip' data-placement='right' title='所在地市:崇左市&#10;所属河流:平而河'>平而关</span>", null, "", "--", "--", "--", "--", "--", "--", "--", "--", "--", "*", "*", "停站"], ["重庆市", "长江流域", "<span data-toggle='tooltip' data-placement='right' title='所在地市:永川区&#10;所属河流:长江'>朱沱</span>", null, "", "--", "--", "--", "--", "--", "--", "--", "--", "--", "*", "*", "停站"], ["四川省", "长江流域", "<span data-toggle='tooltip' data-placement='right' title='所在地市:攀枝花市&#10;所属河流:金沙江'>龙洞</span>", "09-27 08:00", "Ⅱ", "<span data-toggle='tooltip' data-placement='right' title='原始值：25.74'>25.7</span>", "<span data-toggle='tooltip' data-placement='right' title='原始值：8.476832'>8.48</span>", "<span data-toggle='tooltip' data-placement='right' title='原始值：6.973182'>6.97</span>", "<span data-toggle='tooltip' data-placement='right' title='极值过滤'>--</span>", "<span data-toggle='tooltip' data-placement='right' title='极值过滤'>--</span>", "<span data-toggle='tooltip' data-placement='right' title='原始值：1.2'>1.20</span>", "<span data-toggle='tooltip' data-placement='right' title='原始值：0.003'>0.003</span>", "<span data-toggle='tooltip' data-placement='right' title='原始值：0.0164263'>0.016</span>", "<span data-toggle='tooltip' data-placement='right' title='原始值：0.831315'>0.83</span>", "*", "*", "维护"], ["四川省", "长江流域", "<span data-toggle='tooltip' data-placement='right' title='所在地市:泸州市&#10;所属河流:沱江'>沱江大桥(沱江二桥)</span>", "09-27 08:00", "Ⅲ", "<span data-toggle='tooltip' data-placement='right' title='原始值：23.96'>24.0</span>", "<span data-toggle='tooltip' data-placement='right' title='原始值：8.105746'>8.11</span>", "<span data-toggle='tooltip' data-placement='right' title='原始值：8.003489'>8.00</span>", "<span data-toggle='tooltip' data-placement='right' title='原始值：474.2827'>474.3</span>", "<span data-toggle='tooltip' data-placement='right' title='原始值：73.83834'>73.8</span>", "<span data-toggle='tooltip' data-placement='right' title='原始值：3.52'>3.52</span>", "<span data-toggle='tooltip' data-placement='right' title='原始值：0.011'>0.011</span>", "<span data-toggle='tooltip' data-placement='right' title='原始值：0.165384'>0.165</span>", "<span data-toggle='tooltip' data-placement='right' title='原始值：4.351101'>4.35</span>", "*", "*", "正常"], ["四川省", "长江流域", "<span data-toggle='tooltip' data-placement='right' title='所在地市:广元市&#10;所属河流:嘉陵江'>清风峡</span>", "09-27 08:00", "Ⅰ", "<span data-toggle='tooltip' data-placement='right' title='原始值：19'>19.0</span>", "<span data-toggle='tooltip' data-placement='right' title='原始值：8.27844'>8.28</span>", "<span data-toggle='tooltip' data-placement='right' title='原始值：9.06722'>9.07</span>", "<span data-toggle='tooltip' data-placement='right' title='原始值：353'>353.0</span>", "<span data-toggle='tooltip' data-placement='right' title='原始值：59.64164'>59.6</span>", "<span data-toggle='tooltip' data-placement='right' title='原始值：1.02'>1.02</span>", "<span data-toggle='tooltip' data-placement='right' title='原始值：0.13637'>0.136</span>", "*", "*", "*", "*", "正常"], ["四川省", "长江流域", "<span data-toggle='tooltip' data-placement='right' title='所在地市:乐山市&#10;所属河流:岷江'>岷江大桥</span>", null, "", "--", "--", "--", "--", "--", "--", "--", "--", "--", "*", "*", "停站"], ["四川省", "长江流域", "<span data-toggle='tooltip' data-placement='right' title='所在地市:宜宾市&#10;所属河流:岷江'>凉姜沟</span>", null, "", "--", "--", "--", "--", "--", "--", "--", "--", "--", "*", "*", "停站"], ["云南省", "滇池流域", "<span data-toggle='tooltip' data-placement='right' title='所在地市:昆明市&#10;所属河流:滇池'>西苑隧道</span>", null, "", "--", "--", "--", "--", "--", "--", "--", "--", "--", "--", "--", "维护"], ["云南省", "滇池流域", "<span data-toggle='tooltip' data-placement='right' title='所在地市:昆明市&#10;所属河流:滇池'>观音山</span>", "09-27 08:00", "Ⅴ", "<span data-toggle='tooltip' data-placement='right' title='原始值：21.85472'>21.9</span>", "<span data-toggle='tooltip' data-placement='right' title='原始值：8.52525'>8.53</span>", "<span data-toggle='tooltip' data-placement='right' title='原始值：7.93214'>7.93</span>", "<span data-toggle='tooltip' data-placement='right' title='原始值：439.1203'>439.1</span>", "<span data-toggle='tooltip' data-placement='right' title='原始值：52.58593'>52.6</span>", "<span data-toggle='tooltip' data-placement='right' title='原始值：8.33077'>8.33</span>", "<span data-toggle='tooltip' data-placement='right' title='原始值：1.73'>1.730</span>", "<span data-toggle='tooltip' data-placement='right' title='原始值：0.0907'>0.091</span>", "<span data-toggle='tooltip' data-placement='right' title='原始值：1.567'>1.57</span>", "<span data-toggle='tooltip' data-placement='right' title='原始值：0.00858'>0.009</span>", "<span data-toggle='tooltip' data-placement='right' title='原始值：6.918774E+07'>69187740</span>", "正常"], ["云南省", "西南诸河", "<span data-toggle='tooltip' data-placement='right' title='所在地市:红河哈尼族彝族自治州&#10;所属河流:红河'>河口县医院(河口)</span>", "09-27 08:00", "Ⅳ", "<span data-toggle='tooltip' data-placement='right' title='原始值：24.87873'>24.9</span>", "<span data-toggle='tooltip' data-placement='right' title='原始值：6.77963'>6.78</span>", "<span data-toggle='tooltip' data-placement='right' title='原始值：7.61011'>7.61</span>", "<span data-toggle='tooltip' data-placement='right' title='原始值：186.7457'>186.7</span>", "<span data-toggle='tooltip' data-placement='right' title='原始值：241.0183'>241.0</span>", "<span data-toggle='tooltip' data-placement='right' title='原始值：6.14894'>6.15</span>", "<span data-toggle='tooltip' data-placement='right' title='原始值：0.05119'>0.051</span>", "<span data-toggle='tooltip' data-placement='right' title='原始值：0.284'>0.284</span>", "<span data-toggle='tooltip' data-placement='right' title='原始值：1.61417'>1.61</span>", "*", "*", "正常"], ["云南省", "西南诸河", "<span data-toggle='tooltip' data-placement='right' title='所在地市:西双版纳傣族自治州&#10;所属河流:澜沧江'>橄榄坝</span>", "09-27 08:00", "劣Ⅴ", "<span data-toggle='tooltip' data-placement='right' title='原始值：20.03071'>20.0</span>", "<span data-toggle='tooltip' data-placement='right' title='原始值：5.6383'>5.64</span>", "<span data-toggle='tooltip' data-placement='right' title='原始值：6.88189'>6.88</span>", "<span data-toggle='tooltip' data-placement='right' title='原始值：460.6177'>460.6</span>", "<span data-toggle='tooltip' data-placement='right' title='原始值：75.3745'>75.4</span>", "<span data-toggle='tooltip' data-placement='right' title='原始值：1.35'>1.35</span>", "<span data-toggle='tooltip' data-placement='right' title='原始值：0.0833'>0.083</span>", "*", "*", "*", "*", "正常"], ["陕西省", "黄河流域", "<span data-toggle='tooltip' data-placement='right' title='所在地市:渭南市&#10;所属河流:渭河'>潼关吊桥</span>", null, "", "--", "--", "--", "--", "--", "--", "--", "--", "--", "*", "*", "停站"], ["甘肃省", "黄河流域", "<span data-toggle='tooltip' data-placement='right' title='所在地市:兰州市&#10;所属河流:黄河'>新城桥</span>", "09-27 08:00", "Ⅱ", "<span data-toggle='tooltip' data-placement='right' title='原始值：15.97891'>16.0</span>", "<span data-toggle='tooltip' data-placement='right' title='原始值：7.78528'>7.79</span>", "<span data-toggle='tooltip' data-placement='right' title='原始值：7.53358'>7.53</span>", "<span data-toggle='tooltip' data-placement='right' title='原始值：464.3126'>464.3</span>", "<span data-toggle='tooltip' data-placement='right' title='原始值：153.9375'>153.9</span>", "<span data-toggle='tooltip' data-placement='right' title='原始值：2.12'>2.12</span>", "<span data-toggle='tooltip' data-placement='right' title='原始值：0.14'>0.140</span>", "<span data-toggle='tooltip' data-placement='right' title='原始值：0.02723'>0.027</span>", "<span data-toggle='tooltip' data-placement='right' title='原始值：2.07416'>2.07</span>", "*", "*", "正常"], ["宁夏回族自治区", "黄河流域", "<span data-toggle='tooltip' data-placement='right' title='所在地市:中卫市&#10;所属河流:黄河'>中卫下河沿(新墩)</span>", "09-27 08:00", "", "<span data-toggle='tooltip' data-placement='right' title='原始值：17.90075'>17.9</span>", "<span data-toggle='tooltip' data-placement='right' title='原始值：7.69259'>7.69</span>", "<span data-toggle='tooltip' data-placement='right' title='原始值：7.91207'>7.91</span>", "<span data-toggle='tooltip' data-placement='right' title='原始值：523.2781'>523.3</span>", "<span data-toggle='tooltip' data-placement='right' title='原始值：45.70347'>45.7</span>", "<span data-toggle='tooltip' data-placement='right' title='极值过滤'>--</span>", "<span data-toggle='tooltip' data-placement='right' title='原始值：0.78'>0.780</span>", "<span data-toggle='tooltip' data-placement='right' title='原始值：0.062'>0.062</span>", "<span data-toggle='tooltip' data-placement='right' title='原始值：1.3971'>1.40</span>", "*", "*", "维护"]]}