{"result": 1, "total": 1, "records": 98, "thead": ["省份", "流域", "断面名称", "监测时间", "水质类别", "水温<br/><span class='unit'>(℃)</span>", "pH<br/><span class='unit'>(无量纲)</span>", "溶解氧<br/><span class='unit'>(mg/L)</span>", "电导率<br/><span class='unit'>(μS/cm)</span>", "浊度<br/><span class='unit'>(NTU)</span>", "高锰酸盐指数<br/><span class='unit'>(mg/L)</span>", "氨氮<br/><span class='unit'>(mg/L)</span>", "总磷<br/><span class='unit'>(mg/L)</span>", "总氮<br/><span class='unit'>(mg/L)</span>", "叶绿素α<br/><span class='unit'>(mg/L)</span>", "藻密度<br/><span class='unit'>(cells/L)</span>", "站点情况"], "tbody": [["北京市", "海河流域", "<span data-toggle='tooltip' data-placement='right' title='所在地市:门头沟区&#10;所属河流:永定河'>沿河城</span>", "09-08 08:00", "Ⅲ", "<span data-toggle='tooltip' data-placement='right' title='原始值：22.40788'>22.4</span>", "<span data-toggle='tooltip' data-placement='right' title='原始值：8.35494'>8.35</span>", "<span data-toggle='tooltip' data-placement='right' title='原始值：7.93232'>7.93</span>", "<span data-toggle='tooltip' data-placement='right' title='原始值：1516.831'>1516.8</span>", "<span data-toggle='tooltip' data-placement='right' title='原始值：28.0711'>28.1</span>", "<span data-toggle='tooltip' data-placement='right' title='原始值：5.895'>5.90</span>", "<span data-toggle='tooltip' data-placement='right' title='原始值：0.21'>0.210</span>", "<span data-toggle='tooltip' data-placement='right' title='原始值：0.0477'>0.048</span>", "<span data-toggle='tooltip' data-placement='right' title='原始值：0.7949'>0.79</span>", "*", "*", "正常"], ["北京市", "海河流域", "<span data-toggle='tooltip' data-placement='right' title='所在地市:密云区&#10;所属河流:潮河'>古北口</span>", "09-08 08:00", "Ⅱ", "<span data-toggle='tooltip' data-placement='right' title='原始值：21.19843'>21.2</span>", "<span data-toggle='tooltip' data-placement='right' title='原始值：7.16412'>7.16</span>", "<span data-toggle='tooltip' data-placement='right' title='原始值：7.61336'>7.61</span>", "<span data-toggle='tooltip' data-placement='right' title='原始值：656.5935'>656.6</span>", "<span data-toggle='tooltip' data-placement='right' title='原始值：3.15192'>3.2</span>", "<span data-toggle='tooltip' data-placement='right' title='原始值：1.49'>1.49</span>", "<span data-toggle='tooltip' data-placement='right' title='原始值：0.23'>0.230</span>", "<span data-toggle='tooltip' data-placement='right' title='原始值：0.0011'>0.001</span>", "<span data-toggle='tooltip' data-placement='right' title='原始值：6.2991'>6.30</span>", "*", "*", "正常"], ["天津市", "海河流域", "<span data-toggle='tooltip' data-placement='right' title='所在地市:河北区&#10;所属河流:海河'>三岔口</span>", "09-08 08:00", "Ⅱ", "<span data-toggle='tooltip' data-placement='right' title='原始值：26.7858'>26.8</span>", "<span data-toggle='tooltip' data-placement='right' title='原始值：7.6963'>7.70</span>", "<span data-toggle='tooltip' data-placement='right' title='原始值：6.353'>6.35</span>", "<span data-toggle='tooltip' data-placement='right' title='原始值：470.0781'>470.1</span>", "<span data-toggle='tooltip' data-placement='right' title='原始值：21.838'>21.8</span>", "<span data-toggle='tooltip' data-placement='right' title='原始值：2.93'>2.93</span>", "<span data-toggle='tooltip' data-placement='right' title='原始值：0.21'>0.210</span>", "<span data-toggle='tooltip' data-placement='right' title='原始值：0.0105'>0.010</span>", "<span data-toggle='tooltip' data-placement='right' title='原始值：0.5694'>0.57</span>", "*", "*", "正常"], ["天津市", "海河流域", "<span data-toggle='tooltip' data-placement='right' title='所在地市:蓟州区&#10;所属河流:果河'>果河桥</span>", "09-08 08:00", "Ⅱ", "<span data-toggle='tooltip' data-placement='right' title='原始值：26.6'>26.6</span>", "<span data-toggle='tooltip' data-placement='right' title='原始值：8.478'>8.48</span>", "<span data-toggle='tooltip' data-placement='right' title='原始值：10.903'>10.90</span>", "<span data-toggle='tooltip' data-placement='right' title='原始值：495.04'>495.0</span>", "<span data-toggle='tooltip' data-placement='right' title='原始值：5.735'>5.7</span>", "<span data-toggle='tooltip' data-placement='right' title='原始值：3.3166'>3.32</span>", "<span data-toggle='tooltip' data-placement='right' title='原始值：0.16'>0.160</span>", "<span data-toggle='tooltip' data-placement='right' title='原始值：0.0519'>0.052</span>", "<span data-toggle='tooltip' data-placement='right' title='原始值：6.8721'>6.87</span>", "*", "*", "正常"], ["河北省", "海河流域", "<span data-toggle='tooltip' data-placement='right' title='所在地市:石家庄市&#10;所属河流:滹沱河'>岗南水库</span>", "09-08 08:00", "Ⅱ", "<span data-toggle='tooltip' data-placement='right' title='原始值：26.58639'>26.6</span>", "<span data-toggle='tooltip' data-placement='right' title='原始值：8.27701'>8.28</span>", "<span data-toggle='tooltip' data-placement='right' title='原始值：7.45219'>7.45</span>", "<span data-toggle='tooltip' data-placement='right' title='原始值：578.8304'>578.8</span>", "<span data-toggle='tooltip' data-placement='right' title='原始值：0.89622'>0.9</span>", "<span data-toggle='tooltip' data-placement='right' title='原始值：2.52881'>2.53</span>", "<span data-toggle='tooltip' data-placement='right' title='原始值：0.08'>0.080</span>", "<span data-toggle='tooltip' data-placement='right' title='原始值：0.0074'>0.007</span>", "<span data-toggle='tooltip' data-placement='right' title='原始值：3.18712'>3.19</span>", "*", "*", "正常"], ["河北省", "海河流域", "<span data-toggle='tooltip' data-placement='right' title='所在地市:张家口市&#10;所属河流:永定河'>八号桥</span>", "09-08 08:00", "Ⅳ", "<span data-toggle='tooltip' data-placement='right' title='原始值：21.51663'>21.5</span>", "<span data-toggle='tooltip' data-placement='right' title='原始值：7.64529'>7.65</span>", "<span data-toggle='tooltip' data-placement='right' title='原始值：6.76559'>6.77</span>", "<span data-toggle='tooltip' data-placement='right' title='原始值：1095.529'>1095.5</span>", "<span data-toggle='tooltip' data-placement='right' title='原始值：61.39103'>61.4</span>", "<span data-toggle='tooltip' data-placement='right' title='原始值：5.64001'>5.64</span>", "<span data-toggle='tooltip' data-placement='right' title='原始值：0.33'>0.330</span>", "<span data-toggle='tooltip' data-placement='right' title='原始值：0.2105'>0.210</span>", "<span data-toggle='tooltip' data-placement='right' title='原始值：6.05'>6.05</span>", "*", "*", "正常"], ["山西省", "黄河流域", "<span data-toggle='tooltip' data-placement='right' title='所在地市:运城市&#10;所属河流:汾河'>河津大桥</span>", "09-08 08:00", "Ⅲ", "<span data-toggle='tooltip' data-placement='right' title='原始值：25.94985'>25.9</span>", "<span data-toggle='tooltip' data-placement='right' title='原始值：7.51342'>7.51</span>", "<span data-toggle='tooltip' data-placement='right' title='原始值：6.96362'>6.96</span>", "<span data-toggle='tooltip' data-placement='right' title='原始值：1344.458'>1344.5</span>", "<span data-toggle='tooltip' data-placement='right' title='原始值：116.0145'>116.0</span>", "<span data-toggle='tooltip' data-placement='right' title='原始值：4.72463'>4.72</span>", "<span data-toggle='tooltip' data-placement='right' title='原始值：0.07'>0.070</span>", "*", "*", "*", "*", "正常"], ["山西省", "黄河流域", "<span data-toggle='tooltip' data-placement='right' title='所在地市:忻州市&#10;所属河流:黄河'>万家寨水库</span>", "09-08 08:00", "劣Ⅴ", "<span data-toggle='tooltip' data-placement='right' title='原始值：21.64839'>21.6</span>", "<span data-toggle='tooltip' data-placement='right' title='原始值：7.93668'>7.94</span>", "<span data-toggle='tooltip' data-placement='right' title='原始值：7.53459'>7.53</span>", "<span data-toggle='tooltip' data-placement='right' title='原始值：642.1441'>642.1</span>", "<span data-toggle='tooltip' data-placement='right' title='原始值：584.8423'>584.8</span>", "<span data-toggle='tooltip' data-placement='right' title='原始值：5.38'>5.38</span>", "<span data-toggle='tooltip' data-placement='right' title='原始值：0.31'>0.310</span>", "<span data-toggle='tooltip' data-placement='right' title='原始值：0.6465'>0.646</span>", "<span data-toggle='tooltip' data-placement='right' title='原始值：1.15'>1.15</span>", "*", "*", "正常"], ["内蒙古自治区", "黄河流域", "<span data-toggle='tooltip' data-placement='right' title='所在地市:包头市&#10;所属河流:黄河'>画匠营子</span>", "09-08 08:00", "Ⅱ", "<span data-toggle='tooltip' data-placement='right' title='原始值：21.69903'>21.7</span>", "<span data-toggle='tooltip' data-placement='right' title='原始值：7.57139'>7.57</span>", "<span data-toggle='tooltip' data-placement='right' title='原始值：7.05576'>7.06</span>", "<span data-toggle='tooltip' data-placement='right' title='原始值：708.245'>708.2</span>", "<span data-toggle='tooltip' data-placement='right' title='原始值：1895.326'>1895.3</span>", "<span data-toggle='tooltip' data-placement='right' title='原始值：3.40581'>3.41</span>", "<span data-toggle='tooltip' data-placement='right' title='原始值：0.02732'>0.027</span>", "*", "*", "*", "*", "正常"], ["内蒙古自治区", "黄河流域", "<span data-toggle='tooltip' data-placement='right' title='所在地市:乌海市&#10;所属河流:黄河'>海勃湾</span>", "09-08 08:00", "Ⅱ", "<span data-toggle='tooltip' data-placement='right' title='原始值：20.29225'>20.3</span>", "<span data-toggle='tooltip' data-placement='right' title='原始值：7.47857'>7.48</span>", "<span data-toggle='tooltip' data-placement='right' title='原始值：6.47948'>6.48</span>", "<span data-toggle='tooltip' data-placement='right' title='原始值：500.8217'>500.8</span>", "<span data-toggle='tooltip' data-placement='right' title='原始值：288.2784'>288.3</span>", "<span data-toggle='tooltip' data-placement='right' title='原始值：3.78'>3.78</span>", "<span data-toggle='tooltip' data-placement='right' title='原始值：0.1'>0.100</span>", "*", "*", "*", "*", "正常"], ["内蒙古自治区", "松花江流域", "<span data-toggle='tooltip' data-placement='right' title='所在地市:呼伦贝尔市&#10;所属河流:额尔古纳河'>黑山头</span>", null, "", "--", "--", "--", "--", "--", "--", "--", "--", "--", "*", "*", "停站"], ["辽宁省", "辽河流域", "<span data-toggle='tooltip' data-placement='right' title='所在地市:抚顺市&#10;所属河流:浑河'>大伙房水库</span>", "09-08 08:00", "Ⅱ", "<span data-toggle='tooltip' data-placement='right' title='原始值：22.84431'>22.8</span>", "<span data-toggle='tooltip' data-placement='right' title='原始值：7.1993'>7.20</span>", "<span data-toggle='tooltip' data-placement='right' title='原始值：7.77146'>7.77</span>", "<span data-toggle='tooltip' data-placement='right' title='原始值：286.3386'>286.3</span>", "<span data-toggle='tooltip' data-placement='right' title='原始值：35.7366'>35.7</span>", "<span data-toggle='tooltip' data-placement='right' title='原始值：2.25289'>2.25</span>", "<span data-toggle='tooltip' data-placement='right' title='原始值：0.08'>0.080</span>", "<span data-toggle='tooltip' data-placement='right' title='原始值：0.06712'>0.067</span>", "<span data-toggle='tooltip' data-placement='right' title='原始值：2.13889'>2.14</span>", "<span data-toggle='tooltip' data-placement='right' title='极值过滤'>--</span>", "*", "维护"], ["辽宁省", "辽河流域", "<span data-toggle='tooltip' data-placement='right' title='所在地市:丹东市&#10;所属河流:鸭绿江'>江桥</span>", "09-08 08:00", "Ⅱ", "<span data-toggle='tooltip' data-placement='right' title='原始值：21'>21.0</span>", "<span data-toggle='tooltip' data-placement='right' title='原始值：6.86'>6.86</span>", "<span data-toggle='tooltip' data-placement='right' title='原始值：7.30875'>7.31</span>", "<span data-toggle='tooltip' data-placement='right' title='原始值：130'>130.0</span>", "<span data-toggle='tooltip' data-placement='right' title='原始值：7.59999'>7.6</span>", "<span data-toggle='tooltip' data-placement='right' title='原始值：0.87'>0.87</span>", "<span data-toggle='tooltip' data-placement='right' title='原始值：0.03414'>0.034</span>", "<span data-toggle='tooltip' data-placement='right' title='原始值：0.01872'>0.019</span>", "<span data-toggle='tooltip' data-placement='right' title='原始值：2.11235'>2.11</span>", "*", "*", "正常"], ["辽宁省", "辽河流域", "<span data-toggle='tooltip' data-placement='right' title='所在地市:营口市&#10;所属河流:大辽河'>辽河公园</span>", "09-08 08:00", "Ⅲ", "<span data-toggle='tooltip' data-placement='right' title='原始值：23.33096'>23.3</span>", "<span data-toggle='tooltip' data-placement='right' title='原始值：6.90996'>6.91</span>", "<span data-toggle='tooltip' data-placement='right' title='原始值：5.48669'>5.49</span>", "<span data-toggle='tooltip' data-placement='right' title='原始值：617.6317'>617.6</span>", "<span data-toggle='tooltip' data-placement='right' title='原始值：131.6261'>131.6</span>", "<span data-toggle='tooltip' data-placement='right' title='原始值：5.46628'>5.47</span>", "<span data-toggle='tooltip' data-placement='right' title='原始值：0.38857'>0.389</span>", "<span data-toggle='tooltip' data-placement='right' title='原始值：0.16772'>0.168</span>", "<span data-toggle='tooltip' data-placement='right' title='原始值：4.76377'>4.76</span>", "*", "*", "正常"], ["辽宁省", "辽河流域", "<span data-toggle='tooltip' data-placement='right' title='所在地市:辽阳市&#10;所属河流:太子河'>汤河水库</span>", "09-08 04:00", "", "<span data-toggle='tooltip' data-placement='right' title='原始值：18.4'>18.4</span>", "<span data-toggle='tooltip' data-placement='right' title='原始值：7.5'>7.50</span>", "<span data-toggle='tooltip' data-placement='right' title='原始值：0.46875'>0.47</span>", "<span data-toggle='tooltip' data-placement='right' title='原始值：469.2499'>469.2</span>", "<span data-toggle='tooltip' data-placement='right' title='原始值：14.43671'>14.4</span>", "<span data-toggle='tooltip' data-placement='right' title='原始值：0.81'>0.81</span>", "<span data-toggle='tooltip' data-placement='right' title='原始值：0.06297'>0.063</span>", "<span data-toggle='tooltip' data-placement='right' title='极值过滤'>--</span>", "<span data-toggle='tooltip' data-placement='right' title='原始值：1.58721'>1.59</span>", "*", "*", "维护"], ["辽宁省", "辽河流域", "<span data-toggle='tooltip' data-placement='right' title='所在地市:盘锦市&#10;所属河流:辽河'>盘锦兴安(兴安)</span>", "09-08 08:00", "", "<span data-toggle='tooltip' data-placement='right' title='原始值：22.91164'>22.9</span>", "<span data-toggle='tooltip' data-placement='right' title='原始值：7.20609'>7.21</span>", "<span data-toggle='tooltip' data-placement='right' title='原始值：7.89967'>7.90</span>", "<span data-toggle='tooltip' data-placement='right' title='原始值：433.1696'>433.2</span>", "<span data-toggle='tooltip' data-placement='right' title='原始值：641.3678'>641.4</span>", "<span data-toggle='tooltip' data-placement='right' title='原始值：3.43309'>3.43</span>", "<span data-toggle='tooltip' data-placement='right' title='极值过滤'>--</span>", "<span data-toggle='tooltip' data-placement='right' title='原始值：0.42922'>0.429</span>", "<span data-toggle='tooltip' data-placement='right' title='原始值：3.46988'>3.47</span>", "*", "*", "维护"], ["辽宁省", "辽河流域", "<span data-toggle='tooltip' data-placement='right' title='所在地市:铁岭市&#10;所属河流:辽河'>珠尔山</span>", "09-08 08:00", "Ⅳ", "<span data-toggle='tooltip' data-placement='right' title='原始值：20.47274'>20.5</span>", "<span data-toggle='tooltip' data-placement='right' title='原始值：7.3006'>7.30</span>", "<span data-toggle='tooltip' data-placement='right' title='原始值：9.41012'>9.41</span>", "<span data-toggle='tooltip' data-placement='right' title='原始值：347.393'>347.4</span>", "<span data-toggle='tooltip' data-placement='right' title='原始值：220.7736'>220.8</span>", "<span data-toggle='tooltip' data-placement='right' title='原始值：7.50876'>7.51</span>", "<span data-toggle='tooltip' data-placement='right' title='原始值：0.2'>0.200</span>", "<span data-toggle='tooltip' data-placement='right' title='原始值：0.27424'>0.274</span>", "<span data-toggle='tooltip' data-placement='right' title='原始值：4.3241'>4.32</span>", "*", "*", "正常"], ["吉林省", "松花江流域", "<span data-toggle='tooltip' data-placement='right' title='所在地市:长春市&#10;所属河流:松花江'>松花江村</span>", null, "", "--", "--", "--", "--", "--", "--", "--", "--", "--", "*", "*", "停站"], ["吉林省", "松花江流域", "<span data-toggle='tooltip' data-placement='right' title='所在地市:白城市&#10;所属河流:嫩江'>白沙滩</span>", null, "", "--", "--", "--", "--", "--", "--", "--", "--", "--", "*", "*", "停站"], ["吉林省", "松花江流域", "<span data-toggle='tooltip' data-placement='right' title='所在地市:延边朝鲜族自治州&#10;所属河流:图们江'>圈河</span>", null, "", "--", "--", "--", "--", "--", "--", "--", "--", "--", "*", "*", "停站"], ["黑龙江省", "松花江流域", "<span data-toggle='tooltip' data-placement='right' title='所在地市:大庆市&#10;所属河流:松花江'>肇源</span>", null, "", "--", "--", "--", "--", "--", "--", "--", "--", "--", "*", "*", "停站"], ["黑龙江省", "松花江流域", "<span data-toggle='tooltip' data-placement='right' title='所在地市:佳木斯市&#10;所属河流:乌苏里江'>乌苏镇</span>", null, "", "--", "--", "--", "--", "--", "--", "--", "--", "--", "*", "*", "停站"], ["黑龙江省", "松花江流域", "<span data-toggle='tooltip' data-placement='right' title='所在地市:佳木斯市&#10;所属河流:松花江'>同江</span>", null, "", "--", "--", "--", "--", "--", "--", "--", "--", "--", "*", "*", "维护"], ["黑龙江省", "松花江流域", "<span data-toggle='tooltip' data-placement='right' title='所在地市:黑河市&#10;所属河流:黑龙江'>黑河下(黑河)</span>", null, "", "--", "--", "--", "--", "--", "--", "--", "--", "--", "*", "*", "停站"], ["上海市", "长江流域", "<span data-toggle='tooltip' data-placement='right' title='所在地市:青浦区&#10;所属河流:淀山湖'>急水港桥</span>", "09-08 08:00", "Ⅳ", "<span data-toggle='tooltip' data-placement='right' title='原始值：28.1'>28.1</span>", "<span data-toggle='tooltip' data-placement='right' title='原始值：7.36'>7.36</span>", "<span data-toggle='tooltip' data-placement='right' title='原始值：4.33'>4.33</span>", "<span data-toggle='tooltip' data-placement='right' title='原始值：531'>531.0</span>", "<span data-toggle='tooltip' data-placement='right' title='原始值：160.8'>160.8</span>", "<span data-toggle='tooltip' data-placement='right' title='原始值：4.3125'>4.31</span>", "<span data-toggle='tooltip' data-placement='right' title='原始值：0.10184'>0.102</span>", "<span data-toggle='tooltip' data-placement='right' title='原始值：0.06982'>0.070</span>", "<span data-toggle='tooltip' data-placement='right' title='原始值：1.70313'>1.70</span>", "<span data-toggle='tooltip' data-placement='right' title='原始值：0.00435'>0.004</span>", "<span data-toggle='tooltip' data-placement='right' title='原始值：1.006204E+07'>10062040</span>", "正常"], ["江苏省", "长江流域", "<span data-toggle='tooltip' data-placement='right' title='所在地市:南京市&#10;所属河流:长江'>林山</span>", null, "", "--", "--", "--", "--", "--", "--", "--", "--", "--", "*", "*", "停站"], ["江苏省", "太湖流域", "<span data-toggle='tooltip' data-placement='right' title='所在地市:无锡市&#10;所属河流:太湖'>沙渚</span>", "09-08 08:00", "Ⅳ", "<span data-toggle='tooltip' data-placement='right' title='原始值：25.05639'>25.1</span>", "<span data-toggle='tooltip' data-placement='right' title='原始值：8.030123'>8.03</span>", "<span data-toggle='tooltip' data-placement='right' title='原始值：6.099311'>6.10</span>", "<span data-toggle='tooltip' data-placement='right' title='原始值：451.5641'>451.6</span>", "<span data-toggle='tooltip' data-placement='right' title='原始值：97.41351'>97.4</span>", "<span data-toggle='tooltip' data-placement='right' title='原始值：7.59'>7.59</span>", "<span data-toggle='tooltip' data-placement='right' title='原始值：0.27'>0.270</span>", "<span data-toggle='tooltip' data-placement='right' title='原始值：0.1162'>0.116</span>", "<span data-toggle='tooltip' data-placement='right' title='原始值：2.132'>2.13</span>", "*", "*", "正常"], ["江苏省", "淮河流域", "<span data-toggle='tooltip' data-placement='right' title='所在地市:徐州市&#10;所属河流:武河'>小红圈</span>", "09-08 08:00", "", "<span data-toggle='tooltip' data-placement='right' title='原始值：25.2'>25.2</span>", "<span data-toggle='tooltip' data-placement='right' title='原始值：7.3'>7.30</span>", "<span data-toggle='tooltip' data-placement='right' title='原始值：8.5'>8.50</span>", "<span data-toggle='tooltip' data-placement='right' title='原始值：1051.2'>1051.2</span>", "<span data-toggle='tooltip' data-placement='right' title='原始值：11.94'>11.9</span>", "<span data-toggle='tooltip' data-placement='right' title='原始值：2.92'>2.92</span>", "<span data-toggle='tooltip' data-placement='right' title='原始值：0.08'>0.080</span>", "--", "--", "*", "*", "维护"], ["江苏省", "淮河流域", "<span data-toggle='tooltip' data-placement='right' title='所在地市:徐州市&#10;所属河流:沿河'>李集桥</span>", "09-08 08:00", "Ⅲ", "<span data-toggle='tooltip' data-placement='right' title='原始值：28.03'>28.0</span>", "<span data-toggle='tooltip' data-placement='right' title='原始值：7.93'>7.93</span>", "<span data-toggle='tooltip' data-placement='right' title='原始值：6.69'>6.69</span>", "<span data-toggle='tooltip' data-placement='right' title='原始值：891.4'>891.4</span>", "<span data-toggle='tooltip' data-placement='right' title='原始值：17.22'>17.2</span>", "<span data-toggle='tooltip' data-placement='right' title='原始值：5.04'>5.04</span>", "<span data-toggle='tooltip' data-placement='right' title='原始值：0.147'>0.147</span>", "<span data-toggle='tooltip' data-placement='right' title='原始值：0.114'>0.114</span>", "<span data-toggle='tooltip' data-placement='right' title='原始值：1.274'>1.27</span>", "*", "*", "正常"], ["江苏省", "淮河流域", "<span data-toggle='tooltip' data-placement='right' title='所在地市:徐州市&#10;所属河流:邳苍分洪道'>艾山西大桥</span>", "09-08 08:00", "Ⅲ", "<span data-toggle='tooltip' data-placement='right' title='原始值：26.3196'>26.3</span>", "<span data-toggle='tooltip' data-placement='right' title='原始值：8.06553'>8.07</span>", "<span data-toggle='tooltip' data-placement='right' title='原始值：7.37397'>7.37</span>", "<span data-toggle='tooltip' data-placement='right' title='原始值：911.365'>911.4</span>", "<span data-toggle='tooltip' data-placement='right' title='原始值：42.3927'>42.4</span>", "<span data-toggle='tooltip' data-placement='right' title='原始值：3.07'>3.07</span>", "<span data-toggle='tooltip' data-placement='right' title='原始值：0.17'>0.170</span>", "<span data-toggle='tooltip' data-placement='right' title='原始值：0.18435'>0.184</span>", "<span data-toggle='tooltip' data-placement='right' title='原始值：11.40878'>11.41</span>", "*", "*", "正常"], ["江苏省", "太湖流域", "<span data-toggle='tooltip' data-placement='right' title='所在地市:苏州市&#10;所属河流:太湖'>兰山嘴(老)</span>", "09-08 08:00", "Ⅳ", "<span data-toggle='tooltip' data-placement='right' title='原始值：27.9474'>27.9</span>", "<span data-toggle='tooltip' data-placement='right' title='原始值：7.63369'>7.63</span>", "<span data-toggle='tooltip' data-placement='right' title='原始值：3.43'>3.43</span>", "<span data-toggle='tooltip' data-placement='right' title='原始值：332.3315'>332.3</span>", "<span data-toggle='tooltip' data-placement='right' title='原始值：40.06438'>40.1</span>", "<span data-toggle='tooltip' data-placement='right' title='原始值：4.74'>4.74</span>", "<span data-toggle='tooltip' data-placement='right' title='原始值：0.4'>0.400</span>", "<span data-toggle='tooltip' data-placement='right' title='原始值：0.14257'>0.143</span>", "<span data-toggle='tooltip' data-placement='right' title='原始值：1.88609'>1.89</span>", "*", "*", "正常"], ["江苏省", "太湖流域", "<span data-toggle='tooltip' data-placement='right' title='所在地市:苏州市&#10;所属河流:太湖'>西山</span>", "09-08 08:00", "Ⅲ", "<span data-toggle='tooltip' data-placement='right' title='原始值：28.79337'>28.8</span>", "<span data-toggle='tooltip' data-placement='right' title='原始值：7.65496'>7.65</span>", "<span data-toggle='tooltip' data-placement='right' title='原始值：7.32051'>7.32</span>", "<span data-toggle='tooltip' data-placement='right' title='原始值：382.9991'>383.0</span>", "<span data-toggle='tooltip' data-placement='right' title='原始值：66.13918'>66.1</span>", "<span data-toggle='tooltip' data-placement='right' title='原始值：2.03'>2.03</span>", "<span data-toggle='tooltip' data-placement='right' title='原始值：0.09'>0.090</span>", "<span data-toggle='tooltip' data-placement='right' title='原始值：0.0427'>0.043</span>", "<span data-toggle='tooltip' data-placement='right' title='原始值：0.4627'>0.46</span>", "*", "*", "正常"], ["江苏省", "淮河流域", "<span data-toggle='tooltip' data-placement='right' title='所在地市:连云港市&#10;所属河流:新沭河'>大兴桥</span>", null, "", "--", "--", "--", "--", "--", "--", "--", "--", "--", "*", "*", "停站"], ["江苏省", "淮河流域", "<span data-toggle='tooltip' data-placement='right' title='所在地市:淮安市&#10;所属河流:淮河'>淮河大桥</span>", "09-08 08:00", "Ⅲ", "<span data-toggle='tooltip' data-placement='right' title='原始值：29.26246'>29.3</span>", "<span data-toggle='tooltip' data-placement='right' title='原始值：8.09382'>8.09</span>", "<span data-toggle='tooltip' data-placement='right' title='原始值：6.24669'>6.25</span>", "<span data-toggle='tooltip' data-placement='right' title='原始值：357.2159'>357.2</span>", "<span data-toggle='tooltip' data-placement='right' title='原始值：62.84844'>62.8</span>", "<span data-toggle='tooltip' data-placement='right' title='原始值：5.9'>5.90</span>", "<span data-toggle='tooltip' data-placement='right' title='原始值：0.15'>0.150</span>", "<span data-toggle='tooltip' data-placement='right' title='原始值：0.0574'>0.057</span>", "<span data-toggle='tooltip' data-placement='right' title='原始值：2.612'>2.61</span>", "*", "*", "正常"], ["江苏省", "长江流域", "<span data-toggle='tooltip' data-placement='right' title='所在地市:扬州市&#10;所属河流:夹江'>三江营</span>", "09-08 08:00", "Ⅲ", "<span data-toggle='tooltip' data-placement='right' title='原始值：28.77'>28.8</span>", "<span data-toggle='tooltip' data-placement='right' title='原始值：7.77'>7.77</span>", "<span data-toggle='tooltip' data-placement='right' title='原始值：5.57'>5.57</span>", "<span data-toggle='tooltip' data-placement='right' title='原始值：310.27'>310.3</span>", "<span data-toggle='tooltip' data-placement='right' title='原始值：153.81'>153.8</span>", "<span data-toggle='tooltip' data-placement='right' title='原始值：3.034'>3.03</span>", "<span data-toggle='tooltip' data-placement='right' title='原始值：0.119'>0.119</span>", "<span data-toggle='tooltip' data-placement='right' title='原始值：0.133'>0.133</span>", "<span data-toggle='tooltip' data-placement='right' title='原始值：2.42'>2.42</span>", "*", "*", "正常"], ["江苏省", "淮河流域", "<span data-toggle='tooltip' data-placement='right' title='所在地市:宿迁市&#10;所属河流:新濉河'>大屈</span>", "09-08 08:00", "Ⅳ", "<span data-toggle='tooltip' data-placement='right' title='原始值：27.2'>27.2</span>", "<span data-toggle='tooltip' data-placement='right' title='原始值：7.86'>7.86</span>", "<span data-toggle='tooltip' data-placement='right' title='原始值：6.91'>6.91</span>", "<span data-toggle='tooltip' data-placement='right' title='原始值：736'>736.0</span>", "<span data-toggle='tooltip' data-placement='right' title='原始值：87.46'>87.5</span>", "<span data-toggle='tooltip' data-placement='right' title='原始值：5.32'>5.32</span>", "<span data-toggle='tooltip' data-placement='right' title='原始值：0.15'>0.150</span>", "<span data-toggle='tooltip' data-placement='right' title='原始值：0.254'>0.254</span>", "<span data-toggle='tooltip' data-placement='right' title='原始值：1.841'>1.84</span>", "*", "*", "正常"], ["浙江省", "浙闽片河流", "<span data-toggle='tooltip' data-placement='right' title='所在地市:杭州市&#10;所属河流:新安江'>街口(鸠坑口)</span>", "09-08 08:00", "Ⅰ", "<span data-toggle='tooltip' data-placement='right' title='原始值：25.14'>25.1</span>", "<span data-toggle='tooltip' data-placement='right' title='原始值：8.28'>8.28</span>", "<span data-toggle='tooltip' data-placement='right' title='原始值：8.38'>8.38</span>", "<span data-toggle='tooltip' data-placement='right' title='原始值：152.95'>153.0</span>", "<span data-toggle='tooltip' data-placement='right' title='原始值：32.14'>32.1</span>", "<span data-toggle='tooltip' data-placement='right' title='原始值：1.489'>1.49</span>", "<span data-toggle='tooltip' data-placement='right' title='原始值：0.004'>0.004</span>", "<span data-toggle='tooltip' data-placement='right' title='原始值：0.019'>0.019</span>", "<span data-toggle='tooltip' data-placement='right' title='原始值：0.78'>0.78</span>", "*", "*", "正常"], ["浙江省", "太湖流域", "<span data-toggle='tooltip' data-placement='right' title='所在地市:嘉兴市&#10;所属河流:斜路港河'>斜路港</span>", "09-08 08:00", "Ⅳ", "<span data-toggle='tooltip' data-placement='right' title='原始值：28.7'>28.7</span>", "<span data-toggle='tooltip' data-placement='right' title='原始值：7.33'>7.33</span>", "<span data-toggle='tooltip' data-placement='right' title='原始值：3.39'>3.39</span>", "<span data-toggle='tooltip' data-placement='right' title='原始值：471'>471.0</span>", "<span data-toggle='tooltip' data-placement='right' title='原始值：317.4'>317.4</span>", "<span data-toggle='tooltip' data-placement='right' title='原始值：3.39'>3.39</span>", "<span data-toggle='tooltip' data-placement='right' title='原始值：0.12281'>0.123</span>", "<span data-toggle='tooltip' data-placement='right' title='原始值：0.07729'>0.077</span>", "<span data-toggle='tooltip' data-placement='right' title='原始值：0.82551'>0.83</span>", "*", "*", "正常"], ["浙江省", "太湖流域", "<span data-toggle='tooltip' data-placement='right' title='所在地市:嘉兴市&#10;所属河流:京杭运河'>王江泾</span>", "09-08 08:00", "Ⅲ", "<span data-toggle='tooltip' data-placement='right' title='原始值：28.9'>28.9</span>", "<span data-toggle='tooltip' data-placement='right' title='原始值：7.25'>7.25</span>", "<span data-toggle='tooltip' data-placement='right' title='原始值：6.12'>6.12</span>", "<span data-toggle='tooltip' data-placement='right' title='原始值：448.59'>448.6</span>", "<span data-toggle='tooltip' data-placement='right' title='原始值：67.45'>67.4</span>", "<span data-toggle='tooltip' data-placement='right' title='原始值：4.346'>4.35</span>", "<span data-toggle='tooltip' data-placement='right' title='原始值：0.094'>0.094</span>", "<span data-toggle='tooltip' data-placement='right' title='原始值：0.085'>0.085</span>", "<span data-toggle='tooltip' data-placement='right' title='原始值：1.086'>1.09</span>", "*", "*", "正常"], ["浙江省", "太湖流域", "<span data-toggle='tooltip' data-placement='right' title='所在地市:湖州市&#10;所属河流:西苕溪'>新港口(新塘港)</span>", "09-08 08:00", "Ⅲ", "<span data-toggle='tooltip' data-placement='right' title='原始值：28.3405'>28.3</span>", "<span data-toggle='tooltip' data-placement='right' title='原始值：8.78302'>8.78</span>", "<span data-toggle='tooltip' data-placement='right' title='原始值：8.20665'>8.21</span>", "<span data-toggle='tooltip' data-placement='right' title='原始值：311.964'>312.0</span>", "<span data-toggle='tooltip' data-placement='right' title='原始值：107.48'>107.5</span>", "<span data-toggle='tooltip' data-placement='right' title='原始值：5.55982'>5.56</span>", "<span data-toggle='tooltip' data-placement='right' title='原始值：0.15473'>0.155</span>", "<span data-toggle='tooltip' data-placement='right' title='原始值：0.06667'>0.067</span>", "<span data-toggle='tooltip' data-placement='right' title='原始值：4.00397'>4.00</span>", "*", "*", "正常"], ["安徽省", "巢湖流域", "<span data-toggle='tooltip' data-placement='right' title='所在地市:合肥市&#10;所属河流:巢湖'>湖滨(老)</span>", "09-08 08:00", "Ⅴ", "<span data-toggle='tooltip' data-placement='right' title='原始值：29.91034'>29.9</span>", "<span data-toggle='tooltip' data-placement='right' title='原始值：8.05265'>8.05</span>", "<span data-toggle='tooltip' data-placement='right' title='原始值：10.89458'>10.89</span>", "<span data-toggle='tooltip' data-placement='right' title='原始值：256.5831'>256.6</span>", "<span data-toggle='tooltip' data-placement='right' title='原始值：100.0742'>100.1</span>", "<span data-toggle='tooltip' data-placement='right' title='原始值：7.3'>7.30</span>", "<span data-toggle='tooltip' data-placement='right' title='原始值：0.25'>0.250</span>", "<span data-toggle='tooltip' data-placement='right' title='原始值：0.1125'>0.112</span>", "<span data-toggle='tooltip' data-placement='right' title='原始值：1.533'>1.53</span>", "<span data-toggle='tooltip' data-placement='right' title='原始值：0.03488'>0.035</span>", "*", "正常"], ["安徽省", "巢湖流域", "<span data-toggle='tooltip' data-placement='right' title='所在地市:芜湖市&#10;所属河流:巢湖'>裕溪口(老)</span>", "09-08 08:00", "Ⅳ", "<span data-toggle='tooltip' data-placement='right' title='原始值：27.82983'>27.8</span>", "<span data-toggle='tooltip' data-placement='right' title='原始值：7.65598'>7.66</span>", "<span data-toggle='tooltip' data-placement='right' title='原始值：5.95601'>5.96</span>", "<span data-toggle='tooltip' data-placement='right' title='原始值：284.6793'>284.7</span>", "<span data-toggle='tooltip' data-placement='right' title='原始值：73.46639'>73.5</span>", "<span data-toggle='tooltip' data-placement='right' title='原始值：4.86'>4.86</span>", "<span data-toggle='tooltip' data-placement='right' title='原始值：0.08'>0.080</span>", "<span data-toggle='tooltip' data-placement='right' title='原始值：0.0796'>0.080</span>", "<span data-toggle='tooltip' data-placement='right' title='原始值：1.61'>1.61</span>", "*", "*", "正常"], ["安徽省", "淮河流域", "<span data-toggle='tooltip' data-placement='right' title='所在地市:蚌埠市&#10;所属河流:淮河'>蚌埠闸上(蚌埠闸)</span>", null, "", "--", "--", "--", "--", "--", "--", "--", "--", "--", "*", "*", "停站"], ["安徽省", "淮河流域", "<span data-toggle='tooltip' data-placement='right' title='所在地市:淮南市&#10;所属河流:淮河'>石头埠(老)</span>", "09-08 08:00", "Ⅳ", "<span data-toggle='tooltip' data-placement='right' title='原始值：25.05877'>25.1</span>", "<span data-toggle='tooltip' data-placement='right' title='原始值：7.28811'>7.29</span>", "<span data-toggle='tooltip' data-placement='right' title='原始值：9.00755'>9.01</span>", "<span data-toggle='tooltip' data-placement='right' title='原始值：322.4216'>322.4</span>", "<span data-toggle='tooltip' data-placement='right' title='原始值：11.36694'>11.4</span>", "<span data-toggle='tooltip' data-placement='right' title='原始值：6.7'>6.70</span>", "<span data-toggle='tooltip' data-placement='right' title='原始值：0.12'>0.120</span>", "*", "*", "*", "*", "正常"], ["安徽省", "淮河流域", "<span data-toggle='tooltip' data-placement='right' title='所在地市:淮北市&#10;所属河流:沱河'>小王桥</span>", "09-08 08:00", "劣Ⅴ", "<span data-toggle='tooltip' data-placement='right' title='原始值：30.25'>30.2</span>", "<span data-toggle='tooltip' data-placement='right' title='原始值：8.28'>8.28</span>", "<span data-toggle='tooltip' data-placement='right' title='原始值：9.72'>9.72</span>", "<span data-toggle='tooltip' data-placement='right' title='原始值：1112.8'>1112.8</span>", "<span data-toggle='tooltip' data-placement='right' title='原始值：7.32'>7.3</span>", "<span data-toggle='tooltip' data-placement='right' title='原始值：9.263'>9.26</span>", "<span data-toggle='tooltip' data-placement='right' title='原始值：0.018'>0.018</span>", "<span data-toggle='tooltip' data-placement='right' title='原始值：0.433'>0.433</span>", "<span data-toggle='tooltip' data-placement='right' title='原始值：1.487'>1.49</span>", "*", "*", "正常"], ["安徽省", "长江流域", "<span data-toggle='tooltip' data-placement='right' title='所在地市:安庆市&#10;所属河流:长江'>皖河口</span>", "09-08 08:00", "Ⅱ", "<span data-toggle='tooltip' data-placement='right' title='原始值：27.44'>27.4</span>", "<span data-toggle='tooltip' data-placement='right' title='原始值：7.352'>7.35</span>", "<span data-toggle='tooltip' data-placement='right' title='原始值：6.02'>6.02</span>", "<span data-toggle='tooltip' data-placement='right' title='原始值：254.43'>254.4</span>", "<span data-toggle='tooltip' data-placement='right' title='原始值：177.18'>177.2</span>", "<span data-toggle='tooltip' data-placement='right' title='原始值：2.59'>2.59</span>", "<span data-toggle='tooltip' data-placement='right' title='原始值：0.161'>0.161</span>", "<span data-toggle='tooltip' data-placement='right' title='原始值：0.0853'>0.085</span>", "<span data-toggle='tooltip' data-placement='right' title='原始值：3.142'>3.14</span>", "*", "*", "正常"], ["安徽省", "淮河流域", "<span data-toggle='tooltip' data-placement='right' title='所在地市:滁州市&#10;所属河流:淮河'>小柳巷</span>", "09-08 08:00", "Ⅲ", "<span data-toggle='tooltip' data-placement='right' title='原始值：29.1'>29.1</span>", "<span data-toggle='tooltip' data-placement='right' title='原始值：7.33'>7.33</span>", "<span data-toggle='tooltip' data-placement='right' title='原始值：6.17'>6.17</span>", "<span data-toggle='tooltip' data-placement='right' title='原始值：394.4'>394.4</span>", "<span data-toggle='tooltip' data-placement='right' title='原始值：103.42'>103.4</span>", "<span data-toggle='tooltip' data-placement='right' title='原始值：5.04'>5.04</span>", "<span data-toggle='tooltip' data-placement='right' title='原始值：0.04'>0.040</span>", "<span data-toggle='tooltip' data-placement='right' title='原始值：0.114'>0.114</span>", "<span data-toggle='tooltip' data-placement='right' title='原始值：0.909'>0.91</span>", "*", "*", "正常"], ["安徽省", "淮河流域", "<span data-toggle='tooltip' data-placement='right' title='所在地市:阜阳市&#10;所属河流:黑茨河'>张大桥</span>", null, "", "--", "--", "--", "--", "--", "--", "--", "--", "--", "*", "*", "停站"], ["安徽省", "淮河流域", "<span data-toggle='tooltip' data-placement='right' title='所在地市:阜阳市&#10;所属河流:淮河'>王家坝</span>", "09-08 08:00", "Ⅳ", "<span data-toggle='tooltip' data-placement='right' title='原始值：28.75968'>28.8</span>", "<span data-toggle='tooltip' data-placement='right' title='原始值：8.11301'>8.11</span>", "<span data-toggle='tooltip' data-placement='right' title='原始值：5.52377'>5.52</span>", "<span data-toggle='tooltip' data-placement='right' title='原始值：937.1661'>937.2</span>", "<span data-toggle='tooltip' data-placement='right' title='原始值：24.55834'>24.6</span>", "<span data-toggle='tooltip' data-placement='right' title='原始值：3.54'>3.54</span>", "<span data-toggle='tooltip' data-placement='right' title='原始值：0.173'>0.173</span>", "<span data-toggle='tooltip' data-placement='right' title='原始值：0.22272'>0.223</span>", "<span data-toggle='tooltip' data-placement='right' title='原始值：1.78928'>1.79</span>", "*", "*", "正常"], ["安徽省", "淮河流域", "<span data-toggle='tooltip' data-placement='right' title='所在地市:阜阳市&#10;所属河流:颍河'>界首七渡口(七渡口)</span>", "09-08 08:00", "", "<span data-toggle='tooltip' data-placement='right' title='原始值：27.32843'>27.3</span>", "<span data-toggle='tooltip' data-placement='right' title='原始值：8.10351'>8.10</span>", "<span data-toggle='tooltip' data-placement='right' title='原始值：4.17564'>4.18</span>", "<span data-toggle='tooltip' data-placement='right' title='原始值：789.0013'>789.0</span>", "<span data-toggle='tooltip' data-placement='right' title='原始值：20.5172'>20.5</span>", "<span data-toggle='tooltip' data-placement='right' title='原始值：3.37'>3.37</span>", "<span data-toggle='tooltip' data-placement='right' title='原始值：0.33'>0.330</span>", "<span data-toggle='tooltip' data-placement='right' title='极值过滤'>--</span>", "<span data-toggle='tooltip' data-placement='right' title='原始值：2.16158'>2.16</span>", "*", "*", "维护"], ["安徽省", "淮河流域", "<span data-toggle='tooltip' data-placement='right' title='所在地市:阜阳市&#10;所属河流:泉河'>许庄(徐庄)</span>", "09-08 08:00", "", "<span data-toggle='tooltip' data-placement='right' title='原始值：26.4'>26.4</span>", "<span data-toggle='tooltip' data-placement='right' title='原始值：7.55'>7.55</span>", "<span data-toggle='tooltip' data-placement='right' title='原始值：5.4'>5.40</span>", "<span data-toggle='tooltip' data-placement='right' title='原始值：880.8'>880.8</span>", "<span data-toggle='tooltip' data-placement='right' title='原始值：37.62'>37.6</span>", "<span data-toggle='tooltip' data-placement='right' title='原始值：3.37'>3.37</span>", "<span data-toggle='tooltip' data-placement='right' title='极值过滤'>--</span>", "<span data-toggle='tooltip' data-placement='right' title='原始值：0.109'>0.109</span>", "<span data-toggle='tooltip' data-placement='right' title='原始值：1.774'>1.77</span>", "*", "*", "维护"], ["安徽省", "淮河流域", "<span data-toggle='tooltip' data-placement='right' title='所在地市:宿州市&#10;所属河流:奎河'>杨庄</span>", "09-08 08:00", "Ⅳ", "<span data-toggle='tooltip' data-placement='right' title='原始值：27.66'>27.7</span>", "<span data-toggle='tooltip' data-placement='right' title='原始值：7.6'>7.60</span>", "<span data-toggle='tooltip' data-placement='right' title='原始值：3.89'>3.89</span>", "<span data-toggle='tooltip' data-placement='right' title='原始值：893.3'>893.3</span>", "<span data-toggle='tooltip' data-placement='right' title='原始值：264.56'>264.6</span>", "<span data-toggle='tooltip' data-placement='right' title='原始值：5.63'>5.63</span>", "<span data-toggle='tooltip' data-placement='right' title='原始值：0.446'>0.446</span>", "*", "*", "*", "*", "正常"], ["安徽省", "淮河流域", "<span data-toggle='tooltip' data-placement='right' title='所在地市:宿州市&#10;所属河流:新汴河'>泗县公路桥</span>", "09-08 08:00", "Ⅲ", "<span data-toggle='tooltip' data-placement='right' title='原始值：28.79'>28.8</span>", "<span data-toggle='tooltip' data-placement='right' title='原始值：8.48'>8.48</span>", "<span data-toggle='tooltip' data-placement='right' title='原始值：8.26'>8.26</span>", "<span data-toggle='tooltip' data-placement='right' title='原始值：944.9'>944.9</span>", "<span data-toggle='tooltip' data-placement='right' title='原始值：29.1'>29.1</span>", "<span data-toggle='tooltip' data-placement='right' title='原始值：5.36'>5.36</span>", "<span data-toggle='tooltip' data-placement='right' title='原始值：0.062'>0.062</span>", "*", "*", "*", "*", "正常"], ["安徽省", "淮河流域", "<span data-toggle='tooltip' data-placement='right' title='所在地市:亳州市&#10;所属河流:包河'>颜集</span>", "09-08 08:00", "Ⅳ", "<span data-toggle='tooltip' data-placement='right' title='原始值：25.6'>25.6</span>", "<span data-toggle='tooltip' data-placement='right' title='原始值：7.5'>7.50</span>", "<span data-toggle='tooltip' data-placement='right' title='原始值：5.67'>5.67</span>", "<span data-toggle='tooltip' data-placement='right' title='原始值：1565.5'>1565.5</span>", "<span data-toggle='tooltip' data-placement='right' title='原始值：383.17'>383.2</span>", "<span data-toggle='tooltip' data-placement='right' title='原始值：5.82'>5.82</span>", "<span data-toggle='tooltip' data-placement='right' title='原始值：0.05'>0.050</span>", "<span data-toggle='tooltip' data-placement='right' title='原始值：0.299'>0.299</span>", "<span data-toggle='tooltip' data-placement='right' title='原始值：1.1'>1.10</span>", "*", "*", "正常"], ["福建省", "浙闽片河流", "<span data-toggle='tooltip' data-placement='right' title='所在地市:福州市&#10;所属河流:闽江'>白岩潭</span>", null, "", "--", "--", "--", "--", "--", "--", "--", "--", "--", "*", "*", "停站"], ["江西省", "长江流域", "<span data-toggle='tooltip' data-placement='right' title='所在地市:南昌市&#10;所属河流:赣江南支'>滁槎</span>", "09-08 08:00", "Ⅲ", "<span data-toggle='tooltip' data-placement='right' title='原始值：30.81044'>30.8</span>", "<span data-toggle='tooltip' data-placement='right' title='原始值：7.52869'>7.53</span>", "<span data-toggle='tooltip' data-placement='right' title='原始值：5.5778'>5.58</span>", "<span data-toggle='tooltip' data-placement='right' title='原始值：153.9745'>154.0</span>", "<span data-toggle='tooltip' data-placement='right' title='原始值：24.21419'>24.2</span>", "<span data-toggle='tooltip' data-placement='right' title='原始值：2.63'>2.63</span>", "<span data-toggle='tooltip' data-placement='right' title='原始值：0.03'>0.030</span>", "<span data-toggle='tooltip' data-placement='right' title='原始值：0.085'>0.085</span>", "<span data-toggle='tooltip' data-placement='right' title='原始值：1.42313'>1.42</span>", "*", "*", "正常"], ["江西省", "长江流域", "<span data-toggle='tooltip' data-placement='right' title='所在地市:九江市&#10;所属河流:长江'>姚港(河西水厂)</span>", null, "", "--", "--", "--", "--", "--", "--", "--", "--", "--", "*", "*", "停站"], ["江西省", "长江流域", "<span data-toggle='tooltip' data-placement='right' title='所在地市:九江市&#10;所属河流:鄱阳湖'>蛤蟆石</span>", "09-08 08:00", "", "<span data-toggle='tooltip' data-placement='right' title='原始值：30.11'>30.1</span>", "<span data-toggle='tooltip' data-placement='right' title='原始值：6.67'>6.67</span>", "<span data-toggle='tooltip' data-placement='right' title='原始值：5.14'>5.14</span>", "<span data-toggle='tooltip' data-placement='right' title='原始值：97.3'>97.3</span>", "<span data-toggle='tooltip' data-placement='right' title='原始值：86.4'>86.4</span>", "<span data-toggle='tooltip' data-placement='right' title='原始值：2.017'>2.02</span>", "<span data-toggle='tooltip' data-placement='right' title='极值过滤'>--</span>", "<span data-toggle='tooltip' data-placement='right' title='原始值：0.0369'>0.037</span>", "<span data-toggle='tooltip' data-placement='right' title='原始值：0.681'>0.68</span>", "<span data-toggle='tooltip' data-placement='right' title='原始值：0.00361'>0.004</span>", "<span data-toggle='tooltip' data-placement='right' title='原始值：1791259'>1791259</span>", "维护"], ["山东省", "黄河流域", "<span data-toggle='tooltip' data-placement='right' title='所在地市:济南市&#10;所属河流:黄河'>泺口</span>", "09-08 08:00", "Ⅱ", "<span data-toggle='tooltip' data-placement='right' title='原始值：25.3143'>25.3</span>", "<span data-toggle='tooltip' data-placement='right' title='原始值：7.88848'>7.89</span>", "<span data-toggle='tooltip' data-placement='right' title='原始值：7.42494'>7.42</span>", "<span data-toggle='tooltip' data-placement='right' title='原始值：670.155'>670.2</span>", "<span data-toggle='tooltip' data-placement='right' title='原始值：2680.49'>2680.5</span>", "<span data-toggle='tooltip' data-placement='right' title='原始值：2.38'>2.38</span>", "<span data-toggle='tooltip' data-placement='right' title='原始值：0.21058'>0.211</span>", "<span data-toggle='tooltip' data-placement='right' title='原始值：0.01516'>0.015</span>", "<span data-toggle='tooltip' data-placement='right' title='原始值：3.646'>3.65</span>", "*", "*", "正常"], ["山东省", "淮河流域", "<span data-toggle='tooltip' data-placement='right' title='所在地市:枣庄市&#10;所属河流:京杭大运河（韩庄运河）'>台儿庄大桥</span>", "09-08 08:00", "Ⅴ", "<span data-toggle='tooltip' data-placement='right' title='原始值：28.29998'>28.3</span>", "<span data-toggle='tooltip' data-placement='right' title='原始值：7.55287'>7.55</span>", "<span data-toggle='tooltip' data-placement='right' title='原始值：5.20795'>5.21</span>", "<span data-toggle='tooltip' data-placement='right' title='原始值：863.7021'>863.7</span>", "<span data-toggle='tooltip' data-placement='right' title='原始值：29.62682'>29.6</span>", "<span data-toggle='tooltip' data-placement='right' title='原始值：4.20237'>4.20</span>", "<span data-toggle='tooltip' data-placement='right' title='原始值：1.85375'>1.854</span>", "<span data-toggle='tooltip' data-placement='right' title='原始值：0.07269'>0.073</span>", "<span data-toggle='tooltip' data-placement='right' title='原始值：1.91589'>1.92</span>", "*", "*", "正常"], ["山东省", "淮河流域", "<span data-toggle='tooltip' data-placement='right' title='所在地市:临沂市&#10;所属河流:沭河'>清泉寺</span>", null, "", "--", "--", "--", "--", "--", "--", "--", "--", "--", "*", "*", "停站"], ["山东省", "淮河流域", "<span data-toggle='tooltip' data-placement='right' title='所在地市:临沂市&#10;所属河流:沂河'>重坊桥</span>", null, "", "--", "--", "--", "--", "--", "--", "--", "--", "--", "*", "*", "停站"], ["山东省", "淮河流域", "<span data-toggle='tooltip' data-placement='right' title='所在地市:临沂市&#10;所属河流:白马河'>捷庄(涝沟桥)</span>", "09-08 08:00", "Ⅲ", "<span data-toggle='tooltip' data-placement='right' title='原始值：27.7'>27.7</span>", "<span data-toggle='tooltip' data-placement='right' title='原始值：7.51'>7.51</span>", "<span data-toggle='tooltip' data-placement='right' title='原始值：14.84939'>14.85</span>", "<span data-toggle='tooltip' data-placement='right' title='原始值：702.9688'>703.0</span>", "<span data-toggle='tooltip' data-placement='right' title='原始值：48.36835'>48.4</span>", "<span data-toggle='tooltip' data-placement='right' title='原始值：4.6'>4.60</span>", "<span data-toggle='tooltip' data-placement='right' title='原始值：0.10111'>0.101</span>", "<span data-toggle='tooltip' data-placement='right' title='原始值：0.10904'>0.109</span>", "<span data-toggle='tooltip' data-placement='right' title='原始值：5.43548'>5.44</span>", "*", "*", "正常"], ["山东省", "海河流域", "<span data-toggle='tooltip' data-placement='right' title='所在地市:聊城市&#10;所属河流:卫运河'>秤勾湾(秤钩湾)</span>", null, "", "--", "--", "--", "--", "--", "--", "--", "--", "--", "*", "*", "停站"], ["河南省", "长江流域", "<span data-toggle='tooltip' data-placement='right' title='所在地市:南阳市&#10;所属河流:丹江口水库'>陶岔</span>", "09-08 08:00", "Ⅱ", "<span data-toggle='tooltip' data-placement='right' title='原始值：28.27'>28.3</span>", "<span data-toggle='tooltip' data-placement='right' title='原始值：7.98569'>7.99</span>", "<span data-toggle='tooltip' data-placement='right' title='原始值：7.94147'>7.94</span>", "<span data-toggle='tooltip' data-placement='right' title='原始值：293.8034'>293.8</span>", "<span data-toggle='tooltip' data-placement='right' title='原始值：2.13884'>2.1</span>", "<span data-toggle='tooltip' data-placement='right' title='原始值：2.81'>2.81</span>", "<span data-toggle='tooltip' data-placement='right' title='原始值：0.02889'>0.029</span>", "<span data-toggle='tooltip' data-placement='right' title='原始值：0.01502'>0.015</span>", "<span data-toggle='tooltip' data-placement='right' title='原始值：0.67301'>0.67</span>", "<span data-toggle='tooltip' data-placement='right' title='原始值：0.00529'>0.005</span>", "<span data-toggle='tooltip' data-placement='right' title='原始值：150124.6'>150125</span>", "正常"], ["河南省", "淮河流域", "<span data-toggle='tooltip' data-placement='right' title='所在地市:商丘市&#10;所属河流:浍河'>黄口</span>", "09-08 08:00", "Ⅲ", "<span data-toggle='tooltip' data-placement='right' title='原始值：23.7'>23.7</span>", "<span data-toggle='tooltip' data-placement='right' title='原始值：7.1'>7.10</span>", "<span data-toggle='tooltip' data-placement='right' title='原始值：6.06008'>6.06</span>", "<span data-toggle='tooltip' data-placement='right' title='原始值：1510.75'>1510.8</span>", "<span data-toggle='tooltip' data-placement='right' title='原始值：88.30824'>88.3</span>", "<span data-toggle='tooltip' data-placement='right' title='原始值：4.52'>4.52</span>", "<span data-toggle='tooltip' data-placement='right' title='原始值：0.10953'>0.110</span>", "<span data-toggle='tooltip' data-placement='right' title='原始值：0.1648'>0.165</span>", "<span data-toggle='tooltip' data-placement='right' title='原始值：6.61325'>6.61</span>", "*", "*", "正常"], ["河南省", "淮河流域", "<span data-toggle='tooltip' data-placement='right' title='所在地市:信阳市&#10;所属河流:史灌河'>蒋集</span>", "09-08 08:00", "Ⅳ", "<span data-toggle='tooltip' data-placement='right' title='原始值：30.1062'>30.1</span>", "<span data-toggle='tooltip' data-placement='right' title='原始值：6.95845'>6.96</span>", "<span data-toggle='tooltip' data-placement='right' title='原始值：4.815'>4.82</span>", "<span data-toggle='tooltip' data-placement='right' title='原始值：189.5549'>189.6</span>", "<span data-toggle='tooltip' data-placement='right' title='原始值：310.3448'>310.3</span>", "<span data-toggle='tooltip' data-placement='right' title='原始值：3.12'>3.12</span>", "<span data-toggle='tooltip' data-placement='right' title='原始值：0.02631'>0.026</span>", "*", "*", "*", "*", "正常"], ["河南省", "淮河流域", "<span data-toggle='tooltip' data-placement='right' title='所在地市:信阳市&#10;所属河流:淮河'>淮滨水文站(淮滨)</span>", "09-08 08:00", "Ⅲ", "<span data-toggle='tooltip' data-placement='right' title='原始值：27.7'>27.7</span>", "<span data-toggle='tooltip' data-placement='right' title='原始值：7.425'>7.42</span>", "<span data-toggle='tooltip' data-placement='right' title='原始值：7.39468'>7.39</span>", "<span data-toggle='tooltip' data-placement='right' title='原始值：242.9846'>243.0</span>", "<span data-toggle='tooltip' data-placement='right' title='原始值：416.2214'>416.2</span>", "<span data-toggle='tooltip' data-placement='right' title='原始值：2.99191'>2.99</span>", "<span data-toggle='tooltip' data-placement='right' title='原始值：0.10276'>0.103</span>", "<span data-toggle='tooltip' data-placement='right' title='原始值：0.12142'>0.121</span>", "<span data-toggle='tooltip' data-placement='right' title='原始值：1.33896'>1.34</span>", "*", "*", "正常"], ["河南省", "淮河流域", "<span data-toggle='tooltip' data-placement='right' title='所在地市:周口市&#10;所属河流:沙河'>沈丘闸</span>", "09-08 08:00", "Ⅲ", "<span data-toggle='tooltip' data-placement='right' title='原始值：27.78211'>27.8</span>", "<span data-toggle='tooltip' data-placement='right' title='原始值：7.51015'>7.51</span>", "<span data-toggle='tooltip' data-placement='right' title='原始值：7.0537'>7.05</span>", "<span data-toggle='tooltip' data-placement='right' title='原始值：956.4324'>956.4</span>", "<span data-toggle='tooltip' data-placement='right' title='原始值：12.41288'>12.4</span>", "<span data-toggle='tooltip' data-placement='right' title='原始值：4.305'>4.30</span>", "<span data-toggle='tooltip' data-placement='right' title='原始值：0.09'>0.090</span>", "*", "*", "*", "*", "正常"], ["河南省", "淮河流域", "<span data-toggle='tooltip' data-placement='right' title='所在地市:周口市&#10;所属河流:涡河'>鹿邑付桥(鹿邑付桥闸)</span>", "09-08 08:00", "Ⅳ", "<span data-toggle='tooltip' data-placement='right' title='原始值：27.41576'>27.4</span>", "<span data-toggle='tooltip' data-placement='right' title='原始值：8.36279'>8.36</span>", "<span data-toggle='tooltip' data-placement='right' title='原始值：10.0117'>10.01</span>", "<span data-toggle='tooltip' data-placement='right' title='原始值：1412.846'>1412.8</span>", "<span data-toggle='tooltip' data-placement='right' title='原始值：9.82236'>9.8</span>", "<span data-toggle='tooltip' data-placement='right' title='原始值：7.54582'>7.55</span>", "<span data-toggle='tooltip' data-placement='right' title='原始值：0.06'>0.060</span>", "<span data-toggle='tooltip' data-placement='right' title='原始值：0.1863'>0.186</span>", "<span data-toggle='tooltip' data-placement='right' title='原始值：1.27625'>1.28</span>", "*", "*", "正常"], ["河南省", "淮河流域", "<span data-toggle='tooltip' data-placement='right' title='所在地市:驻马店市&#10;所属河流:洪河'>新蔡班台(班台)</span>", "09-08 08:00", "Ⅴ", "<span data-toggle='tooltip' data-placement='right' title='原始值：27.10987'>27.1</span>", "<span data-toggle='tooltip' data-placement='right' title='原始值：7.15072'>7.15</span>", "<span data-toggle='tooltip' data-placement='right' title='原始值：5.75832'>5.76</span>", "<span data-toggle='tooltip' data-placement='right' title='原始值：699.0836'>699.1</span>", "<span data-toggle='tooltip' data-placement='right' title='原始值：19.5122'>19.5</span>", "<span data-toggle='tooltip' data-placement='right' title='原始值：3.965'>3.96</span>", "<span data-toggle='tooltip' data-placement='right' title='原始值：0.09'>0.090</span>", "<span data-toggle='tooltip' data-placement='right' title='原始值：0.34332'>0.343</span>", "<span data-toggle='tooltip' data-placement='right' title='原始值：2.76723'>2.77</span>", "*", "*", "正常"], ["河南省", "黄河流域", "<span data-toggle='tooltip' data-placement='right' title='所在地市:济源市&#10;所属河流:黄河'>小浪底水库(小浪底)</span>", null, "", "--", "--", "--", "--", "--", "--", "--", "--", "--", "*", "*", "停站"], ["湖北省", "长江流域", "<span data-toggle='tooltip' data-placement='right' title='所在地市:武汉市&#10;所属河流:汉江'>宗关</span>", null, "", "--", "--", "--", "--", "--", "--", "--", "--", "--", "*", "*", "停站"], ["湖北省", "长江流域", "<span data-toggle='tooltip' data-placement='right' title='所在地市:十堰市&#10;所属河流:丹江口水库'>坝上中(胡家岭)</span>", "09-08 08:00", "劣Ⅴ", "<span data-toggle='tooltip' data-placement='right' title='原始值：28.73'>28.7</span>", "<span data-toggle='tooltip' data-placement='right' title='原始值：9.048519'>9.05</span>", "<span data-toggle='tooltip' data-placement='right' title='原始值：10.35651'>10.36</span>", "<span data-toggle='tooltip' data-placement='right' title='原始值：226.604'>226.6</span>", "<span data-toggle='tooltip' data-placement='right' title='原始值：3.476948'>3.5</span>", "<span data-toggle='tooltip' data-placement='right' title='原始值：3.18'>3.18</span>", "<span data-toggle='tooltip' data-placement='right' title='原始值：0.084'>0.084</span>", "<span data-toggle='tooltip' data-placement='right' title='原始值：0.016'>0.016</span>", "<span data-toggle='tooltip' data-placement='right' title='原始值：1.179'>1.18</span>", "<span data-toggle='tooltip' data-placement='right' title='极值过滤'>--</span>", "<span data-toggle='tooltip' data-placement='right' title='原始值：5.8118E+07'>58118000</span>", "维护"], ["湖北省", "长江流域", "<span data-toggle='tooltip' data-placement='right' title='所在地市:宜昌市&#10;所属河流:长江'>南津关</span>", null, "", "--", "--", "--", "--", "--", "--", "--", "--", "--", "*", "*", "停站"], ["湖南省", "长江流域", "<span data-toggle='tooltip' data-placement='right' title='所在地市:长沙市&#10;所属河流:湘江'>新港</span>", "09-08 08:00", "劣Ⅴ", "<span data-toggle='tooltip' data-placement='right' title='极值过滤'>--</span>", "<span data-toggle='tooltip' data-placement='right' title='原始值：7.26'>7.26</span>", "<span data-toggle='tooltip' data-placement='right' title='原始值：0.6'>0.60</span>", "<span data-toggle='tooltip' data-placement='right' title='极值过滤'>--</span>", "<span data-toggle='tooltip' data-placement='right' title='原始值：36.98'>37.0</span>", "<span data-toggle='tooltip' data-placement='right' title='原始值：1.47'>1.47</span>", "<span data-toggle='tooltip' data-placement='right' title='原始值：0.133'>0.133</span>", "<span data-toggle='tooltip' data-placement='right' title='原始值：0.039'>0.039</span>", "<span data-toggle='tooltip' data-placement='right' title='原始值：1.56'>1.56</span>", "*", "*", "维护"], ["湖南省", "长江流域", "<span data-toggle='tooltip' data-placement='right' title='所在地市:岳阳市&#10;所属河流:洞庭湖'>岳阳楼</span>", "09-08 08:00", "Ⅳ", "<span data-toggle='tooltip' data-placement='right' title='原始值：26.55'>26.6</span>", "<span data-toggle='tooltip' data-placement='right' title='原始值：7.70856'>7.71</span>", "<span data-toggle='tooltip' data-placement='right' title='原始值：4.90903'>4.91</span>", "<span data-toggle='tooltip' data-placement='right' title='原始值：267.195'>267.2</span>", "<span data-toggle='tooltip' data-placement='right' title='原始值：35.71492'>35.7</span>", "<span data-toggle='tooltip' data-placement='right' title='原始值：2.61'>2.61</span>", "<span data-toggle='tooltip' data-placement='right' title='原始值：0.013'>0.013</span>", "<span data-toggle='tooltip' data-placement='right' title='原始值：0.076'>0.076</span>", "<span data-toggle='tooltip' data-placement='right' title='原始值：2.068'>2.07</span>", "<span data-toggle='tooltip' data-placement='right' title='原始值：0.0036875'>0.004</span>", "<span data-toggle='tooltip' data-placement='right' title='原始值：238.594'>239</span>", "正常"], ["湖南省", "长江流域", "<span data-toggle='tooltip' data-placement='right' title='所在地市:岳阳市&#10;所属河流:长江'>城陵矶</span>", "09-08 08:00", "Ⅲ", "<span data-toggle='tooltip' data-placement='right' title='原始值：27.27'>27.3</span>", "<span data-toggle='tooltip' data-placement='right' title='原始值：7.709189'>7.71</span>", "<span data-toggle='tooltip' data-placement='right' title='原始值：7.44672'>7.45</span>", "<span data-toggle='tooltip' data-placement='right' title='原始值：301.594'>301.6</span>", "<span data-toggle='tooltip' data-placement='right' title='原始值：127.932'>127.9</span>", "<span data-toggle='tooltip' data-placement='right' title='原始值：2.83'>2.83</span>", "<span data-toggle='tooltip' data-placement='right' title='原始值：0.016'>0.016</span>", "<span data-toggle='tooltip' data-placement='right' title='原始值：0.129'>0.129</span>", "<span data-toggle='tooltip' data-placement='right' title='原始值：1.1777'>1.18</span>", "*", "*", "正常"], ["广东省", "珠江流域", "<span data-toggle='tooltip' data-placement='right' title='所在地市:清远市&#10;所属河流:北江'>七星岗</span>", "09-08 08:00", "Ⅲ", "<span data-toggle='tooltip' data-placement='right' title='原始值：32.88504'>32.9</span>", "<span data-toggle='tooltip' data-placement='right' title='原始值：7.46068'>7.46</span>", "<span data-toggle='tooltip' data-placement='right' title='原始值：5.29325'>5.29</span>", "<span data-toggle='tooltip' data-placement='right' title='原始值：235.2452'>235.2</span>", "<span data-toggle='tooltip' data-placement='right' title='原始值：13.61591'>13.6</span>", "<span data-toggle='tooltip' data-placement='right' title='原始值：2.14'>2.14</span>", "<span data-toggle='tooltip' data-placement='right' title='原始值：0.13024'>0.130</span>", "<span data-toggle='tooltip' data-placement='right' title='原始值：0.01162'>0.012</span>", "<span data-toggle='tooltip' data-placement='right' title='原始值：5.0228'>5.02</span>", "*", "*", "正常"], ["广东省", "珠江流域", "<span data-toggle='tooltip' data-placement='right' title='所在地市:中山市&#10;所属河流:西江'>横栏</span>", "09-08 08:00", "Ⅱ", "<span data-toggle='tooltip' data-placement='right' title='原始值：29.3'>29.3</span>", "<span data-toggle='tooltip' data-placement='right' title='原始值：7.92'>7.92</span>", "<span data-toggle='tooltip' data-placement='right' title='原始值：6.31'>6.31</span>", "<span data-toggle='tooltip' data-placement='right' title='原始值：250'>250.0</span>", "<span data-toggle='tooltip' data-placement='right' title='原始值：22'>22.0</span>", "<span data-toggle='tooltip' data-placement='right' title='原始值：2.85'>2.85</span>", "<span data-toggle='tooltip' data-placement='right' title='原始值：0.13556'>0.136</span>", "*", "*", "*", "*", "正常"], ["广西壮族自治区", "珠江流域", "<span data-toggle='tooltip' data-placement='right' title='所在地市:南宁市&#10;所属河流:邕江'>老口</span>", "09-08 08:00", "Ⅱ", "<span data-toggle='tooltip' data-placement='right' title='原始值：29.53457'>29.5</span>", "<span data-toggle='tooltip' data-placement='right' title='原始值：7.59633'>7.60</span>", "<span data-toggle='tooltip' data-placement='right' title='原始值：6.99125'>6.99</span>", "<span data-toggle='tooltip' data-placement='right' title='原始值：324.8371'>324.8</span>", "<span data-toggle='tooltip' data-placement='right' title='原始值：8.66462'>8.7</span>", "<span data-toggle='tooltip' data-placement='right' title='原始值：2.63658'>2.64</span>", "<span data-toggle='tooltip' data-placement='right' title='原始值：0.10094'>0.101</span>", "<span data-toggle='tooltip' data-placement='right' title='原始值：0.02555'>0.026</span>", "<span data-toggle='tooltip' data-placement='right' title='原始值：1.57967'>1.58</span>", "*", "*", "正常"], ["广西壮族自治区", "珠江流域", "<span data-toggle='tooltip' data-placement='right' title='所在地市:桂林市&#10;所属河流:漓江'>阳朔</span>", null, "", "--", "--", "--", "--", "--", "--", "--", "--", "--", "*", "*", "停站"], ["广西壮族自治区", "珠江流域", "<span data-toggle='tooltip' data-placement='right' title='所在地市:梧州市&#10;所属河流:浔江'>界首</span>", null, "", "--", "--", "--", "--", "--", "--", "--", "--", "--", "*", "*", "停站"], ["广西壮族自治区", "珠江流域", "<span data-toggle='tooltip' data-placement='right' title='所在地市:贵港市&#10;所属河流:浔江'>石嘴</span>", "09-08 08:00", "Ⅱ", "<span data-toggle='tooltip' data-placement='right' title='原始值：29.05288'>29.1</span>", "<span data-toggle='tooltip' data-placement='right' title='原始值：7.19857'>7.20</span>", "<span data-toggle='tooltip' data-placement='right' title='原始值：6.75705'>6.76</span>", "<span data-toggle='tooltip' data-placement='right' title='原始值：283.8637'>283.9</span>", "<span data-toggle='tooltip' data-placement='right' title='原始值：11.45576'>11.5</span>", "<span data-toggle='tooltip' data-placement='right' title='原始值：1.19'>1.19</span>", "<span data-toggle='tooltip' data-placement='right' title='原始值：0.09'>0.090</span>", "<span data-toggle='tooltip' data-placement='right' title='原始值：0.04872'>0.049</span>", "<span data-toggle='tooltip' data-placement='right' title='原始值：1.1961'>1.20</span>", "*", "*", "正常"], ["广西壮族自治区", "珠江流域", "<span data-toggle='tooltip' data-placement='right' title='所在地市:崇左市&#10;所属河流:平而河'>平而关</span>", "09-08 08:00", "Ⅱ", "<span data-toggle='tooltip' data-placement='right' title='原始值：29.47897'>29.5</span>", "<span data-toggle='tooltip' data-placement='right' title='原始值：7.89442'>7.89</span>", "<span data-toggle='tooltip' data-placement='right' title='原始值：6.11056'>6.11</span>", "<span data-toggle='tooltip' data-placement='right' title='原始值：255.8447'>255.8</span>", "<span data-toggle='tooltip' data-placement='right' title='原始值：38.1774'>38.2</span>", "<span data-toggle='tooltip' data-placement='right' title='原始值：1.36'>1.36</span>", "<span data-toggle='tooltip' data-placement='right' title='原始值：0.1'>0.100</span>", "*", "*", "*", "*", "正常"], ["重庆市", "长江流域", "<span data-toggle='tooltip' data-placement='right' title='所在地市:永川区&#10;所属河流:长江'>朱沱</span>", null, "", "--", "--", "--", "--", "--", "--", "--", "--", "--", "*", "*", "停站"], ["四川省", "长江流域", "<span data-toggle='tooltip' data-placement='right' title='所在地市:攀枝花市&#10;所属河流:金沙江'>龙洞</span>", null, "", "--", "--", "--", "--", "--", "--", "--", "--", "--", "*", "*", "停站"], ["四川省", "长江流域", "<span data-toggle='tooltip' data-placement='right' title='所在地市:泸州市&#10;所属河流:沱江'>沱江大桥(沱江二桥)</span>", "09-08 08:00", "Ⅳ", "<span data-toggle='tooltip' data-placement='right' title='原始值：25.99'>26.0</span>", "<span data-toggle='tooltip' data-placement='right' title='原始值：7.842375'>7.84</span>", "<span data-toggle='tooltip' data-placement='right' title='原始值：7.859025'>7.86</span>", "<span data-toggle='tooltip' data-placement='right' title='原始值：321.2821'>321.3</span>", "<span data-toggle='tooltip' data-placement='right' title='原始值：282.7329'>282.7</span>", "<span data-toggle='tooltip' data-placement='right' title='原始值：4.54'>4.54</span>", "<span data-toggle='tooltip' data-placement='right' title='原始值：0.023'>0.023</span>", "<span data-toggle='tooltip' data-placement='right' title='原始值：0.235119'>0.235</span>", "<span data-toggle='tooltip' data-placement='right' title='原始值：3.684529'>3.68</span>", "*", "*", "正常"], ["四川省", "长江流域", "<span data-toggle='tooltip' data-placement='right' title='所在地市:广元市&#10;所属河流:嘉陵江'>清风峡</span>", null, "", "--", "--", "--", "--", "--", "--", "--", "--", "--", "*", "*", "停站"], ["四川省", "长江流域", "<span data-toggle='tooltip' data-placement='right' title='所在地市:乐山市&#10;所属河流:岷江'>岷江大桥</span>", null, "", "--", "--", "--", "--", "--", "--", "--", "--", "--", "*", "*", "停站"], ["四川省", "长江流域", "<span data-toggle='tooltip' data-placement='right' title='所在地市:宜宾市&#10;所属河流:岷江'>凉姜沟</span>", null, "", "--", "--", "--", "--", "--", "--", "--", "--", "--", "*", "*", "停站"], ["云南省", "滇池流域", "<span data-toggle='tooltip' data-placement='right' title='所在地市:昆明市&#10;所属河流:滇池'>西苑隧道</span>", "09-08 08:00", "", "<span data-toggle='tooltip' data-placement='right' title='极值过滤'>--</span>", "<span data-toggle='tooltip' data-placement='right' title='极值过滤'>--</span>", "<span data-toggle='tooltip' data-placement='right' title='原始值：7.00263'>7.00</span>", "<span data-toggle='tooltip' data-placement='right' title='原始值：517.861'>517.9</span>", "<span data-toggle='tooltip' data-placement='right' title='原始值：23.37159'>23.4</span>", "<span data-toggle='tooltip' data-placement='right' title='原始值：12.23999'>12.24</span>", "<span data-toggle='tooltip' data-placement='right' title='原始值：0.45412'>0.454</span>", "<span data-toggle='tooltip' data-placement='right' title='原始值：0.16691'>0.167</span>", "<span data-toggle='tooltip' data-placement='right' title='原始值：3.31612'>3.32</span>", "<span data-toggle='tooltip' data-placement='right' title='原始值：0.0026'>0.003</span>", "<span data-toggle='tooltip' data-placement='right' title='原始值：1.602848E+07'>16028480</span>", "维护"], ["云南省", "滇池流域", "<span data-toggle='tooltip' data-placement='right' title='所在地市:昆明市&#10;所属河流:滇池'>观音山</span>", "09-08 08:00", "Ⅳ", "<span data-toggle='tooltip' data-placement='right' title='原始值：23.57048'>23.6</span>", "<span data-toggle='tooltip' data-placement='right' title='原始值：8.78699'>8.79</span>", "<span data-toggle='tooltip' data-placement='right' title='原始值：6.95224'>6.95</span>", "<span data-toggle='tooltip' data-placement='right' title='原始值：418.2158'>418.2</span>", "<span data-toggle='tooltip' data-placement='right' title='原始值：42.27217'>42.3</span>", "<span data-toggle='tooltip' data-placement='right' title='原始值：8.61154'>8.61</span>", "<span data-toggle='tooltip' data-placement='right' title='原始值：0.52'>0.520</span>", "<span data-toggle='tooltip' data-placement='right' title='原始值：0.0899'>0.090</span>", "<span data-toggle='tooltip' data-placement='right' title='原始值：1.926'>1.93</span>", "<span data-toggle='tooltip' data-placement='right' title='原始值：0.00025'>0.0002</span>", "<span data-toggle='tooltip' data-placement='right' title='原始值：7.636382E+07'>76363820</span>", "正常"], ["云南省", "西南诸河", "<span data-toggle='tooltip' data-placement='right' title='所在地市:红河哈尼族彝族自治州&#10;所属河流:红河'>河口县医院(河口)</span>", "09-08 08:00", "Ⅲ", "<span data-toggle='tooltip' data-placement='right' title='原始值：25.57648'>25.6</span>", "<span data-toggle='tooltip' data-placement='right' title='原始值：7.05306'>7.05</span>", "<span data-toggle='tooltip' data-placement='right' title='原始值：7.48688'>7.49</span>", "<span data-toggle='tooltip' data-placement='right' title='原始值：174.935'>174.9</span>", "<span data-toggle='tooltip' data-placement='right' title='原始值：120.5051'>120.5</span>", "<span data-toggle='tooltip' data-placement='right' title='原始值：2.76342'>2.76</span>", "<span data-toggle='tooltip' data-placement='right' title='原始值：0.11833'>0.118</span>", "<span data-toggle='tooltip' data-placement='right' title='原始值：0.12096'>0.121</span>", "<span data-toggle='tooltip' data-placement='right' title='原始值：1.86141'>1.86</span>", "*", "*", "正常"], ["云南省", "西南诸河", "<span data-toggle='tooltip' data-placement='right' title='所在地市:西双版纳傣族自治州&#10;所属河流:澜沧江'>橄榄坝</span>", "09-08 08:00", "Ⅱ", "<span data-toggle='tooltip' data-placement='right' title='原始值：19.84852'>19.8</span>", "<span data-toggle='tooltip' data-placement='right' title='原始值：7.60066'>7.60</span>", "<span data-toggle='tooltip' data-placement='right' title='原始值：6.71962'>6.72</span>", "<span data-toggle='tooltip' data-placement='right' title='原始值：542.4094'>542.4</span>", "<span data-toggle='tooltip' data-placement='right' title='原始值：18.0101'>18.0</span>", "<span data-toggle='tooltip' data-placement='right' title='原始值：0.72'>0.72</span>", "<span data-toggle='tooltip' data-placement='right' title='原始值：0.08933'>0.089</span>", "*", "*", "*", "*", "正常"], ["陕西省", "黄河流域", "<span data-toggle='tooltip' data-placement='right' title='所在地市:渭南市&#10;所属河流:渭河'>潼关吊桥</span>", null, "", "--", "--", "--", "--", "--", "--", "--", "--", "--", "*", "*", "停站"], ["甘肃省", "黄河流域", "<span data-toggle='tooltip' data-placement='right' title='所在地市:兰州市&#10;所属河流:黄河'>新城桥</span>", null, "", "--", "--", "--", "--", "--", "--", "--", "--", "--", "*", "*", "停站"], ["宁夏回族自治区", "黄河流域", "<span data-toggle='tooltip' data-placement='right' title='所在地市:中卫市&#10;所属河流:黄河'>中卫下河沿(新墩)</span>", "09-08 08:00", "", "<span data-toggle='tooltip' data-placement='right' title='原始值：21.6233'>21.6</span>", "<span data-toggle='tooltip' data-placement='right' title='原始值：7.57867'>7.58</span>", "<span data-toggle='tooltip' data-placement='right' title='原始值：6.29958'>6.30</span>", "<span data-toggle='tooltip' data-placement='right' title='原始值：555.2258'>555.2</span>", "<span data-toggle='tooltip' data-placement='right' title='原始值：38.08837'>38.1</span>", "<span data-toggle='tooltip' data-placement='right' title='极值过滤'>--</span>", "<span data-toggle='tooltip' data-placement='right' title='原始值：0.06'>0.060</span>", "<span data-toggle='tooltip' data-placement='right' title='原始值：0.0144'>0.014</span>", "<span data-toggle='tooltip' data-placement='right' title='原始值：1.3231'>1.32</span>", "*", "*", "维护"]]}