{"result": 1, "total": 1, "records": 98, "thead": ["省份", "流域", "断面名称", "监测时间", "水质类别", "水温<br/><span class='unit'>(℃)</span>", "pH<br/><span class='unit'>(无量纲)</span>", "溶解氧<br/><span class='unit'>(mg/L)</span>", "电导率<br/><span class='unit'>(μS/cm)</span>", "浊度<br/><span class='unit'>(NTU)</span>", "高锰酸盐指数<br/><span class='unit'>(mg/L)</span>", "氨氮<br/><span class='unit'>(mg/L)</span>", "总磷<br/><span class='unit'>(mg/L)</span>", "总氮<br/><span class='unit'>(mg/L)</span>", "叶绿素α<br/><span class='unit'>(mg/L)</span>", "藻密度<br/><span class='unit'>(cells/L)</span>", "站点情况"], "tbody": [["北京市", "海河流域", "<span data-toggle='tooltip' data-placement='right' title='所在地市:门头沟区&#10;所属河流:永定河'>沿河城</span>", null, "", "--", "--", "--", "--", "--", "--", "--", "--", "--", "*", "*", "停站"], ["北京市", "海河流域", "<span data-toggle='tooltip' data-placement='right' title='所在地市:密云区&#10;所属河流:潮河'>古北口</span>", null, "", "--", "--", "--", "--", "--", "--", "--", "--", "--", "*", "*", "维护"], ["天津市", "海河流域", "<span data-toggle='tooltip' data-placement='right' title='所在地市:河北区&#10;所属河流:海河'>三岔口</span>", "05-27 08:00", "Ⅱ", "<span data-toggle='tooltip' data-placement='right' title='原始值：23.2144'>23.2</span>", "<span data-toggle='tooltip' data-placement='right' title='原始值：7.946'>7.95</span>", "<span data-toggle='tooltip' data-placement='right' title='原始值：7.723'>7.72</span>", "<span data-toggle='tooltip' data-placement='right' title='原始值：252.2218'>252.2</span>", "<span data-toggle='tooltip' data-placement='right' title='原始值：19.423'>19.4</span>", "<span data-toggle='tooltip' data-placement='right' title='原始值：1'>1.00</span>", "<span data-toggle='tooltip' data-placement='right' title='原始值：0.32'>0.320</span>", "<span data-toggle='tooltip' data-placement='right' title='原始值：0.042'>0.042</span>", "<span data-toggle='tooltip' data-placement='right' title='原始值：0.9873'>0.99</span>", "*", "*", "正常"], ["天津市", "海河流域", "<span data-toggle='tooltip' data-placement='right' title='所在地市:蓟州区&#10;所属河流:果河'>果河桥</span>", "05-27 08:00", "Ⅱ", "<span data-toggle='tooltip' data-placement='right' title='原始值：18.2'>18.2</span>", "<span data-toggle='tooltip' data-placement='right' title='原始值：8.506'>8.51</span>", "<span data-toggle='tooltip' data-placement='right' title='原始值：9.418'>9.42</span>", "<span data-toggle='tooltip' data-placement='right' title='原始值：590.718'>590.7</span>", "<span data-toggle='tooltip' data-placement='right' title='原始值：6.629'>6.6</span>", "<span data-toggle='tooltip' data-placement='right' title='原始值：2.2185'>2.22</span>", "<span data-toggle='tooltip' data-placement='right' title='原始值：0.09'>0.090</span>", "<span data-toggle='tooltip' data-placement='right' title='原始值：0.0441'>0.044</span>", "<span data-toggle='tooltip' data-placement='right' title='原始值：3.018'>3.02</span>", "*", "*", "正常"], ["河北省", "海河流域", "<span data-toggle='tooltip' data-placement='right' title='所在地市:石家庄市&#10;所属河流:滹沱河'>岗南水库</span>", "05-27 08:00", "Ⅱ", "<span data-toggle='tooltip' data-placement='right' title='原始值：23.20123'>23.2</span>", "<span data-toggle='tooltip' data-placement='right' title='原始值：8.25288'>8.25</span>", "<span data-toggle='tooltip' data-placement='right' title='原始值：9.13816'>9.14</span>", "<span data-toggle='tooltip' data-placement='right' title='原始值：545.3409'>545.3</span>", "<span data-toggle='tooltip' data-placement='right' title='原始值：2.50484'>2.5</span>", "<span data-toggle='tooltip' data-placement='right' title='原始值：2.12646'>2.13</span>", "<span data-toggle='tooltip' data-placement='right' title='原始值：0.04'>0.040</span>", "<span data-toggle='tooltip' data-placement='right' title='原始值：0.02201'>0.022</span>", "<span data-toggle='tooltip' data-placement='right' title='原始值：2.28663'>2.29</span>", "*", "*", "正常"], ["河北省", "海河流域", "<span data-toggle='tooltip' data-placement='right' title='所在地市:张家口市&#10;所属河流:永定河'>八号桥</span>", "05-27 08:10", "Ⅳ", "<span data-toggle='tooltip' data-placement='right' title='原始值：18.323'>18.3</span>", "<span data-toggle='tooltip' data-placement='right' title='原始值：7.88494'>7.88</span>", "<span data-toggle='tooltip' data-placement='right' title='原始值：8.00109'>8.00</span>", "<span data-toggle='tooltip' data-placement='right' title='原始值：1356.509'>1356.5</span>", "<span data-toggle='tooltip' data-placement='right' title='原始值：76.32022'>76.3</span>", "<span data-toggle='tooltip' data-placement='right' title='原始值：6.19'>6.19</span>", "<span data-toggle='tooltip' data-placement='right' title='原始值：0.16'>0.160</span>", "<span data-toggle='tooltip' data-placement='right' title='原始值：0.03408'>0.034</span>", "<span data-toggle='tooltip' data-placement='right' title='原始值：3.72'>3.72</span>", "*", "*", "正常"], ["山西省", "黄河流域", "<span data-toggle='tooltip' data-placement='right' title='所在地市:运城市&#10;所属河流:汾河'>河津大桥</span>", "05-27 08:00", "", "<span data-toggle='tooltip' data-placement='right' title='原始值：24.10055'>24.1</span>", "<span data-toggle='tooltip' data-placement='right' title='原始值：8.02934'>8.03</span>", "<span data-toggle='tooltip' data-placement='right' title='原始值：7.73502'>7.74</span>", "<span data-toggle='tooltip' data-placement='right' title='原始值：1444.234'>1444.2</span>", "<span data-toggle='tooltip' data-placement='right' title='原始值：358.2507'>358.3</span>", "<span data-toggle='tooltip' data-placement='right' title='原始值：11.275'>11.28</span>", "<span data-toggle='tooltip' data-placement='right' title='极值过滤'>--</span>", "*", "*", "*", "*", "维护"], ["山西省", "黄河流域", "<span data-toggle='tooltip' data-placement='right' title='所在地市:忻州市&#10;所属河流:黄河'>万家寨水库</span>", "05-27 08:00", "Ⅲ", "<span data-toggle='tooltip' data-placement='right' title='原始值：19.07608'>19.1</span>", "<span data-toggle='tooltip' data-placement='right' title='原始值：8.15248'>8.15</span>", "<span data-toggle='tooltip' data-placement='right' title='原始值：9.24848'>9.25</span>", "<span data-toggle='tooltip' data-placement='right' title='原始值：867.5048'>867.5</span>", "<span data-toggle='tooltip' data-placement='right' title='原始值：12.23692'>12.2</span>", "<span data-toggle='tooltip' data-placement='right' title='原始值：5.18'>5.18</span>", "<span data-toggle='tooltip' data-placement='right' title='原始值：0.28'>0.280</span>", "<span data-toggle='tooltip' data-placement='right' title='原始值：0.01025'>0.010</span>", "<span data-toggle='tooltip' data-placement='right' title='原始值：1.575'>1.58</span>", "*", "*", "正常"], ["内蒙古自治区", "黄河流域", "<span data-toggle='tooltip' data-placement='right' title='所在地市:包头市&#10;所属河流:黄河'>画匠营子</span>", "05-27 08:00", "Ⅱ", "<span data-toggle='tooltip' data-placement='right' title='原始值：15.37393'>15.4</span>", "<span data-toggle='tooltip' data-placement='right' title='原始值：7.78125'>7.78</span>", "<span data-toggle='tooltip' data-placement='right' title='原始值：8.1039'>8.10</span>", "<span data-toggle='tooltip' data-placement='right' title='原始值：1004.236'>1004.2</span>", "<span data-toggle='tooltip' data-placement='right' title='原始值：582.3505'>582.4</span>", "<span data-toggle='tooltip' data-placement='right' title='原始值：3.56298'>3.56</span>", "<span data-toggle='tooltip' data-placement='right' title='原始值：0.02426'>0.024</span>", "*", "*", "*", "*", "正常"], ["内蒙古自治区", "黄河流域", "<span data-toggle='tooltip' data-placement='right' title='所在地市:乌海市&#10;所属河流:黄河'>海勃湾</span>", "05-27 08:05", "Ⅱ", "<span data-toggle='tooltip' data-placement='right' title='原始值：18.91497'>18.9</span>", "<span data-toggle='tooltip' data-placement='right' title='原始值：8.37993'>8.38</span>", "<span data-toggle='tooltip' data-placement='right' title='原始值：6.80684'>6.81</span>", "<span data-toggle='tooltip' data-placement='right' title='原始值：820.8973'>820.9</span>", "<span data-toggle='tooltip' data-placement='right' title='原始值：41.89875'>41.9</span>", "<span data-toggle='tooltip' data-placement='right' title='原始值：3.2'>3.20</span>", "<span data-toggle='tooltip' data-placement='right' title='原始值：0.03'>0.030</span>", "*", "*", "*", "*", "正常"], ["内蒙古自治区", "松花江流域", "<span data-toggle='tooltip' data-placement='right' title='所在地市:呼伦贝尔市&#10;所属河流:额尔古纳河'>黑山头</span>", null, "", "--", "--", "--", "--", "--", "--", "--", "--", "--", "*", "*", "维护"], ["辽宁省", "辽河流域", "<span data-toggle='tooltip' data-placement='right' title='所在地市:抚顺市&#10;所属河流:浑河'>大伙房水库</span>", "05-27 08:00", "", "<span data-toggle='tooltip' data-placement='right' title='原始值：16.91402'>16.9</span>", "<span data-toggle='tooltip' data-placement='right' title='原始值：7.26151'>7.26</span>", "<span data-toggle='tooltip' data-placement='right' title='原始值：10.13388'>10.13</span>", "<span data-toggle='tooltip' data-placement='right' title='原始值：353.4646'>353.5</span>", "<span data-toggle='tooltip' data-placement='right' title='原始值：8.14487'>8.1</span>", "<span data-toggle='tooltip' data-placement='right' title='极值过滤'>--</span>", "<span data-toggle='tooltip' data-placement='right' title='原始值：0.07'>0.070</span>", "<span data-toggle='tooltip' data-placement='right' title='原始值：0.00085'>0.001</span>", "<span data-toggle='tooltip' data-placement='right' title='原始值：2.34791'>2.35</span>", "<span data-toggle='tooltip' data-placement='right' title='原始值：0.00086'>0.001</span>", "*", "维护"], ["辽宁省", "辽河流域", "<span data-toggle='tooltip' data-placement='right' title='所在地市:丹东市&#10;所属河流:鸭绿江'>江桥</span>", null, "", "--", "--", "--", "--", "--", "--", "--", "--", "--", "*", "*", "维护"], ["辽宁省", "辽河流域", "<span data-toggle='tooltip' data-placement='right' title='所在地市:营口市&#10;所属河流:大辽河'>辽河公园</span>", "05-27 04:05", "Ⅳ", "<span data-toggle='tooltip' data-placement='right' title='原始值：20.13132'>20.1</span>", "<span data-toggle='tooltip' data-placement='right' title='原始值：6.21908'>6.22</span>", "<span data-toggle='tooltip' data-placement='right' title='原始值：7.87691'>7.88</span>", "<span data-toggle='tooltip' data-placement='right' title='原始值：2231.933'>2231.9</span>", "<span data-toggle='tooltip' data-placement='right' title='原始值：171.2063'>171.2</span>", "<span data-toggle='tooltip' data-placement='right' title='原始值：6.06557'>6.07</span>", "<span data-toggle='tooltip' data-placement='right' title='原始值：0.09302'>0.093</span>", "<span data-toggle='tooltip' data-placement='right' title='原始值：0.20355'>0.204</span>", "<span data-toggle='tooltip' data-placement='right' title='原始值：5.50325'>5.50</span>", "*", "*", "正常"], ["辽宁省", "辽河流域", "<span data-toggle='tooltip' data-placement='right' title='所在地市:辽阳市&#10;所属河流:太子河'>汤河水库</span>", "05-27 08:00", "", "<span data-toggle='tooltip' data-placement='right' title='原始值：14.2'>14.2</span>", "<span data-toggle='tooltip' data-placement='right' title='原始值：8.05'>8.05</span>", "<span data-toggle='tooltip' data-placement='right' title='原始值：6.79877'>6.80</span>", "<span data-toggle='tooltip' data-placement='right' title='原始值：491.0021'>491.0</span>", "<span data-toggle='tooltip' data-placement='right' title='原始值：10.9254'>10.9</span>", "<span data-toggle='tooltip' data-placement='right' title='原始值：0.73'>0.73</span>", "<span data-toggle='tooltip' data-placement='right' title='原始值：0.00894'>0.009</span>", "<span data-toggle='tooltip' data-placement='right' title='极值过滤'>--</span>", "<span data-toggle='tooltip' data-placement='right' title='极值过滤'>--</span>", "*", "*", "维护"], ["辽宁省", "辽河流域", "<span data-toggle='tooltip' data-placement='right' title='所在地市:盘锦市&#10;所属河流:辽河'>盘锦兴安(兴安)</span>", "05-27 08:00", "Ⅱ", "<span data-toggle='tooltip' data-placement='right' title='原始值：18.00322'>18.0</span>", "<span data-toggle='tooltip' data-placement='right' title='原始值：6.76705'>6.77</span>", "<span data-toggle='tooltip' data-placement='right' title='原始值：9.34405'>9.34</span>", "<span data-toggle='tooltip' data-placement='right' title='原始值：662.9396'>662.9</span>", "<span data-toggle='tooltip' data-placement='right' title='原始值：116.5637'>116.6</span>", "<span data-toggle='tooltip' data-placement='right' title='原始值：2.4485'>2.45</span>", "<span data-toggle='tooltip' data-placement='right' title='原始值：0.02'>0.020</span>", "<span data-toggle='tooltip' data-placement='right' title='原始值：0.09879'>0.099</span>", "<span data-toggle='tooltip' data-placement='right' title='原始值：3.22709'>3.23</span>", "*", "*", "正常"], ["辽宁省", "辽河流域", "<span data-toggle='tooltip' data-placement='right' title='所在地市:铁岭市&#10;所属河流:辽河'>珠尔山</span>", "05-27 08:00", "Ⅱ", "<span data-toggle='tooltip' data-placement='right' title='原始值：17.83439'>17.8</span>", "<span data-toggle='tooltip' data-placement='right' title='原始值：8.21305'>8.21</span>", "<span data-toggle='tooltip' data-placement='right' title='原始值：8.83639'>8.84</span>", "<span data-toggle='tooltip' data-placement='right' title='原始值：408.2213'>408.2</span>", "<span data-toggle='tooltip' data-placement='right' title='原始值：36.3111'>36.3</span>", "<span data-toggle='tooltip' data-placement='right' title='原始值：3.28926'>3.29</span>", "<span data-toggle='tooltip' data-placement='right' title='原始值：0.08'>0.080</span>", "<span data-toggle='tooltip' data-placement='right' title='原始值：0.07075'>0.071</span>", "<span data-toggle='tooltip' data-placement='right' title='原始值：4.16011'>4.16</span>", "*", "*", "正常"], ["吉林省", "松花江流域", "<span data-toggle='tooltip' data-placement='right' title='所在地市:长春市&#10;所属河流:松花江'>松花江村</span>", "05-27 08:05", "Ⅲ", "<span data-toggle='tooltip' data-placement='right' title='原始值：16.36243'>16.4</span>", "<span data-toggle='tooltip' data-placement='right' title='原始值：7.34156'>7.34</span>", "<span data-toggle='tooltip' data-placement='right' title='原始值：10.07264'>10.07</span>", "<span data-toggle='tooltip' data-placement='right' title='原始值：272.4452'>272.4</span>", "<span data-toggle='tooltip' data-placement='right' title='原始值：23.51529'>23.5</span>", "<span data-toggle='tooltip' data-placement='right' title='原始值：1.48587'>1.49</span>", "<span data-toggle='tooltip' data-placement='right' title='原始值：1'>1.000</span>", "<span data-toggle='tooltip' data-placement='right' title='原始值：0.03786'>0.038</span>", "<span data-toggle='tooltip' data-placement='right' title='原始值：2.27426'>2.27</span>", "*", "*", "正常"], ["吉林省", "松花江流域", "<span data-toggle='tooltip' data-placement='right' title='所在地市:白城市&#10;所属河流:嫩江'>白沙滩</span>", null, "", "--", "--", "--", "--", "--", "--", "--", "--", "--", "*", "*", "停站"], ["吉林省", "松花江流域", "<span data-toggle='tooltip' data-placement='right' title='所在地市:延边朝鲜族自治州&#10;所属河流:图们江'>圈河</span>", "05-27 08:00", "", "<span data-toggle='tooltip' data-placement='right' title='原始值：17.3'>17.3</span>", "<span data-toggle='tooltip' data-placement='right' title='原始值：7.63'>7.63</span>", "<span data-toggle='tooltip' data-placement='right' title='原始值：8.75001'>8.75</span>", "<span data-toggle='tooltip' data-placement='right' title='原始值：156'>156.0</span>", "<span data-toggle='tooltip' data-placement='right' title='原始值：22'>22.0</span>", "<span data-toggle='tooltip' data-placement='right' title='原始值：4.5'>4.50</span>", "<span data-toggle='tooltip' data-placement='right' title='原始值：0.00703'>0.007</span>", "<span data-toggle='tooltip' data-placement='right' title='极值过滤'>--</span>", "<span data-toggle='tooltip' data-placement='right' title='原始值：9.9976'>10.00</span>", "*", "*", "维护"], ["黑龙江省", "松花江流域", "<span data-toggle='tooltip' data-placement='right' title='所在地市:大庆市&#10;所属河流:松花江'>肇源</span>", null, "", "--", "--", "--", "--", "--", "--", "--", "--", "--", "*", "*", "停站"], ["黑龙江省", "松花江流域", "<span data-toggle='tooltip' data-placement='right' title='所在地市:佳木斯市&#10;所属河流:乌苏里江'>乌苏镇</span>", "05-27 08:00", "Ⅳ", "<span data-toggle='tooltip' data-placement='right' title='原始值：15.5192'>15.5</span>", "<span data-toggle='tooltip' data-placement='right' title='原始值：7.03739'>7.04</span>", "<span data-toggle='tooltip' data-placement='right' title='原始值：6.01782'>6.02</span>", "<span data-toggle='tooltip' data-placement='right' title='原始值：647.9999'>648.0</span>", "<span data-toggle='tooltip' data-placement='right' title='原始值：364.9742'>365.0</span>", "<span data-toggle='tooltip' data-placement='right' title='原始值：6.99'>6.99</span>", "<span data-toggle='tooltip' data-placement='right' title='原始值：0.51615'>0.516</span>", "<span data-toggle='tooltip' data-placement='right' title='原始值：0.02844'>0.028</span>", "<span data-toggle='tooltip' data-placement='right' title='原始值：0.21467'>0.21</span>", "*", "*", "正常"], ["黑龙江省", "松花江流域", "<span data-toggle='tooltip' data-placement='right' title='所在地市:佳木斯市&#10;所属河流:松花江'>同江</span>", "05-27 08:00", "", "<span data-toggle='tooltip' data-placement='right' title='原始值：15.375'>15.4</span>", "<span data-toggle='tooltip' data-placement='right' title='极值过滤'>--</span>", "<span data-toggle='tooltip' data-placement='right' title='原始值：10.25002'>10.25</span>", "<span data-toggle='tooltip' data-placement='right' title='原始值：253.9068'>253.9</span>", "<span data-toggle='tooltip' data-placement='right' title='原始值：73.00211'>73.0</span>", "<span data-toggle='tooltip' data-placement='right' title='原始值：4.82338'>4.82</span>", "<span data-toggle='tooltip' data-placement='right' title='极值过滤'>--</span>", "<span data-toggle='tooltip' data-placement='right' title='原始值：0.13281'>0.133</span>", "<span data-toggle='tooltip' data-placement='right' title='原始值：2.56101'>2.56</span>", "*", "*", "维护"], ["黑龙江省", "松花江流域", "<span data-toggle='tooltip' data-placement='right' title='所在地市:黑河市&#10;所属河流:黑龙江'>黑河下(黑河)</span>", "05-27 08:05", "", "<span data-toggle='tooltip' data-placement='right' title='原始值：13.13701'>13.1</span>", "<span data-toggle='tooltip' data-placement='right' title='原始值：6.0484'>6.05</span>", "<span data-toggle='tooltip' data-placement='right' title='原始值：8.74283'>8.74</span>", "<span data-toggle='tooltip' data-placement='right' title='原始值：126.3587'>126.4</span>", "<span data-toggle='tooltip' data-placement='right' title='原始值：62.28297'>62.3</span>", "<span data-toggle='tooltip' data-placement='right' title='极值过滤'>--</span>", "<span data-toggle='tooltip' data-placement='right' title='原始值：5.2742'>5.274</span>", "--", "--", "*", "*", "维护"], ["上海市", "长江流域", "<span data-toggle='tooltip' data-placement='right' title='所在地市:青浦区&#10;所属河流:淀山湖'>急水港桥</span>", "05-27 08:00", "Ⅴ", "<span data-toggle='tooltip' data-placement='right' title='原始值：21.8'>21.8</span>", "<span data-toggle='tooltip' data-placement='right' title='原始值：6.84'>6.84</span>", "<span data-toggle='tooltip' data-placement='right' title='原始值：2.56'>2.56</span>", "<span data-toggle='tooltip' data-placement='right' title='原始值：697'>697.0</span>", "<span data-toggle='tooltip' data-placement='right' title='原始值：14.9'>14.9</span>", "<span data-toggle='tooltip' data-placement='right' title='原始值：1.80469'>1.80</span>", "<span data-toggle='tooltip' data-placement='right' title='原始值：0.35401'>0.354</span>", "<span data-toggle='tooltip' data-placement='right' title='原始值：0.06348'>0.063</span>", "<span data-toggle='tooltip' data-placement='right' title='原始值：3.59377'>3.59</span>", "<span data-toggle='tooltip' data-placement='right' title='原始值：0.00498'>0.005</span>", "<span data-toggle='tooltip' data-placement='right' title='原始值：3.788809E+07'>37888090</span>", "正常"], ["江苏省", "长江流域", "<span data-toggle='tooltip' data-placement='right' title='所在地市:南京市&#10;所属河流:长江'>林山</span>", "05-27 08:00", "", "<span data-toggle='tooltip' data-placement='right' title='原始值：23.8883'>23.9</span>", "<span data-toggle='tooltip' data-placement='right' title='原始值：7.88743'>7.89</span>", "<span data-toggle='tooltip' data-placement='right' title='原始值：7.16741'>7.17</span>", "<span data-toggle='tooltip' data-placement='right' title='原始值：315.19'>315.2</span>", "<span data-toggle='tooltip' data-placement='right' title='原始值：44.2329'>44.2</span>", "<span data-toggle='tooltip' data-placement='right' title='极值过滤'>--</span>", "<span data-toggle='tooltip' data-placement='right' title='极值过滤'>--</span>", "*", "*", "*", "*", "维护"], ["江苏省", "太湖流域", "<span data-toggle='tooltip' data-placement='right' title='所在地市:无锡市&#10;所属河流:太湖'>沙渚</span>", "05-27 08:00", "Ⅲ", "<span data-toggle='tooltip' data-placement='right' title='原始值：24.326'>24.3</span>", "<span data-toggle='tooltip' data-placement='right' title='原始值：8.040736'>8.04</span>", "<span data-toggle='tooltip' data-placement='right' title='原始值：6.812958'>6.81</span>", "<span data-toggle='tooltip' data-placement='right' title='原始值：451.1933'>451.2</span>", "<span data-toggle='tooltip' data-placement='right' title='原始值：55.10238'>55.1</span>", "<span data-toggle='tooltip' data-placement='right' title='原始值：5.79'>5.79</span>", "<span data-toggle='tooltip' data-placement='right' title='原始值：0.24'>0.240</span>", "<span data-toggle='tooltip' data-placement='right' title='原始值：0.0798'>0.080</span>", "<span data-toggle='tooltip' data-placement='right' title='原始值：1.524'>1.52</span>", "*", "*", "正常"], ["江苏省", "淮河流域", "<span data-toggle='tooltip' data-placement='right' title='所在地市:徐州市&#10;所属河流:武河'>小红圈</span>", null, "", "--", "--", "--", "--", "--", "--", "--", "--", "--", "*", "*", "停站"], ["江苏省", "淮河流域", "<span data-toggle='tooltip' data-placement='right' title='所在地市:徐州市&#10;所属河流:沿河'>李集桥</span>", "05-27 08:00", "Ⅳ", "<span data-toggle='tooltip' data-placement='right' title='原始值：25.6'>25.6</span>", "<span data-toggle='tooltip' data-placement='right' title='原始值：7.69'>7.69</span>", "<span data-toggle='tooltip' data-placement='right' title='原始值：7.22'>7.22</span>", "<span data-toggle='tooltip' data-placement='right' title='原始值：1074'>1074.0</span>", "<span data-toggle='tooltip' data-placement='right' title='原始值：527.5'>527.5</span>", "<span data-toggle='tooltip' data-placement='right' title='原始值：6.49'>6.49</span>", "<span data-toggle='tooltip' data-placement='right' title='原始值：0.026'>0.026</span>", "<span data-toggle='tooltip' data-placement='right' title='原始值：0.157'>0.157</span>", "<span data-toggle='tooltip' data-placement='right' title='原始值：1.567'>1.57</span>", "*", "*", "正常"], ["江苏省", "淮河流域", "<span data-toggle='tooltip' data-placement='right' title='所在地市:徐州市&#10;所属河流:邳苍分洪道'>艾山西大桥</span>", "05-27 08:00", "Ⅲ", "<span data-toggle='tooltip' data-placement='right' title='原始值：25.7453'>25.7</span>", "<span data-toggle='tooltip' data-placement='right' title='原始值：8.58767'>8.59</span>", "<span data-toggle='tooltip' data-placement='right' title='原始值：11.1361'>11.14</span>", "<span data-toggle='tooltip' data-placement='right' title='原始值：618.544'>618.5</span>", "<span data-toggle='tooltip' data-placement='right' title='原始值：42.5199'>42.5</span>", "<span data-toggle='tooltip' data-placement='right' title='原始值：5.22'>5.22</span>", "<span data-toggle='tooltip' data-placement='right' title='原始值：0.17'>0.170</span>", "<span data-toggle='tooltip' data-placement='right' title='原始值：0.03569'>0.036</span>", "<span data-toggle='tooltip' data-placement='right' title='原始值：0.84698'>0.85</span>", "*", "*", "正常"], ["江苏省", "太湖流域", "<span data-toggle='tooltip' data-placement='right' title='所在地市:苏州市&#10;所属河流:太湖'>兰山嘴(老)</span>", "05-27 08:00", "Ⅱ", "<span data-toggle='tooltip' data-placement='right' title='原始值：24.00016'>24.0</span>", "<span data-toggle='tooltip' data-placement='right' title='原始值：7.77702'>7.78</span>", "<span data-toggle='tooltip' data-placement='right' title='原始值：6.87873'>6.88</span>", "<span data-toggle='tooltip' data-placement='right' title='原始值：420.9279'>420.9</span>", "<span data-toggle='tooltip' data-placement='right' title='原始值：75.50965'>75.5</span>", "<span data-toggle='tooltip' data-placement='right' title='原始值：1.32'>1.32</span>", "<span data-toggle='tooltip' data-placement='right' title='原始值：0.31'>0.310</span>", "<span data-toggle='tooltip' data-placement='right' title='原始值：0.09766'>0.098</span>", "<span data-toggle='tooltip' data-placement='right' title='原始值：4.0296'>4.03</span>", "*", "*", "正常"], ["江苏省", "太湖流域", "<span data-toggle='tooltip' data-placement='right' title='所在地市:苏州市&#10;所属河流:太湖'>西山</span>", "05-27 08:00", "Ⅲ", "<span data-toggle='tooltip' data-placement='right' title='原始值：24.80747'>24.8</span>", "<span data-toggle='tooltip' data-placement='right' title='原始值：7.70698'>7.71</span>", "<span data-toggle='tooltip' data-placement='right' title='原始值：7.08904'>7.09</span>", "<span data-toggle='tooltip' data-placement='right' title='原始值：546.2859'>546.3</span>", "<span data-toggle='tooltip' data-placement='right' title='原始值：71.88716'>71.9</span>", "<span data-toggle='tooltip' data-placement='right' title='原始值：3'>3.00</span>", "<span data-toggle='tooltip' data-placement='right' title='原始值：0.19'>0.190</span>", "<span data-toggle='tooltip' data-placement='right' title='原始值：0.0388'>0.039</span>", "<span data-toggle='tooltip' data-placement='right' title='原始值：0.7506'>0.75</span>", "*", "*", "正常"], ["江苏省", "淮河流域", "<span data-toggle='tooltip' data-placement='right' title='所在地市:连云港市&#10;所属河流:新沭河'>大兴桥</span>", "05-27 08:00", "Ⅲ", "<span data-toggle='tooltip' data-placement='right' title='原始值：25.5'>25.5</span>", "<span data-toggle='tooltip' data-placement='right' title='原始值：7.99'>7.99</span>", "<span data-toggle='tooltip' data-placement='right' title='原始值：7.9'>7.90</span>", "<span data-toggle='tooltip' data-placement='right' title='原始值：1198.3'>1198.3</span>", "<span data-toggle='tooltip' data-placement='right' title='原始值：25.11'>25.1</span>", "<span data-toggle='tooltip' data-placement='right' title='原始值：5.21'>5.21</span>", "<span data-toggle='tooltip' data-placement='right' title='原始值：0.09'>0.090</span>", "*", "*", "*", "*", "正常"], ["江苏省", "淮河流域", "<span data-toggle='tooltip' data-placement='right' title='所在地市:淮安市&#10;所属河流:淮河'>淮河大桥</span>", null, "", "--", "--", "--", "--", "--", "--", "--", "--", "--", "*", "*", "维护"], ["江苏省", "长江流域", "<span data-toggle='tooltip' data-placement='right' title='所在地市:扬州市&#10;所属河流:夹江'>三江营</span>", null, "", "--", "--", "--", "--", "--", "--", "--", "--", "--", "*", "*", "停站"], ["江苏省", "淮河流域", "<span data-toggle='tooltip' data-placement='right' title='所在地市:宿迁市&#10;所属河流:新濉河'>大屈</span>", "05-27 08:00", "Ⅳ", "<span data-toggle='tooltip' data-placement='right' title='原始值：24.6'>24.6</span>", "<span data-toggle='tooltip' data-placement='right' title='原始值：7.78'>7.78</span>", "<span data-toggle='tooltip' data-placement='right' title='原始值：6.38'>6.38</span>", "<span data-toggle='tooltip' data-placement='right' title='原始值：894.7'>894.7</span>", "<span data-toggle='tooltip' data-placement='right' title='原始值：23.73'>23.7</span>", "<span data-toggle='tooltip' data-placement='right' title='原始值：8.11'>8.11</span>", "<span data-toggle='tooltip' data-placement='right' title='原始值：0.13'>0.130</span>", "<span data-toggle='tooltip' data-placement='right' title='原始值：0.012'>0.012</span>", "<span data-toggle='tooltip' data-placement='right' title='原始值：0.867'>0.87</span>", "*", "*", "正常"], ["浙江省", "浙闽片河流", "<span data-toggle='tooltip' data-placement='right' title='所在地市:杭州市&#10;所属河流:新安江'>街口(鸠坑口)</span>", null, "", "--", "--", "--", "--", "--", "--", "--", "--", "--", "*", "*", "停站"], ["浙江省", "太湖流域", "<span data-toggle='tooltip' data-placement='right' title='所在地市:嘉兴市&#10;所属河流:斜路港河'>斜路港</span>", "05-27 08:00", "Ⅳ", "<span data-toggle='tooltip' data-placement='right' title='原始值：24.5'>24.5</span>", "<span data-toggle='tooltip' data-placement='right' title='原始值：7.38'>7.38</span>", "<span data-toggle='tooltip' data-placement='right' title='原始值：4.24'>4.24</span>", "<span data-toggle='tooltip' data-placement='right' title='原始值：572'>572.0</span>", "<span data-toggle='tooltip' data-placement='right' title='原始值：208.5'>208.5</span>", "<span data-toggle='tooltip' data-placement='right' title='原始值：5.35'>5.35</span>", "<span data-toggle='tooltip' data-placement='right' title='原始值：0.03542'>0.035</span>", "<span data-toggle='tooltip' data-placement='right' title='原始值：0.08736'>0.087</span>", "<span data-toggle='tooltip' data-placement='right' title='原始值：1.49996'>1.50</span>", "*", "*", "正常"], ["浙江省", "太湖流域", "<span data-toggle='tooltip' data-placement='right' title='所在地市:嘉兴市&#10;所属河流:京杭运河'>王江泾</span>", null, "", "--", "--", "--", "--", "--", "--", "--", "--", "--", "*", "*", "停站"], ["浙江省", "太湖流域", "<span data-toggle='tooltip' data-placement='right' title='所在地市:湖州市&#10;所属河流:西苕溪'>新港口(新塘港)</span>", "05-27 08:00", "Ⅱ", "<span data-toggle='tooltip' data-placement='right' title='原始值：22.9283'>22.9</span>", "<span data-toggle='tooltip' data-placement='right' title='原始值：7.09242'>7.09</span>", "<span data-toggle='tooltip' data-placement='right' title='原始值：6.56128'>6.56</span>", "<span data-toggle='tooltip' data-placement='right' title='原始值：345.481'>345.5</span>", "<span data-toggle='tooltip' data-placement='right' title='原始值：212.226'>212.2</span>", "<span data-toggle='tooltip' data-placement='right' title='原始值：2.75041'>2.75</span>", "<span data-toggle='tooltip' data-placement='right' title='原始值：0.16571'>0.166</span>", "<span data-toggle='tooltip' data-placement='right' title='原始值：0.09332'>0.093</span>", "<span data-toggle='tooltip' data-placement='right' title='原始值：8.49622'>8.50</span>", "*", "*", "正常"], ["安徽省", "巢湖流域", "<span data-toggle='tooltip' data-placement='right' title='所在地市:合肥市&#10;所属河流:巢湖'>湖滨(老)</span>", "05-27 08:00", "Ⅳ", "<span data-toggle='tooltip' data-placement='right' title='原始值：27.36172'>27.4</span>", "<span data-toggle='tooltip' data-placement='right' title='原始值：7.63878'>7.64</span>", "<span data-toggle='tooltip' data-placement='right' title='原始值：6.06313'>6.06</span>", "<span data-toggle='tooltip' data-placement='right' title='原始值：454.9133'>454.9</span>", "<span data-toggle='tooltip' data-placement='right' title='原始值：156.7236'>156.7</span>", "<span data-toggle='tooltip' data-placement='right' title='原始值：6.56'>6.56</span>", "<span data-toggle='tooltip' data-placement='right' title='原始值：0.29'>0.290</span>", "<span data-toggle='tooltip' data-placement='right' title='原始值：0.0624'>0.062</span>", "<span data-toggle='tooltip' data-placement='right' title='原始值：1.182'>1.18</span>", "<span data-toggle='tooltip' data-placement='right' title='原始值：0.03163'>0.032</span>", "*", "正常"], ["安徽省", "巢湖流域", "<span data-toggle='tooltip' data-placement='right' title='所在地市:芜湖市&#10;所属河流:巢湖'>裕溪口(老)</span>", null, "", "--", "--", "--", "--", "--", "--", "--", "--", "--", "*", "*", "停站"], ["安徽省", "淮河流域", "<span data-toggle='tooltip' data-placement='right' title='所在地市:蚌埠市&#10;所属河流:淮河'>蚌埠闸上(蚌埠闸)</span>", null, "", "--", "--", "--", "--", "--", "--", "--", "--", "--", "*", "*", "停站"], ["安徽省", "淮河流域", "<span data-toggle='tooltip' data-placement='right' title='所在地市:淮南市&#10;所属河流:淮河'>石头埠(老)</span>", "05-27 08:01", "Ⅱ", "<span data-toggle='tooltip' data-placement='right' title='原始值：25.41881'>25.4</span>", "<span data-toggle='tooltip' data-placement='right' title='原始值：7.07725'>7.08</span>", "<span data-toggle='tooltip' data-placement='right' title='原始值：7.80787'>7.81</span>", "<span data-toggle='tooltip' data-placement='right' title='原始值：682.2295'>682.2</span>", "<span data-toggle='tooltip' data-placement='right' title='原始值：29.48774'>29.5</span>", "<span data-toggle='tooltip' data-placement='right' title='原始值：3.38'>3.38</span>", "<span data-toggle='tooltip' data-placement='right' title='原始值：0.12'>0.120</span>", "*", "*", "*", "*", "正常"], ["安徽省", "淮河流域", "<span data-toggle='tooltip' data-placement='right' title='所在地市:淮北市&#10;所属河流:沱河'>小王桥</span>", null, "", "--", "--", "--", "--", "--", "--", "--", "--", "--", "*", "*", "停站"], ["安徽省", "长江流域", "<span data-toggle='tooltip' data-placement='right' title='所在地市:安庆市&#10;所属河流:长江'>皖河口</span>", null, "", "--", "--", "--", "--", "--", "--", "--", "--", "--", "*", "*", "停站"], ["安徽省", "淮河流域", "<span data-toggle='tooltip' data-placement='right' title='所在地市:滁州市&#10;所属河流:淮河'>小柳巷</span>", "05-27 08:00", "Ⅱ", "<span data-toggle='tooltip' data-placement='right' title='原始值：24.4'>24.4</span>", "<span data-toggle='tooltip' data-placement='right' title='原始值：7.73'>7.73</span>", "<span data-toggle='tooltip' data-placement='right' title='原始值：8.31'>8.31</span>", "<span data-toggle='tooltip' data-placement='right' title='原始值：707.8'>707.8</span>", "<span data-toggle='tooltip' data-placement='right' title='原始值：113.25'>113.2</span>", "<span data-toggle='tooltip' data-placement='right' title='原始值：3.15'>3.15</span>", "<span data-toggle='tooltip' data-placement='right' title='原始值：0.05'>0.050</span>", "<span data-toggle='tooltip' data-placement='right' title='原始值：0.049'>0.049</span>", "<span data-toggle='tooltip' data-placement='right' title='原始值：2.111'>2.11</span>", "*", "*", "正常"], ["安徽省", "淮河流域", "<span data-toggle='tooltip' data-placement='right' title='所在地市:阜阳市&#10;所属河流:黑茨河'>张大桥</span>", "05-27 08:00", "Ⅲ", "<span data-toggle='tooltip' data-placement='right' title='原始值：25'>25.0</span>", "<span data-toggle='tooltip' data-placement='right' title='原始值：8.33'>8.33</span>", "<span data-toggle='tooltip' data-placement='right' title='原始值：7.21'>7.21</span>", "<span data-toggle='tooltip' data-placement='right' title='原始值：2601.7'>2601.7</span>", "<span data-toggle='tooltip' data-placement='right' title='原始值：17.65'>17.6</span>", "<span data-toggle='tooltip' data-placement='right' title='原始值：4.97'>4.97</span>", "<span data-toggle='tooltip' data-placement='right' title='原始值：0.02'>0.020</span>", "<span data-toggle='tooltip' data-placement='right' title='原始值：0.123'>0.123</span>", "<span data-toggle='tooltip' data-placement='right' title='原始值：1.053'>1.05</span>", "*", "*", "正常"], ["安徽省", "淮河流域", "<span data-toggle='tooltip' data-placement='right' title='所在地市:阜阳市&#10;所属河流:淮河'>王家坝</span>", "05-27 08:00", "Ⅳ", "<span data-toggle='tooltip' data-placement='right' title='原始值：26.18968'>26.2</span>", "<span data-toggle='tooltip' data-placement='right' title='原始值：8.45399'>8.45</span>", "<span data-toggle='tooltip' data-placement='right' title='原始值：10.93481'>10.93</span>", "<span data-toggle='tooltip' data-placement='right' title='原始值：522.0364'>522.0</span>", "<span data-toggle='tooltip' data-placement='right' title='原始值：15.84246'>15.8</span>", "<span data-toggle='tooltip' data-placement='right' title='原始值：4.79'>4.79</span>", "<span data-toggle='tooltip' data-placement='right' title='原始值：0.339'>0.339</span>", "<span data-toggle='tooltip' data-placement='right' title='原始值：0.24254'>0.243</span>", "<span data-toggle='tooltip' data-placement='right' title='原始值：1.25196'>1.25</span>", "*", "*", "正常"], ["安徽省", "淮河流域", "<span data-toggle='tooltip' data-placement='right' title='所在地市:阜阳市&#10;所属河流:颍河'>界首七渡口(七渡口)</span>", "05-27 08:00", "Ⅱ", "<span data-toggle='tooltip' data-placement='right' title='原始值：17.62623'>17.6</span>", "<span data-toggle='tooltip' data-placement='right' title='原始值：7.8398'>7.84</span>", "<span data-toggle='tooltip' data-placement='right' title='原始值：7.59248'>7.59</span>", "<span data-toggle='tooltip' data-placement='right' title='原始值：898.5861'>898.6</span>", "<span data-toggle='tooltip' data-placement='right' title='原始值：9.1764'>9.2</span>", "<span data-toggle='tooltip' data-placement='right' title='原始值：2.56'>2.56</span>", "<span data-toggle='tooltip' data-placement='right' title='原始值：0.21'>0.210</span>", "<span data-toggle='tooltip' data-placement='right' title='原始值：0.0859'>0.086</span>", "<span data-toggle='tooltip' data-placement='right' title='原始值：4.04419'>4.04</span>", "*", "*", "正常"], ["安徽省", "淮河流域", "<span data-toggle='tooltip' data-placement='right' title='所在地市:阜阳市&#10;所属河流:泉河'>许庄(徐庄)</span>", "05-27 08:00", "Ⅱ", "<span data-toggle='tooltip' data-placement='right' title='原始值：23.6'>23.6</span>", "<span data-toggle='tooltip' data-placement='right' title='原始值：7.41'>7.41</span>", "<span data-toggle='tooltip' data-placement='right' title='原始值：6.94'>6.94</span>", "<span data-toggle='tooltip' data-placement='right' title='原始值：1029.3'>1029.3</span>", "<span data-toggle='tooltip' data-placement='right' title='原始值：279.76'>279.8</span>", "<span data-toggle='tooltip' data-placement='right' title='原始值：3.49'>3.49</span>", "<span data-toggle='tooltip' data-placement='right' title='原始值：0.01'>0.010</span>", "<span data-toggle='tooltip' data-placement='right' title='原始值：0.073'>0.073</span>", "<span data-toggle='tooltip' data-placement='right' title='原始值：0.357'>0.36</span>", "*", "*", "正常"], ["安徽省", "淮河流域", "<span data-toggle='tooltip' data-placement='right' title='所在地市:宿州市&#10;所属河流:奎河'>杨庄</span>", "05-27 08:02", "Ⅳ", "<span data-toggle='tooltip' data-placement='right' title='原始值：24.3'>24.3</span>", "<span data-toggle='tooltip' data-placement='right' title='原始值：7.42'>7.42</span>", "<span data-toggle='tooltip' data-placement='right' title='原始值：5.3'>5.30</span>", "<span data-toggle='tooltip' data-placement='right' title='原始值：1036.3'>1036.3</span>", "<span data-toggle='tooltip' data-placement='right' title='原始值：370.17'>370.2</span>", "<span data-toggle='tooltip' data-placement='right' title='原始值：6.53'>6.53</span>", "<span data-toggle='tooltip' data-placement='right' title='原始值：0.59'>0.590</span>", "*", "*", "*", "*", "正常"], ["安徽省", "淮河流域", "<span data-toggle='tooltip' data-placement='right' title='所在地市:宿州市&#10;所属河流:新汴河'>泗县公路桥</span>", null, "", "--", "--", "--", "--", "--", "--", "--", "--", "--", "*", "*", "停站"], ["安徽省", "淮河流域", "<span data-toggle='tooltip' data-placement='right' title='所在地市:亳州市&#10;所属河流:包河'>颜集</span>", "05-27 08:00", "Ⅴ", "<span data-toggle='tooltip' data-placement='right' title='原始值：23.8'>23.8</span>", "<span data-toggle='tooltip' data-placement='right' title='原始值：8.15'>8.15</span>", "<span data-toggle='tooltip' data-placement='right' title='原始值：4.73'>4.73</span>", "<span data-toggle='tooltip' data-placement='right' title='原始值：1783.1'>1783.1</span>", "<span data-toggle='tooltip' data-placement='right' title='原始值：234.09'>234.1</span>", "<span data-toggle='tooltip' data-placement='right' title='原始值：4.6'>4.60</span>", "<span data-toggle='tooltip' data-placement='right' title='原始值：0.02'>0.020</span>", "<span data-toggle='tooltip' data-placement='right' title='原始值：0.36'>0.360</span>", "<span data-toggle='tooltip' data-placement='right' title='原始值：1.967'>1.97</span>", "*", "*", "正常"], ["福建省", "浙闽片河流", "<span data-toggle='tooltip' data-placement='right' title='所在地市:福州市&#10;所属河流:闽江'>白岩潭</span>", "05-27 08:00", "Ⅱ", "<span data-toggle='tooltip' data-placement='right' title='原始值：25.81'>25.8</span>", "<span data-toggle='tooltip' data-placement='right' title='原始值：6.77'>6.77</span>", "<span data-toggle='tooltip' data-placement='right' title='原始值：6.22'>6.22</span>", "<span data-toggle='tooltip' data-placement='right' title='原始值：165.5'>165.5</span>", "<span data-toggle='tooltip' data-placement='right' title='原始值：127.64'>127.6</span>", "<span data-toggle='tooltip' data-placement='right' title='原始值：2.5'>2.50</span>", "<span data-toggle='tooltip' data-placement='right' title='原始值：0.07'>0.070</span>", "*", "*", "*", "*", "正常"], ["江西省", "长江流域", "<span data-toggle='tooltip' data-placement='right' title='所在地市:南昌市&#10;所属河流:赣江南支'>滁槎</span>", "05-27 08:00", "Ⅳ", "<span data-toggle='tooltip' data-placement='right' title='原始值：26.64838'>26.6</span>", "<span data-toggle='tooltip' data-placement='right' title='原始值：7.0607'>7.06</span>", "<span data-toggle='tooltip' data-placement='right' title='原始值：4.71573'>4.72</span>", "<span data-toggle='tooltip' data-placement='right' title='原始值：186.8243'>186.8</span>", "<span data-toggle='tooltip' data-placement='right' title='原始值：11.91632'>11.9</span>", "<span data-toggle='tooltip' data-placement='right' title='原始值：1.41'>1.41</span>", "<span data-toggle='tooltip' data-placement='right' title='原始值：0.21'>0.210</span>", "<span data-toggle='tooltip' data-placement='right' title='原始值：0.07675'>0.077</span>", "<span data-toggle='tooltip' data-placement='right' title='原始值：2.31938'>2.32</span>", "*", "*", "正常"], ["江西省", "长江流域", "<span data-toggle='tooltip' data-placement='right' title='所在地市:九江市&#10;所属河流:长江'>姚港(河西水厂)</span>", null, "", "--", "--", "--", "--", "--", "--", "--", "--", "--", "*", "*", "停站"], ["江西省", "长江流域", "<span data-toggle='tooltip' data-placement='right' title='所在地市:九江市&#10;所属河流:鄱阳湖'>蛤蟆石</span>", null, "", "--", "--", "--", "--", "--", "--", "--", "--", "--", "--", "--", "停站"], ["山东省", "黄河流域", "<span data-toggle='tooltip' data-placement='right' title='所在地市:济南市&#10;所属河流:黄河'>泺口</span>", "05-27 08:00", "Ⅰ", "<span data-toggle='tooltip' data-placement='right' title='原始值：23.3164'>23.3</span>", "<span data-toggle='tooltip' data-placement='right' title='原始值：8.36718'>8.37</span>", "<span data-toggle='tooltip' data-placement='right' title='原始值：8.03723'>8.04</span>", "<span data-toggle='tooltip' data-placement='right' title='原始值：1070.88'>1070.9</span>", "<span data-toggle='tooltip' data-placement='right' title='原始值：730.869'>730.9</span>", "<span data-toggle='tooltip' data-placement='right' title='原始值：1.65'>1.65</span>", "<span data-toggle='tooltip' data-placement='right' title='原始值：0.0872'>0.087</span>", "<span data-toggle='tooltip' data-placement='right' title='原始值：0.01761'>0.018</span>", "<span data-toggle='tooltip' data-placement='right' title='原始值：3.928'>3.93</span>", "*", "*", "正常"], ["山东省", "淮河流域", "<span data-toggle='tooltip' data-placement='right' title='所在地市:枣庄市&#10;所属河流:京杭大运河（韩庄运河）'>台儿庄大桥</span>", "05-27 08:00", "Ⅱ", "<span data-toggle='tooltip' data-placement='right' title='原始值：24.15'>24.2</span>", "<span data-toggle='tooltip' data-placement='right' title='原始值：7.95252'>7.95</span>", "<span data-toggle='tooltip' data-placement='right' title='原始值：7.58895'>7.59</span>", "<span data-toggle='tooltip' data-placement='right' title='原始值：724.7'>724.7</span>", "<span data-toggle='tooltip' data-placement='right' title='原始值：71.24858'>71.2</span>", "<span data-toggle='tooltip' data-placement='right' title='原始值：3.75297'>3.75</span>", "<span data-toggle='tooltip' data-placement='right' title='原始值：0.03663'>0.037</span>", "<span data-toggle='tooltip' data-placement='right' title='原始值：0.05394'>0.054</span>", "<span data-toggle='tooltip' data-placement='right' title='原始值：1.20074'>1.20</span>", "*", "*", "正常"], ["山东省", "淮河流域", "<span data-toggle='tooltip' data-placement='right' title='所在地市:临沂市&#10;所属河流:沭河'>清泉寺</span>", "05-27 08:00", "", "<span data-toggle='tooltip' data-placement='right' title='原始值：24.61634'>24.6</span>", "<span data-toggle='tooltip' data-placement='right' title='原始值：7.64142'>7.64</span>", "<span data-toggle='tooltip' data-placement='right' title='原始值：6.16521'>6.17</span>", "<span data-toggle='tooltip' data-placement='right' title='原始值：1341.807'>1341.8</span>", "<span data-toggle='tooltip' data-placement='right' title='原始值：13.73533'>13.7</span>", "<span data-toggle='tooltip' data-placement='right' title='原始值：6.60999'>6.61</span>", "<span data-toggle='tooltip' data-placement='right' title='极值过滤'>--</span>", "*", "*", "*", "*", "维护"], ["山东省", "淮河流域", "<span data-toggle='tooltip' data-placement='right' title='所在地市:临沂市&#10;所属河流:沂河'>重坊桥</span>", "05-27 08:00", "Ⅱ", "<span data-toggle='tooltip' data-placement='right' title='原始值：23.89999'>23.9</span>", "<span data-toggle='tooltip' data-placement='right' title='原始值：7.40765'>7.41</span>", "<span data-toggle='tooltip' data-placement='right' title='原始值：7.13692'>7.14</span>", "<span data-toggle='tooltip' data-placement='right' title='原始值：870'>870.0</span>", "<span data-toggle='tooltip' data-placement='right' title='原始值：2.39159'>2.4</span>", "<span data-toggle='tooltip' data-placement='right' title='原始值：3.1'>3.10</span>", "<span data-toggle='tooltip' data-placement='right' title='原始值：0.06831'>0.068</span>", "*", "*", "*", "*", "正常"], ["山东省", "淮河流域", "<span data-toggle='tooltip' data-placement='right' title='所在地市:临沂市&#10;所属河流:白马河'>捷庄(涝沟桥)</span>", "05-27 08:00", "Ⅳ", "<span data-toggle='tooltip' data-placement='right' title='原始值：24'>24.0</span>", "<span data-toggle='tooltip' data-placement='right' title='原始值：7.37'>7.37</span>", "<span data-toggle='tooltip' data-placement='right' title='原始值：7.19726'>7.20</span>", "<span data-toggle='tooltip' data-placement='right' title='原始值：951.9999'>952.0</span>", "<span data-toggle='tooltip' data-placement='right' title='原始值：98.00717'>98.0</span>", "<span data-toggle='tooltip' data-placement='right' title='原始值：6.67'>6.67</span>", "<span data-toggle='tooltip' data-placement='right' title='原始值：0.04941'>0.049</span>", "<span data-toggle='tooltip' data-placement='right' title='原始值：0.0902'>0.090</span>", "<span data-toggle='tooltip' data-placement='right' title='原始值：0.93228'>0.93</span>", "*", "*", "正常"], ["山东省", "海河流域", "<span data-toggle='tooltip' data-placement='right' title='所在地市:聊城市&#10;所属河流:卫运河'>秤勾湾(秤钩湾)</span>", null, "", "--", "--", "--", "--", "--", "--", "--", "--", "--", "*", "*", "停站"], ["河南省", "长江流域", "<span data-toggle='tooltip' data-placement='right' title='所在地市:南阳市&#10;所属河流:丹江口水库'>陶岔</span>", "05-27 04:00", "Ⅱ", "<span data-toggle='tooltip' data-placement='right' title='原始值：23.91'>23.9</span>", "<span data-toggle='tooltip' data-placement='right' title='原始值：8.04355'>8.04</span>", "<span data-toggle='tooltip' data-placement='right' title='原始值：8.81812'>8.82</span>", "<span data-toggle='tooltip' data-placement='right' title='原始值：303.5631'>303.6</span>", "<span data-toggle='tooltip' data-placement='right' title='原始值：4.75175'>4.8</span>", "<span data-toggle='tooltip' data-placement='right' title='原始值：2.85'>2.85</span>", "<span data-toggle='tooltip' data-placement='right' title='原始值：0.02461'>0.025</span>", "<span data-toggle='tooltip' data-placement='right' title='原始值：0.01019'>0.010</span>", "<span data-toggle='tooltip' data-placement='right' title='原始值：1.04211'>1.04</span>", "<span data-toggle='tooltip' data-placement='right' title='原始值：0.00835'>0.008</span>", "<span data-toggle='tooltip' data-placement='right' title='原始值：216980.3'>216980</span>", "正常"], ["河南省", "淮河流域", "<span data-toggle='tooltip' data-placement='right' title='所在地市:商丘市&#10;所属河流:浍河'>黄口</span>", "05-27 08:00", "Ⅳ", "<span data-toggle='tooltip' data-placement='right' title='原始值：23.8'>23.8</span>", "<span data-toggle='tooltip' data-placement='right' title='原始值：8.16'>8.16</span>", "<span data-toggle='tooltip' data-placement='right' title='原始值：4.93'>4.93</span>", "<span data-toggle='tooltip' data-placement='right' title='原始值：5422.996'>5423.0</span>", "<span data-toggle='tooltip' data-placement='right' title='原始值：78.5443'>78.5</span>", "<span data-toggle='tooltip' data-placement='right' title='原始值：4.53'>4.53</span>", "<span data-toggle='tooltip' data-placement='right' title='原始值：0.04995'>0.050</span>", "<span data-toggle='tooltip' data-placement='right' title='原始值：0.1191'>0.119</span>", "<span data-toggle='tooltip' data-placement='right' title='原始值：1.85443'>1.85</span>", "*", "*", "正常"], ["河南省", "淮河流域", "<span data-toggle='tooltip' data-placement='right' title='所在地市:信阳市&#10;所属河流:史灌河'>蒋集</span>", "05-27 08:00", "Ⅳ", "<span data-toggle='tooltip' data-placement='right' title='原始值：27.28741'>27.3</span>", "<span data-toggle='tooltip' data-placement='right' title='原始值：7.57053'>7.57</span>", "<span data-toggle='tooltip' data-placement='right' title='原始值：4.39307'>4.39</span>", "<span data-toggle='tooltip' data-placement='right' title='原始值：292.3732'>292.4</span>", "<span data-toggle='tooltip' data-placement='right' title='原始值：411.4685'>411.5</span>", "<span data-toggle='tooltip' data-placement='right' title='原始值：2.48'>2.48</span>", "<span data-toggle='tooltip' data-placement='right' title='原始值：0.05681'>0.057</span>", "*", "*", "*", "*", "正常"], ["河南省", "淮河流域", "<span data-toggle='tooltip' data-placement='right' title='所在地市:信阳市&#10;所属河流:淮河'>淮滨水文站(淮滨)</span>", "05-27 08:00", "", "<span data-toggle='tooltip' data-placement='right' title='原始值：23.8'>23.8</span>", "<span data-toggle='tooltip' data-placement='right' title='原始值：8.11062'>8.11</span>", "<span data-toggle='tooltip' data-placement='right' title='原始值：8.64998'>8.65</span>", "<span data-toggle='tooltip' data-placement='right' title='原始值：326'>326.0</span>", "<span data-toggle='tooltip' data-placement='right' title='原始值：24.4166'>24.4</span>", "<span data-toggle='tooltip' data-placement='right' title='极值过滤'>--</span>", "<span data-toggle='tooltip' data-placement='right' title='原始值：0.18924'>0.189</span>", "<span data-toggle='tooltip' data-placement='right' title='原始值：0.0271'>0.027</span>", "<span data-toggle='tooltip' data-placement='right' title='原始值：1.15935'>1.16</span>", "*", "*", "维护"], ["河南省", "淮河流域", "<span data-toggle='tooltip' data-placement='right' title='所在地市:周口市&#10;所属河流:沙河'>沈丘闸</span>", "05-27 08:00", "Ⅲ", "<span data-toggle='tooltip' data-placement='right' title='原始值：23.25134'>23.3</span>", "<span data-toggle='tooltip' data-placement='right' title='原始值：8.32219'>8.32</span>", "<span data-toggle='tooltip' data-placement='right' title='原始值：11.1989'>11.20</span>", "<span data-toggle='tooltip' data-placement='right' title='原始值：828.5091'>828.5</span>", "<span data-toggle='tooltip' data-placement='right' title='原始值：13.38547'>13.4</span>", "<span data-toggle='tooltip' data-placement='right' title='原始值：4.16'>4.16</span>", "<span data-toggle='tooltip' data-placement='right' title='原始值：0.12'>0.120</span>", "*", "*", "*", "*", "正常"], ["河南省", "淮河流域", "<span data-toggle='tooltip' data-placement='right' title='所在地市:周口市&#10;所属河流:涡河'>鹿邑付桥(鹿邑付桥闸)</span>", "05-27 08:00", "Ⅲ", "<span data-toggle='tooltip' data-placement='right' title='原始值：25.36137'>25.4</span>", "<span data-toggle='tooltip' data-placement='right' title='原始值：8.5175'>8.52</span>", "<span data-toggle='tooltip' data-placement='right' title='原始值：8.42753'>8.43</span>", "<span data-toggle='tooltip' data-placement='right' title='原始值：1488.415'>1488.4</span>", "<span data-toggle='tooltip' data-placement='right' title='原始值：10.14346'>10.1</span>", "<span data-toggle='tooltip' data-placement='right' title='原始值：1.71'>1.71</span>", "<span data-toggle='tooltip' data-placement='right' title='原始值：0.05'>0.050</span>", "<span data-toggle='tooltip' data-placement='right' title='原始值：0.1004'>0.100</span>", "<span data-toggle='tooltip' data-placement='right' title='原始值：1.65085'>1.65</span>", "*", "*", "正常"], ["河南省", "淮河流域", "<span data-toggle='tooltip' data-placement='right' title='所在地市:驻马店市&#10;所属河流:洪河'>新蔡班台(班台)</span>", "05-27 08:00", "Ⅳ", "<span data-toggle='tooltip' data-placement='right' title='原始值：24.17715'>24.2</span>", "<span data-toggle='tooltip' data-placement='right' title='原始值：6.49696'>6.50</span>", "<span data-toggle='tooltip' data-placement='right' title='原始值：4.38094'>4.38</span>", "<span data-toggle='tooltip' data-placement='right' title='原始值：1310.083'>1310.1</span>", "<span data-toggle='tooltip' data-placement='right' title='原始值：1.20986'>1.2</span>", "<span data-toggle='tooltip' data-placement='right' title='原始值：6.57126'>6.57</span>", "<span data-toggle='tooltip' data-placement='right' title='原始值：0.48'>0.480</span>", "<span data-toggle='tooltip' data-placement='right' title='原始值：0.28993'>0.290</span>", "<span data-toggle='tooltip' data-placement='right' title='原始值：2.66611'>2.67</span>", "*", "*", "正常"], ["河南省", "黄河流域", "<span data-toggle='tooltip' data-placement='right' title='所在地市:济源市&#10;所属河流:黄河'>小浪底水库(小浪底)</span>", "05-27 08:00", "Ⅱ", "<span data-toggle='tooltip' data-placement='right' title='原始值：16.58025'>16.6</span>", "<span data-toggle='tooltip' data-placement='right' title='原始值：8.7245'>8.72</span>", "<span data-toggle='tooltip' data-placement='right' title='原始值：7.45199'>7.45</span>", "<span data-toggle='tooltip' data-placement='right' title='原始值：1010.533'>1010.5</span>", "<span data-toggle='tooltip' data-placement='right' title='原始值：4.9156'>4.9</span>", "<span data-toggle='tooltip' data-placement='right' title='原始值：2.3225'>2.32</span>", "<span data-toggle='tooltip' data-placement='right' title='原始值：0.13'>0.130</span>", "<span data-toggle='tooltip' data-placement='right' title='原始值：0.03303'>0.033</span>", "<span data-toggle='tooltip' data-placement='right' title='原始值：4.04'>4.04</span>", "*", "*", "正常"], ["湖北省", "长江流域", "<span data-toggle='tooltip' data-placement='right' title='所在地市:武汉市&#10;所属河流:汉江'>宗关</span>", null, "", "--", "--", "--", "--", "--", "--", "--", "--", "--", "*", "*", "停站"], ["湖北省", "长江流域", "<span data-toggle='tooltip' data-placement='right' title='所在地市:十堰市&#10;所属河流:丹江口水库'>坝上中(胡家岭)</span>", "05-27 08:08", "Ⅱ", "<span data-toggle='tooltip' data-placement='right' title='原始值：22.87764'>22.9</span>", "<span data-toggle='tooltip' data-placement='right' title='原始值：8.8345'>8.83</span>", "<span data-toggle='tooltip' data-placement='right' title='原始值：8.68661'>8.69</span>", "<span data-toggle='tooltip' data-placement='right' title='原始值：302.1614'>302.2</span>", "<span data-toggle='tooltip' data-placement='right' title='原始值：3.35353'>3.4</span>", "<span data-toggle='tooltip' data-placement='right' title='原始值：1.69'>1.69</span>", "<span data-toggle='tooltip' data-placement='right' title='原始值：0.12'>0.120</span>", "<span data-toggle='tooltip' data-placement='right' title='原始值：0.0112'>0.011</span>", "<span data-toggle='tooltip' data-placement='right' title='原始值：1.187'>1.19</span>", "<span data-toggle='tooltip' data-placement='right' title='原始值：0.01059'>0.011</span>", "<span data-toggle='tooltip' data-placement='right' title='原始值：1.91145E+07'>19114500</span>", "正常"], ["湖北省", "长江流域", "<span data-toggle='tooltip' data-placement='right' title='所在地市:宜昌市&#10;所属河流:长江'>南津关</span>", null, "", "--", "--", "--", "--", "--", "--", "--", "--", "--", "*", "*", "停站"], ["湖南省", "长江流域", "<span data-toggle='tooltip' data-placement='right' title='所在地市:长沙市&#10;所属河流:湘江'>新港</span>", null, "", "--", "--", "--", "--", "--", "--", "--", "--", "--", "*", "*", "停站"], ["湖南省", "长江流域", "<span data-toggle='tooltip' data-placement='right' title='所在地市:岳阳市&#10;所属河流:洞庭湖'>岳阳楼</span>", null, "", "--", "--", "--", "--", "--", "--", "--", "--", "--", "--", "--", "停站"], ["湖南省", "长江流域", "<span data-toggle='tooltip' data-placement='right' title='所在地市:岳阳市&#10;所属河流:长江'>城陵矶</span>", null, "", "--", "--", "--", "--", "--", "--", "--", "--", "--", "*", "*", "停站"], ["广东省", "珠江流域", "<span data-toggle='tooltip' data-placement='right' title='所在地市:清远市&#10;所属河流:北江'>七星岗</span>", "05-27 08:00", "Ⅲ", "<span data-toggle='tooltip' data-placement='right' title='原始值：26.33957'>26.3</span>", "<span data-toggle='tooltip' data-placement='right' title='原始值：6.73073'>6.73</span>", "<span data-toggle='tooltip' data-placement='right' title='原始值：5.34612'>5.35</span>", "<span data-toggle='tooltip' data-placement='right' title='原始值：180.3298'>180.3</span>", "<span data-toggle='tooltip' data-placement='right' title='原始值：26.04234'>26.0</span>", "<span data-toggle='tooltip' data-placement='right' title='原始值：1'>1.00</span>", "<span data-toggle='tooltip' data-placement='right' title='原始值：0.08995'>0.090</span>", "<span data-toggle='tooltip' data-placement='right' title='原始值：0.01144'>0.011</span>", "<span data-toggle='tooltip' data-placement='right' title='原始值：1.9387'>1.94</span>", "*", "*", "正常"], ["广东省", "珠江流域", "<span data-toggle='tooltip' data-placement='right' title='所在地市:中山市&#10;所属河流:西江'>横栏</span>", "05-27 08:00", "Ⅱ", "<span data-toggle='tooltip' data-placement='right' title='原始值：26.3'>26.3</span>", "<span data-toggle='tooltip' data-placement='right' title='原始值：7.57'>7.57</span>", "<span data-toggle='tooltip' data-placement='right' title='原始值：6.76'>6.76</span>", "<span data-toggle='tooltip' data-placement='right' title='原始值：288'>288.0</span>", "<span data-toggle='tooltip' data-placement='right' title='原始值：12.5'>12.5</span>", "<span data-toggle='tooltip' data-placement='right' title='原始值：1.74'>1.74</span>", "<span data-toggle='tooltip' data-placement='right' title='原始值：0.10694'>0.107</span>", "*", "*", "*", "*", "正常"], ["广西壮族自治区", "珠江流域", "<span data-toggle='tooltip' data-placement='right' title='所在地市:南宁市&#10;所属河流:邕江'>老口</span>", "05-27 08:00", "Ⅱ", "<span data-toggle='tooltip' data-placement='right' title='原始值：27.46769'>27.5</span>", "<span data-toggle='tooltip' data-placement='right' title='原始值：7.5813'>7.58</span>", "<span data-toggle='tooltip' data-placement='right' title='原始值：6.02093'>6.02</span>", "<span data-toggle='tooltip' data-placement='right' title='原始值：286.0923'>286.1</span>", "<span data-toggle='tooltip' data-placement='right' title='原始值：10.73996'>10.7</span>", "<span data-toggle='tooltip' data-placement='right' title='原始值：0.99947'>1.00</span>", "<span data-toggle='tooltip' data-placement='right' title='原始值：0.05631'>0.056</span>", "<span data-toggle='tooltip' data-placement='right' title='原始值：0.03237'>0.032</span>", "<span data-toggle='tooltip' data-placement='right' title='原始值：2.32242'>2.32</span>", "*", "*", "正常"], ["广西壮族自治区", "珠江流域", "<span data-toggle='tooltip' data-placement='right' title='所在地市:桂林市&#10;所属河流:漓江'>阳朔</span>", "05-27 08:00", "Ⅲ", "<span data-toggle='tooltip' data-placement='right' title='原始值：22.7'>22.7</span>", "<span data-toggle='tooltip' data-placement='right' title='原始值：7.085'>7.08</span>", "<span data-toggle='tooltip' data-placement='right' title='原始值：5.51452'>5.51</span>", "<span data-toggle='tooltip' data-placement='right' title='原始值：189.5'>189.5</span>", "<span data-toggle='tooltip' data-placement='right' title='原始值：59.51251'>59.5</span>", "<span data-toggle='tooltip' data-placement='right' title='原始值：2.71'>2.71</span>", "<span data-toggle='tooltip' data-placement='right' title='原始值：0.02737'>0.027</span>", "<span data-toggle='tooltip' data-placement='right' title='原始值：0.06058'>0.061</span>", "<span data-toggle='tooltip' data-placement='right' title='原始值：2.5971'>2.60</span>", "*", "*", "正常"], ["广西壮族自治区", "珠江流域", "<span data-toggle='tooltip' data-placement='right' title='所在地市:梧州市&#10;所属河流:浔江'>界首</span>", null, "", "--", "--", "--", "--", "--", "--", "--", "--", "--", "*", "*", "停站"], ["广西壮族自治区", "珠江流域", "<span data-toggle='tooltip' data-placement='right' title='所在地市:贵港市&#10;所属河流:浔江'>石嘴</span>", "05-27 08:00", "Ⅱ", "<span data-toggle='tooltip' data-placement='right' title='原始值：27.88354'>27.9</span>", "<span data-toggle='tooltip' data-placement='right' title='原始值：7.05909'>7.06</span>", "<span data-toggle='tooltip' data-placement='right' title='原始值：7.80862'>7.81</span>", "<span data-toggle='tooltip' data-placement='right' title='原始值：276.4916'>276.5</span>", "<span data-toggle='tooltip' data-placement='right' title='原始值：35.06341'>35.1</span>", "<span data-toggle='tooltip' data-placement='right' title='原始值：0.81'>0.81</span>", "<span data-toggle='tooltip' data-placement='right' title='原始值：0.13'>0.130</span>", "<span data-toggle='tooltip' data-placement='right' title='原始值：0.03409'>0.034</span>", "<span data-toggle='tooltip' data-placement='right' title='原始值：2.4125'>2.41</span>", "*", "*", "正常"], ["广西壮族自治区", "珠江流域", "<span data-toggle='tooltip' data-placement='right' title='所在地市:崇左市&#10;所属河流:平而河'>平而关</span>", null, "", "--", "--", "--", "--", "--", "--", "--", "*", "*", "*", "*", "维护"], ["重庆市", "长江流域", "<span data-toggle='tooltip' data-placement='right' title='所在地市:永川区&#10;所属河流:长江'>朱沱</span>", null, "", "--", "--", "--", "--", "--", "--", "--", "--", "--", "*", "*", "停站"], ["四川省", "长江流域", "<span data-toggle='tooltip' data-placement='right' title='所在地市:攀枝花市&#10;所属河流:金沙江'>龙洞</span>", "05-27 08:00", "Ⅰ", "<span data-toggle='tooltip' data-placement='right' title='原始值：18.25299'>18.3</span>", "<span data-toggle='tooltip' data-placement='right' title='原始值：8.0375'>8.04</span>", "<span data-toggle='tooltip' data-placement='right' title='原始值：8.86437'>8.86</span>", "<span data-toggle='tooltip' data-placement='right' title='原始值：556.6121'>556.6</span>", "<span data-toggle='tooltip' data-placement='right' title='原始值：1.90614'>1.9</span>", "<span data-toggle='tooltip' data-placement='right' title='原始值：1.65'>1.65</span>", "<span data-toggle='tooltip' data-placement='right' title='原始值：0.08'>0.080</span>", "<span data-toggle='tooltip' data-placement='right' title='原始值：0.00537'>0.005</span>", "<span data-toggle='tooltip' data-placement='right' title='原始值：0.46435'>0.46</span>", "*", "*", "正常"], ["四川省", "长江流域", "<span data-toggle='tooltip' data-placement='right' title='所在地市:泸州市&#10;所属河流:沱江'>沱江大桥(沱江二桥)</span>", null, "", "--", "--", "--", "--", "--", "--", "--", "--", "--", "*", "*", "停站"], ["四川省", "长江流域", "<span data-toggle='tooltip' data-placement='right' title='所在地市:广元市&#10;所属河流:嘉陵江'>清风峡</span>", "05-27 04:00", "Ⅰ", "<span data-toggle='tooltip' data-placement='right' title='原始值：21.80002'>21.8</span>", "<span data-toggle='tooltip' data-placement='right' title='原始值：8.20001'>8.20</span>", "<span data-toggle='tooltip' data-placement='right' title='原始值：8.8724'>8.87</span>", "<span data-toggle='tooltip' data-placement='right' title='原始值：349.9445'>349.9</span>", "<span data-toggle='tooltip' data-placement='right' title='原始值：22.87222'>22.9</span>", "<span data-toggle='tooltip' data-placement='right' title='原始值：1.01'>1.01</span>", "<span data-toggle='tooltip' data-placement='right' title='原始值：0.03672'>0.037</span>", "*", "*", "*", "*", "正常"], ["四川省", "长江流域", "<span data-toggle='tooltip' data-placement='right' title='所在地市:乐山市&#10;所属河流:岷江'>岷江大桥</span>", "05-27 08:00", "Ⅱ", "<span data-toggle='tooltip' data-placement='right' title='原始值：24.13519'>24.1</span>", "<span data-toggle='tooltip' data-placement='right' title='原始值：7.50615'>7.51</span>", "<span data-toggle='tooltip' data-placement='right' title='原始值：6.29157'>6.29</span>", "<span data-toggle='tooltip' data-placement='right' title='原始值：525.8422'>525.8</span>", "<span data-toggle='tooltip' data-placement='right' title='原始值：37.81332'>37.8</span>", "<span data-toggle='tooltip' data-placement='right' title='原始值：3.71'>3.71</span>", "<span data-toggle='tooltip' data-placement='right' title='原始值：0.31'>0.310</span>", "*", "*", "*", "*", "正常"], ["四川省", "长江流域", "<span data-toggle='tooltip' data-placement='right' title='所在地市:宜宾市&#10;所属河流:岷江'>凉姜沟</span>", null, "", "--", "--", "--", "--", "--", "--", "--", "--", "--", "*", "*", "停站"], ["云南省", "滇池流域", "<span data-toggle='tooltip' data-placement='right' title='所在地市:昆明市&#10;所属河流:滇池'>西苑隧道</span>", "05-27 08:02", "劣Ⅴ", "<span data-toggle='tooltip' data-placement='right' title='原始值：21.23412'>21.2</span>", "<span data-toggle='tooltip' data-placement='right' title='原始值：7.744'>7.74</span>", "<span data-toggle='tooltip' data-placement='right' title='原始值：3.32718'>3.33</span>", "<span data-toggle='tooltip' data-placement='right' title='原始值：663.1147'>663.1</span>", "<span data-toggle='tooltip' data-placement='right' title='原始值：18.83587'>18.8</span>", "<span data-toggle='tooltip' data-placement='right' title='原始值：10.64999'>10.65</span>", "<span data-toggle='tooltip' data-placement='right' title='原始值：0.35'>0.350</span>", "<span data-toggle='tooltip' data-placement='right' title='原始值：0.23938'>0.239</span>", "<span data-toggle='tooltip' data-placement='right' title='原始值：3.07945'>3.08</span>", "<span data-toggle='tooltip' data-placement='right' title='原始值：0.07471'>0.075</span>", "<span data-toggle='tooltip' data-placement='right' title='原始值：6982717'>6982717</span>", "正常"], ["云南省", "滇池流域", "<span data-toggle='tooltip' data-placement='right' title='所在地市:昆明市&#10;所属河流:滇池'>观音山</span>", "05-27 08:00", "Ⅴ", "<span data-toggle='tooltip' data-placement='right' title='原始值：23.61931'>23.6</span>", "<span data-toggle='tooltip' data-placement='right' title='原始值：7.37297'>7.37</span>", "<span data-toggle='tooltip' data-placement='right' title='原始值：7.40462'>7.40</span>", "<span data-toggle='tooltip' data-placement='right' title='原始值：439.7'>439.7</span>", "<span data-toggle='tooltip' data-placement='right' title='原始值：78.65188'>78.7</span>", "<span data-toggle='tooltip' data-placement='right' title='原始值：6.51'>6.51</span>", "<span data-toggle='tooltip' data-placement='right' title='原始值：0.27'>0.270</span>", "<span data-toggle='tooltip' data-placement='right' title='原始值：0.1228'>0.123</span>", "<span data-toggle='tooltip' data-placement='right' title='原始值：1.2'>1.20</span>", "<span data-toggle='tooltip' data-placement='right' title='原始值：0.03624'>0.036</span>", "<span data-toggle='tooltip' data-placement='right' title='原始值：7699870'>7699870</span>", "正常"], ["云南省", "西南诸河", "<span data-toggle='tooltip' data-placement='right' title='所在地市:红河哈尼族彝族自治州&#10;所属河流:红河'>河口县医院(河口)</span>", "05-27 08:00", "Ⅲ", "<span data-toggle='tooltip' data-placement='right' title='原始值：27.3'>27.3</span>", "<span data-toggle='tooltip' data-placement='right' title='原始值：7.50125'>7.50</span>", "<span data-toggle='tooltip' data-placement='right' title='原始值：7.34998'>7.35</span>", "<span data-toggle='tooltip' data-placement='right' title='原始值：157'>157.0</span>", "<span data-toggle='tooltip' data-placement='right' title='原始值：235.4456'>235.4</span>", "<span data-toggle='tooltip' data-placement='right' title='原始值：4.73'>4.73</span>", "<span data-toggle='tooltip' data-placement='right' title='原始值：0.05118'>0.051</span>", "<span data-toggle='tooltip' data-placement='right' title='原始值：0.0157'>0.016</span>", "<span data-toggle='tooltip' data-placement='right' title='原始值：0.9363'>0.94</span>", "*", "*", "正常"], ["云南省", "西南诸河", "<span data-toggle='tooltip' data-placement='right' title='所在地市:西双版纳傣族自治州&#10;所属河流:澜沧江'>橄榄坝</span>", null, "", "--", "--", "--", "--", "--", "--", "--", "*", "*", "*", "*", "维护"], ["陕西省", "黄河流域", "<span data-toggle='tooltip' data-placement='right' title='所在地市:渭南市&#10;所属河流:渭河'>潼关吊桥</span>", "05-27 08:08", "Ⅴ", "<span data-toggle='tooltip' data-placement='right' title='原始值：22'>22.0</span>", "<span data-toggle='tooltip' data-placement='right' title='原始值：7.75'>7.75</span>", "<span data-toggle='tooltip' data-placement='right' title='原始值：8.34'>8.34</span>", "<span data-toggle='tooltip' data-placement='right' title='原始值：706.9844'>707.0</span>", "<span data-toggle='tooltip' data-placement='right' title='原始值：1005.247'>1005.2</span>", "<span data-toggle='tooltip' data-placement='right' title='原始值：12.59'>12.59</span>", "<span data-toggle='tooltip' data-placement='right' title='原始值：0.12'>0.120</span>", "<span data-toggle='tooltip' data-placement='right' title='原始值：0.32234'>0.322</span>", "<span data-toggle='tooltip' data-placement='right' title='原始值：8.01688'>8.02</span>", "*", "*", "正常"], ["甘肃省", "黄河流域", "<span data-toggle='tooltip' data-placement='right' title='所在地市:兰州市&#10;所属河流:黄河'>新城桥</span>", "05-27 08:00", "Ⅱ", "<span data-toggle='tooltip' data-placement='right' title='原始值：13.15118'>13.2</span>", "<span data-toggle='tooltip' data-placement='right' title='原始值：7.86762'>7.87</span>", "<span data-toggle='tooltip' data-placement='right' title='原始值：8.23151'>8.23</span>", "<span data-toggle='tooltip' data-placement='right' title='原始值：482.5369'>482.5</span>", "<span data-toggle='tooltip' data-placement='right' title='原始值：224.6642'>224.7</span>", "<span data-toggle='tooltip' data-placement='right' title='原始值：2.42'>2.42</span>", "<span data-toggle='tooltip' data-placement='right' title='原始值：0.14'>0.140</span>", "<span data-toggle='tooltip' data-placement='right' title='原始值：0.04'>0.040</span>", "<span data-toggle='tooltip' data-placement='right' title='原始值：2.76748'>2.77</span>", "*", "*", "正常"], ["宁夏回族自治区", "黄河流域", "<span data-toggle='tooltip' data-placement='right' title='所在地市:中卫市&#10;所属河流:黄河'>中卫下河沿(新墩)</span>", "05-27 08:00", "", "<span data-toggle='tooltip' data-placement='right' title='原始值：16.00698'>16.0</span>", "<span data-toggle='tooltip' data-placement='right' title='原始值：7.89492'>7.89</span>", "<span data-toggle='tooltip' data-placement='right' title='原始值：8.25752'>8.26</span>", "<span data-toggle='tooltip' data-placement='right' title='原始值：504.7914'>504.8</span>", "<span data-toggle='tooltip' data-placement='right' title='原始值：185.3376'>185.3</span>", "<span data-toggle='tooltip' data-placement='right' title='原始值：1.51'>1.51</span>", "<span data-toggle='tooltip' data-placement='right' title='极值过滤'>--</span>", "<span data-toggle='tooltip' data-placement='right' title='原始值：0.0503'>0.050</span>", "<span data-toggle='tooltip' data-placement='right' title='原始值：2.2887'>2.29</span>", "*", "*", "维护"]]}