{"result": 1, "total": 1, "records": 98, "thead": ["省份", "流域", "断面名称", "监测时间", "水质类别", "水温<br/><span class='unit'>(℃)</span>", "pH<br/><span class='unit'>(无量纲)</span>", "溶解氧<br/><span class='unit'>(mg/L)</span>", "电导率<br/><span class='unit'>(μS/cm)</span>", "浊度<br/><span class='unit'>(NTU)</span>", "高锰酸盐指数<br/><span class='unit'>(mg/L)</span>", "氨氮<br/><span class='unit'>(mg/L)</span>", "总磷<br/><span class='unit'>(mg/L)</span>", "总氮<br/><span class='unit'>(mg/L)</span>", "叶绿素α<br/><span class='unit'>(mg/L)</span>", "藻密度<br/><span class='unit'>(cells/L)</span>", "站点情况"], "tbody": [["北京市", "海河流域", "<span data-toggle='tooltip' data-placement='right' title='所在地市:门头沟区&#10;所属河流:永定河'>沿河城</span>", null, "", "--", "--", "--", "--", "--", "--", "--", "--", "--", "*", "*", "停站"], ["北京市", "海河流域", "<span data-toggle='tooltip' data-placement='right' title='所在地市:密云区&#10;所属河流:潮河'>古北口</span>", "05-24 08:05", "", "<span data-toggle='tooltip' data-placement='right' title='原始值：23.91084'>23.9</span>", "<span data-toggle='tooltip' data-placement='right' title='原始值：7.08422'>7.08</span>", "<span data-toggle='tooltip' data-placement='right' title='原始值：5.97736'>5.98</span>", "<span data-toggle='tooltip' data-placement='right' title='原始值：600.4015'>600.4</span>", "<span data-toggle='tooltip' data-placement='right' title='原始值：0.22595'>0.2</span>", "<span data-toggle='tooltip' data-placement='right' title='原始值：0.445'>0.44</span>", "<span data-toggle='tooltip' data-placement='right' title='极值过滤'>--</span>", "<span data-toggle='tooltip' data-placement='right' title='原始值：0.0311'>0.031</span>", "<span data-toggle='tooltip' data-placement='right' title='原始值：4.6017'>4.60</span>", "*", "*", "维护"], ["天津市", "海河流域", "<span data-toggle='tooltip' data-placement='right' title='所在地市:河北区&#10;所属河流:海河'>三岔口</span>", "05-24 08:00", "Ⅱ", "<span data-toggle='tooltip' data-placement='right' title='原始值：22.2537'>22.3</span>", "<span data-toggle='tooltip' data-placement='right' title='原始值：7.6453'>7.65</span>", "<span data-toggle='tooltip' data-placement='right' title='原始值：7.36'>7.36</span>", "<span data-toggle='tooltip' data-placement='right' title='原始值：262.1555'>262.2</span>", "<span data-toggle='tooltip' data-placement='right' title='原始值：19.668'>19.7</span>", "<span data-toggle='tooltip' data-placement='right' title='原始值：0.86'>0.86</span>", "<span data-toggle='tooltip' data-placement='right' title='原始值：0.34'>0.340</span>", "<span data-toggle='tooltip' data-placement='right' title='原始值：0.0456'>0.046</span>", "<span data-toggle='tooltip' data-placement='right' title='原始值：1.0566'>1.06</span>", "*", "*", "正常"], ["天津市", "海河流域", "<span data-toggle='tooltip' data-placement='right' title='所在地市:蓟州区&#10;所属河流:果河'>果河桥</span>", "05-24 08:00", "", "<span data-toggle='tooltip' data-placement='right' title='原始值：18'>18.0</span>", "<span data-toggle='tooltip' data-placement='right' title='原始值：8.427'>8.43</span>", "<span data-toggle='tooltip' data-placement='right' title='原始值：9.2'>9.20</span>", "<span data-toggle='tooltip' data-placement='right' title='原始值：583.868'>583.9</span>", "<span data-toggle='tooltip' data-placement='right' title='原始值：5.669'>5.7</span>", "<span data-toggle='tooltip' data-placement='right' title='极值过滤'>--</span>", "<span data-toggle='tooltip' data-placement='right' title='极值过滤'>--</span>", "<span data-toggle='tooltip' data-placement='right' title='极值过滤'>--</span>", "<span data-toggle='tooltip' data-placement='right' title='极值过滤'>--</span>", "*", "*", "维护"], ["河北省", "海河流域", "<span data-toggle='tooltip' data-placement='right' title='所在地市:石家庄市&#10;所属河流:滹沱河'>岗南水库</span>", "05-24 08:00", "", "<span data-toggle='tooltip' data-placement='right' title='原始值：22.55545'>22.6</span>", "<span data-toggle='tooltip' data-placement='right' title='原始值：8.28935'>8.29</span>", "<span data-toggle='tooltip' data-placement='right' title='原始值：9.57022'>9.57</span>", "<span data-toggle='tooltip' data-placement='right' title='原始值：566.9917'>567.0</span>", "<span data-toggle='tooltip' data-placement='right' title='原始值：4.65914'>4.7</span>", "<span data-toggle='tooltip' data-placement='right' title='原始值：2.12272'>2.12</span>", "<span data-toggle='tooltip' data-placement='right' title='极值过滤'>--</span>", "<span data-toggle='tooltip' data-placement='right' title='原始值：0.0214'>0.021</span>", "<span data-toggle='tooltip' data-placement='right' title='原始值：2.32077'>2.32</span>", "*", "*", "维护"], ["河北省", "海河流域", "<span data-toggle='tooltip' data-placement='right' title='所在地市:张家口市&#10;所属河流:永定河'>八号桥</span>", "05-24 08:10", "Ⅳ", "<span data-toggle='tooltip' data-placement='right' title='原始值：17.86915'>17.9</span>", "<span data-toggle='tooltip' data-placement='right' title='原始值：8.23321'>8.23</span>", "<span data-toggle='tooltip' data-placement='right' title='原始值：7.55953'>7.56</span>", "<span data-toggle='tooltip' data-placement='right' title='原始值：1348.002'>1348.0</span>", "<span data-toggle='tooltip' data-placement='right' title='原始值：77.99615'>78.0</span>", "<span data-toggle='tooltip' data-placement='right' title='原始值：6.21'>6.21</span>", "<span data-toggle='tooltip' data-placement='right' title='原始值：0.23'>0.230</span>", "<span data-toggle='tooltip' data-placement='right' title='原始值：0.1495'>0.150</span>", "<span data-toggle='tooltip' data-placement='right' title='原始值：3.955'>3.96</span>", "*", "*", "正常"], ["山西省", "黄河流域", "<span data-toggle='tooltip' data-placement='right' title='所在地市:运城市&#10;所属河流:汾河'>河津大桥</span>", "05-24 08:00", "", "<span data-toggle='tooltip' data-placement='right' title='原始值：24.60048'>24.6</span>", "<span data-toggle='tooltip' data-placement='right' title='原始值：7.90369'>7.90</span>", "<span data-toggle='tooltip' data-placement='right' title='原始值：7.16147'>7.16</span>", "<span data-toggle='tooltip' data-placement='right' title='原始值：1366.929'>1366.9</span>", "<span data-toggle='tooltip' data-placement='right' title='原始值：360.4013'>360.4</span>", "<span data-toggle='tooltip' data-placement='right' title='原始值：9.95'>9.95</span>", "<span data-toggle='tooltip' data-placement='right' title='极值过滤'>--</span>", "*", "*", "*", "*", "维护"], ["山西省", "黄河流域", "<span data-toggle='tooltip' data-placement='right' title='所在地市:忻州市&#10;所属河流:黄河'>万家寨水库</span>", "05-24 08:00", "Ⅲ", "<span data-toggle='tooltip' data-placement='right' title='原始值：18.60676'>18.6</span>", "<span data-toggle='tooltip' data-placement='right' title='原始值：8.36743'>8.37</span>", "<span data-toggle='tooltip' data-placement='right' title='原始值：9.26557'>9.27</span>", "<span data-toggle='tooltip' data-placement='right' title='原始值：807.7963'>807.8</span>", "<span data-toggle='tooltip' data-placement='right' title='原始值：8.31332'>8.3</span>", "<span data-toggle='tooltip' data-placement='right' title='原始值：4.9'>4.90</span>", "<span data-toggle='tooltip' data-placement='right' title='原始值：0.29'>0.290</span>", "<span data-toggle='tooltip' data-placement='right' title='原始值：0.00025'>0.0002</span>", "<span data-toggle='tooltip' data-placement='right' title='原始值：1.725'>1.72</span>", "*", "*", "正常"], ["内蒙古自治区", "黄河流域", "<span data-toggle='tooltip' data-placement='right' title='所在地市:包头市&#10;所属河流:黄河'>画匠营子</span>", "05-24 08:00", "Ⅱ", "<span data-toggle='tooltip' data-placement='right' title='原始值：14.78436'>14.8</span>", "<span data-toggle='tooltip' data-placement='right' title='原始值：7.83911'>7.84</span>", "<span data-toggle='tooltip' data-placement='right' title='原始值：8.35217'>8.35</span>", "<span data-toggle='tooltip' data-placement='right' title='原始值：969.5258'>969.5</span>", "<span data-toggle='tooltip' data-placement='right' title='原始值：566.5439'>566.5</span>", "<span data-toggle='tooltip' data-placement='right' title='原始值：3.34783'>3.35</span>", "<span data-toggle='tooltip' data-placement='right' title='原始值：0.03859'>0.039</span>", "*", "*", "*", "*", "正常"], ["内蒙古自治区", "黄河流域", "<span data-toggle='tooltip' data-placement='right' title='所在地市:乌海市&#10;所属河流:黄河'>海勃湾</span>", "05-24 08:05", "Ⅱ", "<span data-toggle='tooltip' data-placement='right' title='原始值：19.18064'>19.2</span>", "<span data-toggle='tooltip' data-placement='right' title='原始值：8.48217'>8.48</span>", "<span data-toggle='tooltip' data-placement='right' title='原始值：6.74453'>6.74</span>", "<span data-toggle='tooltip' data-placement='right' title='原始值：791.7296'>791.7</span>", "<span data-toggle='tooltip' data-placement='right' title='原始值：38.37687'>38.4</span>", "<span data-toggle='tooltip' data-placement='right' title='原始值：3.43'>3.43</span>", "<span data-toggle='tooltip' data-placement='right' title='原始值：0.12'>0.120</span>", "*", "*", "*", "*", "正常"], ["内蒙古自治区", "松花江流域", "<span data-toggle='tooltip' data-placement='right' title='所在地市:呼伦贝尔市&#10;所属河流:额尔古纳河'>黑山头</span>", null, "", "--", "--", "--", "--", "--", "--", "--", "--", "--", "*", "*", "维护"], ["辽宁省", "辽河流域", "<span data-toggle='tooltip' data-placement='right' title='所在地市:抚顺市&#10;所属河流:浑河'>大伙房水库</span>", "05-24 08:00", "", "<span data-toggle='tooltip' data-placement='right' title='原始值：15.62435'>15.6</span>", "<span data-toggle='tooltip' data-placement='right' title='原始值：7.20388'>7.20</span>", "<span data-toggle='tooltip' data-placement='right' title='原始值：10.32803'>10.33</span>", "<span data-toggle='tooltip' data-placement='right' title='原始值：307.1317'>307.1</span>", "<span data-toggle='tooltip' data-placement='right' title='原始值：9.28455'>9.3</span>", "<span data-toggle='tooltip' data-placement='right' title='极值过滤'>--</span>", "<span data-toggle='tooltip' data-placement='right' title='原始值：0.07'>0.070</span>", "<span data-toggle='tooltip' data-placement='right' title='极值过滤'>--</span>", "<span data-toggle='tooltip' data-placement='right' title='原始值：2.45595'>2.46</span>", "<span data-toggle='tooltip' data-placement='right' title='原始值：0.00092'>0.001</span>", "*", "维护"], ["辽宁省", "辽河流域", "<span data-toggle='tooltip' data-placement='right' title='所在地市:丹东市&#10;所属河流:鸭绿江'>江桥</span>", "05-24 08:00", "Ⅴ", "<span data-toggle='tooltip' data-placement='right' title='原始值：12.4'>12.4</span>", "<span data-toggle='tooltip' data-placement='right' title='原始值：7.93'>7.93</span>", "<span data-toggle='tooltip' data-placement='right' title='原始值：8.07746'>8.08</span>", "<span data-toggle='tooltip' data-placement='right' title='原始值：175.0039'>175.0</span>", "<span data-toggle='tooltip' data-placement='right' title='原始值：19.85506'>19.9</span>", "<span data-toggle='tooltip' data-placement='right' title='原始值：0.95'>0.95</span>", "<span data-toggle='tooltip' data-placement='right' title='原始值：1.62519'>1.625</span>", "<span data-toggle='tooltip' data-placement='right' title='原始值：0.02025'>0.020</span>", "<span data-toggle='tooltip' data-placement='right' title='原始值：1.97138'>1.97</span>", "*", "*", "正常"], ["辽宁省", "辽河流域", "<span data-toggle='tooltip' data-placement='right' title='所在地市:营口市&#10;所属河流:大辽河'>辽河公园</span>", "05-24 08:05", "Ⅲ", "<span data-toggle='tooltip' data-placement='right' title='原始值：18.02861'>18.0</span>", "<span data-toggle='tooltip' data-placement='right' title='原始值：6.74442'>6.74</span>", "<span data-toggle='tooltip' data-placement='right' title='原始值：5.67312'>5.67</span>", "<span data-toggle='tooltip' data-placement='right' title='原始值：1293.098'>1293.1</span>", "<span data-toggle='tooltip' data-placement='right' title='原始值：110.6648'>110.7</span>", "<span data-toggle='tooltip' data-placement='right' title='原始值：5.14771'>5.15</span>", "<span data-toggle='tooltip' data-placement='right' title='原始值：0.11218'>0.112</span>", "<span data-toggle='tooltip' data-placement='right' title='原始值：0.15662'>0.157</span>", "<span data-toggle='tooltip' data-placement='right' title='原始值：28.15935'>28.16</span>", "*", "*", "正常"], ["辽宁省", "辽河流域", "<span data-toggle='tooltip' data-placement='right' title='所在地市:辽阳市&#10;所属河流:太子河'>汤河水库</span>", "05-24 08:00", "", "<span data-toggle='tooltip' data-placement='right' title='原始值：14.2'>14.2</span>", "<span data-toggle='tooltip' data-placement='right' title='原始值：8.2'>8.20</span>", "<span data-toggle='tooltip' data-placement='right' title='原始值：7.46'>7.46</span>", "<span data-toggle='tooltip' data-placement='right' title='原始值：531.1404'>531.1</span>", "<span data-toggle='tooltip' data-placement='right' title='原始值：21.07457'>21.1</span>", "<span data-toggle='tooltip' data-placement='right' title='原始值：2.07'>2.07</span>", "<span data-toggle='tooltip' data-placement='right' title='原始值：0.00542'>0.005</span>", "<span data-toggle='tooltip' data-placement='right' title='极值过滤'>--</span>", "<span data-toggle='tooltip' data-placement='right' title='极值过滤'>--</span>", "*", "*", "维护"], ["辽宁省", "辽河流域", "<span data-toggle='tooltip' data-placement='right' title='所在地市:盘锦市&#10;所属河流:辽河'>盘锦兴安(兴安)</span>", "05-24 08:00", "Ⅱ", "<span data-toggle='tooltip' data-placement='right' title='原始值：16.23631'>16.2</span>", "<span data-toggle='tooltip' data-placement='right' title='原始值：7.03557'>7.04</span>", "<span data-toggle='tooltip' data-placement='right' title='原始值：10.05066'>10.05</span>", "<span data-toggle='tooltip' data-placement='right' title='原始值：633.151'>633.2</span>", "<span data-toggle='tooltip' data-placement='right' title='原始值：126.3056'>126.3</span>", "<span data-toggle='tooltip' data-placement='right' title='原始值：2.59588'>2.60</span>", "<span data-toggle='tooltip' data-placement='right' title='原始值：0.08'>0.080</span>", "<span data-toggle='tooltip' data-placement='right' title='原始值：0.08892'>0.089</span>", "<span data-toggle='tooltip' data-placement='right' title='原始值：3.49278'>3.49</span>", "*", "*", "正常"], ["辽宁省", "辽河流域", "<span data-toggle='tooltip' data-placement='right' title='所在地市:铁岭市&#10;所属河流:辽河'>珠尔山</span>", "05-24 08:00", "Ⅱ", "<span data-toggle='tooltip' data-placement='right' title='原始值：15.70748'>15.7</span>", "<span data-toggle='tooltip' data-placement='right' title='原始值：7.77934'>7.78</span>", "<span data-toggle='tooltip' data-placement='right' title='原始值：6.99712'>7.00</span>", "<span data-toggle='tooltip' data-placement='right' title='原始值：407.311'>407.3</span>", "<span data-toggle='tooltip' data-placement='right' title='原始值：43.50518'>43.5</span>", "<span data-toggle='tooltip' data-placement='right' title='原始值：3.21221'>3.21</span>", "<span data-toggle='tooltip' data-placement='right' title='原始值：0.13'>0.130</span>", "<span data-toggle='tooltip' data-placement='right' title='原始值：0.07052'>0.071</span>", "<span data-toggle='tooltip' data-placement='right' title='原始值：3.7658'>3.77</span>", "*", "*", "正常"], ["吉林省", "松花江流域", "<span data-toggle='tooltip' data-placement='right' title='所在地市:长春市&#10;所属河流:松花江'>松花江村</span>", "05-24 08:05", "Ⅲ", "<span data-toggle='tooltip' data-placement='right' title='原始值：17.13221'>17.1</span>", "<span data-toggle='tooltip' data-placement='right' title='原始值：7.04524'>7.05</span>", "<span data-toggle='tooltip' data-placement='right' title='原始值：9.17918'>9.18</span>", "<span data-toggle='tooltip' data-placement='right' title='原始值：299.4192'>299.4</span>", "<span data-toggle='tooltip' data-placement='right' title='原始值：21.95424'>22.0</span>", "<span data-toggle='tooltip' data-placement='right' title='原始值：5.07966'>5.08</span>", "<span data-toggle='tooltip' data-placement='right' title='原始值：0.15'>0.150</span>", "<span data-toggle='tooltip' data-placement='right' title='原始值：0.03009'>0.030</span>", "<span data-toggle='tooltip' data-placement='right' title='原始值：2.7049'>2.70</span>", "*", "*", "正常"], ["吉林省", "松花江流域", "<span data-toggle='tooltip' data-placement='right' title='所在地市:白城市&#10;所属河流:嫩江'>白沙滩</span>", null, "", "--", "--", "--", "--", "--", "--", "--", "--", "--", "*", "*", "停站"], ["吉林省", "松花江流域", "<span data-toggle='tooltip' data-placement='right' title='所在地市:延边朝鲜族自治州&#10;所属河流:图们江'>圈河</span>", "05-24 08:00", "Ⅲ", "<span data-toggle='tooltip' data-placement='right' title='原始值：13.89375'>13.9</span>", "<span data-toggle='tooltip' data-placement='right' title='原始值：7.55'>7.55</span>", "<span data-toggle='tooltip' data-placement='right' title='原始值：10.42002'>10.42</span>", "<span data-toggle='tooltip' data-placement='right' title='原始值：118'>118.0</span>", "<span data-toggle='tooltip' data-placement='right' title='原始值：28'>28.0</span>", "<span data-toggle='tooltip' data-placement='right' title='原始值：2.99'>2.99</span>", "<span data-toggle='tooltip' data-placement='right' title='原始值：0.22334'>0.223</span>", "<span data-toggle='tooltip' data-placement='right' title='原始值：0.11007'>0.110</span>", "<span data-toggle='tooltip' data-placement='right' title='原始值：1.75571'>1.76</span>", "*", "*", "正常"], ["黑龙江省", "松花江流域", "<span data-toggle='tooltip' data-placement='right' title='所在地市:大庆市&#10;所属河流:松花江'>肇源</span>", null, "", "--", "--", "--", "--", "--", "--", "--", "--", "--", "*", "*", "停站"], ["黑龙江省", "松花江流域", "<span data-toggle='tooltip' data-placement='right' title='所在地市:佳木斯市&#10;所属河流:乌苏里江'>乌苏镇</span>", null, "", "--", "--", "--", "--", "--", "--", "--", "--", "--", "*", "*", "维护"], ["黑龙江省", "松花江流域", "<span data-toggle='tooltip' data-placement='right' title='所在地市:佳木斯市&#10;所属河流:松花江'>同江</span>", "05-24 08:00", "", "<span data-toggle='tooltip' data-placement='right' title='原始值：14.9375'>14.9</span>", "<span data-toggle='tooltip' data-placement='right' title='极值过滤'>--</span>", "<span data-toggle='tooltip' data-placement='right' title='原始值：10.37502'>10.38</span>", "<span data-toggle='tooltip' data-placement='right' title='原始值：253.9068'>253.9</span>", "<span data-toggle='tooltip' data-placement='right' title='原始值：76.50211'>76.5</span>", "<span data-toggle='tooltip' data-placement='right' title='原始值：4.82948'>4.83</span>", "<span data-toggle='tooltip' data-placement='right' title='原始值：0.13413'>0.134</span>", "<span data-toggle='tooltip' data-placement='right' title='原始值：0.15039'>0.150</span>", "<span data-toggle='tooltip' data-placement='right' title='原始值：2.80309'>2.80</span>", "*", "*", "维护"], ["黑龙江省", "松花江流域", "<span data-toggle='tooltip' data-placement='right' title='所在地市:黑河市&#10;所属河流:黑龙江'>黑河下(黑河)</span>", "05-24 08:05", "", "<span data-toggle='tooltip' data-placement='right' title='原始值：12.40419'>12.4</span>", "<span data-toggle='tooltip' data-placement='right' title='原始值：8.11125'>8.11</span>", "<span data-toggle='tooltip' data-placement='right' title='原始值：8.57967'>8.58</span>", "<span data-toggle='tooltip' data-placement='right' title='原始值：229.3283'>229.3</span>", "<span data-toggle='tooltip' data-placement='right' title='原始值：20.89999'>20.9</span>", "<span data-toggle='tooltip' data-placement='right' title='极值过滤'>--</span>", "<span data-toggle='tooltip' data-placement='right' title='原始值：0.002'>0.002</span>", "--", "--", "*", "*", "维护"], ["上海市", "长江流域", "<span data-toggle='tooltip' data-placement='right' title='所在地市:青浦区&#10;所属河流:淀山湖'>急水港桥</span>", "05-24 08:00", "Ⅳ", "<span data-toggle='tooltip' data-placement='right' title='原始值：24.3'>24.3</span>", "<span data-toggle='tooltip' data-placement='right' title='原始值：7.16'>7.16</span>", "<span data-toggle='tooltip' data-placement='right' title='原始值：7.33'>7.33</span>", "<span data-toggle='tooltip' data-placement='right' title='原始值：673'>673.0</span>", "<span data-toggle='tooltip' data-placement='right' title='原始值：99.6'>99.6</span>", "<span data-toggle='tooltip' data-placement='right' title='原始值：4.98438'>4.98</span>", "<span data-toggle='tooltip' data-placement='right' title='原始值：0.17213'>0.172</span>", "<span data-toggle='tooltip' data-placement='right' title='原始值：0.06738'>0.067</span>", "<span data-toggle='tooltip' data-placement='right' title='原始值：3.70314'>3.70</span>", "<span data-toggle='tooltip' data-placement='right' title='原始值：0.01156'>0.012</span>", "<span data-toggle='tooltip' data-placement='right' title='原始值：5095618'>5095618</span>", "正常"], ["江苏省", "长江流域", "<span data-toggle='tooltip' data-placement='right' title='所在地市:南京市&#10;所属河流:长江'>林山</span>", "05-24 08:00", "Ⅱ", "<span data-toggle='tooltip' data-placement='right' title='原始值：24.0712'>24.1</span>", "<span data-toggle='tooltip' data-placement='right' title='原始值：7.73146'>7.73</span>", "<span data-toggle='tooltip' data-placement='right' title='原始值：6.82869'>6.83</span>", "<span data-toggle='tooltip' data-placement='right' title='原始值：323.128'>323.1</span>", "<span data-toggle='tooltip' data-placement='right' title='原始值：35.7953'>35.8</span>", "<span data-toggle='tooltip' data-placement='right' title='原始值：1.38'>1.38</span>", "<span data-toggle='tooltip' data-placement='right' title='原始值：0.052'>0.052</span>", "*", "*", "*", "*", "正常"], ["江苏省", "太湖流域", "<span data-toggle='tooltip' data-placement='right' title='所在地市:无锡市&#10;所属河流:太湖'>沙渚</span>", "05-24 08:00", "Ⅲ", "<span data-toggle='tooltip' data-placement='right' title='原始值：27.35039'>27.4</span>", "<span data-toggle='tooltip' data-placement='right' title='原始值：8.307353'>8.31</span>", "<span data-toggle='tooltip' data-placement='right' title='原始值：7.49071'>7.49</span>", "<span data-toggle='tooltip' data-placement='right' title='原始值：482.1711'>482.2</span>", "<span data-toggle='tooltip' data-placement='right' title='原始值：153.1812'>153.2</span>", "<span data-toggle='tooltip' data-placement='right' title='原始值：5.83'>5.83</span>", "<span data-toggle='tooltip' data-placement='right' title='原始值：0.33'>0.330</span>", "<span data-toggle='tooltip' data-placement='right' title='原始值：0.1055'>0.106</span>", "<span data-toggle='tooltip' data-placement='right' title='原始值：3.681'>3.68</span>", "*", "*", "正常"], ["江苏省", "淮河流域", "<span data-toggle='tooltip' data-placement='right' title='所在地市:徐州市&#10;所属河流:武河'>小红圈</span>", null, "", "--", "--", "--", "--", "--", "--", "--", "--", "--", "*", "*", "停站"], ["江苏省", "淮河流域", "<span data-toggle='tooltip' data-placement='right' title='所在地市:徐州市&#10;所属河流:沿河'>李集桥</span>", "05-24 08:00", "Ⅲ", "<span data-toggle='tooltip' data-placement='right' title='原始值：25.8'>25.8</span>", "<span data-toggle='tooltip' data-placement='right' title='原始值：8.2'>8.20</span>", "<span data-toggle='tooltip' data-placement='right' title='原始值：11.19'>11.19</span>", "<span data-toggle='tooltip' data-placement='right' title='原始值：1065'>1065.0</span>", "<span data-toggle='tooltip' data-placement='right' title='原始值：132.39'>132.4</span>", "<span data-toggle='tooltip' data-placement='right' title='原始值：4.64'>4.64</span>", "<span data-toggle='tooltip' data-placement='right' title='原始值：0.001'>0.001</span>", "<span data-toggle='tooltip' data-placement='right' title='原始值：0.096'>0.096</span>", "<span data-toggle='tooltip' data-placement='right' title='原始值：1.156'>1.16</span>", "*", "*", "正常"], ["江苏省", "淮河流域", "<span data-toggle='tooltip' data-placement='right' title='所在地市:徐州市&#10;所属河流:邳苍分洪道'>艾山西大桥</span>", "05-24 08:00", "Ⅳ", "<span data-toggle='tooltip' data-placement='right' title='原始值：25.9757'>26.0</span>", "<span data-toggle='tooltip' data-placement='right' title='原始值：8.60234'>8.60</span>", "<span data-toggle='tooltip' data-placement='right' title='原始值：11.7493'>11.75</span>", "<span data-toggle='tooltip' data-placement='right' title='原始值：643.212'>643.2</span>", "<span data-toggle='tooltip' data-placement='right' title='原始值：8.72442'>8.7</span>", "<span data-toggle='tooltip' data-placement='right' title='原始值：8.06'>8.06</span>", "<span data-toggle='tooltip' data-placement='right' title='原始值：0.19'>0.190</span>", "<span data-toggle='tooltip' data-placement='right' title='原始值：0.05254'>0.053</span>", "<span data-toggle='tooltip' data-placement='right' title='原始值：0.6514'>0.65</span>", "*", "*", "正常"], ["江苏省", "太湖流域", "<span data-toggle='tooltip' data-placement='right' title='所在地市:苏州市&#10;所属河流:太湖'>兰山嘴(老)</span>", "05-24 08:00", "Ⅲ", "<span data-toggle='tooltip' data-placement='right' title='原始值：24.50613'>24.5</span>", "<span data-toggle='tooltip' data-placement='right' title='原始值：7.15099'>7.15</span>", "<span data-toggle='tooltip' data-placement='right' title='原始值：6.26469'>6.26</span>", "<span data-toggle='tooltip' data-placement='right' title='原始值：445.9109'>445.9</span>", "<span data-toggle='tooltip' data-placement='right' title='原始值：140.4212'>140.4</span>", "<span data-toggle='tooltip' data-placement='right' title='原始值：3.26'>3.26</span>", "<span data-toggle='tooltip' data-placement='right' title='原始值：0.26'>0.260</span>", "<span data-toggle='tooltip' data-placement='right' title='原始值：0.17979'>0.180</span>", "<span data-toggle='tooltip' data-placement='right' title='原始值：6.21068'>6.21</span>", "*", "*", "正常"], ["江苏省", "太湖流域", "<span data-toggle='tooltip' data-placement='right' title='所在地市:苏州市&#10;所属河流:太湖'>西山</span>", "05-24 08:00", "Ⅲ", "<span data-toggle='tooltip' data-placement='right' title='原始值：24.88319'>24.9</span>", "<span data-toggle='tooltip' data-placement='right' title='原始值：7.97513'>7.98</span>", "<span data-toggle='tooltip' data-placement='right' title='原始值：8.00686'>8.01</span>", "<span data-toggle='tooltip' data-placement='right' title='原始值：378.4632'>378.5</span>", "<span data-toggle='tooltip' data-placement='right' title='原始值：80.42584'>80.4</span>", "<span data-toggle='tooltip' data-placement='right' title='原始值：2.69'>2.69</span>", "<span data-toggle='tooltip' data-placement='right' title='原始值：0.2'>0.200</span>", "<span data-toggle='tooltip' data-placement='right' title='原始值：0.0489'>0.049</span>", "<span data-toggle='tooltip' data-placement='right' title='原始值：0.8694'>0.87</span>", "*", "*", "正常"], ["江苏省", "淮河流域", "<span data-toggle='tooltip' data-placement='right' title='所在地市:连云港市&#10;所属河流:新沭河'>大兴桥</span>", "05-24 08:00", "Ⅲ", "<span data-toggle='tooltip' data-placement='right' title='原始值：25.4'>25.4</span>", "<span data-toggle='tooltip' data-placement='right' title='原始值：7.89'>7.89</span>", "<span data-toggle='tooltip' data-placement='right' title='原始值：5.71'>5.71</span>", "<span data-toggle='tooltip' data-placement='right' title='原始值：1186.8'>1186.8</span>", "<span data-toggle='tooltip' data-placement='right' title='原始值：46.43'>46.4</span>", "<span data-toggle='tooltip' data-placement='right' title='原始值：5.31'>5.31</span>", "<span data-toggle='tooltip' data-placement='right' title='原始值：0.179'>0.179</span>", "*", "*", "*", "*", "正常"], ["江苏省", "淮河流域", "<span data-toggle='tooltip' data-placement='right' title='所在地市:淮安市&#10;所属河流:淮河'>淮河大桥</span>", "05-24 08:00", "", "<span data-toggle='tooltip' data-placement='right' title='原始值：25.06617'>25.1</span>", "<span data-toggle='tooltip' data-placement='right' title='原始值：7.7007'>7.70</span>", "<span data-toggle='tooltip' data-placement='right' title='原始值：8.24696'>8.25</span>", "<span data-toggle='tooltip' data-placement='right' title='原始值：608.6405'>608.6</span>", "<span data-toggle='tooltip' data-placement='right' title='原始值：54.66225'>54.7</span>", "<span data-toggle='tooltip' data-placement='right' title='原始值：3.38'>3.38</span>", "<span data-toggle='tooltip' data-placement='right' title='极值过滤'>--</span>", "<span data-toggle='tooltip' data-placement='right' title='原始值：0.06375'>0.064</span>", "<span data-toggle='tooltip' data-placement='right' title='原始值：1.38'>1.38</span>", "*", "*", "维护"], ["江苏省", "长江流域", "<span data-toggle='tooltip' data-placement='right' title='所在地市:扬州市&#10;所属河流:夹江'>三江营</span>", null, "", "--", "--", "--", "--", "--", "--", "--", "--", "--", "*", "*", "停站"], ["江苏省", "淮河流域", "<span data-toggle='tooltip' data-placement='right' title='所在地市:宿迁市&#10;所属河流:新濉河'>大屈</span>", "05-24 08:00", "Ⅳ", "<span data-toggle='tooltip' data-placement='right' title='原始值：25.6'>25.6</span>", "<span data-toggle='tooltip' data-placement='right' title='原始值：7.9'>7.90</span>", "<span data-toggle='tooltip' data-placement='right' title='原始值：6.46'>6.46</span>", "<span data-toggle='tooltip' data-placement='right' title='原始值：887.9'>887.9</span>", "<span data-toggle='tooltip' data-placement='right' title='原始值：173.85'>173.8</span>", "<span data-toggle='tooltip' data-placement='right' title='原始值：6.87'>6.87</span>", "<span data-toggle='tooltip' data-placement='right' title='原始值：0.12'>0.120</span>", "<span data-toggle='tooltip' data-placement='right' title='原始值：0.013'>0.013</span>", "<span data-toggle='tooltip' data-placement='right' title='原始值：0.821'>0.82</span>", "*", "*", "正常"], ["浙江省", "浙闽片河流", "<span data-toggle='tooltip' data-placement='right' title='所在地市:杭州市&#10;所属河流:新安江'>街口(鸠坑口)</span>", null, "", "--", "--", "--", "--", "--", "--", "--", "--", "--", "*", "*", "停站"], ["浙江省", "太湖流域", "<span data-toggle='tooltip' data-placement='right' title='所在地市:嘉兴市&#10;所属河流:斜路港河'>斜路港</span>", "05-24 08:00", "Ⅳ", "<span data-toggle='tooltip' data-placement='right' title='原始值：24.9'>24.9</span>", "<span data-toggle='tooltip' data-placement='right' title='原始值：7.43'>7.43</span>", "<span data-toggle='tooltip' data-placement='right' title='原始值：4.72'>4.72</span>", "<span data-toggle='tooltip' data-placement='right' title='原始值：594'>594.0</span>", "<span data-toggle='tooltip' data-placement='right' title='原始值：129.9'>129.9</span>", "<span data-toggle='tooltip' data-placement='right' title='原始值：5.67'>5.67</span>", "<span data-toggle='tooltip' data-placement='right' title='原始值：0.03745'>0.037</span>", "<span data-toggle='tooltip' data-placement='right' title='原始值：0.07027'>0.070</span>", "<span data-toggle='tooltip' data-placement='right' title='原始值：2.55741'>2.56</span>", "*", "*", "正常"], ["浙江省", "太湖流域", "<span data-toggle='tooltip' data-placement='right' title='所在地市:嘉兴市&#10;所属河流:京杭运河'>王江泾</span>", null, "", "--", "--", "--", "--", "--", "--", "--", "--", "--", "*", "*", "停站"], ["浙江省", "太湖流域", "<span data-toggle='tooltip' data-placement='right' title='所在地市:湖州市&#10;所属河流:西苕溪'>新港口(新塘港)</span>", "05-24 08:00", "Ⅲ", "<span data-toggle='tooltip' data-placement='right' title='原始值：23.3719'>23.4</span>", "<span data-toggle='tooltip' data-placement='right' title='原始值：7.24126'>7.24</span>", "<span data-toggle='tooltip' data-placement='right' title='原始值：8.011'>8.01</span>", "<span data-toggle='tooltip' data-placement='right' title='原始值：379.819'>379.8</span>", "<span data-toggle='tooltip' data-placement='right' title='原始值：375.683'>375.7</span>", "<span data-toggle='tooltip' data-placement='right' title='原始值：4.36755'>4.37</span>", "<span data-toggle='tooltip' data-placement='right' title='原始值：0.13596'>0.136</span>", "<span data-toggle='tooltip' data-placement='right' title='原始值：0.10961'>0.110</span>", "<span data-toggle='tooltip' data-placement='right' title='原始值：19.99847'>20.00</span>", "*", "*", "正常"], ["安徽省", "巢湖流域", "<span data-toggle='tooltip' data-placement='right' title='所在地市:合肥市&#10;所属河流:巢湖'>湖滨(老)</span>", "05-24 08:00", "Ⅳ", "<span data-toggle='tooltip' data-placement='right' title='原始值：28.46061'>28.5</span>", "<span data-toggle='tooltip' data-placement='right' title='原始值：7.20111'>7.20</span>", "<span data-toggle='tooltip' data-placement='right' title='原始值：6.20328'>6.20</span>", "<span data-toggle='tooltip' data-placement='right' title='原始值：447.5751'>447.6</span>", "<span data-toggle='tooltip' data-placement='right' title='原始值：67.15866'>67.2</span>", "<span data-toggle='tooltip' data-placement='right' title='原始值：7.32'>7.32</span>", "<span data-toggle='tooltip' data-placement='right' title='原始值：0.23'>0.230</span>", "<span data-toggle='tooltip' data-placement='right' title='原始值：0.052'>0.052</span>", "<span data-toggle='tooltip' data-placement='right' title='原始值：1.289'>1.29</span>", "<span data-toggle='tooltip' data-placement='right' title='原始值：0.07393'>0.074</span>", "*", "正常"], ["安徽省", "巢湖流域", "<span data-toggle='tooltip' data-placement='right' title='所在地市:芜湖市&#10;所属河流:巢湖'>裕溪口(老)</span>", null, "", "--", "--", "--", "--", "--", "--", "--", "--", "--", "*", "*", "停站"], ["安徽省", "淮河流域", "<span data-toggle='tooltip' data-placement='right' title='所在地市:蚌埠市&#10;所属河流:淮河'>蚌埠闸上(蚌埠闸)</span>", null, "", "--", "--", "--", "--", "--", "--", "--", "--", "--", "*", "*", "停站"], ["安徽省", "淮河流域", "<span data-toggle='tooltip' data-placement='right' title='所在地市:淮南市&#10;所属河流:淮河'>石头埠(老)</span>", "05-24 08:01", "Ⅱ", "<span data-toggle='tooltip' data-placement='right' title='原始值：26.40387'>26.4</span>", "<span data-toggle='tooltip' data-placement='right' title='原始值：6.88662'>6.89</span>", "<span data-toggle='tooltip' data-placement='right' title='原始值：8.76333'>8.76</span>", "<span data-toggle='tooltip' data-placement='right' title='原始值：660.7474'>660.7</span>", "<span data-toggle='tooltip' data-placement='right' title='原始值：37.12614'>37.1</span>", "<span data-toggle='tooltip' data-placement='right' title='原始值：3.92001'>3.92</span>", "<span data-toggle='tooltip' data-placement='right' title='原始值：0.23'>0.230</span>", "*", "*", "*", "*", "正常"], ["安徽省", "淮河流域", "<span data-toggle='tooltip' data-placement='right' title='所在地市:淮北市&#10;所属河流:沱河'>小王桥</span>", null, "", "--", "--", "--", "--", "--", "--", "--", "--", "--", "*", "*", "停站"], ["安徽省", "长江流域", "<span data-toggle='tooltip' data-placement='right' title='所在地市:安庆市&#10;所属河流:长江'>皖河口</span>", null, "", "--", "--", "--", "--", "--", "--", "--", "--", "--", "*", "*", "停站"], ["安徽省", "淮河流域", "<span data-toggle='tooltip' data-placement='right' title='所在地市:滁州市&#10;所属河流:淮河'>小柳巷</span>", "05-24 08:00", "Ⅱ", "<span data-toggle='tooltip' data-placement='right' title='原始值：24.4'>24.4</span>", "<span data-toggle='tooltip' data-placement='right' title='原始值：7.81'>7.81</span>", "<span data-toggle='tooltip' data-placement='right' title='原始值：9.08'>9.08</span>", "<span data-toggle='tooltip' data-placement='right' title='原始值：699.1'>699.1</span>", "<span data-toggle='tooltip' data-placement='right' title='原始值：164.23'>164.2</span>", "<span data-toggle='tooltip' data-placement='right' title='原始值：3.19'>3.19</span>", "<span data-toggle='tooltip' data-placement='right' title='原始值：0.04'>0.040</span>", "<span data-toggle='tooltip' data-placement='right' title='原始值：0.049'>0.049</span>", "<span data-toggle='tooltip' data-placement='right' title='原始值：2.146'>2.15</span>", "*", "*", "正常"], ["安徽省", "淮河流域", "<span data-toggle='tooltip' data-placement='right' title='所在地市:阜阳市&#10;所属河流:黑茨河'>张大桥</span>", "05-24 08:00", "Ⅲ", "<span data-toggle='tooltip' data-placement='right' title='原始值：26'>26.0</span>", "<span data-toggle='tooltip' data-placement='right' title='原始值：8.49'>8.49</span>", "<span data-toggle='tooltip' data-placement='right' title='原始值：8.27'>8.27</span>", "<span data-toggle='tooltip' data-placement='right' title='原始值：2596.3'>2596.3</span>", "<span data-toggle='tooltip' data-placement='right' title='原始值：17.45'>17.4</span>", "<span data-toggle='tooltip' data-placement='right' title='原始值：4.59'>4.59</span>", "<span data-toggle='tooltip' data-placement='right' title='原始值：0.04'>0.040</span>", "<span data-toggle='tooltip' data-placement='right' title='原始值：0.11'>0.110</span>", "<span data-toggle='tooltip' data-placement='right' title='原始值：1.024'>1.02</span>", "*", "*", "正常"], ["安徽省", "淮河流域", "<span data-toggle='tooltip' data-placement='right' title='所在地市:阜阳市&#10;所属河流:淮河'>王家坝</span>", "05-24 08:00", "", "<span data-toggle='tooltip' data-placement='right' title='原始值：26.315'>26.3</span>", "<span data-toggle='tooltip' data-placement='right' title='原始值：8.14617'>8.15</span>", "<span data-toggle='tooltip' data-placement='right' title='原始值：8.09893'>8.10</span>", "<span data-toggle='tooltip' data-placement='right' title='原始值：981.7644'>981.8</span>", "<span data-toggle='tooltip' data-placement='right' title='原始值：19.92888'>19.9</span>", "<span data-toggle='tooltip' data-placement='right' title='原始值：4.85'>4.85</span>", "<span data-toggle='tooltip' data-placement='right' title='原始值：0.347'>0.347</span>", "<span data-toggle='tooltip' data-placement='right' title='极值过滤'>--</span>", "<span data-toggle='tooltip' data-placement='right' title='原始值：1.7907'>1.79</span>", "*", "*", "维护"], ["安徽省", "淮河流域", "<span data-toggle='tooltip' data-placement='right' title='所在地市:阜阳市&#10;所属河流:颍河'>界首七渡口(七渡口)</span>", "05-24 08:00", "Ⅲ", "<span data-toggle='tooltip' data-placement='right' title='原始值：20.46766'>20.5</span>", "<span data-toggle='tooltip' data-placement='right' title='原始值：8.22616'>8.23</span>", "<span data-toggle='tooltip' data-placement='right' title='原始值：7.34553'>7.35</span>", "<span data-toggle='tooltip' data-placement='right' title='原始值：908.5599'>908.6</span>", "<span data-toggle='tooltip' data-placement='right' title='原始值：7.49318'>7.5</span>", "<span data-toggle='tooltip' data-placement='right' title='原始值：4.03'>4.03</span>", "<span data-toggle='tooltip' data-placement='right' title='原始值：0.12'>0.120</span>", "<span data-toggle='tooltip' data-placement='right' title='原始值：0.08108'>0.081</span>", "<span data-toggle='tooltip' data-placement='right' title='原始值：3.67761'>3.68</span>", "*", "*", "正常"], ["安徽省", "淮河流域", "<span data-toggle='tooltip' data-placement='right' title='所在地市:阜阳市&#10;所属河流:泉河'>许庄(徐庄)</span>", "05-24 08:00", "Ⅳ", "<span data-toggle='tooltip' data-placement='right' title='原始值：24.1'>24.1</span>", "<span data-toggle='tooltip' data-placement='right' title='原始值：7.41'>7.41</span>", "<span data-toggle='tooltip' data-placement='right' title='原始值：6.49'>6.49</span>", "<span data-toggle='tooltip' data-placement='right' title='原始值：1087.7'>1087.7</span>", "<span data-toggle='tooltip' data-placement='right' title='原始值：82.54'>82.5</span>", "<span data-toggle='tooltip' data-placement='right' title='原始值：6.46'>6.46</span>", "<span data-toggle='tooltip' data-placement='right' title='原始值：0.02'>0.020</span>", "<span data-toggle='tooltip' data-placement='right' title='原始值：0.079'>0.079</span>", "<span data-toggle='tooltip' data-placement='right' title='原始值：0.54'>0.54</span>", "*", "*", "正常"], ["安徽省", "淮河流域", "<span data-toggle='tooltip' data-placement='right' title='所在地市:宿州市&#10;所属河流:奎河'>杨庄</span>", "05-24 08:02", "Ⅳ", "<span data-toggle='tooltip' data-placement='right' title='原始值：25.2'>25.2</span>", "<span data-toggle='tooltip' data-placement='right' title='原始值：7.53'>7.53</span>", "<span data-toggle='tooltip' data-placement='right' title='原始值：6.92'>6.92</span>", "<span data-toggle='tooltip' data-placement='right' title='原始值：988.4'>988.4</span>", "<span data-toggle='tooltip' data-placement='right' title='原始值：159.37'>159.4</span>", "<span data-toggle='tooltip' data-placement='right' title='原始值：6.33'>6.33</span>", "<span data-toggle='tooltip' data-placement='right' title='原始值：0.359'>0.359</span>", "*", "*", "*", "*", "正常"], ["安徽省", "淮河流域", "<span data-toggle='tooltip' data-placement='right' title='所在地市:宿州市&#10;所属河流:新汴河'>泗县公路桥</span>", null, "", "--", "--", "--", "--", "--", "--", "--", "--", "--", "*", "*", "停站"], ["安徽省", "淮河流域", "<span data-toggle='tooltip' data-placement='right' title='所在地市:亳州市&#10;所属河流:包河'>颜集</span>", "05-24 08:00", "", "<span data-toggle='tooltip' data-placement='right' title='原始值：24.2'>24.2</span>", "<span data-toggle='tooltip' data-placement='right' title='原始值：7.76'>7.76</span>", "<span data-toggle='tooltip' data-placement='right' title='原始值：6.96'>6.96</span>", "<span data-toggle='tooltip' data-placement='right' title='原始值：1761.6'>1761.6</span>", "<span data-toggle='tooltip' data-placement='right' title='原始值：228.91'>228.9</span>", "<span data-toggle='tooltip' data-placement='right' title='原始值：4.41'>4.41</span>", "<span data-toggle='tooltip' data-placement='right' title='极值过滤'>--</span>", "<span data-toggle='tooltip' data-placement='right' title='原始值：0.277'>0.277</span>", "<span data-toggle='tooltip' data-placement='right' title='原始值：3.773'>3.77</span>", "*", "*", "维护"], ["福建省", "浙闽片河流", "<span data-toggle='tooltip' data-placement='right' title='所在地市:福州市&#10;所属河流:闽江'>白岩潭</span>", "05-24 08:00", "Ⅱ", "<span data-toggle='tooltip' data-placement='right' title='原始值：24.29'>24.3</span>", "<span data-toggle='tooltip' data-placement='right' title='原始值：6.62'>6.62</span>", "<span data-toggle='tooltip' data-placement='right' title='原始值：6.28'>6.28</span>", "<span data-toggle='tooltip' data-placement='right' title='原始值：161.4'>161.4</span>", "<span data-toggle='tooltip' data-placement='right' title='原始值：38.7'>38.7</span>", "<span data-toggle='tooltip' data-placement='right' title='原始值：2.51'>2.51</span>", "<span data-toggle='tooltip' data-placement='right' title='原始值：0.08'>0.080</span>", "*", "*", "*", "*", "正常"], ["江西省", "长江流域", "<span data-toggle='tooltip' data-placement='right' title='所在地市:南昌市&#10;所属河流:赣江南支'>滁槎</span>", "05-24 08:00", "Ⅲ", "<span data-toggle='tooltip' data-placement='right' title='原始值：27.14458'>27.1</span>", "<span data-toggle='tooltip' data-placement='right' title='原始值：6.63644'>6.64</span>", "<span data-toggle='tooltip' data-placement='right' title='原始值：5.80897'>5.81</span>", "<span data-toggle='tooltip' data-placement='right' title='原始值：172.9351'>172.9</span>", "<span data-toggle='tooltip' data-placement='right' title='原始值：12.88002'>12.9</span>", "<span data-toggle='tooltip' data-placement='right' title='原始值：1.81'>1.81</span>", "<span data-toggle='tooltip' data-placement='right' title='原始值：0.19'>0.190</span>", "<span data-toggle='tooltip' data-placement='right' title='原始值：0.0675'>0.068</span>", "<span data-toggle='tooltip' data-placement='right' title='原始值：2.235'>2.24</span>", "*", "*", "正常"], ["江西省", "长江流域", "<span data-toggle='tooltip' data-placement='right' title='所在地市:九江市&#10;所属河流:长江'>姚港(河西水厂)</span>", null, "", "--", "--", "--", "--", "--", "--", "--", "--", "--", "*", "*", "停站"], ["江西省", "长江流域", "<span data-toggle='tooltip' data-placement='right' title='所在地市:九江市&#10;所属河流:鄱阳湖'>蛤蟆石</span>", null, "", "--", "--", "--", "--", "--", "--", "--", "--", "--", "--", "--", "停站"], ["山东省", "黄河流域", "<span data-toggle='tooltip' data-placement='right' title='所在地市:济南市&#10;所属河流:黄河'>泺口</span>", "05-24 08:00", "Ⅱ", "<span data-toggle='tooltip' data-placement='right' title='原始值：23.0925'>23.1</span>", "<span data-toggle='tooltip' data-placement='right' title='原始值：8.32304'>8.32</span>", "<span data-toggle='tooltip' data-placement='right' title='原始值：7.90123'>7.90</span>", "<span data-toggle='tooltip' data-placement='right' title='原始值：1067.63'>1067.6</span>", "<span data-toggle='tooltip' data-placement='right' title='原始值：1010.66'>1010.7</span>", "<span data-toggle='tooltip' data-placement='right' title='原始值：2.17'>2.17</span>", "<span data-toggle='tooltip' data-placement='right' title='原始值：0.09155'>0.092</span>", "<span data-toggle='tooltip' data-placement='right' title='原始值：0.01271'>0.013</span>", "<span data-toggle='tooltip' data-placement='right' title='原始值：4.054'>4.05</span>", "*", "*", "正常"], ["山东省", "淮河流域", "<span data-toggle='tooltip' data-placement='right' title='所在地市:枣庄市&#10;所属河流:京杭大运河（韩庄运河）'>台儿庄大桥</span>", "05-24 08:00", "Ⅱ", "<span data-toggle='tooltip' data-placement='right' title='原始值：23.63938'>23.6</span>", "<span data-toggle='tooltip' data-placement='right' title='原始值：7.9083'>7.91</span>", "<span data-toggle='tooltip' data-placement='right' title='原始值：6.96259'>6.96</span>", "<span data-toggle='tooltip' data-placement='right' title='原始值：729.2179'>729.2</span>", "<span data-toggle='tooltip' data-placement='right' title='原始值：67.4553'>67.5</span>", "<span data-toggle='tooltip' data-placement='right' title='原始值：3.5727'>3.57</span>", "<span data-toggle='tooltip' data-placement='right' title='原始值：0.16446'>0.164</span>", "<span data-toggle='tooltip' data-placement='right' title='原始值：0.06595'>0.066</span>", "<span data-toggle='tooltip' data-placement='right' title='原始值：1.37886'>1.38</span>", "*", "*", "正常"], ["山东省", "淮河流域", "<span data-toggle='tooltip' data-placement='right' title='所在地市:临沂市&#10;所属河流:沭河'>清泉寺</span>", "05-24 08:00", "Ⅳ", "<span data-toggle='tooltip' data-placement='right' title='原始值：23.48113'>23.5</span>", "<span data-toggle='tooltip' data-placement='right' title='原始值：7.57363'>7.57</span>", "<span data-toggle='tooltip' data-placement='right' title='原始值：5.15711'>5.16</span>", "<span data-toggle='tooltip' data-placement='right' title='原始值：1338.612'>1338.6</span>", "<span data-toggle='tooltip' data-placement='right' title='原始值：16.89005'>16.9</span>", "<span data-toggle='tooltip' data-placement='right' title='原始值：6.52'>6.52</span>", "<span data-toggle='tooltip' data-placement='right' title='原始值：0.32'>0.320</span>", "*", "*", "*", "*", "正常"], ["山东省", "淮河流域", "<span data-toggle='tooltip' data-placement='right' title='所在地市:临沂市&#10;所属河流:沂河'>重坊桥</span>", "05-24 08:00", "Ⅱ", "<span data-toggle='tooltip' data-placement='right' title='原始值：24.14813'>24.1</span>", "<span data-toggle='tooltip' data-placement='right' title='原始值：7.4074'>7.41</span>", "<span data-toggle='tooltip' data-placement='right' title='原始值：6.85963'>6.86</span>", "<span data-toggle='tooltip' data-placement='right' title='原始值：860.9074'>860.9</span>", "<span data-toggle='tooltip' data-placement='right' title='原始值：1.51852'>1.5</span>", "<span data-toggle='tooltip' data-placement='right' title='原始值：3.09'>3.09</span>", "<span data-toggle='tooltip' data-placement='right' title='原始值：0.07831'>0.078</span>", "*", "*", "*", "*", "正常"], ["山东省", "淮河流域", "<span data-toggle='tooltip' data-placement='right' title='所在地市:临沂市&#10;所属河流:白马河'>捷庄(涝沟桥)</span>", "05-24 08:00", "Ⅳ", "<span data-toggle='tooltip' data-placement='right' title='原始值：24.5'>24.5</span>", "<span data-toggle='tooltip' data-placement='right' title='原始值：7.17'>7.17</span>", "<span data-toggle='tooltip' data-placement='right' title='原始值：4.55968'>4.56</span>", "<span data-toggle='tooltip' data-placement='right' title='原始值：955.9995'>956.0</span>", "<span data-toggle='tooltip' data-placement='right' title='原始值：120.7758'>120.8</span>", "<span data-toggle='tooltip' data-placement='right' title='原始值：7.01'>7.01</span>", "<span data-toggle='tooltip' data-placement='right' title='原始值：0.07216'>0.072</span>", "<span data-toggle='tooltip' data-placement='right' title='原始值：0.12763'>0.128</span>", "<span data-toggle='tooltip' data-placement='right' title='原始值：0.45826'>0.46</span>", "*", "*", "正常"], ["山东省", "海河流域", "<span data-toggle='tooltip' data-placement='right' title='所在地市:聊城市&#10;所属河流:卫运河'>秤勾湾(秤钩湾)</span>", null, "", "--", "--", "--", "--", "--", "--", "--", "--", "--", "*", "*", "停站"], ["河南省", "长江流域", "<span data-toggle='tooltip' data-placement='right' title='所在地市:南阳市&#10;所属河流:丹江口水库'>陶岔</span>", "05-24 04:00", "Ⅱ", "<span data-toggle='tooltip' data-placement='right' title='原始值：26.72'>26.7</span>", "<span data-toggle='tooltip' data-placement='right' title='原始值：8.09438'>8.09</span>", "<span data-toggle='tooltip' data-placement='right' title='原始值：9.44887'>9.45</span>", "<span data-toggle='tooltip' data-placement='right' title='原始值：299.2155'>299.2</span>", "<span data-toggle='tooltip' data-placement='right' title='原始值：3.98698'>4.0</span>", "<span data-toggle='tooltip' data-placement='right' title='原始值：2.62'>2.62</span>", "<span data-toggle='tooltip' data-placement='right' title='原始值：0.02729'>0.027</span>", "<span data-toggle='tooltip' data-placement='right' title='原始值：0.00952'>0.010</span>", "<span data-toggle='tooltip' data-placement='right' title='原始值：0.96142'>0.96</span>", "<span data-toggle='tooltip' data-placement='right' title='原始值：0.01009'>0.010</span>", "<span data-toggle='tooltip' data-placement='right' title='原始值：726558.9'>726559</span>", "正常"], ["河南省", "淮河流域", "<span data-toggle='tooltip' data-placement='right' title='所在地市:商丘市&#10;所属河流:浍河'>黄口</span>", "05-24 08:00", "Ⅲ", "<span data-toggle='tooltip' data-placement='right' title='原始值：24.3'>24.3</span>", "<span data-toggle='tooltip' data-placement='right' title='原始值：8.24'>8.24</span>", "<span data-toggle='tooltip' data-placement='right' title='原始值：5.77016'>5.77</span>", "<span data-toggle='tooltip' data-placement='right' title='原始值：5497.992'>5498.0</span>", "<span data-toggle='tooltip' data-placement='right' title='原始值：83.41672'>83.4</span>", "<span data-toggle='tooltip' data-placement='right' title='原始值：4.02'>4.02</span>", "<span data-toggle='tooltip' data-placement='right' title='原始值：0.12121'>0.121</span>", "<span data-toggle='tooltip' data-placement='right' title='原始值：0.0912'>0.091</span>", "<span data-toggle='tooltip' data-placement='right' title='原始值：2.08616'>2.09</span>", "*", "*", "正常"], ["河南省", "淮河流域", "<span data-toggle='tooltip' data-placement='right' title='所在地市:信阳市&#10;所属河流:史灌河'>蒋集</span>", "05-24 08:00", "Ⅱ", "<span data-toggle='tooltip' data-placement='right' title='原始值：28.3873'>28.4</span>", "<span data-toggle='tooltip' data-placement='right' title='原始值：8.43172'>8.43</span>", "<span data-toggle='tooltip' data-placement='right' title='原始值：6.51'>6.51</span>", "<span data-toggle='tooltip' data-placement='right' title='原始值：289.9297'>289.9</span>", "<span data-toggle='tooltip' data-placement='right' title='原始值：86.92731'>86.9</span>", "<span data-toggle='tooltip' data-placement='right' title='原始值：2.5'>2.50</span>", "<span data-toggle='tooltip' data-placement='right' title='原始值：0.03939'>0.039</span>", "*", "*", "*", "*", "正常"], ["河南省", "淮河流域", "<span data-toggle='tooltip' data-placement='right' title='所在地市:信阳市&#10;所属河流:淮河'>淮滨水文站(淮滨)</span>", "05-24 08:00", "Ⅴ", "<span data-toggle='tooltip' data-placement='right' title='原始值：24.8'>24.8</span>", "<span data-toggle='tooltip' data-placement='right' title='原始值：8.31'>8.31</span>", "<span data-toggle='tooltip' data-placement='right' title='原始值：9.29125'>9.29</span>", "<span data-toggle='tooltip' data-placement='right' title='原始值：326'>326.0</span>", "<span data-toggle='tooltip' data-placement='right' title='原始值：345.1843'>345.2</span>", "<span data-toggle='tooltip' data-placement='right' title='原始值：13.8625'>13.86</span>", "<span data-toggle='tooltip' data-placement='right' title='原始值：0.13157'>0.132</span>", "<span data-toggle='tooltip' data-placement='right' title='原始值：0.02211'>0.022</span>", "<span data-toggle='tooltip' data-placement='right' title='原始值：1.40256'>1.40</span>", "*", "*", "正常"], ["河南省", "淮河流域", "<span data-toggle='tooltip' data-placement='right' title='所在地市:周口市&#10;所属河流:沙河'>沈丘闸</span>", "05-24 08:00", "Ⅱ", "<span data-toggle='tooltip' data-placement='right' title='原始值：23.85153'>23.9</span>", "<span data-toggle='tooltip' data-placement='right' title='原始值：8.29818'>8.30</span>", "<span data-toggle='tooltip' data-placement='right' title='原始值：12.72245'>12.72</span>", "<span data-toggle='tooltip' data-placement='right' title='原始值：807.4545'>807.5</span>", "<span data-toggle='tooltip' data-placement='right' title='原始值：16.55502'>16.6</span>", "<span data-toggle='tooltip' data-placement='right' title='原始值：3.865'>3.86</span>", "<span data-toggle='tooltip' data-placement='right' title='原始值：0.12'>0.120</span>", "*", "*", "*", "*", "正常"], ["河南省", "淮河流域", "<span data-toggle='tooltip' data-placement='right' title='所在地市:周口市&#10;所属河流:涡河'>鹿邑付桥(鹿邑付桥闸)</span>", "05-24 08:00", "Ⅲ", "<span data-toggle='tooltip' data-placement='right' title='原始值：25.36467'>25.4</span>", "<span data-toggle='tooltip' data-placement='right' title='原始值：8.54323'>8.54</span>", "<span data-toggle='tooltip' data-placement='right' title='原始值：9.62764'>9.63</span>", "<span data-toggle='tooltip' data-placement='right' title='原始值：1486.842'>1486.8</span>", "<span data-toggle='tooltip' data-placement='right' title='原始值：8.21779'>8.2</span>", "<span data-toggle='tooltip' data-placement='right' title='原始值：4.17'>4.17</span>", "<span data-toggle='tooltip' data-placement='right' title='原始值：0.04'>0.040</span>", "<span data-toggle='tooltip' data-placement='right' title='原始值：0.069'>0.069</span>", "<span data-toggle='tooltip' data-placement='right' title='原始值：0.81346'>0.81</span>", "*", "*", "正常"], ["河南省", "淮河流域", "<span data-toggle='tooltip' data-placement='right' title='所在地市:驻马店市&#10;所属河流:洪河'>新蔡班台(班台)</span>", "05-24 08:00", "Ⅳ", "<span data-toggle='tooltip' data-placement='right' title='原始值：24.96278'>25.0</span>", "<span data-toggle='tooltip' data-placement='right' title='原始值：6.74988'>6.75</span>", "<span data-toggle='tooltip' data-placement='right' title='原始值：4.12301'>4.12</span>", "<span data-toggle='tooltip' data-placement='right' title='原始值：1285.548'>1285.5</span>", "<span data-toggle='tooltip' data-placement='right' title='原始值：0.80581'>0.8</span>", "<span data-toggle='tooltip' data-placement='right' title='原始值：4.79522'>4.80</span>", "<span data-toggle='tooltip' data-placement='right' title='原始值：0.55'>0.550</span>", "<span data-toggle='tooltip' data-placement='right' title='原始值：0.24081'>0.241</span>", "<span data-toggle='tooltip' data-placement='right' title='原始值：2.74496'>2.74</span>", "*", "*", "正常"], ["河南省", "黄河流域", "<span data-toggle='tooltip' data-placement='right' title='所在地市:济源市&#10;所属河流:黄河'>小浪底水库(小浪底)</span>", "05-24 08:00", "Ⅱ", "<span data-toggle='tooltip' data-placement='right' title='原始值：15.75867'>15.8</span>", "<span data-toggle='tooltip' data-placement='right' title='原始值：8.71184'>8.71</span>", "<span data-toggle='tooltip' data-placement='right' title='原始值：7.76986'>7.77</span>", "<span data-toggle='tooltip' data-placement='right' title='原始值：1004.256'>1004.3</span>", "<span data-toggle='tooltip' data-placement='right' title='原始值：4.65756'>4.7</span>", "<span data-toggle='tooltip' data-placement='right' title='原始值：2.225'>2.22</span>", "<span data-toggle='tooltip' data-placement='right' title='原始值：0.09'>0.090</span>", "<span data-toggle='tooltip' data-placement='right' title='原始值：0.027'>0.027</span>", "<span data-toggle='tooltip' data-placement='right' title='原始值：4.0725'>4.07</span>", "*", "*", "正常"], ["湖北省", "长江流域", "<span data-toggle='tooltip' data-placement='right' title='所在地市:武汉市&#10;所属河流:汉江'>宗关</span>", null, "", "--", "--", "--", "--", "--", "--", "--", "--", "--", "*", "*", "停站"], ["湖北省", "长江流域", "<span data-toggle='tooltip' data-placement='right' title='所在地市:十堰市&#10;所属河流:丹江口水库'>坝上中(胡家岭)</span>", "05-24 08:08", "Ⅱ", "<span data-toggle='tooltip' data-placement='right' title='原始值：22.95865'>23.0</span>", "<span data-toggle='tooltip' data-placement='right' title='原始值：8.63285'>8.63</span>", "<span data-toggle='tooltip' data-placement='right' title='原始值：8.92676'>8.93</span>", "<span data-toggle='tooltip' data-placement='right' title='极值过滤'>--</span>", "<span data-toggle='tooltip' data-placement='right' title='原始值：3.85987'>3.9</span>", "<span data-toggle='tooltip' data-placement='right' title='原始值：1.68'>1.68</span>", "<span data-toggle='tooltip' data-placement='right' title='原始值：0.16'>0.160</span>", "<span data-toggle='tooltip' data-placement='right' title='原始值：0.0039'>0.004</span>", "<span data-toggle='tooltip' data-placement='right' title='原始值：1.313'>1.31</span>", "<span data-toggle='tooltip' data-placement='right' title='原始值：0.00886'>0.009</span>", "<span data-toggle='tooltip' data-placement='right' title='原始值：1.699203E+07'>16992030</span>", "维护"], ["湖北省", "长江流域", "<span data-toggle='tooltip' data-placement='right' title='所在地市:宜昌市&#10;所属河流:长江'>南津关</span>", null, "", "--", "--", "--", "--", "--", "--", "--", "--", "--", "*", "*", "停站"], ["湖南省", "长江流域", "<span data-toggle='tooltip' data-placement='right' title='所在地市:长沙市&#10;所属河流:湘江'>新港</span>", null, "", "--", "--", "--", "--", "--", "--", "--", "--", "--", "*", "*", "停站"], ["湖南省", "长江流域", "<span data-toggle='tooltip' data-placement='right' title='所在地市:岳阳市&#10;所属河流:洞庭湖'>岳阳楼</span>", null, "", "--", "--", "--", "--", "--", "--", "--", "--", "--", "--", "--", "停站"], ["湖南省", "长江流域", "<span data-toggle='tooltip' data-placement='right' title='所在地市:岳阳市&#10;所属河流:长江'>城陵矶</span>", null, "", "--", "--", "--", "--", "--", "--", "--", "--", "--", "*", "*", "停站"], ["广东省", "珠江流域", "<span data-toggle='tooltip' data-placement='right' title='所在地市:清远市&#10;所属河流:北江'>七星岗</span>", "05-24 08:00", "Ⅲ", "<span data-toggle='tooltip' data-placement='right' title='原始值：26.42294'>26.4</span>", "<span data-toggle='tooltip' data-placement='right' title='原始值：6.79467'>6.79</span>", "<span data-toggle='tooltip' data-placement='right' title='原始值：5.19375'>5.19</span>", "<span data-toggle='tooltip' data-placement='right' title='原始值：201.4755'>201.5</span>", "<span data-toggle='tooltip' data-placement='right' title='原始值：24.48711'>24.5</span>", "<span data-toggle='tooltip' data-placement='right' title='原始值：0.59'>0.59</span>", "<span data-toggle='tooltip' data-placement='right' title='原始值：0.17052'>0.171</span>", "<span data-toggle='tooltip' data-placement='right' title='原始值：0.08632'>0.086</span>", "<span data-toggle='tooltip' data-placement='right' title='原始值：2.3212'>2.32</span>", "*", "*", "正常"], ["广东省", "珠江流域", "<span data-toggle='tooltip' data-placement='right' title='所在地市:中山市&#10;所属河流:西江'>横栏</span>", "05-24 08:00", "Ⅱ", "<span data-toggle='tooltip' data-placement='right' title='原始值：26'>26.0</span>", "<span data-toggle='tooltip' data-placement='right' title='原始值：7.53'>7.53</span>", "<span data-toggle='tooltip' data-placement='right' title='原始值：6.69'>6.69</span>", "<span data-toggle='tooltip' data-placement='right' title='原始值：260'>260.0</span>", "<span data-toggle='tooltip' data-placement='right' title='原始值：10.6'>10.6</span>", "<span data-toggle='tooltip' data-placement='right' title='原始值：1.55'>1.55</span>", "<span data-toggle='tooltip' data-placement='right' title='原始值：0.12464'>0.125</span>", "*", "*", "*", "*", "正常"], ["广西壮族自治区", "珠江流域", "<span data-toggle='tooltip' data-placement='right' title='所在地市:南宁市&#10;所属河流:邕江'>老口</span>", "05-24 08:00", "Ⅲ", "<span data-toggle='tooltip' data-placement='right' title='原始值：28.23737'>28.2</span>", "<span data-toggle='tooltip' data-placement='right' title='原始值：7.41439'>7.41</span>", "<span data-toggle='tooltip' data-placement='right' title='原始值：5.59597'>5.60</span>", "<span data-toggle='tooltip' data-placement='right' title='原始值：279.4255'>279.4</span>", "<span data-toggle='tooltip' data-placement='right' title='原始值：18.61356'>18.6</span>", "<span data-toggle='tooltip' data-placement='right' title='原始值：3.74762'>3.75</span>", "<span data-toggle='tooltip' data-placement='right' title='原始值：0.06706'>0.067</span>", "<span data-toggle='tooltip' data-placement='right' title='原始值：0.03354'>0.034</span>", "<span data-toggle='tooltip' data-placement='right' title='原始值：2.04358'>2.04</span>", "*", "*", "正常"], ["广西壮族自治区", "珠江流域", "<span data-toggle='tooltip' data-placement='right' title='所在地市:桂林市&#10;所属河流:漓江'>阳朔</span>", "05-24 08:00", "Ⅲ", "<span data-toggle='tooltip' data-placement='right' title='原始值：23.39375'>23.4</span>", "<span data-toggle='tooltip' data-placement='right' title='原始值：7.02938'>7.03</span>", "<span data-toggle='tooltip' data-placement='right' title='原始值：5.81805'>5.82</span>", "<span data-toggle='tooltip' data-placement='right' title='原始值：159'>159.0</span>", "<span data-toggle='tooltip' data-placement='right' title='原始值：20.36248'>20.4</span>", "<span data-toggle='tooltip' data-placement='right' title='原始值：1.22'>1.22</span>", "<span data-toggle='tooltip' data-placement='right' title='原始值：0.02651'>0.027</span>", "<span data-toggle='tooltip' data-placement='right' title='原始值：0.01805'>0.018</span>", "<span data-toggle='tooltip' data-placement='right' title='原始值：2.2376'>2.24</span>", "*", "*", "正常"], ["广西壮族自治区", "珠江流域", "<span data-toggle='tooltip' data-placement='right' title='所在地市:梧州市&#10;所属河流:浔江'>界首</span>", null, "", "--", "--", "--", "--", "--", "--", "--", "--", "--", "*", "*", "停站"], ["广西壮族自治区", "珠江流域", "<span data-toggle='tooltip' data-placement='right' title='所在地市:贵港市&#10;所属河流:浔江'>石嘴</span>", "05-24 08:00", "Ⅱ", "<span data-toggle='tooltip' data-placement='right' title='原始值：28.07026'>28.1</span>", "<span data-toggle='tooltip' data-placement='right' title='原始值：6.68402'>6.68</span>", "<span data-toggle='tooltip' data-placement='right' title='原始值：7.8931'>7.89</span>", "<span data-toggle='tooltip' data-placement='right' title='原始值：291.469'>291.5</span>", "<span data-toggle='tooltip' data-placement='right' title='原始值：30.24513'>30.2</span>", "<span data-toggle='tooltip' data-placement='right' title='原始值：0.76'>0.76</span>", "<span data-toggle='tooltip' data-placement='right' title='原始值：0.12'>0.120</span>", "<span data-toggle='tooltip' data-placement='right' title='原始值：0.03409'>0.034</span>", "<span data-toggle='tooltip' data-placement='right' title='原始值：2.3221'>2.32</span>", "*", "*", "正常"], ["广西壮族自治区", "珠江流域", "<span data-toggle='tooltip' data-placement='right' title='所在地市:崇左市&#10;所属河流:平而河'>平而关</span>", null, "", "--", "--", "--", "--", "--", "--", "--", "*", "*", "*", "*", "维护"], ["重庆市", "长江流域", "<span data-toggle='tooltip' data-placement='right' title='所在地市:永川区&#10;所属河流:长江'>朱沱</span>", null, "", "--", "--", "--", "--", "--", "--", "--", "--", "--", "*", "*", "停站"], ["四川省", "长江流域", "<span data-toggle='tooltip' data-placement='right' title='所在地市:攀枝花市&#10;所属河流:金沙江'>龙洞</span>", "05-24 08:00", "", "<span data-toggle='tooltip' data-placement='right' title='原始值：19.31323'>19.3</span>", "<span data-toggle='tooltip' data-placement='right' title='原始值：8.08369'>8.08</span>", "<span data-toggle='tooltip' data-placement='right' title='原始值：8.78966'>8.79</span>", "<span data-toggle='tooltip' data-placement='right' title='原始值：616.5812'>616.6</span>", "<span data-toggle='tooltip' data-placement='right' title='原始值：2.25631'>2.3</span>", "<span data-toggle='tooltip' data-placement='right' title='极值过滤'>--</span>", "<span data-toggle='tooltip' data-placement='right' title='原始值：0.01'>0.010</span>", "<span data-toggle='tooltip' data-placement='right' title='原始值：0.00739'>0.007</span>", "<span data-toggle='tooltip' data-placement='right' title='原始值：0.24381'>0.24</span>", "*", "*", "维护"], ["四川省", "长江流域", "<span data-toggle='tooltip' data-placement='right' title='所在地市:泸州市&#10;所属河流:沱江'>沱江大桥(沱江二桥)</span>", null, "", "--", "--", "--", "--", "--", "--", "--", "--", "--", "*", "*", "停站"], ["四川省", "长江流域", "<span data-toggle='tooltip' data-placement='right' title='所在地市:广元市&#10;所属河流:嘉陵江'>清风峡</span>", "05-24 08:00", "Ⅰ", "<span data-toggle='tooltip' data-placement='right' title='原始值：23.19998'>23.2</span>", "<span data-toggle='tooltip' data-placement='right' title='原始值：8.07001'>8.07</span>", "<span data-toggle='tooltip' data-placement='right' title='原始值：8.44815'>8.45</span>", "<span data-toggle='tooltip' data-placement='right' title='原始值：336'>336.0</span>", "<span data-toggle='tooltip' data-placement='right' title='原始值：49.15372'>49.2</span>", "<span data-toggle='tooltip' data-placement='right' title='原始值：0.85'>0.85</span>", "<span data-toggle='tooltip' data-placement='right' title='原始值：0.01128'>0.011</span>", "*", "*", "*", "*", "正常"], ["四川省", "长江流域", "<span data-toggle='tooltip' data-placement='right' title='所在地市:乐山市&#10;所属河流:岷江'>岷江大桥</span>", "05-24 08:00", "Ⅱ", "<span data-toggle='tooltip' data-placement='right' title='原始值：26.11153'>26.1</span>", "<span data-toggle='tooltip' data-placement='right' title='原始值：7.50261'>7.50</span>", "<span data-toggle='tooltip' data-placement='right' title='原始值：6.30582'>6.31</span>", "<span data-toggle='tooltip' data-placement='right' title='原始值：481.6807'>481.7</span>", "<span data-toggle='tooltip' data-placement='right' title='原始值：22.67104'>22.7</span>", "<span data-toggle='tooltip' data-placement='right' title='原始值：3.51'>3.51</span>", "<span data-toggle='tooltip' data-placement='right' title='原始值：0.27'>0.270</span>", "*", "*", "*", "*", "正常"], ["四川省", "长江流域", "<span data-toggle='tooltip' data-placement='right' title='所在地市:宜宾市&#10;所属河流:岷江'>凉姜沟</span>", null, "", "--", "--", "--", "--", "--", "--", "--", "--", "--", "*", "*", "停站"], ["云南省", "滇池流域", "<span data-toggle='tooltip' data-placement='right' title='所在地市:昆明市&#10;所属河流:滇池'>西苑隧道</span>", "05-24 08:02", "Ⅴ", "<span data-toggle='tooltip' data-placement='right' title='原始值：23.79069'>23.8</span>", "<span data-toggle='tooltip' data-placement='right' title='原始值：7.24277'>7.24</span>", "<span data-toggle='tooltip' data-placement='right' title='原始值：5.55779'>5.56</span>", "<span data-toggle='tooltip' data-placement='right' title='原始值：679.2523'>679.3</span>", "<span data-toggle='tooltip' data-placement='right' title='原始值：24.14018'>24.1</span>", "<span data-toggle='tooltip' data-placement='right' title='原始值：10.38999'>10.39</span>", "<span data-toggle='tooltip' data-placement='right' title='原始值：0.24'>0.240</span>", "<span data-toggle='tooltip' data-placement='right' title='原始值：0.16277'>0.163</span>", "<span data-toggle='tooltip' data-placement='right' title='原始值：4.06372'>4.06</span>", "<span data-toggle='tooltip' data-placement='right' title='原始值：0.02972'>0.030</span>", "<span data-toggle='tooltip' data-placement='right' title='原始值：7413923'>7413923</span>", "正常"], ["云南省", "滇池流域", "<span data-toggle='tooltip' data-placement='right' title='所在地市:昆明市&#10;所属河流:滇池'>观音山</span>", "05-24 08:00", "Ⅳ", "<span data-toggle='tooltip' data-placement='right' title='原始值：24.95094'>25.0</span>", "<span data-toggle='tooltip' data-placement='right' title='原始值：8.49639'>8.50</span>", "<span data-toggle='tooltip' data-placement='right' title='原始值：8.80354'>8.80</span>", "<span data-toggle='tooltip' data-placement='right' title='原始值：430.724'>430.7</span>", "<span data-toggle='tooltip' data-placement='right' title='原始值：37.32828'>37.3</span>", "<span data-toggle='tooltip' data-placement='right' title='原始值：7.72'>7.72</span>", "<span data-toggle='tooltip' data-placement='right' title='原始值：0.16'>0.160</span>", "<span data-toggle='tooltip' data-placement='right' title='原始值：0.0698'>0.070</span>", "<span data-toggle='tooltip' data-placement='right' title='原始值：1.162'>1.16</span>", "<span data-toggle='tooltip' data-placement='right' title='原始值：0.03848'>0.038</span>", "<span data-toggle='tooltip' data-placement='right' title='原始值：7699928'>7699928</span>", "正常"], ["云南省", "西南诸河", "<span data-toggle='tooltip' data-placement='right' title='所在地市:红河哈尼族彝族自治州&#10;所属河流:红河'>河口县医院(河口)</span>", "05-24 08:00", "Ⅱ", "<span data-toggle='tooltip' data-placement='right' title='原始值：26.6'>26.6</span>", "<span data-toggle='tooltip' data-placement='right' title='原始值：6.75984'>6.76</span>", "<span data-toggle='tooltip' data-placement='right' title='原始值：6.66'>6.66</span>", "<span data-toggle='tooltip' data-placement='right' title='原始值：118'>118.0</span>", "<span data-toggle='tooltip' data-placement='right' title='原始值：625.6266'>625.6</span>", "<span data-toggle='tooltip' data-placement='right' title='原始值：3.06'>3.06</span>", "<span data-toggle='tooltip' data-placement='right' title='原始值：0.07337'>0.073</span>", "<span data-toggle='tooltip' data-placement='right' title='原始值：0.01407'>0.014</span>", "<span data-toggle='tooltip' data-placement='right' title='原始值：0.98103'>0.98</span>", "*", "*", "正常"], ["云南省", "西南诸河", "<span data-toggle='tooltip' data-placement='right' title='所在地市:西双版纳傣族自治州&#10;所属河流:澜沧江'>橄榄坝</span>", null, "", "--", "--", "--", "--", "--", "--", "--", "*", "*", "*", "*", "维护"], ["陕西省", "黄河流域", "<span data-toggle='tooltip' data-placement='right' title='所在地市:渭南市&#10;所属河流:渭河'>潼关吊桥</span>", "05-24 08:08", "Ⅱ", "<span data-toggle='tooltip' data-placement='right' title='原始值：22.44922'>22.4</span>", "<span data-toggle='tooltip' data-placement='right' title='原始值：8.32'>8.32</span>", "<span data-toggle='tooltip' data-placement='right' title='原始值：7.35'>7.35</span>", "<span data-toggle='tooltip' data-placement='right' title='原始值：1041'>1041.0</span>", "<span data-toggle='tooltip' data-placement='right' title='原始值：126.7581'>126.8</span>", "<span data-toggle='tooltip' data-placement='right' title='原始值：4'>4.00</span>", "<span data-toggle='tooltip' data-placement='right' title='原始值：0.12'>0.120</span>", "<span data-toggle='tooltip' data-placement='right' title='原始值：0.09582'>0.096</span>", "<span data-toggle='tooltip' data-placement='right' title='原始值：4.41817'>4.42</span>", "*", "*", "正常"], ["甘肃省", "黄河流域", "<span data-toggle='tooltip' data-placement='right' title='所在地市:兰州市&#10;所属河流:黄河'>新城桥</span>", "05-24 08:00", "Ⅱ", "<span data-toggle='tooltip' data-placement='right' title='原始值：14.14065'>14.1</span>", "<span data-toggle='tooltip' data-placement='right' title='原始值：7.48813'>7.49</span>", "<span data-toggle='tooltip' data-placement='right' title='原始值：8.32946'>8.33</span>", "<span data-toggle='tooltip' data-placement='right' title='原始值：501.7826'>501.8</span>", "<span data-toggle='tooltip' data-placement='right' title='原始值：104.3917'>104.4</span>", "<span data-toggle='tooltip' data-placement='right' title='原始值：2.21'>2.21</span>", "<span data-toggle='tooltip' data-placement='right' title='原始值：0.11'>0.110</span>", "<span data-toggle='tooltip' data-placement='right' title='原始值：0.02842'>0.028</span>", "<span data-toggle='tooltip' data-placement='right' title='原始值：2.23961'>2.24</span>", "*", "*", "正常"], ["宁夏回族自治区", "黄河流域", "<span data-toggle='tooltip' data-placement='right' title='所在地市:中卫市&#10;所属河流:黄河'>中卫下河沿(新墩)</span>", "05-24 08:00", "", "<span data-toggle='tooltip' data-placement='right' title='原始值：17.43646'>17.4</span>", "<span data-toggle='tooltip' data-placement='right' title='原始值：8.3301'>8.33</span>", "<span data-toggle='tooltip' data-placement='right' title='原始值：7.75481'>7.75</span>", "<span data-toggle='tooltip' data-placement='right' title='原始值：502.989'>503.0</span>", "<span data-toggle='tooltip' data-placement='right' title='原始值：107.8761'>107.9</span>", "<span data-toggle='tooltip' data-placement='right' title='原始值：1.45'>1.45</span>", "<span data-toggle='tooltip' data-placement='right' title='极值过滤'>--</span>", "<span data-toggle='tooltip' data-placement='right' title='原始值：0.0292'>0.029</span>", "<span data-toggle='tooltip' data-placement='right' title='原始值：2.1303'>2.13</span>", "*", "*", "维护"]]}