{"result": 1, "total": 1, "records": 98, "thead": ["省份", "流域", "断面名称", "监测时间", "水质类别", "水温<br/><span class='unit'>(℃)</span>", "pH<br/><span class='unit'>(无量纲)</span>", "溶解氧<br/><span class='unit'>(mg/L)</span>", "电导率<br/><span class='unit'>(μS/cm)</span>", "浊度<br/><span class='unit'>(NTU)</span>", "高锰酸盐指数<br/><span class='unit'>(mg/L)</span>", "氨氮<br/><span class='unit'>(mg/L)</span>", "总磷<br/><span class='unit'>(mg/L)</span>", "总氮<br/><span class='unit'>(mg/L)</span>", "叶绿素α<br/><span class='unit'>(mg/L)</span>", "藻密度<br/><span class='unit'>(cells/L)</span>", "站点情况"], "tbody": [["北京市", "海河流域", "<span data-toggle='tooltip' data-placement='right' title='所在地市:门头沟区&#10;所属河流:永定河'>沿河城</span>", null, "", "--", "--", "--", "--", "--", "--", "--", "--", "--", "*", "*", "停站"], ["北京市", "海河流域", "<span data-toggle='tooltip' data-placement='right' title='所在地市:密云区&#10;所属河流:潮河'>古北口</span>", "05-30 08:00", "Ⅱ", "<span data-toggle='tooltip' data-placement='right' title='原始值：21.29624'>21.3</span>", "<span data-toggle='tooltip' data-placement='right' title='原始值：7.28979'>7.29</span>", "<span data-toggle='tooltip' data-placement='right' title='原始值：9.17549'>9.18</span>", "<span data-toggle='tooltip' data-placement='right' title='原始值：624.7625'>624.8</span>", "<span data-toggle='tooltip' data-placement='right' title='原始值：4.98979'>5.0</span>", "<span data-toggle='tooltip' data-placement='right' title='原始值：1.0475'>1.05</span>", "<span data-toggle='tooltip' data-placement='right' title='原始值：0.26'>0.260</span>", "<span data-toggle='tooltip' data-placement='right' title='原始值：0.0011'>0.001</span>", "<span data-toggle='tooltip' data-placement='right' title='原始值：3.5978'>3.60</span>", "*", "*", "正常"], ["天津市", "海河流域", "<span data-toggle='tooltip' data-placement='right' title='所在地市:河北区&#10;所属河流:海河'>三岔口</span>", "05-30 08:00", "Ⅱ", "<span data-toggle='tooltip' data-placement='right' title='原始值：24.3679'>24.4</span>", "<span data-toggle='tooltip' data-placement='right' title='原始值：7.9798'>7.98</span>", "<span data-toggle='tooltip' data-placement='right' title='原始值：7.753'>7.75</span>", "<span data-toggle='tooltip' data-placement='right' title='原始值：252.7583'>252.8</span>", "<span data-toggle='tooltip' data-placement='right' title='原始值：17.794'>17.8</span>", "<span data-toggle='tooltip' data-placement='right' title='原始值：2.86'>2.86</span>", "<span data-toggle='tooltip' data-placement='right' title='原始值：0.37'>0.370</span>", "<span data-toggle='tooltip' data-placement='right' title='原始值：0.0534'>0.053</span>", "<span data-toggle='tooltip' data-placement='right' title='原始值：1.114'>1.11</span>", "*", "*", "正常"], ["天津市", "海河流域", "<span data-toggle='tooltip' data-placement='right' title='所在地市:蓟州区&#10;所属河流:果河'>果河桥</span>", "05-30 04:00", "Ⅱ", "<span data-toggle='tooltip' data-placement='right' title='原始值：18.1'>18.1</span>", "<span data-toggle='tooltip' data-placement='right' title='原始值：8.301'>8.30</span>", "<span data-toggle='tooltip' data-placement='right' title='原始值：9.121'>9.12</span>", "<span data-toggle='tooltip' data-placement='right' title='原始值：601.041'>601.0</span>", "<span data-toggle='tooltip' data-placement='right' title='原始值：7.714'>7.7</span>", "<span data-toggle='tooltip' data-placement='right' title='原始值：2.1245'>2.12</span>", "<span data-toggle='tooltip' data-placement='right' title='原始值：0.02'>0.020</span>", "<span data-toggle='tooltip' data-placement='right' title='原始值：0.0341'>0.034</span>", "<span data-toggle='tooltip' data-placement='right' title='原始值：2.9964'>3.00</span>", "*", "*", "正常"], ["河北省", "海河流域", "<span data-toggle='tooltip' data-placement='right' title='所在地市:石家庄市&#10;所属河流:滹沱河'>岗南水库</span>", "05-30 08:00", "Ⅱ", "<span data-toggle='tooltip' data-placement='right' title='原始值：23.85359'>23.9</span>", "<span data-toggle='tooltip' data-placement='right' title='原始值：8.26666'>8.27</span>", "<span data-toggle='tooltip' data-placement='right' title='原始值：9.06365'>9.06</span>", "<span data-toggle='tooltip' data-placement='right' title='原始值：571.8094'>571.8</span>", "<span data-toggle='tooltip' data-placement='right' title='原始值：3.54863'>3.5</span>", "<span data-toggle='tooltip' data-placement='right' title='原始值：2.17705'>2.18</span>", "<span data-toggle='tooltip' data-placement='right' title='原始值：0.05'>0.050</span>", "<span data-toggle='tooltip' data-placement='right' title='原始值：0.01941'>0.019</span>", "<span data-toggle='tooltip' data-placement='right' title='原始值：2.22498'>2.22</span>", "*", "*", "正常"], ["河北省", "海河流域", "<span data-toggle='tooltip' data-placement='right' title='所在地市:张家口市&#10;所属河流:永定河'>八号桥</span>", null, "", "--", "--", "--", "--", "--", "--", "--", "--", "--", "*", "*", "停站"], ["山西省", "黄河流域", "<span data-toggle='tooltip' data-placement='right' title='所在地市:运城市&#10;所属河流:汾河'>河津大桥</span>", "05-30 08:00", "Ⅴ", "<span data-toggle='tooltip' data-placement='right' title='原始值：24.63979'>24.6</span>", "<span data-toggle='tooltip' data-placement='right' title='原始值：7.97292'>7.97</span>", "<span data-toggle='tooltip' data-placement='right' title='原始值：8.03728'>8.04</span>", "<span data-toggle='tooltip' data-placement='right' title='原始值：1445.137'>1445.1</span>", "<span data-toggle='tooltip' data-placement='right' title='原始值：242.6194'>242.6</span>", "<span data-toggle='tooltip' data-placement='right' title='原始值：10.62174'>10.62</span>", "<span data-toggle='tooltip' data-placement='right' title='原始值：0.03'>0.030</span>", "*", "*", "*", "*", "正常"], ["山西省", "黄河流域", "<span data-toggle='tooltip' data-placement='right' title='所在地市:忻州市&#10;所属河流:黄河'>万家寨水库</span>", "05-30 08:00", "Ⅲ", "<span data-toggle='tooltip' data-placement='right' title='原始值：19.44967'>19.4</span>", "<span data-toggle='tooltip' data-placement='right' title='原始值：8.10914'>8.11</span>", "<span data-toggle='tooltip' data-placement='right' title='原始值：8.69424'>8.69</span>", "<span data-toggle='tooltip' data-placement='right' title='原始值：931.3613'>931.4</span>", "<span data-toggle='tooltip' data-placement='right' title='原始值：12.03847'>12.0</span>", "<span data-toggle='tooltip' data-placement='right' title='原始值：4.64'>4.64</span>", "<span data-toggle='tooltip' data-placement='right' title='原始值：0.3'>0.300</span>", "<span data-toggle='tooltip' data-placement='right' title='原始值：0.00025'>0.0002</span>", "<span data-toggle='tooltip' data-placement='right' title='原始值：1.5875'>1.59</span>", "*", "*", "正常"], ["内蒙古自治区", "黄河流域", "<span data-toggle='tooltip' data-placement='right' title='所在地市:包头市&#10;所属河流:黄河'>画匠营子</span>", "05-30 08:00", "Ⅲ", "<span data-toggle='tooltip' data-placement='right' title='原始值：16.46911'>16.5</span>", "<span data-toggle='tooltip' data-placement='right' title='原始值：7.72312'>7.72</span>", "<span data-toggle='tooltip' data-placement='right' title='原始值：7.73759'>7.74</span>", "<span data-toggle='tooltip' data-placement='right' title='原始值：911.1529'>911.2</span>", "<span data-toggle='tooltip' data-placement='right' title='原始值：1448.843'>1448.8</span>", "<span data-toggle='tooltip' data-placement='right' title='原始值：4.0177'>4.02</span>", "<span data-toggle='tooltip' data-placement='right' title='原始值：0.02745'>0.027</span>", "*", "*", "*", "*", "正常"], ["内蒙古自治区", "黄河流域", "<span data-toggle='tooltip' data-placement='right' title='所在地市:乌海市&#10;所属河流:黄河'>海勃湾</span>", "05-30 08:05", "Ⅱ", "<span data-toggle='tooltip' data-placement='right' title='原始值：19.2224'>19.2</span>", "<span data-toggle='tooltip' data-placement='right' title='原始值：8.313'>8.31</span>", "<span data-toggle='tooltip' data-placement='right' title='原始值：6.63321'>6.63</span>", "<span data-toggle='tooltip' data-placement='right' title='原始值：784.2649'>784.3</span>", "<span data-toggle='tooltip' data-placement='right' title='原始值：51.92842'>51.9</span>", "<span data-toggle='tooltip' data-placement='right' title='原始值：3.22'>3.22</span>", "<span data-toggle='tooltip' data-placement='right' title='原始值：0.04'>0.040</span>", "*", "*", "*", "*", "正常"], ["内蒙古自治区", "松花江流域", "<span data-toggle='tooltip' data-placement='right' title='所在地市:呼伦贝尔市&#10;所属河流:额尔古纳河'>黑山头</span>", null, "", "--", "--", "--", "--", "--", "--", "--", "--", "--", "*", "*", "维护"], ["辽宁省", "辽河流域", "<span data-toggle='tooltip' data-placement='right' title='所在地市:抚顺市&#10;所属河流:浑河'>大伙房水库</span>", "05-30 08:00", "Ⅱ", "<span data-toggle='tooltip' data-placement='right' title='原始值：18.34047'>18.3</span>", "<span data-toggle='tooltip' data-placement='right' title='原始值：7.1486'>7.15</span>", "<span data-toggle='tooltip' data-placement='right' title='原始值：10.34433'>10.34</span>", "<span data-toggle='tooltip' data-placement='right' title='原始值：354.9625'>355.0</span>", "<span data-toggle='tooltip' data-placement='right' title='原始值：11.9771'>12.0</span>", "<span data-toggle='tooltip' data-placement='right' title='原始值：2.71'>2.71</span>", "<span data-toggle='tooltip' data-placement='right' title='原始值：0.08'>0.080</span>", "<span data-toggle='tooltip' data-placement='right' title='原始值：0.01441'>0.014</span>", "<span data-toggle='tooltip' data-placement='right' title='原始值：2.32778'>2.33</span>", "<span data-toggle='tooltip' data-placement='right' title='原始值：0.00085'>0.001</span>", "*", "正常"], ["辽宁省", "辽河流域", "<span data-toggle='tooltip' data-placement='right' title='所在地市:丹东市&#10;所属河流:鸭绿江'>江桥</span>", null, "", "--", "--", "--", "--", "--", "--", "--", "--", "--", "*", "*", "维护"], ["辽宁省", "辽河流域", "<span data-toggle='tooltip' data-placement='right' title='所在地市:营口市&#10;所属河流:大辽河'>辽河公园</span>", "05-30 08:05", "Ⅲ", "<span data-toggle='tooltip' data-placement='right' title='原始值：20.1299'>20.1</span>", "<span data-toggle='tooltip' data-placement='right' title='原始值：6.91284'>6.91</span>", "<span data-toggle='tooltip' data-placement='right' title='原始值：7.62117'>7.62</span>", "<span data-toggle='tooltip' data-placement='right' title='原始值：1965.284'>1965.3</span>", "<span data-toggle='tooltip' data-placement='right' title='原始值：132.4668'>132.5</span>", "<span data-toggle='tooltip' data-placement='right' title='原始值：5.96055'>5.96</span>", "<span data-toggle='tooltip' data-placement='right' title='原始值：0.0785'>0.078</span>", "<span data-toggle='tooltip' data-placement='right' title='原始值：0.17569'>0.176</span>", "<span data-toggle='tooltip' data-placement='right' title='原始值：6.25638'>6.26</span>", "*", "*", "正常"], ["辽宁省", "辽河流域", "<span data-toggle='tooltip' data-placement='right' title='所在地市:辽阳市&#10;所属河流:太子河'>汤河水库</span>", "05-30 08:00", "", "<span data-toggle='tooltip' data-placement='right' title='原始值：14.8'>14.8</span>", "<span data-toggle='tooltip' data-placement='right' title='原始值：8.08'>8.08</span>", "<span data-toggle='tooltip' data-placement='right' title='原始值：6.68996'>6.69</span>", "<span data-toggle='tooltip' data-placement='right' title='原始值：485.7541'>485.8</span>", "<span data-toggle='tooltip' data-placement='right' title='原始值：25.07496'>25.1</span>", "<span data-toggle='tooltip' data-placement='right' title='原始值：0.58'>0.58</span>", "<span data-toggle='tooltip' data-placement='right' title='原始值：0.04434'>0.044</span>", "<span data-toggle='tooltip' data-placement='right' title='极值过滤'>--</span>", "<span data-toggle='tooltip' data-placement='right' title='极值过滤'>--</span>", "*", "*", "维护"], ["辽宁省", "辽河流域", "<span data-toggle='tooltip' data-placement='right' title='所在地市:盘锦市&#10;所属河流:辽河'>盘锦兴安(兴安)</span>", "05-30 08:00", "", "<span data-toggle='tooltip' data-placement='right' title='原始值：18.25524'>18.3</span>", "<span data-toggle='tooltip' data-placement='right' title='原始值：6.96059'>6.96</span>", "<span data-toggle='tooltip' data-placement='right' title='原始值：9.73447'>9.73</span>", "<span data-toggle='tooltip' data-placement='right' title='原始值：823.3882'>823.4</span>", "<span data-toggle='tooltip' data-placement='right' title='原始值：106.187'>106.2</span>", "<span data-toggle='tooltip' data-placement='right' title='极值过滤'>--</span>", "<span data-toggle='tooltip' data-placement='right' title='极值过滤'>--</span>", "<span data-toggle='tooltip' data-placement='right' title='原始值：0.09697'>0.097</span>", "<span data-toggle='tooltip' data-placement='right' title='原始值：2.34192'>2.34</span>", "*", "*", "维护"], ["辽宁省", "辽河流域", "<span data-toggle='tooltip' data-placement='right' title='所在地市:铁岭市&#10;所属河流:辽河'>珠尔山</span>", "05-30 08:00", "", "<span data-toggle='tooltip' data-placement='right' title='原始值：20.42281'>20.4</span>", "<span data-toggle='tooltip' data-placement='right' title='原始值：8.29921'>8.30</span>", "<span data-toggle='tooltip' data-placement='right' title='原始值：7.82493'>7.82</span>", "<span data-toggle='tooltip' data-placement='right' title='原始值：474.5762'>474.6</span>", "<span data-toggle='tooltip' data-placement='right' title='原始值：32.75483'>32.8</span>", "<span data-toggle='tooltip' data-placement='right' title='极值过滤'>--</span>", "<span data-toggle='tooltip' data-placement='right' title='原始值：0.13'>0.130</span>", "<span data-toggle='tooltip' data-placement='right' title='原始值：0.05851'>0.059</span>", "<span data-toggle='tooltip' data-placement='right' title='原始值：3.5422'>3.54</span>", "*", "*", "维护"], ["吉林省", "松花江流域", "<span data-toggle='tooltip' data-placement='right' title='所在地市:长春市&#10;所属河流:松花江'>松花江村</span>", "05-30 08:05", "劣Ⅴ", "<span data-toggle='tooltip' data-placement='right' title='原始值：17.35045'>17.4</span>", "<span data-toggle='tooltip' data-placement='right' title='原始值：7.26573'>7.27</span>", "<span data-toggle='tooltip' data-placement='right' title='原始值：9.73002'>9.73</span>", "<span data-toggle='tooltip' data-placement='right' title='原始值：282.7253'>282.7</span>", "<span data-toggle='tooltip' data-placement='right' title='原始值：22.65625'>22.7</span>", "<span data-toggle='tooltip' data-placement='right' title='原始值：1.88'>1.88</span>", "<span data-toggle='tooltip' data-placement='right' title='原始值：3.26'>3.260</span>", "<span data-toggle='tooltip' data-placement='right' title='原始值：0.03579'>0.036</span>", "<span data-toggle='tooltip' data-placement='right' title='原始值：2.3365'>2.34</span>", "*", "*", "正常"], ["吉林省", "松花江流域", "<span data-toggle='tooltip' data-placement='right' title='所在地市:白城市&#10;所属河流:嫩江'>白沙滩</span>", null, "", "--", "--", "--", "--", "--", "--", "--", "--", "--", "*", "*", "停站"], ["吉林省", "松花江流域", "<span data-toggle='tooltip' data-placement='right' title='所在地市:延边朝鲜族自治州&#10;所属河流:图们江'>圈河</span>", "05-30 08:00", "Ⅳ", "<span data-toggle='tooltip' data-placement='right' title='原始值：20.3'>20.3</span>", "<span data-toggle='tooltip' data-placement='right' title='原始值：7.61'>7.61</span>", "<span data-toggle='tooltip' data-placement='right' title='原始值：7.32508'>7.33</span>", "<span data-toggle='tooltip' data-placement='right' title='原始值：165'>165.0</span>", "<span data-toggle='tooltip' data-placement='right' title='原始值：29'>29.0</span>", "<span data-toggle='tooltip' data-placement='right' title='原始值：6.19'>6.19</span>", "<span data-toggle='tooltip' data-placement='right' title='原始值：0.10825'>0.108</span>", "<span data-toggle='tooltip' data-placement='right' title='原始值：0.10448'>0.104</span>", "<span data-toggle='tooltip' data-placement='right' title='原始值：1.60035'>1.60</span>", "*", "*", "正常"], ["黑龙江省", "松花江流域", "<span data-toggle='tooltip' data-placement='right' title='所在地市:大庆市&#10;所属河流:松花江'>肇源</span>", null, "", "--", "--", "--", "--", "--", "--", "--", "--", "--", "*", "*", "停站"], ["黑龙江省", "松花江流域", "<span data-toggle='tooltip' data-placement='right' title='所在地市:佳木斯市&#10;所属河流:乌苏里江'>乌苏镇</span>", null, "", "--", "--", "--", "--", "--", "--", "--", "--", "--", "*", "*", "停站"], ["黑龙江省", "松花江流域", "<span data-toggle='tooltip' data-placement='right' title='所在地市:佳木斯市&#10;所属河流:松花江'>同江</span>", "05-30 08:00", "Ⅲ", "<span data-toggle='tooltip' data-placement='right' title='原始值：17.47348'>17.5</span>", "<span data-toggle='tooltip' data-placement='right' title='原始值：7.75001'>7.75</span>", "<span data-toggle='tooltip' data-placement='right' title='原始值：10.31252'>10.31</span>", "<span data-toggle='tooltip' data-placement='right' title='原始值：261.7193'>261.7</span>", "<span data-toggle='tooltip' data-placement='right' title='原始值：76.50211'>76.5</span>", "<span data-toggle='tooltip' data-placement='right' title='原始值：5.44442'>5.44</span>", "<span data-toggle='tooltip' data-placement='right' title='原始值：0.13184'>0.132</span>", "<span data-toggle='tooltip' data-placement='right' title='原始值：0.13965'>0.140</span>", "<span data-toggle='tooltip' data-placement='right' title='原始值：2.78095'>2.78</span>", "*", "*", "正常"], ["黑龙江省", "松花江流域", "<span data-toggle='tooltip' data-placement='right' title='所在地市:黑河市&#10;所属河流:黑龙江'>黑河下(黑河)</span>", null, "", "--", "--", "--", "--", "--", "--", "--", "--", "--", "*", "*", "维护"], ["上海市", "长江流域", "<span data-toggle='tooltip' data-placement='right' title='所在地市:青浦区&#10;所属河流:淀山湖'>急水港桥</span>", "05-30 08:00", "Ⅳ", "<span data-toggle='tooltip' data-placement='right' title='原始值：23.3'>23.3</span>", "<span data-toggle='tooltip' data-placement='right' title='原始值：7.06'>7.06</span>", "<span data-toggle='tooltip' data-placement='right' title='原始值：5.27'>5.27</span>", "<span data-toggle='tooltip' data-placement='right' title='原始值：735'>735.0</span>", "<span data-toggle='tooltip' data-placement='right' title='原始值：173.7'>173.7</span>", "<span data-toggle='tooltip' data-placement='right' title='原始值：1.76562'>1.77</span>", "<span data-toggle='tooltip' data-placement='right' title='原始值：0.38125'>0.381</span>", "<span data-toggle='tooltip' data-placement='right' title='原始值：0.07275'>0.073</span>", "<span data-toggle='tooltip' data-placement='right' title='原始值：3.92189'>3.92</span>", "<span data-toggle='tooltip' data-placement='right' title='原始值：0.00555'>0.006</span>", "<span data-toggle='tooltip' data-placement='right' title='原始值：7.789312E+07'>77893120</span>", "正常"], ["江苏省", "长江流域", "<span data-toggle='tooltip' data-placement='right' title='所在地市:南京市&#10;所属河流:长江'>林山</span>", "05-30 08:00", "Ⅱ", "<span data-toggle='tooltip' data-placement='right' title='原始值：23.6516'>23.7</span>", "<span data-toggle='tooltip' data-placement='right' title='原始值：7.86182'>7.86</span>", "<span data-toggle='tooltip' data-placement='right' title='原始值：6.95534'>6.96</span>", "<span data-toggle='tooltip' data-placement='right' title='原始值：307.256'>307.3</span>", "<span data-toggle='tooltip' data-placement='right' title='原始值：29.4991'>29.5</span>", "<span data-toggle='tooltip' data-placement='right' title='原始值：1.69'>1.69</span>", "<span data-toggle='tooltip' data-placement='right' title='原始值：0.051'>0.051</span>", "*", "*", "*", "*", "正常"], ["江苏省", "太湖流域", "<span data-toggle='tooltip' data-placement='right' title='所在地市:无锡市&#10;所属河流:太湖'>沙渚</span>", "05-30 08:00", "Ⅳ", "<span data-toggle='tooltip' data-placement='right' title='原始值：23.91734'>23.9</span>", "<span data-toggle='tooltip' data-placement='right' title='原始值：7.783335'>7.78</span>", "<span data-toggle='tooltip' data-placement='right' title='原始值：7.067316'>7.07</span>", "<span data-toggle='tooltip' data-placement='right' title='原始值：445.762'>445.8</span>", "<span data-toggle='tooltip' data-placement='right' title='原始值：331.655'>331.7</span>", "<span data-toggle='tooltip' data-placement='right' title='原始值：9.24'>9.24</span>", "<span data-toggle='tooltip' data-placement='right' title='原始值：0.28'>0.280</span>", "<span data-toggle='tooltip' data-placement='right' title='原始值：0.2093'>0.209</span>", "<span data-toggle='tooltip' data-placement='right' title='原始值：5.172'>5.17</span>", "*", "*", "正常"], ["江苏省", "淮河流域", "<span data-toggle='tooltip' data-placement='right' title='所在地市:徐州市&#10;所属河流:武河'>小红圈</span>", null, "", "--", "--", "--", "--", "--", "--", "--", "--", "--", "*", "*", "停站"], ["江苏省", "淮河流域", "<span data-toggle='tooltip' data-placement='right' title='所在地市:徐州市&#10;所属河流:沿河'>李集桥</span>", "05-30 08:00", "Ⅴ", "<span data-toggle='tooltip' data-placement='right' title='原始值：24.9'>24.9</span>", "<span data-toggle='tooltip' data-placement='right' title='原始值：7.47'>7.47</span>", "<span data-toggle='tooltip' data-placement='right' title='原始值：2.8'>2.80</span>", "<span data-toggle='tooltip' data-placement='right' title='原始值：1172.5'>1172.5</span>", "<span data-toggle='tooltip' data-placement='right' title='原始值：18.84'>18.8</span>", "<span data-toggle='tooltip' data-placement='right' title='原始值：4.77'>4.77</span>", "<span data-toggle='tooltip' data-placement='right' title='原始值：0.064'>0.064</span>", "<span data-toggle='tooltip' data-placement='right' title='原始值：0.216'>0.216</span>", "<span data-toggle='tooltip' data-placement='right' title='原始值：1.354'>1.35</span>", "*", "*", "正常"], ["江苏省", "淮河流域", "<span data-toggle='tooltip' data-placement='right' title='所在地市:徐州市&#10;所属河流:邳苍分洪道'>艾山西大桥</span>", "05-30 08:00", "Ⅲ", "<span data-toggle='tooltip' data-placement='right' title='原始值：25.3979'>25.4</span>", "<span data-toggle='tooltip' data-placement='right' title='原始值：7.99105'>7.99</span>", "<span data-toggle='tooltip' data-placement='right' title='原始值：6.8918'>6.89</span>", "<span data-toggle='tooltip' data-placement='right' title='原始值：631.2549'>631.3</span>", "<span data-toggle='tooltip' data-placement='right' title='原始值：21.3204'>21.3</span>", "<span data-toggle='tooltip' data-placement='right' title='原始值：5.18'>5.18</span>", "<span data-toggle='tooltip' data-placement='right' title='原始值：0.11'>0.110</span>", "<span data-toggle='tooltip' data-placement='right' title='原始值：0.04706'>0.047</span>", "<span data-toggle='tooltip' data-placement='right' title='原始值：0.69894'>0.70</span>", "*", "*", "正常"], ["江苏省", "太湖流域", "<span data-toggle='tooltip' data-placement='right' title='所在地市:苏州市&#10;所属河流:太湖'>兰山嘴(老)</span>", "05-30 08:00", "Ⅴ", "<span data-toggle='tooltip' data-placement='right' title='原始值：22.05516'>22.1</span>", "<span data-toggle='tooltip' data-placement='right' title='原始值：7.22296'>7.22</span>", "<span data-toggle='tooltip' data-placement='right' title='原始值：6.97032'>6.97</span>", "<span data-toggle='tooltip' data-placement='right' title='原始值：419.8578'>419.9</span>", "<span data-toggle='tooltip' data-placement='right' title='原始值：321.7979'>321.8</span>", "<span data-toggle='tooltip' data-placement='right' title='原始值：8.44'>8.44</span>", "<span data-toggle='tooltip' data-placement='right' title='原始值：0.24'>0.240</span>", "<span data-toggle='tooltip' data-placement='right' title='原始值：0.31402'>0.314</span>", "<span data-toggle='tooltip' data-placement='right' title='原始值：10.4882'>10.49</span>", "*", "*", "正常"], ["江苏省", "太湖流域", "<span data-toggle='tooltip' data-placement='right' title='所在地市:苏州市&#10;所属河流:太湖'>西山</span>", "05-30 08:00", "Ⅲ", "<span data-toggle='tooltip' data-placement='right' title='原始值：23.3061'>23.3</span>", "<span data-toggle='tooltip' data-placement='right' title='原始值：7.66576'>7.67</span>", "<span data-toggle='tooltip' data-placement='right' title='原始值：7.76056'>7.76</span>", "<span data-toggle='tooltip' data-placement='right' title='原始值：474.013'>474.0</span>", "<span data-toggle='tooltip' data-placement='right' title='原始值：79.06207'>79.1</span>", "<span data-toggle='tooltip' data-placement='right' title='原始值：2.97'>2.97</span>", "<span data-toggle='tooltip' data-placement='right' title='原始值：0.22'>0.220</span>", "<span data-toggle='tooltip' data-placement='right' title='原始值：0.0363'>0.036</span>", "<span data-toggle='tooltip' data-placement='right' title='原始值：0.6746'>0.67</span>", "*", "*", "正常"], ["江苏省", "淮河流域", "<span data-toggle='tooltip' data-placement='right' title='所在地市:连云港市&#10;所属河流:新沭河'>大兴桥</span>", "05-30 08:00", "Ⅲ", "<span data-toggle='tooltip' data-placement='right' title='原始值：25.4'>25.4</span>", "<span data-toggle='tooltip' data-placement='right' title='原始值：8.14'>8.14</span>", "<span data-toggle='tooltip' data-placement='right' title='原始值：8.96'>8.96</span>", "<span data-toggle='tooltip' data-placement='right' title='原始值：1104.8'>1104.8</span>", "<span data-toggle='tooltip' data-placement='right' title='原始值：139.56'>139.6</span>", "<span data-toggle='tooltip' data-placement='right' title='原始值：5.45'>5.45</span>", "<span data-toggle='tooltip' data-placement='right' title='原始值：0.091'>0.091</span>", "*", "*", "*", "*", "正常"], ["江苏省", "淮河流域", "<span data-toggle='tooltip' data-placement='right' title='所在地市:淮安市&#10;所属河流:淮河'>淮河大桥</span>", "05-30 08:00", "", "<span data-toggle='tooltip' data-placement='right' title='原始值：24.48366'>24.5</span>", "<span data-toggle='tooltip' data-placement='right' title='原始值：7.94767'>7.95</span>", "<span data-toggle='tooltip' data-placement='right' title='原始值：5.86124'>5.86</span>", "<span data-toggle='tooltip' data-placement='right' title='原始值：612.9604'>613.0</span>", "<span data-toggle='tooltip' data-placement='right' title='原始值：76.21161'>76.2</span>", "<span data-toggle='tooltip' data-placement='right' title='原始值：3.6'>3.60</span>", "<span data-toggle='tooltip' data-placement='right' title='极值过滤'>--</span>", "<span data-toggle='tooltip' data-placement='right' title='原始值：0.10225'>0.102</span>", "<span data-toggle='tooltip' data-placement='right' title='原始值：0.755'>0.76</span>", "*", "*", "维护"], ["江苏省", "长江流域", "<span data-toggle='tooltip' data-placement='right' title='所在地市:扬州市&#10;所属河流:夹江'>三江营</span>", null, "", "--", "--", "--", "--", "--", "--", "--", "--", "--", "*", "*", "停站"], ["江苏省", "淮河流域", "<span data-toggle='tooltip' data-placement='right' title='所在地市:宿迁市&#10;所属河流:新濉河'>大屈</span>", "05-30 08:00", "Ⅳ", "<span data-toggle='tooltip' data-placement='right' title='原始值：23'>23.0</span>", "<span data-toggle='tooltip' data-placement='right' title='原始值：7.88'>7.88</span>", "<span data-toggle='tooltip' data-placement='right' title='原始值：6.69'>6.69</span>", "<span data-toggle='tooltip' data-placement='right' title='原始值：887.3'>887.3</span>", "<span data-toggle='tooltip' data-placement='right' title='原始值：57.93'>57.9</span>", "<span data-toggle='tooltip' data-placement='right' title='原始值：8.39'>8.39</span>", "<span data-toggle='tooltip' data-placement='right' title='原始值：0.1'>0.100</span>", "<span data-toggle='tooltip' data-placement='right' title='原始值：0.013'>0.013</span>", "<span data-toggle='tooltip' data-placement='right' title='原始值：1.012'>1.01</span>", "*", "*", "正常"], ["浙江省", "浙闽片河流", "<span data-toggle='tooltip' data-placement='right' title='所在地市:杭州市&#10;所属河流:新安江'>街口(鸠坑口)</span>", null, "", "--", "--", "--", "--", "--", "--", "--", "--", "--", "*", "*", "停站"], ["浙江省", "太湖流域", "<span data-toggle='tooltip' data-placement='right' title='所在地市:嘉兴市&#10;所属河流:斜路港河'>斜路港</span>", "05-30 08:00", "Ⅳ", "<span data-toggle='tooltip' data-placement='right' title='原始值：23.8'>23.8</span>", "<span data-toggle='tooltip' data-placement='right' title='原始值：7.27'>7.27</span>", "<span data-toggle='tooltip' data-placement='right' title='原始值：3.75'>3.75</span>", "<span data-toggle='tooltip' data-placement='right' title='原始值：675'>675.0</span>", "<span data-toggle='tooltip' data-placement='right' title='原始值：89.8'>89.8</span>", "<span data-toggle='tooltip' data-placement='right' title='原始值：5.59'>5.59</span>", "<span data-toggle='tooltip' data-placement='right' title='原始值：0.07024'>0.070</span>", "<span data-toggle='tooltip' data-placement='right' title='原始值：0.07111'>0.071</span>", "<span data-toggle='tooltip' data-placement='right' title='原始值：2.08591'>2.09</span>", "*", "*", "正常"], ["浙江省", "太湖流域", "<span data-toggle='tooltip' data-placement='right' title='所在地市:嘉兴市&#10;所属河流:京杭运河'>王江泾</span>", null, "", "--", "--", "--", "--", "--", "--", "--", "--", "--", "*", "*", "停站"], ["浙江省", "太湖流域", "<span data-toggle='tooltip' data-placement='right' title='所在地市:湖州市&#10;所属河流:西苕溪'>新港口(新塘港)</span>", "05-30 08:00", "Ⅲ", "<span data-toggle='tooltip' data-placement='right' title='原始值：22.097'>22.1</span>", "<span data-toggle='tooltip' data-placement='right' title='原始值：7.2286'>7.23</span>", "<span data-toggle='tooltip' data-placement='right' title='原始值：6.86437'>6.86</span>", "<span data-toggle='tooltip' data-placement='right' title='原始值：324.124'>324.1</span>", "<span data-toggle='tooltip' data-placement='right' title='原始值：118.773'>118.8</span>", "<span data-toggle='tooltip' data-placement='right' title='原始值：2.60921'>2.61</span>", "<span data-toggle='tooltip' data-placement='right' title='原始值：0.41474'>0.415</span>", "<span data-toggle='tooltip' data-placement='right' title='原始值：0.1038'>0.104</span>", "<span data-toggle='tooltip' data-placement='right' title='原始值：11.52514'>11.53</span>", "*", "*", "正常"], ["安徽省", "巢湖流域", "<span data-toggle='tooltip' data-placement='right' title='所在地市:合肥市&#10;所属河流:巢湖'>湖滨(老)</span>", "05-30 08:00", "Ⅳ", "<span data-toggle='tooltip' data-placement='right' title='原始值：25.84163'>25.8</span>", "<span data-toggle='tooltip' data-placement='right' title='原始值：7.20966'>7.21</span>", "<span data-toggle='tooltip' data-placement='right' title='原始值：6.87589'>6.88</span>", "<span data-toggle='tooltip' data-placement='right' title='原始值：426.8522'>426.9</span>", "<span data-toggle='tooltip' data-placement='right' title='原始值：96.38515'>96.4</span>", "<span data-toggle='tooltip' data-placement='right' title='原始值：7.39'>7.39</span>", "<span data-toggle='tooltip' data-placement='right' title='原始值：0.22'>0.220</span>", "<span data-toggle='tooltip' data-placement='right' title='原始值：0.0503'>0.050</span>", "<span data-toggle='tooltip' data-placement='right' title='原始值：0.749'>0.75</span>", "<span data-toggle='tooltip' data-placement='right' title='原始值：0.03227'>0.032</span>", "*", "正常"], ["安徽省", "巢湖流域", "<span data-toggle='tooltip' data-placement='right' title='所在地市:芜湖市&#10;所属河流:巢湖'>裕溪口(老)</span>", "05-30 08:10", "Ⅴ", "<span data-toggle='tooltip' data-placement='right' title='原始值：24.54015'>24.5</span>", "<span data-toggle='tooltip' data-placement='right' title='原始值：6.95254'>6.95</span>", "<span data-toggle='tooltip' data-placement='right' title='原始值：8.14948'>8.15</span>", "<span data-toggle='tooltip' data-placement='right' title='原始值：457.5341'>457.5</span>", "<span data-toggle='tooltip' data-placement='right' title='原始值：90.97874'>91.0</span>", "<span data-toggle='tooltip' data-placement='right' title='原始值：5.46'>5.46</span>", "<span data-toggle='tooltip' data-placement='right' title='原始值：0.04'>0.040</span>", "<span data-toggle='tooltip' data-placement='right' title='原始值：0.1384'>0.138</span>", "<span data-toggle='tooltip' data-placement='right' title='原始值：1.628'>1.63</span>", "*", "*", "正常"], ["安徽省", "淮河流域", "<span data-toggle='tooltip' data-placement='right' title='所在地市:蚌埠市&#10;所属河流:淮河'>蚌埠闸上(蚌埠闸)</span>", null, "", "--", "--", "--", "--", "--", "--", "--", "--", "--", "*", "*", "停站"], ["安徽省", "淮河流域", "<span data-toggle='tooltip' data-placement='right' title='所在地市:淮南市&#10;所属河流:淮河'>石头埠(老)</span>", "05-30 08:01", "Ⅱ", "<span data-toggle='tooltip' data-placement='right' title='原始值：25.606'>25.6</span>", "<span data-toggle='tooltip' data-placement='right' title='原始值：6.69167'>6.69</span>", "<span data-toggle='tooltip' data-placement='right' title='原始值：6.62619'>6.63</span>", "<span data-toggle='tooltip' data-placement='right' title='原始值：689.1998'>689.2</span>", "<span data-toggle='tooltip' data-placement='right' title='原始值：38.73732'>38.7</span>", "<span data-toggle='tooltip' data-placement='right' title='原始值：3.34'>3.34</span>", "<span data-toggle='tooltip' data-placement='right' title='原始值：0.15'>0.150</span>", "*", "*", "*", "*", "正常"], ["安徽省", "淮河流域", "<span data-toggle='tooltip' data-placement='right' title='所在地市:淮北市&#10;所属河流:沱河'>小王桥</span>", null, "", "--", "--", "--", "--", "--", "--", "--", "--", "--", "*", "*", "停站"], ["安徽省", "长江流域", "<span data-toggle='tooltip' data-placement='right' title='所在地市:安庆市&#10;所属河流:长江'>皖河口</span>", null, "", "--", "--", "--", "--", "--", "--", "--", "--", "--", "*", "*", "停站"], ["安徽省", "淮河流域", "<span data-toggle='tooltip' data-placement='right' title='所在地市:滁州市&#10;所属河流:淮河'>小柳巷</span>", "05-30 08:00", "Ⅱ", "<span data-toggle='tooltip' data-placement='right' title='原始值：24.5'>24.5</span>", "<span data-toggle='tooltip' data-placement='right' title='原始值：7.59'>7.59</span>", "<span data-toggle='tooltip' data-placement='right' title='原始值：7.69'>7.69</span>", "<span data-toggle='tooltip' data-placement='right' title='原始值：720.1'>720.1</span>", "<span data-toggle='tooltip' data-placement='right' title='原始值：58.9'>58.9</span>", "<span data-toggle='tooltip' data-placement='right' title='原始值：3.08'>3.08</span>", "<span data-toggle='tooltip' data-placement='right' title='原始值：0.06'>0.060</span>", "<span data-toggle='tooltip' data-placement='right' title='原始值：0.056'>0.056</span>", "<span data-toggle='tooltip' data-placement='right' title='原始值：2.102'>2.10</span>", "*", "*", "正常"], ["安徽省", "淮河流域", "<span data-toggle='tooltip' data-placement='right' title='所在地市:阜阳市&#10;所属河流:黑茨河'>张大桥</span>", "05-30 08:00", "Ⅲ", "<span data-toggle='tooltip' data-placement='right' title='原始值：25.2'>25.2</span>", "<span data-toggle='tooltip' data-placement='right' title='原始值：8.52'>8.52</span>", "<span data-toggle='tooltip' data-placement='right' title='原始值：7.68'>7.68</span>", "<span data-toggle='tooltip' data-placement='right' title='原始值：2571.1'>2571.1</span>", "<span data-toggle='tooltip' data-placement='right' title='原始值：29.64'>29.6</span>", "<span data-toggle='tooltip' data-placement='right' title='原始值：4.44'>4.44</span>", "<span data-toggle='tooltip' data-placement='right' title='原始值：0.04'>0.040</span>", "<span data-toggle='tooltip' data-placement='right' title='原始值：0.026'>0.026</span>", "<span data-toggle='tooltip' data-placement='right' title='原始值：1.025'>1.02</span>", "*", "*", "正常"], ["安徽省", "淮河流域", "<span data-toggle='tooltip' data-placement='right' title='所在地市:阜阳市&#10;所属河流:淮河'>王家坝</span>", "05-30 08:00", "Ⅲ", "<span data-toggle='tooltip' data-placement='right' title='原始值：25.68937'>25.7</span>", "<span data-toggle='tooltip' data-placement='right' title='原始值：7.74025'>7.74</span>", "<span data-toggle='tooltip' data-placement='right' title='原始值：7.20999'>7.21</span>", "<span data-toggle='tooltip' data-placement='right' title='原始值：571.8464'>571.8</span>", "<span data-toggle='tooltip' data-placement='right' title='原始值：16.13426'>16.1</span>", "<span data-toggle='tooltip' data-placement='right' title='原始值：5.47'>5.47</span>", "<span data-toggle='tooltip' data-placement='right' title='原始值：0.421'>0.421</span>", "<span data-toggle='tooltip' data-placement='right' title='原始值：0.00618'>0.006</span>", "<span data-toggle='tooltip' data-placement='right' title='原始值：1.54574'>1.55</span>", "*", "*", "正常"], ["安徽省", "淮河流域", "<span data-toggle='tooltip' data-placement='right' title='所在地市:阜阳市&#10;所属河流:颍河'>界首七渡口(七渡口)</span>", "05-30 08:00", "Ⅳ", "<span data-toggle='tooltip' data-placement='right' title='原始值：20.00986'>20.0</span>", "<span data-toggle='tooltip' data-placement='right' title='原始值：7.41334'>7.41</span>", "<span data-toggle='tooltip' data-placement='right' title='原始值：4.00342'>4.00</span>", "<span data-toggle='tooltip' data-placement='right' title='原始值：885.5428'>885.5</span>", "<span data-toggle='tooltip' data-placement='right' title='原始值：12.2785'>12.3</span>", "<span data-toggle='tooltip' data-placement='right' title='原始值：2.65'>2.65</span>", "<span data-toggle='tooltip' data-placement='right' title='原始值：0.27'>0.270</span>", "<span data-toggle='tooltip' data-placement='right' title='原始值：0.08664'>0.087</span>", "<span data-toggle='tooltip' data-placement='right' title='原始值：3.61745'>3.62</span>", "*", "*", "正常"], ["安徽省", "淮河流域", "<span data-toggle='tooltip' data-placement='right' title='所在地市:阜阳市&#10;所属河流:泉河'>许庄(徐庄)</span>", "05-30 08:00", "", "<span data-toggle='tooltip' data-placement='right' title='原始值：23.8'>23.8</span>", "<span data-toggle='tooltip' data-placement='right' title='原始值：7.39'>7.39</span>", "<span data-toggle='tooltip' data-placement='right' title='原始值：6.87'>6.87</span>", "<span data-toggle='tooltip' data-placement='right' title='原始值：1018.5'>1018.5</span>", "<span data-toggle='tooltip' data-placement='right' title='原始值：94.66'>94.7</span>", "<span data-toggle='tooltip' data-placement='right' title='原始值：3.36'>3.36</span>", "<span data-toggle='tooltip' data-placement='right' title='极值过滤'>--</span>", "<span data-toggle='tooltip' data-placement='right' title='原始值：0.081'>0.081</span>", "<span data-toggle='tooltip' data-placement='right' title='原始值：0.68'>0.68</span>", "*", "*", "维护"], ["安徽省", "淮河流域", "<span data-toggle='tooltip' data-placement='right' title='所在地市:宿州市&#10;所属河流:奎河'>杨庄</span>", "05-30 08:02", "Ⅲ", "<span data-toggle='tooltip' data-placement='right' title='原始值：24.41'>24.4</span>", "<span data-toggle='tooltip' data-placement='right' title='原始值：7.4'>7.40</span>", "<span data-toggle='tooltip' data-placement='right' title='原始值：7.99'>7.99</span>", "<span data-toggle='tooltip' data-placement='right' title='原始值：1007.8'>1007.8</span>", "<span data-toggle='tooltip' data-placement='right' title='原始值：69.41'>69.4</span>", "<span data-toggle='tooltip' data-placement='right' title='原始值：4.9'>4.90</span>", "<span data-toggle='tooltip' data-placement='right' title='原始值：0.287'>0.287</span>", "*", "*", "*", "*", "正常"], ["安徽省", "淮河流域", "<span data-toggle='tooltip' data-placement='right' title='所在地市:宿州市&#10;所属河流:新汴河'>泗县公路桥</span>", null, "", "--", "--", "--", "--", "--", "--", "--", "--", "--", "*", "*", "停站"], ["安徽省", "淮河流域", "<span data-toggle='tooltip' data-placement='right' title='所在地市:亳州市&#10;所属河流:包河'>颜集</span>", "05-30 08:00", "Ⅴ", "<span data-toggle='tooltip' data-placement='right' title='原始值：23.3'>23.3</span>", "<span data-toggle='tooltip' data-placement='right' title='原始值：7.98'>7.98</span>", "<span data-toggle='tooltip' data-placement='right' title='原始值：17.03'>17.03</span>", "<span data-toggle='tooltip' data-placement='right' title='原始值：1918.4'>1918.4</span>", "<span data-toggle='tooltip' data-placement='right' title='原始值：245.77'>245.8</span>", "<span data-toggle='tooltip' data-placement='right' title='原始值：4.71'>4.71</span>", "<span data-toggle='tooltip' data-placement='right' title='原始值：0.11'>0.110</span>", "<span data-toggle='tooltip' data-placement='right' title='原始值：0.394'>0.394</span>", "<span data-toggle='tooltip' data-placement='right' title='原始值：1.857'>1.86</span>", "*", "*", "正常"], ["福建省", "浙闽片河流", "<span data-toggle='tooltip' data-placement='right' title='所在地市:福州市&#10;所属河流:闽江'>白岩潭</span>", "05-30 08:00", "Ⅲ", "<span data-toggle='tooltip' data-placement='right' title='原始值：25.18'>25.2</span>", "<span data-toggle='tooltip' data-placement='right' title='原始值：6.42'>6.42</span>", "<span data-toggle='tooltip' data-placement='right' title='原始值：5.7'>5.70</span>", "<span data-toggle='tooltip' data-placement='right' title='原始值：159'>159.0</span>", "<span data-toggle='tooltip' data-placement='right' title='原始值：15.02'>15.0</span>", "<span data-toggle='tooltip' data-placement='right' title='原始值：2.5'>2.50</span>", "<span data-toggle='tooltip' data-placement='right' title='原始值：0.05'>0.050</span>", "*", "*", "*", "*", "正常"], ["江西省", "长江流域", "<span data-toggle='tooltip' data-placement='right' title='所在地市:南昌市&#10;所属河流:赣江南支'>滁槎</span>", "05-30 08:00", "Ⅳ", "<span data-toggle='tooltip' data-placement='right' title='原始值：26.3161'>26.3</span>", "<span data-toggle='tooltip' data-placement='right' title='原始值：6.9499'>6.95</span>", "<span data-toggle='tooltip' data-placement='right' title='原始值：4.76788'>4.77</span>", "<span data-toggle='tooltip' data-placement='right' title='原始值：179.5369'>179.5</span>", "<span data-toggle='tooltip' data-placement='right' title='原始值：31.67159'>31.7</span>", "<span data-toggle='tooltip' data-placement='right' title='原始值：1.27'>1.27</span>", "<span data-toggle='tooltip' data-placement='right' title='原始值：0.02'>0.020</span>", "<span data-toggle='tooltip' data-placement='right' title='原始值：0.02025'>0.020</span>", "<span data-toggle='tooltip' data-placement='right' title='原始值：5.4025'>5.40</span>", "*", "*", "正常"], ["江西省", "长江流域", "<span data-toggle='tooltip' data-placement='right' title='所在地市:九江市&#10;所属河流:长江'>姚港(河西水厂)</span>", null, "", "--", "--", "--", "--", "--", "--", "--", "--", "--", "*", "*", "停站"], ["江西省", "长江流域", "<span data-toggle='tooltip' data-placement='right' title='所在地市:九江市&#10;所属河流:鄱阳湖'>蛤蟆石</span>", null, "", "--", "--", "--", "--", "--", "--", "--", "--", "--", "--", "--", "停站"], ["山东省", "黄河流域", "<span data-toggle='tooltip' data-placement='right' title='所在地市:济南市&#10;所属河流:黄河'>泺口</span>", "05-30 08:00", "Ⅱ", "<span data-toggle='tooltip' data-placement='right' title='原始值：23.8898'>23.9</span>", "<span data-toggle='tooltip' data-placement='right' title='原始值：8.36688'>8.37</span>", "<span data-toggle='tooltip' data-placement='right' title='原始值：7.89504'>7.90</span>", "<span data-toggle='tooltip' data-placement='right' title='原始值：1072.58'>1072.6</span>", "<span data-toggle='tooltip' data-placement='right' title='原始值：707.951'>708.0</span>", "<span data-toggle='tooltip' data-placement='right' title='原始值：2.42'>2.42</span>", "<span data-toggle='tooltip' data-placement='right' title='原始值：0.17876'>0.179</span>", "<span data-toggle='tooltip' data-placement='right' title='原始值：0.01271'>0.013</span>", "<span data-toggle='tooltip' data-placement='right' title='原始值：3.915'>3.92</span>", "*", "*", "正常"], ["山东省", "淮河流域", "<span data-toggle='tooltip' data-placement='right' title='所在地市:枣庄市&#10;所属河流:京杭大运河（韩庄运河）'>台儿庄大桥</span>", "05-30 08:00", "Ⅱ", "<span data-toggle='tooltip' data-placement='right' title='原始值：24.07999'>24.1</span>", "<span data-toggle='tooltip' data-placement='right' title='原始值：7.83295'>7.83</span>", "<span data-toggle='tooltip' data-placement='right' title='原始值：6.67476'>6.67</span>", "<span data-toggle='tooltip' data-placement='right' title='原始值：722.9038'>722.9</span>", "<span data-toggle='tooltip' data-placement='right' title='原始值：52.02186'>52.0</span>", "<span data-toggle='tooltip' data-placement='right' title='原始值：3.90481'>3.90</span>", "<span data-toggle='tooltip' data-placement='right' title='原始值：0.05303'>0.053</span>", "<span data-toggle='tooltip' data-placement='right' title='原始值：0.05288'>0.053</span>", "<span data-toggle='tooltip' data-placement='right' title='原始值：1.13156'>1.13</span>", "*", "*", "正常"], ["山东省", "淮河流域", "<span data-toggle='tooltip' data-placement='right' title='所在地市:临沂市&#10;所属河流:沭河'>清泉寺</span>", "05-30 08:00", "Ⅳ", "<span data-toggle='tooltip' data-placement='right' title='原始值：23.49524'>23.5</span>", "<span data-toggle='tooltip' data-placement='right' title='原始值：7.59883'>7.60</span>", "<span data-toggle='tooltip' data-placement='right' title='原始值：4.75923'>4.76</span>", "<span data-toggle='tooltip' data-placement='right' title='原始值：1353.359'>1353.4</span>", "<span data-toggle='tooltip' data-placement='right' title='原始值：20.3311'>20.3</span>", "<span data-toggle='tooltip' data-placement='right' title='原始值：6.48'>6.48</span>", "<span data-toggle='tooltip' data-placement='right' title='原始值：0.38'>0.380</span>", "*", "*", "*", "*", "正常"], ["山东省", "淮河流域", "<span data-toggle='tooltip' data-placement='right' title='所在地市:临沂市&#10;所属河流:沂河'>重坊桥</span>", "05-30 08:00", "Ⅱ", "<span data-toggle='tooltip' data-placement='right' title='原始值：23.80002'>23.8</span>", "<span data-toggle='tooltip' data-placement='right' title='原始值：7.33'>7.33</span>", "<span data-toggle='tooltip' data-placement='right' title='原始值：6.0472'>6.05</span>", "<span data-toggle='tooltip' data-placement='right' title='原始值：886'>886.0</span>", "<span data-toggle='tooltip' data-placement='right' title='原始值：1.34112'>1.3</span>", "<span data-toggle='tooltip' data-placement='right' title='原始值：3.44'>3.44</span>", "<span data-toggle='tooltip' data-placement='right' title='原始值：0.1667'>0.167</span>", "*", "*", "*", "*", "正常"], ["山东省", "淮河流域", "<span data-toggle='tooltip' data-placement='right' title='所在地市:临沂市&#10;所属河流:白马河'>捷庄(涝沟桥)</span>", "05-30 08:00", "Ⅳ", "<span data-toggle='tooltip' data-placement='right' title='原始值：22.7'>22.7</span>", "<span data-toggle='tooltip' data-placement='right' title='原始值：7.13'>7.13</span>", "<span data-toggle='tooltip' data-placement='right' title='原始值：4.05937'>4.06</span>", "<span data-toggle='tooltip' data-placement='right' title='原始值：999.0625'>999.1</span>", "<span data-toggle='tooltip' data-placement='right' title='原始值：24.11942'>24.1</span>", "<span data-toggle='tooltip' data-placement='right' title='原始值：5.09'>5.09</span>", "<span data-toggle='tooltip' data-placement='right' title='原始值：0.34226'>0.342</span>", "<span data-toggle='tooltip' data-placement='right' title='原始值：0.09156'>0.092</span>", "<span data-toggle='tooltip' data-placement='right' title='原始值：2.38545'>2.39</span>", "*", "*", "正常"], ["山东省", "海河流域", "<span data-toggle='tooltip' data-placement='right' title='所在地市:聊城市&#10;所属河流:卫运河'>秤勾湾(秤钩湾)</span>", null, "", "--", "--", "--", "--", "--", "--", "--", "--", "--", "*", "*", "停站"], ["河南省", "长江流域", "<span data-toggle='tooltip' data-placement='right' title='所在地市:南阳市&#10;所属河流:丹江口水库'>陶岔</span>", null, "", "--", "--", "--", "--", "--", "--", "--", "--", "--", "--", "--", "维护"], ["河南省", "淮河流域", "<span data-toggle='tooltip' data-placement='right' title='所在地市:商丘市&#10;所属河流:浍河'>黄口</span>", "05-30 08:00", "Ⅲ", "<span data-toggle='tooltip' data-placement='right' title='原始值：23.6'>23.6</span>", "<span data-toggle='tooltip' data-placement='right' title='原始值：8.24'>8.24</span>", "<span data-toggle='tooltip' data-placement='right' title='原始值：5.745'>5.74</span>", "<span data-toggle='tooltip' data-placement='right' title='原始值：5330.5'>5330.5</span>", "<span data-toggle='tooltip' data-placement='right' title='原始值：68.50217'>68.5</span>", "<span data-toggle='tooltip' data-placement='right' title='原始值：4.27'>4.27</span>", "<span data-toggle='tooltip' data-placement='right' title='原始值：0.10012'>0.100</span>", "<span data-toggle='tooltip' data-placement='right' title='原始值：0.0931'>0.093</span>", "<span data-toggle='tooltip' data-placement='right' title='原始值：2.02767'>2.03</span>", "*", "*", "正常"], ["河南省", "淮河流域", "<span data-toggle='tooltip' data-placement='right' title='所在地市:信阳市&#10;所属河流:史灌河'>蒋集</span>", "05-30 08:00", "Ⅳ", "<span data-toggle='tooltip' data-placement='right' title='原始值：26.10623'>26.1</span>", "<span data-toggle='tooltip' data-placement='right' title='原始值：7.448'>7.45</span>", "<span data-toggle='tooltip' data-placement='right' title='原始值：3.75446'>3.75</span>", "<span data-toggle='tooltip' data-placement='right' title='原始值：299.8905'>299.9</span>", "<span data-toggle='tooltip' data-placement='right' title='原始值：188.6332'>188.6</span>", "<span data-toggle='tooltip' data-placement='right' title='原始值：2.22'>2.22</span>", "<span data-toggle='tooltip' data-placement='right' title='原始值：0.09828'>0.098</span>", "*", "*", "*", "*", "正常"], ["河南省", "淮河流域", "<span data-toggle='tooltip' data-placement='right' title='所在地市:信阳市&#10;所属河流:淮河'>淮滨水文站(淮滨)</span>", "05-30 08:00", "Ⅱ", "<span data-toggle='tooltip' data-placement='right' title='原始值：22.2873'>22.3</span>", "<span data-toggle='tooltip' data-placement='right' title='原始值：7.75002'>7.75</span>", "<span data-toggle='tooltip' data-placement='right' title='原始值：7.31635'>7.32</span>", "<span data-toggle='tooltip' data-placement='right' title='原始值：325'>325.0</span>", "<span data-toggle='tooltip' data-placement='right' title='原始值：25.21354'>25.2</span>", "<span data-toggle='tooltip' data-placement='right' title='原始值：2.68429'>2.68</span>", "<span data-toggle='tooltip' data-placement='right' title='原始值：0.12105'>0.121</span>", "<span data-toggle='tooltip' data-placement='right' title='原始值：0.05849'>0.058</span>", "<span data-toggle='tooltip' data-placement='right' title='原始值：0.93286'>0.93</span>", "*", "*", "正常"], ["河南省", "淮河流域", "<span data-toggle='tooltip' data-placement='right' title='所在地市:周口市&#10;所属河流:沙河'>沈丘闸</span>", "05-30 08:00", "Ⅲ", "<span data-toggle='tooltip' data-placement='right' title='原始值：23.27185'>23.3</span>", "<span data-toggle='tooltip' data-placement='right' title='原始值：7.79138'>7.79</span>", "<span data-toggle='tooltip' data-placement='right' title='原始值：8.84089'>8.84</span>", "<span data-toggle='tooltip' data-placement='right' title='原始值：828.6486'>828.6</span>", "<span data-toggle='tooltip' data-placement='right' title='原始值：4.39282'>4.4</span>", "<span data-toggle='tooltip' data-placement='right' title='原始值：4.11'>4.11</span>", "<span data-toggle='tooltip' data-placement='right' title='原始值：0.34'>0.340</span>", "*", "*", "*", "*", "正常"], ["河南省", "淮河流域", "<span data-toggle='tooltip' data-placement='right' title='所在地市:周口市&#10;所属河流:涡河'>鹿邑付桥(鹿邑付桥闸)</span>", "05-30 08:00", "Ⅳ", "<span data-toggle='tooltip' data-placement='right' title='原始值：23.96608'>24.0</span>", "<span data-toggle='tooltip' data-placement='right' title='原始值：8.36116'>8.36</span>", "<span data-toggle='tooltip' data-placement='right' title='原始值：4.75782'>4.76</span>", "<span data-toggle='tooltip' data-placement='right' title='原始值：1505.257'>1505.3</span>", "<span data-toggle='tooltip' data-placement='right' title='原始值：25.72268'>25.7</span>", "<span data-toggle='tooltip' data-placement='right' title='原始值：5.51157'>5.51</span>", "<span data-toggle='tooltip' data-placement='right' title='原始值：0.1'>0.100</span>", "<span data-toggle='tooltip' data-placement='right' title='原始值：0.1156'>0.116</span>", "<span data-toggle='tooltip' data-placement='right' title='原始值：0.41561'>0.42</span>", "*", "*", "正常"], ["河南省", "淮河流域", "<span data-toggle='tooltip' data-placement='right' title='所在地市:驻马店市&#10;所属河流:洪河'>新蔡班台(班台)</span>", "05-30 04:00", "Ⅳ", "<span data-toggle='tooltip' data-placement='right' title='原始值：23.2645'>23.3</span>", "<span data-toggle='tooltip' data-placement='right' title='原始值：6.47849'>6.48</span>", "<span data-toggle='tooltip' data-placement='right' title='原始值：4.74419'>4.74</span>", "<span data-toggle='tooltip' data-placement='right' title='原始值：1282.908'>1282.9</span>", "<span data-toggle='tooltip' data-placement='right' title='原始值：1.28746'>1.3</span>", "<span data-toggle='tooltip' data-placement='right' title='原始值：6.255'>6.26</span>", "<span data-toggle='tooltip' data-placement='right' title='原始值：0.39'>0.390</span>", "<span data-toggle='tooltip' data-placement='right' title='原始值：0.23375'>0.234</span>", "<span data-toggle='tooltip' data-placement='right' title='原始值：2.16224'>2.16</span>", "*", "*", "正常"], ["河南省", "黄河流域", "<span data-toggle='tooltip' data-placement='right' title='所在地市:济源市&#10;所属河流:黄河'>小浪底水库(小浪底)</span>", "05-30 08:00", "Ⅱ", "<span data-toggle='tooltip' data-placement='right' title='原始值：17.35998'>17.4</span>", "<span data-toggle='tooltip' data-placement='right' title='原始值：8.72176'>8.72</span>", "<span data-toggle='tooltip' data-placement='right' title='原始值：7.13618'>7.14</span>", "<span data-toggle='tooltip' data-placement='right' title='原始值：1010.309'>1010.3</span>", "<span data-toggle='tooltip' data-placement='right' title='原始值：5.21174'>5.2</span>", "<span data-toggle='tooltip' data-placement='right' title='原始值：2.14079'>2.14</span>", "<span data-toggle='tooltip' data-placement='right' title='原始值：0.14'>0.140</span>", "<span data-toggle='tooltip' data-placement='right' title='原始值：0.0325'>0.032</span>", "<span data-toggle='tooltip' data-placement='right' title='原始值：3.9875'>3.99</span>", "*", "*", "正常"], ["湖北省", "长江流域", "<span data-toggle='tooltip' data-placement='right' title='所在地市:武汉市&#10;所属河流:汉江'>宗关</span>", null, "", "--", "--", "--", "--", "--", "--", "--", "--", "--", "*", "*", "停站"], ["湖北省", "长江流域", "<span data-toggle='tooltip' data-placement='right' title='所在地市:十堰市&#10;所属河流:丹江口水库'>坝上中(胡家岭)</span>", "05-30 08:08", "Ⅱ", "<span data-toggle='tooltip' data-placement='right' title='原始值：23.11853'>23.1</span>", "<span data-toggle='tooltip' data-placement='right' title='原始值：8.51205'>8.51</span>", "<span data-toggle='tooltip' data-placement='right' title='原始值：9.19779'>9.20</span>", "<span data-toggle='tooltip' data-placement='right' title='原始值：303.8316'>303.8</span>", "<span data-toggle='tooltip' data-placement='right' title='原始值：4.48687'>4.5</span>", "<span data-toggle='tooltip' data-placement='right' title='原始值：2.5'>2.50</span>", "<span data-toggle='tooltip' data-placement='right' title='原始值：0.18'>0.180</span>", "<span data-toggle='tooltip' data-placement='right' title='原始值：0.013'>0.013</span>", "<span data-toggle='tooltip' data-placement='right' title='原始值：1.252'>1.25</span>", "<span data-toggle='tooltip' data-placement='right' title='原始值：0.00999'>0.010</span>", "<span data-toggle='tooltip' data-placement='right' title='原始值：2.048617E+07'>20486170</span>", "正常"], ["湖北省", "长江流域", "<span data-toggle='tooltip' data-placement='right' title='所在地市:宜昌市&#10;所属河流:长江'>南津关</span>", null, "", "--", "--", "--", "--", "--", "--", "--", "--", "--", "*", "*", "停站"], ["湖南省", "长江流域", "<span data-toggle='tooltip' data-placement='right' title='所在地市:长沙市&#10;所属河流:湘江'>新港</span>", null, "", "--", "--", "--", "--", "--", "--", "--", "--", "--", "*", "*", "停站"], ["湖南省", "长江流域", "<span data-toggle='tooltip' data-placement='right' title='所在地市:岳阳市&#10;所属河流:洞庭湖'>岳阳楼</span>", null, "", "--", "--", "--", "--", "--", "--", "--", "--", "--", "--", "--", "停站"], ["湖南省", "长江流域", "<span data-toggle='tooltip' data-placement='right' title='所在地市:岳阳市&#10;所属河流:长江'>城陵矶</span>", null, "", "--", "--", "--", "--", "--", "--", "--", "--", "--", "*", "*", "停站"], ["广东省", "珠江流域", "<span data-toggle='tooltip' data-placement='right' title='所在地市:清远市&#10;所属河流:北江'>七星岗</span>", "05-30 08:00", "Ⅲ", "<span data-toggle='tooltip' data-placement='right' title='原始值：26.75817'>26.8</span>", "<span data-toggle='tooltip' data-placement='right' title='原始值：6.73023'>6.73</span>", "<span data-toggle='tooltip' data-placement='right' title='原始值：5.6096'>5.61</span>", "<span data-toggle='tooltip' data-placement='right' title='原始值：182.9704'>183.0</span>", "<span data-toggle='tooltip' data-placement='right' title='原始值：21.28227'>21.3</span>", "<span data-toggle='tooltip' data-placement='right' title='原始值：0.86'>0.86</span>", "<span data-toggle='tooltip' data-placement='right' title='原始值：0.26871'>0.269</span>", "<span data-toggle='tooltip' data-placement='right' title='原始值：0.00583'>0.006</span>", "<span data-toggle='tooltip' data-placement='right' title='原始值：1.7086'>1.71</span>", "*", "*", "正常"], ["广东省", "珠江流域", "<span data-toggle='tooltip' data-placement='right' title='所在地市:中山市&#10;所属河流:西江'>横栏</span>", "05-30 08:00", "Ⅱ", "<span data-toggle='tooltip' data-placement='right' title='原始值：26.7'>26.7</span>", "<span data-toggle='tooltip' data-placement='right' title='原始值：7.6'>7.60</span>", "<span data-toggle='tooltip' data-placement='right' title='原始值：6.98'>6.98</span>", "<span data-toggle='tooltip' data-placement='right' title='原始值：263'>263.0</span>", "<span data-toggle='tooltip' data-placement='right' title='原始值：13.2'>13.2</span>", "<span data-toggle='tooltip' data-placement='right' title='原始值：2.16'>2.16</span>", "<span data-toggle='tooltip' data-placement='right' title='原始值：0.002'>0.002</span>", "*", "*", "*", "*", "正常"], ["广西壮族自治区", "珠江流域", "<span data-toggle='tooltip' data-placement='right' title='所在地市:南宁市&#10;所属河流:邕江'>老口</span>", "05-30 08:00", "Ⅱ", "<span data-toggle='tooltip' data-placement='right' title='原始值：27.9252'>27.9</span>", "<span data-toggle='tooltip' data-placement='right' title='原始值：7.60113'>7.60</span>", "<span data-toggle='tooltip' data-placement='right' title='原始值：6.21988'>6.22</span>", "<span data-toggle='tooltip' data-placement='right' title='原始值：314.4394'>314.4</span>", "<span data-toggle='tooltip' data-placement='right' title='原始值：9.77102'>9.8</span>", "<span data-toggle='tooltip' data-placement='right' title='原始值：0.96895'>0.97</span>", "<span data-toggle='tooltip' data-placement='right' title='原始值：0.07141'>0.071</span>", "<span data-toggle='tooltip' data-placement='right' title='原始值：0.03368'>0.034</span>", "<span data-toggle='tooltip' data-placement='right' title='原始值：2.00927'>2.01</span>", "*", "*", "正常"], ["广西壮族自治区", "珠江流域", "<span data-toggle='tooltip' data-placement='right' title='所在地市:桂林市&#10;所属河流:漓江'>阳朔</span>", "05-30 04:03", "Ⅱ", "<span data-toggle='tooltip' data-placement='right' title='原始值：24.1'>24.1</span>", "<span data-toggle='tooltip' data-placement='right' title='原始值：7.26'>7.26</span>", "<span data-toggle='tooltip' data-placement='right' title='原始值：6.31936'>6.32</span>", "<span data-toggle='tooltip' data-placement='right' title='原始值：184'>184.0</span>", "<span data-toggle='tooltip' data-placement='right' title='原始值：18.60078'>18.6</span>", "<span data-toggle='tooltip' data-placement='right' title='原始值：1.2'>1.20</span>", "<span data-toggle='tooltip' data-placement='right' title='原始值：0.002'>0.002</span>", "<span data-toggle='tooltip' data-placement='right' title='原始值：0.01475'>0.015</span>", "<span data-toggle='tooltip' data-placement='right' title='原始值：1.9358'>1.94</span>", "*", "*", "正常"], ["广西壮族自治区", "珠江流域", "<span data-toggle='tooltip' data-placement='right' title='所在地市:梧州市&#10;所属河流:浔江'>界首</span>", null, "", "--", "--", "--", "--", "--", "--", "--", "--", "--", "*", "*", "停站"], ["广西壮族自治区", "珠江流域", "<span data-toggle='tooltip' data-placement='right' title='所在地市:贵港市&#10;所属河流:浔江'>石嘴</span>", "05-30 08:00", "Ⅱ", "<span data-toggle='tooltip' data-placement='right' title='原始值：28.23118'>28.2</span>", "<span data-toggle='tooltip' data-placement='right' title='原始值：6.55111'>6.55</span>", "<span data-toggle='tooltip' data-placement='right' title='原始值：7.88502'>7.89</span>", "<span data-toggle='tooltip' data-placement='right' title='原始值：262.6591'>262.7</span>", "<span data-toggle='tooltip' data-placement='right' title='原始值：56.81755'>56.8</span>", "<span data-toggle='tooltip' data-placement='right' title='原始值：0.8'>0.80</span>", "<span data-toggle='tooltip' data-placement='right' title='原始值：0.16'>0.160</span>", "<span data-toggle='tooltip' data-placement='right' title='原始值：0.03172'>0.032</span>", "<span data-toggle='tooltip' data-placement='right' title='原始值：2.5066'>2.51</span>", "*", "*", "正常"], ["广西壮族自治区", "珠江流域", "<span data-toggle='tooltip' data-placement='right' title='所在地市:崇左市&#10;所属河流:平而河'>平而关</span>", null, "", "--", "--", "--", "--", "--", "--", "--", "*", "*", "*", "*", "维护"], ["重庆市", "长江流域", "<span data-toggle='tooltip' data-placement='right' title='所在地市:永川区&#10;所属河流:长江'>朱沱</span>", null, "", "--", "--", "--", "--", "--", "--", "--", "--", "--", "*", "*", "停站"], ["四川省", "长江流域", "<span data-toggle='tooltip' data-placement='right' title='所在地市:攀枝花市&#10;所属河流:金沙江'>龙洞</span>", "05-30 08:00", "Ⅰ", "<span data-toggle='tooltip' data-placement='right' title='原始值：17.73443'>17.7</span>", "<span data-toggle='tooltip' data-placement='right' title='原始值：8.0134'>8.01</span>", "<span data-toggle='tooltip' data-placement='right' title='原始值：8.88595'>8.89</span>", "<span data-toggle='tooltip' data-placement='right' title='原始值：567.6099'>567.6</span>", "<span data-toggle='tooltip' data-placement='right' title='原始值：1.86064'>1.9</span>", "<span data-toggle='tooltip' data-placement='right' title='原始值：1.22'>1.22</span>", "<span data-toggle='tooltip' data-placement='right' title='原始值：0.04'>0.040</span>", "<span data-toggle='tooltip' data-placement='right' title='原始值：0.00356'>0.004</span>", "<span data-toggle='tooltip' data-placement='right' title='原始值：0.28818'>0.29</span>", "*", "*", "正常"], ["四川省", "长江流域", "<span data-toggle='tooltip' data-placement='right' title='所在地市:泸州市&#10;所属河流:沱江'>沱江大桥(沱江二桥)</span>", null, "", "--", "--", "--", "--", "--", "--", "--", "--", "--", "*", "*", "停站"], ["四川省", "长江流域", "<span data-toggle='tooltip' data-placement='right' title='所在地市:广元市&#10;所属河流:嘉陵江'>清风峡</span>", "05-30 08:00", "Ⅰ", "<span data-toggle='tooltip' data-placement='right' title='原始值：22.69998'>22.7</span>", "<span data-toggle='tooltip' data-placement='right' title='原始值：8.17999'>8.18</span>", "<span data-toggle='tooltip' data-placement='right' title='原始值：8.73332'>8.73</span>", "<span data-toggle='tooltip' data-placement='right' title='原始值：337.1018'>337.1</span>", "<span data-toggle='tooltip' data-placement='right' title='原始值：38.46296'>38.5</span>", "<span data-toggle='tooltip' data-placement='right' title='原始值：0.96'>0.96</span>", "<span data-toggle='tooltip' data-placement='right' title='原始值：0.03573'>0.036</span>", "*", "*", "*", "*", "正常"], ["四川省", "长江流域", "<span data-toggle='tooltip' data-placement='right' title='所在地市:乐山市&#10;所属河流:岷江'>岷江大桥</span>", "05-30 08:00", "Ⅱ", "<span data-toggle='tooltip' data-placement='right' title='原始值：24.59866'>24.6</span>", "<span data-toggle='tooltip' data-placement='right' title='原始值：7.53959'>7.54</span>", "<span data-toggle='tooltip' data-placement='right' title='原始值：6.77221'>6.77</span>", "<span data-toggle='tooltip' data-placement='right' title='原始值：550.5029'>550.5</span>", "<span data-toggle='tooltip' data-placement='right' title='原始值：31.05579'>31.1</span>", "<span data-toggle='tooltip' data-placement='right' title='原始值：3.66'>3.66</span>", "<span data-toggle='tooltip' data-placement='right' title='原始值：0.33'>0.330</span>", "*", "*", "*", "*", "正常"], ["四川省", "长江流域", "<span data-toggle='tooltip' data-placement='right' title='所在地市:宜宾市&#10;所属河流:岷江'>凉姜沟</span>", null, "", "--", "--", "--", "--", "--", "--", "--", "--", "--", "*", "*", "停站"], ["云南省", "滇池流域", "<span data-toggle='tooltip' data-placement='right' title='所在地市:昆明市&#10;所属河流:滇池'>西苑隧道</span>", "05-30 08:02", "劣Ⅴ", "<span data-toggle='tooltip' data-placement='right' title='原始值：20.69869'>20.7</span>", "<span data-toggle='tooltip' data-placement='right' title='原始值：7.29957'>7.30</span>", "<span data-toggle='tooltip' data-placement='right' title='原始值：3.88988'>3.89</span>", "<span data-toggle='tooltip' data-placement='right' title='原始值：667.4881'>667.5</span>", "<span data-toggle='tooltip' data-placement='right' title='原始值：15.63228'>15.6</span>", "<span data-toggle='tooltip' data-placement='right' title='原始值：12.17999'>12.18</span>", "<span data-toggle='tooltip' data-placement='right' title='原始值：0.46'>0.460</span>", "<span data-toggle='tooltip' data-placement='right' title='原始值：0.27756'>0.278</span>", "<span data-toggle='tooltip' data-placement='right' title='原始值：2.24117'>2.24</span>", "<span data-toggle='tooltip' data-placement='right' title='原始值：0.07896'>0.079</span>", "<span data-toggle='tooltip' data-placement='right' title='原始值：8489951'>8489951</span>", "正常"], ["云南省", "滇池流域", "<span data-toggle='tooltip' data-placement='right' title='所在地市:昆明市&#10;所属河流:滇池'>观音山</span>", "05-30 04:00", "Ⅴ", "<span data-toggle='tooltip' data-placement='right' title='原始值：21.11586'>21.1</span>", "<span data-toggle='tooltip' data-placement='right' title='原始值：8.4469'>8.45</span>", "<span data-toggle='tooltip' data-placement='right' title='原始值：6.49189'>6.49</span>", "<span data-toggle='tooltip' data-placement='right' title='原始值：440.3884'>440.4</span>", "<span data-toggle='tooltip' data-placement='right' title='原始值：59.30795'>59.3</span>", "<span data-toggle='tooltip' data-placement='right' title='原始值：9.19'>9.19</span>", "<span data-toggle='tooltip' data-placement='right' title='原始值：0.35'>0.350</span>", "<span data-toggle='tooltip' data-placement='right' title='原始值：0.1204'>0.120</span>", "<span data-toggle='tooltip' data-placement='right' title='原始值：1.272'>1.27</span>", "<span data-toggle='tooltip' data-placement='right' title='原始值：0.03285'>0.033</span>", "<span data-toggle='tooltip' data-placement='right' title='原始值：7699906'>7699906</span>", "正常"], ["云南省", "西南诸河", "<span data-toggle='tooltip' data-placement='right' title='所在地市:红河哈尼族彝族自治州&#10;所属河流:红河'>河口县医院(河口)</span>", "05-30 08:00", "Ⅰ", "<span data-toggle='tooltip' data-placement='right' title='原始值：26.2'>26.2</span>", "<span data-toggle='tooltip' data-placement='right' title='原始值：7.9075'>7.91</span>", "<span data-toggle='tooltip' data-placement='right' title='原始值：7.77'>7.77</span>", "<span data-toggle='tooltip' data-placement='right' title='原始值：214'>214.0</span>", "<span data-toggle='tooltip' data-placement='right' title='原始值：125.1499'>125.1</span>", "<span data-toggle='tooltip' data-placement='right' title='原始值：1.57'>1.57</span>", "<span data-toggle='tooltip' data-placement='right' title='原始值：0.13885'>0.139</span>", "<span data-toggle='tooltip' data-placement='right' title='原始值：0.017'>0.017</span>", "<span data-toggle='tooltip' data-placement='right' title='原始值：1.17513'>1.18</span>", "*", "*", "正常"], ["云南省", "西南诸河", "<span data-toggle='tooltip' data-placement='right' title='所在地市:西双版纳傣族自治州&#10;所属河流:澜沧江'>橄榄坝</span>", "05-30 04:01", "Ⅲ", "<span data-toggle='tooltip' data-placement='right' title='原始值：17.86103'>17.9</span>", "<span data-toggle='tooltip' data-placement='right' title='原始值：7.37734'>7.38</span>", "<span data-toggle='tooltip' data-placement='right' title='原始值：5.87043'>5.87</span>", "<span data-toggle='tooltip' data-placement='right' title='原始值：619.3877'>619.4</span>", "<span data-toggle='tooltip' data-placement='right' title='原始值：6.55962'>6.6</span>", "<span data-toggle='tooltip' data-placement='right' title='原始值：2.95'>2.95</span>", "<span data-toggle='tooltip' data-placement='right' title='原始值：0.02772'>0.028</span>", "*", "*", "*", "*", "正常"], ["陕西省", "黄河流域", "<span data-toggle='tooltip' data-placement='right' title='所在地市:渭南市&#10;所属河流:渭河'>潼关吊桥</span>", null, "", "--", "--", "--", "--", "--", "--", "--", "--", "--", "*", "*", "停站"], ["甘肃省", "黄河流域", "<span data-toggle='tooltip' data-placement='right' title='所在地市:兰州市&#10;所属河流:黄河'>新城桥</span>", "05-30 08:00", "Ⅱ", "<span data-toggle='tooltip' data-placement='right' title='原始值：14.33913'>14.3</span>", "<span data-toggle='tooltip' data-placement='right' title='原始值：7.66438'>7.66</span>", "<span data-toggle='tooltip' data-placement='right' title='原始值：7.9484'>7.95</span>", "<span data-toggle='tooltip' data-placement='right' title='原始值：431.0887'>431.1</span>", "<span data-toggle='tooltip' data-placement='right' title='原始值：36.26079'>36.3</span>", "<span data-toggle='tooltip' data-placement='right' title='原始值：1.99'>1.99</span>", "<span data-toggle='tooltip' data-placement='right' title='原始值：0.1'>0.100</span>", "<span data-toggle='tooltip' data-placement='right' title='原始值：0.02118'>0.021</span>", "<span data-toggle='tooltip' data-placement='right' title='原始值：1.87281'>1.87</span>", "*", "*", "正常"], ["宁夏回族自治区", "黄河流域", "<span data-toggle='tooltip' data-placement='right' title='所在地市:中卫市&#10;所属河流:黄河'>中卫下河沿(新墩)</span>", "05-30 08:00", "Ⅱ", "<span data-toggle='tooltip' data-placement='right' title='原始值：16.94355'>16.9</span>", "<span data-toggle='tooltip' data-placement='right' title='原始值：7.80962'>7.81</span>", "<span data-toggle='tooltip' data-placement='right' title='原始值：7.13111'>7.13</span>", "<span data-toggle='tooltip' data-placement='right' title='原始值：454.0977'>454.1</span>", "<span data-toggle='tooltip' data-placement='right' title='原始值：1056.039'>1056.0</span>", "<span data-toggle='tooltip' data-placement='right' title='原始值：2.64'>2.64</span>", "<span data-toggle='tooltip' data-placement='right' title='原始值：0.03'>0.030</span>", "<span data-toggle='tooltip' data-placement='right' title='原始值：0.0629'>0.063</span>", "<span data-toggle='tooltip' data-placement='right' title='原始值：2.3061'>2.31</span>", "*", "*", "正常"]]}