{"result": 1, "total": 1, "records": 98, "thead": ["省份", "流域", "断面名称", "监测时间", "水质类别", "水温<br/><span class='unit'>(℃)</span>", "pH<br/><span class='unit'>(无量纲)</span>", "溶解氧<br/><span class='unit'>(mg/L)</span>", "电导率<br/><span class='unit'>(μS/cm)</span>", "浊度<br/><span class='unit'>(NTU)</span>", "高锰酸盐指数<br/><span class='unit'>(mg/L)</span>", "氨氮<br/><span class='unit'>(mg/L)</span>", "总磷<br/><span class='unit'>(mg/L)</span>", "总氮<br/><span class='unit'>(mg/L)</span>", "叶绿素α<br/><span class='unit'>(mg/L)</span>", "藻密度<br/><span class='unit'>(cells/L)</span>", "站点情况"], "tbody": [["北京市", "海河流域", "<span data-toggle='tooltip' data-placement='right' title='所在地市:门头沟区&#10;所属河流:永定河'>沿河城</span>", "11-09 08:00", "Ⅱ", "<span data-toggle='tooltip' data-placement='right' title='原始值：7.97952'>8.0</span>", "<span data-toggle='tooltip' data-placement='right' title='原始值：8.13097'>8.13</span>", "<span data-toggle='tooltip' data-placement='right' title='原始值：11.19863'>11.20</span>", "<span data-toggle='tooltip' data-placement='right' title='原始值：1220.856'>1220.9</span>", "<span data-toggle='tooltip' data-placement='right' title='原始值：4.45701'>4.5</span>", "<span data-toggle='tooltip' data-placement='right' title='原始值：2.28887'>2.29</span>", "<span data-toggle='tooltip' data-placement='right' title='原始值：0.24'>0.240</span>", "<span data-toggle='tooltip' data-placement='right' title='原始值：0.02126'>0.021</span>", "<span data-toggle='tooltip' data-placement='right' title='原始值：1.45898'>1.46</span>", "*", "*", "正常"], ["北京市", "海河流域", "<span data-toggle='tooltip' data-placement='right' title='所在地市:密云区&#10;所属河流:潮河'>古北口</span>", "11-09 08:00", "Ⅰ", "<span data-toggle='tooltip' data-placement='right' title='原始值：6.03313'>6.0</span>", "<span data-toggle='tooltip' data-placement='right' title='原始值：8.07807'>8.08</span>", "<span data-toggle='tooltip' data-placement='right' title='原始值：11.99307'>11.99</span>", "<span data-toggle='tooltip' data-placement='right' title='原始值：745.2257'>745.2</span>", "<span data-toggle='tooltip' data-placement='right' title='原始值：1.52713'>1.5</span>", "<span data-toggle='tooltip' data-placement='right' title='原始值：1.2475'>1.25</span>", "<span data-toggle='tooltip' data-placement='right' title='原始值：0.11'>0.110</span>", "<span data-toggle='tooltip' data-placement='right' title='原始值：0.0001'>0.0001</span>", "<span data-toggle='tooltip' data-placement='right' title='原始值：9.4188'>9.42</span>", "*", "*", "正常"], ["天津市", "海河流域", "<span data-toggle='tooltip' data-placement='right' title='所在地市:河北区&#10;所属河流:海河'>三岔口</span>", "11-09 08:00", "Ⅰ", "<span data-toggle='tooltip' data-placement='right' title='原始值：13.1082'>13.1</span>", "<span data-toggle='tooltip' data-placement='right' title='原始值：7.9789'>7.98</span>", "<span data-toggle='tooltip' data-placement='right' title='原始值：9.84'>9.84</span>", "<span data-toggle='tooltip' data-placement='right' title='原始值：412.6361'>412.6</span>", "<span data-toggle='tooltip' data-placement='right' title='原始值：8.369'>8.4</span>", "<span data-toggle='tooltip' data-placement='right' title='原始值：1.68'>1.68</span>", "<span data-toggle='tooltip' data-placement='right' title='原始值：0.13'>0.130</span>", "<span data-toggle='tooltip' data-placement='right' title='原始值：0.0023'>0.002</span>", "<span data-toggle='tooltip' data-placement='right' title='原始值：1.1327'>1.13</span>", "*", "*", "正常"], ["天津市", "海河流域", "<span data-toggle='tooltip' data-placement='right' title='所在地市:蓟州区&#10;所属河流:果河'>果河桥</span>", "11-09 08:00", "Ⅱ", "<span data-toggle='tooltip' data-placement='right' title='原始值：11.4'>11.4</span>", "<span data-toggle='tooltip' data-placement='right' title='原始值：8.27'>8.27</span>", "<span data-toggle='tooltip' data-placement='right' title='原始值：10.163'>10.16</span>", "<span data-toggle='tooltip' data-placement='right' title='原始值：586.09'>586.1</span>", "<span data-toggle='tooltip' data-placement='right' title='原始值：9.1'>9.1</span>", "<span data-toggle='tooltip' data-placement='right' title='原始值：2.1891'>2.19</span>", "<span data-toggle='tooltip' data-placement='right' title='原始值：0.26'>0.260</span>", "<span data-toggle='tooltip' data-placement='right' title='原始值：0.0655'>0.066</span>", "<span data-toggle='tooltip' data-placement='right' title='原始值：3.344'>3.34</span>", "*", "*", "正常"], ["河北省", "海河流域", "<span data-toggle='tooltip' data-placement='right' title='所在地市:石家庄市&#10;所属河流:滹沱河'>岗南水库</span>", "11-09 08:00", "Ⅲ", "<span data-toggle='tooltip' data-placement='right' title='原始值：16.95246'>17.0</span>", "<span data-toggle='tooltip' data-placement='right' title='原始值：8.56979'>8.57</span>", "<span data-toggle='tooltip' data-placement='right' title='原始值：9.08301'>9.08</span>", "<span data-toggle='tooltip' data-placement='right' title='原始值：572.158'>572.2</span>", "<span data-toggle='tooltip' data-placement='right' title='原始值：3.40448'>3.4</span>", "<span data-toggle='tooltip' data-placement='right' title='原始值：2.2548'>2.25</span>", "<span data-toggle='tooltip' data-placement='right' title='原始值：0.06'>0.060</span>", "<span data-toggle='tooltip' data-placement='right' title='原始值：0.02514'>0.025</span>", "<span data-toggle='tooltip' data-placement='right' title='原始值：2.57796'>2.58</span>", "*", "*", "正常"], ["河北省", "海河流域", "<span data-toggle='tooltip' data-placement='right' title='所在地市:张家口市&#10;所属河流:永定河'>八号桥</span>", null, "", "--", "--", "--", "--", "--", "--", "--", "--", "--", "*", "*", "停站"], ["山西省", "黄河流域", "<span data-toggle='tooltip' data-placement='right' title='所在地市:运城市&#10;所属河流:汾河'>河津大桥</span>", "11-09 08:00", "Ⅳ", "<span data-toggle='tooltip' data-placement='right' title='原始值：15.42947'>15.4</span>", "<span data-toggle='tooltip' data-placement='right' title='原始值：8.0245'>8.02</span>", "<span data-toggle='tooltip' data-placement='right' title='原始值：10.48621'>10.49</span>", "<span data-toggle='tooltip' data-placement='right' title='原始值：1699.626'>1699.6</span>", "<span data-toggle='tooltip' data-placement='right' title='原始值：138.3213'>138.3</span>", "<span data-toggle='tooltip' data-placement='right' title='原始值：7.4'>7.40</span>", "<span data-toggle='tooltip' data-placement='right' title='原始值：0.15'>0.150</span>", "*", "*", "*", "*", "正常"], ["山西省", "黄河流域", "<span data-toggle='tooltip' data-placement='right' title='所在地市:忻州市&#10;所属河流:黄河'>万家寨水库</span>", "11-09 08:00", "Ⅳ", "<span data-toggle='tooltip' data-placement='right' title='原始值：11.91538'>11.9</span>", "<span data-toggle='tooltip' data-placement='right' title='原始值：7.67588'>7.68</span>", "<span data-toggle='tooltip' data-placement='right' title='原始值：10.86985'>10.87</span>", "<span data-toggle='tooltip' data-placement='right' title='原始值：623.931'>623.9</span>", "<span data-toggle='tooltip' data-placement='right' title='原始值：13.56791'>13.6</span>", "<span data-toggle='tooltip' data-placement='right' title='原始值：7.7'>7.70</span>", "<span data-toggle='tooltip' data-placement='right' title='原始值：0.43'>0.430</span>", "<span data-toggle='tooltip' data-placement='right' title='原始值：0.021'>0.021</span>", "<span data-toggle='tooltip' data-placement='right' title='原始值：2.125'>2.12</span>", "*", "*", "正常"], ["内蒙古自治区", "黄河流域", "<span data-toggle='tooltip' data-placement='right' title='所在地市:包头市&#10;所属河流:黄河'>画匠营子</span>", "11-09 08:00", "Ⅱ", "<span data-toggle='tooltip' data-placement='right' title='原始值：9.51582'>9.5</span>", "<span data-toggle='tooltip' data-placement='right' title='原始值：8.26878'>8.27</span>", "<span data-toggle='tooltip' data-placement='right' title='原始值：9.76521'>9.77</span>", "<span data-toggle='tooltip' data-placement='right' title='原始值：761.7548'>761.8</span>", "<span data-toggle='tooltip' data-placement='right' title='原始值：999.5209'>999.5</span>", "<span data-toggle='tooltip' data-placement='right' title='原始值：3.81781'>3.82</span>", "<span data-toggle='tooltip' data-placement='right' title='原始值：0.05767'>0.058</span>", "*", "*", "*", "*", "正常"], ["内蒙古自治区", "黄河流域", "<span data-toggle='tooltip' data-placement='right' title='所在地市:乌海市&#10;所属河流:黄河'>海勃湾</span>", "11-09 08:00", "Ⅱ", "<span data-toggle='tooltip' data-placement='right' title='原始值：11.1269'>11.1</span>", "<span data-toggle='tooltip' data-placement='right' title='原始值：8.61583'>8.62</span>", "<span data-toggle='tooltip' data-placement='right' title='原始值：8.90722'>8.91</span>", "<span data-toggle='tooltip' data-placement='right' title='原始值：604.8654'>604.9</span>", "<span data-toggle='tooltip' data-placement='right' title='原始值：49.49421'>49.5</span>", "<span data-toggle='tooltip' data-placement='right' title='原始值：1.95'>1.95</span>", "<span data-toggle='tooltip' data-placement='right' title='原始值：0.25'>0.250</span>", "*", "*", "*", "*", "正常"], ["内蒙古自治区", "松花江流域", "<span data-toggle='tooltip' data-placement='right' title='所在地市:呼伦贝尔市&#10;所属河流:额尔古纳河'>黑山头</span>", null, "", "--", "--", "--", "--", "--", "--", "--", "--", "--", "*", "*", "停站"], ["辽宁省", "辽河流域", "<span data-toggle='tooltip' data-placement='right' title='所在地市:抚顺市&#10;所属河流:浑河'>大伙房水库</span>", null, "", "--", "--", "--", "--", "--", "--", "--", "--", "--", "--", "*", "停站"], ["辽宁省", "辽河流域", "<span data-toggle='tooltip' data-placement='right' title='所在地市:丹东市&#10;所属河流:鸭绿江'>江桥</span>", "11-09 08:00", "Ⅱ", "<span data-toggle='tooltip' data-placement='right' title='原始值：12.1'>12.1</span>", "<span data-toggle='tooltip' data-placement='right' title='原始值：6.74'>6.74</span>", "<span data-toggle='tooltip' data-placement='right' title='原始值：9.00873'>9.01</span>", "<span data-toggle='tooltip' data-placement='right' title='原始值：150'>150.0</span>", "<span data-toggle='tooltip' data-placement='right' title='原始值：13.87695'>13.9</span>", "<span data-toggle='tooltip' data-placement='right' title='原始值：0.93'>0.93</span>", "<span data-toggle='tooltip' data-placement='right' title='原始值：0.08832'>0.088</span>", "<span data-toggle='tooltip' data-placement='right' title='原始值：0.02405'>0.024</span>", "<span data-toggle='tooltip' data-placement='right' title='原始值：2.38413'>2.38</span>", "*", "*", "正常"], ["辽宁省", "辽河流域", "<span data-toggle='tooltip' data-placement='right' title='所在地市:营口市&#10;所属河流:大辽河'>辽河公园</span>", "11-09 08:00", "Ⅳ", "<span data-toggle='tooltip' data-placement='right' title='原始值：13.23744'>13.2</span>", "<span data-toggle='tooltip' data-placement='right' title='原始值：7.76534'>7.77</span>", "<span data-toggle='tooltip' data-placement='right' title='原始值：8.57523'>8.58</span>", "<span data-toggle='tooltip' data-placement='right' title='原始值：1862.67'>1862.7</span>", "<span data-toggle='tooltip' data-placement='right' title='原始值：191.0809'>191.1</span>", "<span data-toggle='tooltip' data-placement='right' title='原始值：7.31268'>7.31</span>", "<span data-toggle='tooltip' data-placement='right' title='原始值：0.17602'>0.176</span>", "<span data-toggle='tooltip' data-placement='right' title='原始值：0.20501'>0.205</span>", "<span data-toggle='tooltip' data-placement='right' title='原始值：6.16902'>6.17</span>", "*", "*", "正常"], ["辽宁省", "辽河流域", "<span data-toggle='tooltip' data-placement='right' title='所在地市:辽阳市&#10;所属河流:太子河'>汤河水库</span>", null, "", "--", "--", "--", "--", "--", "--", "--", "--", "--", "*", "*", "停站"], ["辽宁省", "辽河流域", "<span data-toggle='tooltip' data-placement='right' title='所在地市:盘锦市&#10;所属河流:辽河'>盘锦兴安(兴安)</span>", null, "", "--", "--", "--", "--", "--", "--", "--", "--", "--", "*", "*", "停站"], ["辽宁省", "辽河流域", "<span data-toggle='tooltip' data-placement='right' title='所在地市:铁岭市&#10;所属河流:辽河'>珠尔山</span>", "11-09 08:00", "", "<span data-toggle='tooltip' data-placement='right' title='原始值：4.50922'>4.5</span>", "<span data-toggle='tooltip' data-placement='right' title='原始值：8.29007'>8.29</span>", "<span data-toggle='tooltip' data-placement='right' title='原始值：16.35563'>16.36</span>", "<span data-toggle='tooltip' data-placement='right' title='原始值：641.04'>641.0</span>", "<span data-toggle='tooltip' data-placement='right' title='原始值：13.48805'>13.5</span>", "<span data-toggle='tooltip' data-placement='right' title='原始值：4.16036'>4.16</span>", "<span data-toggle='tooltip' data-placement='right' title='极值过滤'>--</span>", "<span data-toggle='tooltip' data-placement='right' title='原始值：0.10355'>0.104</span>", "<span data-toggle='tooltip' data-placement='right' title='原始值：5.03951'>5.04</span>", "*", "*", "维护"], ["吉林省", "松花江流域", "<span data-toggle='tooltip' data-placement='right' title='所在地市:长春市&#10;所属河流:松花江'>松花江村</span>", null, "", "--", "--", "--", "--", "--", "--", "--", "--", "--", "*", "*", "停站"], ["吉林省", "松花江流域", "<span data-toggle='tooltip' data-placement='right' title='所在地市:白城市&#10;所属河流:嫩江'>白沙滩</span>", null, "", "--", "--", "--", "--", "--", "--", "--", "--", "--", "*", "*", "停站"], ["吉林省", "松花江流域", "<span data-toggle='tooltip' data-placement='right' title='所在地市:延边朝鲜族自治州&#10;所属河流:图们江'>圈河</span>", "11-09 08:00", "Ⅱ", "<span data-toggle='tooltip' data-placement='right' title='原始值：16.09998'>16.1</span>", "<span data-toggle='tooltip' data-placement='right' title='原始值：7.69'>7.69</span>", "<span data-toggle='tooltip' data-placement='right' title='原始值：8.84'>8.84</span>", "<span data-toggle='tooltip' data-placement='right' title='原始值：212'>212.0</span>", "<span data-toggle='tooltip' data-placement='right' title='原始值：156.0471'>156.0</span>", "<span data-toggle='tooltip' data-placement='right' title='原始值：3.07'>3.07</span>", "<span data-toggle='tooltip' data-placement='right' title='原始值：0.0731'>0.073</span>", "<span data-toggle='tooltip' data-placement='right' title='原始值：0.04792'>0.048</span>", "<span data-toggle='tooltip' data-placement='right' title='原始值：2.1206'>2.12</span>", "*", "*", "正常"], ["黑龙江省", "松花江流域", "<span data-toggle='tooltip' data-placement='right' title='所在地市:大庆市&#10;所属河流:松花江'>肇源</span>", null, "", "--", "--", "--", "--", "--", "--", "--", "--", "--", "*", "*", "停站"], ["黑龙江省", "松花江流域", "<span data-toggle='tooltip' data-placement='right' title='所在地市:佳木斯市&#10;所属河流:乌苏里江'>乌苏镇</span>", null, "", "--", "--", "--", "--", "--", "--", "--", "--", "--", "*", "*", "停站"], ["黑龙江省", "松花江流域", "<span data-toggle='tooltip' data-placement='right' title='所在地市:佳木斯市&#10;所属河流:松花江'>同江</span>", "11-09 08:00", "Ⅳ", "<span data-toggle='tooltip' data-placement='right' title='原始值：4.46003'>4.5</span>", "<span data-toggle='tooltip' data-placement='right' title='原始值：7.81251'>7.81</span>", "<span data-toggle='tooltip' data-placement='right' title='原始值：12.43752'>12.44</span>", "<span data-toggle='tooltip' data-placement='right' title='原始值：257.813'>257.8</span>", "<span data-toggle='tooltip' data-placement='right' title='原始值：80.00211'>80.0</span>", "<span data-toggle='tooltip' data-placement='right' title='原始值：6.78721'>6.79</span>", "<span data-toggle='tooltip' data-placement='right' title='原始值：0.2282'>0.228</span>", "<span data-toggle='tooltip' data-placement='right' title='原始值：0.10352'>0.104</span>", "<span data-toggle='tooltip' data-placement='right' title='原始值：1.72946'>1.73</span>", "*", "*", "正常"], ["黑龙江省", "松花江流域", "<span data-toggle='tooltip' data-placement='right' title='所在地市:黑河市&#10;所属河流:黑龙江'>黑河下(黑河)</span>", null, "", "--", "--", "--", "--", "--", "--", "--", "--", "--", "*", "*", "停站"], ["上海市", "长江流域", "<span data-toggle='tooltip' data-placement='right' title='所在地市:青浦区&#10;所属河流:淀山湖'>急水港桥</span>", null, "", "--", "--", "--", "--", "--", "--", "--", "--", "--", "--", "--", "停站"], ["江苏省", "长江流域", "<span data-toggle='tooltip' data-placement='right' title='所在地市:南京市&#10;所属河流:长江'>林山</span>", null, "", "--", "--", "--", "--", "--", "--", "--", "--", "--", "*", "*", "停站"], ["江苏省", "太湖流域", "<span data-toggle='tooltip' data-placement='right' title='所在地市:无锡市&#10;所属河流:太湖'>沙渚</span>", "11-09 08:00", "Ⅲ", "<span data-toggle='tooltip' data-placement='right' title='原始值：19.12939'>19.1</span>", "<span data-toggle='tooltip' data-placement='right' title='原始值：8.355969'>8.36</span>", "<span data-toggle='tooltip' data-placement='right' title='原始值：8.976221'>8.98</span>", "<span data-toggle='tooltip' data-placement='right' title='原始值：438.9957'>439.0</span>", "<span data-toggle='tooltip' data-placement='right' title='原始值：36.01674'>36.0</span>", "<span data-toggle='tooltip' data-placement='right' title='原始值：4.51'>4.51</span>", "<span data-toggle='tooltip' data-placement='right' title='原始值：0.18'>0.180</span>", "<span data-toggle='tooltip' data-placement='right' title='原始值：0.0548'>0.055</span>", "<span data-toggle='tooltip' data-placement='right' title='原始值：1.378'>1.38</span>", "<span data-toggle='tooltip' data-placement='right' title='原始值：0.018587'>0.019</span>", "*", "正常"], ["江苏省", "淮河流域", "<span data-toggle='tooltip' data-placement='right' title='所在地市:徐州市&#10;所属河流:武河'>小红圈</span>", "11-09 08:00", "Ⅱ", "<span data-toggle='tooltip' data-placement='right' title='原始值：13.02'>13.0</span>", "<span data-toggle='tooltip' data-placement='right' title='原始值：7.98'>7.98</span>", "<span data-toggle='tooltip' data-placement='right' title='原始值：13.72'>13.72</span>", "<span data-toggle='tooltip' data-placement='right' title='原始值：734.3'>734.3</span>", "<span data-toggle='tooltip' data-placement='right' title='原始值：8.5'>8.5</span>", "<span data-toggle='tooltip' data-placement='right' title='原始值：2.13'>2.13</span>", "<span data-toggle='tooltip' data-placement='right' title='原始值：0.047'>0.047</span>", "*", "*", "*", "*", "正常"], ["江苏省", "淮河流域", "<span data-toggle='tooltip' data-placement='right' title='所在地市:徐州市&#10;所属河流:沿河'>李集桥</span>", "11-09 08:00", "Ⅲ", "<span data-toggle='tooltip' data-placement='right' title='原始值：15.45'>15.4</span>", "<span data-toggle='tooltip' data-placement='right' title='原始值：7.82'>7.82</span>", "<span data-toggle='tooltip' data-placement='right' title='原始值：7.54'>7.54</span>", "<span data-toggle='tooltip' data-placement='right' title='原始值：997.9'>997.9</span>", "<span data-toggle='tooltip' data-placement='right' title='原始值：20.07'>20.1</span>", "<span data-toggle='tooltip' data-placement='right' title='原始值：4.23'>4.23</span>", "<span data-toggle='tooltip' data-placement='right' title='原始值：0.062'>0.062</span>", "<span data-toggle='tooltip' data-placement='right' title='原始值：0.054'>0.054</span>", "<span data-toggle='tooltip' data-placement='right' title='原始值：1.118'>1.12</span>", "*", "*", "正常"], ["江苏省", "淮河流域", "<span data-toggle='tooltip' data-placement='right' title='所在地市:徐州市&#10;所属河流:邳苍分洪道'>艾山西大桥</span>", "11-09 08:00", "Ⅱ", "<span data-toggle='tooltip' data-placement='right' title='原始值：13.5992'>13.6</span>", "<span data-toggle='tooltip' data-placement='right' title='原始值：8.45357'>8.45</span>", "<span data-toggle='tooltip' data-placement='right' title='原始值：12.3066'>12.31</span>", "<span data-toggle='tooltip' data-placement='right' title='原始值：754.662'>754.7</span>", "<span data-toggle='tooltip' data-placement='right' title='原始值：11.5089'>11.5</span>", "<span data-toggle='tooltip' data-placement='right' title='原始值：2.73'>2.73</span>", "<span data-toggle='tooltip' data-placement='right' title='原始值：0.1'>0.100</span>", "<span data-toggle='tooltip' data-placement='right' title='原始值：0.01879'>0.019</span>", "<span data-toggle='tooltip' data-placement='right' title='原始值：10.04131'>10.04</span>", "*", "*", "正常"], ["江苏省", "太湖流域", "<span data-toggle='tooltip' data-placement='right' title='所在地市:苏州市&#10;所属河流:太湖'>兰山嘴(老)</span>", "11-09 08:00", "Ⅲ", "<span data-toggle='tooltip' data-placement='right' title='原始值：18.7602'>18.8</span>", "<span data-toggle='tooltip' data-placement='right' title='原始值：7.63915'>7.64</span>", "<span data-toggle='tooltip' data-placement='right' title='原始值：8.3169'>8.32</span>", "<span data-toggle='tooltip' data-placement='right' title='原始值：341.8569'>341.9</span>", "<span data-toggle='tooltip' data-placement='right' title='原始值：51.2825'>51.3</span>", "<span data-toggle='tooltip' data-placement='right' title='原始值：3.75'>3.75</span>", "<span data-toggle='tooltip' data-placement='right' title='原始值：0.58'>0.580</span>", "<span data-toggle='tooltip' data-placement='right' title='原始值：0.0997'>0.100</span>", "<span data-toggle='tooltip' data-placement='right' title='原始值：4.75606'>4.76</span>", "<span data-toggle='tooltip' data-placement='right' title='原始值：0.01984'>0.020</span>", "*", "正常"], ["江苏省", "太湖流域", "<span data-toggle='tooltip' data-placement='right' title='所在地市:苏州市&#10;所属河流:太湖'>西山</span>", "11-09 08:00", "Ⅴ", "<span data-toggle='tooltip' data-placement='right' title='原始值：17.73778'>17.7</span>", "<span data-toggle='tooltip' data-placement='right' title='原始值：8.27843'>8.28</span>", "<span data-toggle='tooltip' data-placement='right' title='原始值：9.29063'>9.29</span>", "<span data-toggle='tooltip' data-placement='right' title='原始值：275.0789'>275.1</span>", "<span data-toggle='tooltip' data-placement='right' title='原始值：65.35126'>65.4</span>", "<span data-toggle='tooltip' data-placement='right' title='原始值：2.14'>2.14</span>", "<span data-toggle='tooltip' data-placement='right' title='原始值：0.11'>0.110</span>", "<span data-toggle='tooltip' data-placement='right' title='原始值：0.1086'>0.109</span>", "<span data-toggle='tooltip' data-placement='right' title='原始值：0.4467'>0.45</span>", "<span data-toggle='tooltip' data-placement='right' title='原始值：0.01488'>0.015</span>", "*", "正常"], ["江苏省", "淮河流域", "<span data-toggle='tooltip' data-placement='right' title='所在地市:连云港市&#10;所属河流:新沭河'>大兴桥</span>", null, "", "--", "--", "--", "--", "--", "--", "--", "*", "*", "*", "*", "维护"], ["江苏省", "淮河流域", "<span data-toggle='tooltip' data-placement='right' title='所在地市:淮安市&#10;所属河流:淮河'>淮河大桥</span>", "11-09 08:00", "Ⅲ", "<span data-toggle='tooltip' data-placement='right' title='原始值：16.50689'>16.5</span>", "<span data-toggle='tooltip' data-placement='right' title='原始值：8.13738'>8.14</span>", "<span data-toggle='tooltip' data-placement='right' title='原始值：8.38984'>8.39</span>", "<span data-toggle='tooltip' data-placement='right' title='原始值：464.1329'>464.1</span>", "<span data-toggle='tooltip' data-placement='right' title='原始值：40.09394'>40.1</span>", "<span data-toggle='tooltip' data-placement='right' title='原始值：4.1'>4.10</span>", "<span data-toggle='tooltip' data-placement='right' title='原始值：0.24'>0.240</span>", "<span data-toggle='tooltip' data-placement='right' title='原始值：0.1341'>0.134</span>", "<span data-toggle='tooltip' data-placement='right' title='原始值：2.115'>2.12</span>", "*", "*", "正常"], ["江苏省", "长江流域", "<span data-toggle='tooltip' data-placement='right' title='所在地市:扬州市&#10;所属河流:夹江'>三江营</span>", "11-09 08:00", "Ⅱ", "<span data-toggle='tooltip' data-placement='right' title='原始值：18.7'>18.7</span>", "<span data-toggle='tooltip' data-placement='right' title='原始值：7.86'>7.86</span>", "<span data-toggle='tooltip' data-placement='right' title='原始值：7.22'>7.22</span>", "<span data-toggle='tooltip' data-placement='right' title='原始值：303.57'>303.6</span>", "<span data-toggle='tooltip' data-placement='right' title='原始值：28.34'>28.3</span>", "<span data-toggle='tooltip' data-placement='right' title='原始值：1.732'>1.73</span>", "<span data-toggle='tooltip' data-placement='right' title='原始值：0.037'>0.037</span>", "<span data-toggle='tooltip' data-placement='right' title='原始值：0.057'>0.057</span>", "<span data-toggle='tooltip' data-placement='right' title='原始值：1.54'>1.54</span>", "*", "*", "正常"], ["江苏省", "淮河流域", "<span data-toggle='tooltip' data-placement='right' title='所在地市:宿迁市&#10;所属河流:新濉河'>大屈</span>", "11-09 08:00", "Ⅲ", "<span data-toggle='tooltip' data-placement='right' title='原始值：15.3'>15.3</span>", "<span data-toggle='tooltip' data-placement='right' title='原始值：8.06'>8.06</span>", "<span data-toggle='tooltip' data-placement='right' title='原始值：9.15'>9.15</span>", "<span data-toggle='tooltip' data-placement='right' title='原始值：845.3'>845.3</span>", "<span data-toggle='tooltip' data-placement='right' title='原始值：24.65'>24.6</span>", "<span data-toggle='tooltip' data-placement='right' title='原始值：4.43'>4.43</span>", "<span data-toggle='tooltip' data-placement='right' title='原始值：0.06'>0.060</span>", "<span data-toggle='tooltip' data-placement='right' title='原始值：0.048'>0.048</span>", "<span data-toggle='tooltip' data-placement='right' title='原始值：1.589'>1.59</span>", "*", "*", "正常"], ["浙江省", "浙闽片河流", "<span data-toggle='tooltip' data-placement='right' title='所在地市:杭州市&#10;所属河流:新安江'>街口(鸠坑口)</span>", "11-09 08:00", "", "<span data-toggle='tooltip' data-placement='right' title='原始值：21.04'>21.0</span>", "<span data-toggle='tooltip' data-placement='right' title='原始值：6.85'>6.85</span>", "<span data-toggle='tooltip' data-placement='right' title='原始值：6.18'>6.18</span>", "<span data-toggle='tooltip' data-placement='right' title='原始值：156.33'>156.3</span>", "<span data-toggle='tooltip' data-placement='right' title='原始值：27.03'>27.0</span>", "<span data-toggle='tooltip' data-placement='right' title='原始值：1.01'>1.01</span>", "<span data-toggle='tooltip' data-placement='right' title='极值过滤'>--</span>", "<span data-toggle='tooltip' data-placement='right' title='原始值：0.015'>0.015</span>", "<span data-toggle='tooltip' data-placement='right' title='原始值：1.064'>1.06</span>", "*", "*", "维护"], ["浙江省", "太湖流域", "<span data-toggle='tooltip' data-placement='right' title='所在地市:嘉兴市&#10;所属河流:斜路港河'>斜路港</span>", "11-09 04:00", "Ⅳ", "<span data-toggle='tooltip' data-placement='right' title='原始值：18'>18.0</span>", "<span data-toggle='tooltip' data-placement='right' title='原始值：7.42'>7.42</span>", "<span data-toggle='tooltip' data-placement='right' title='原始值：4.72'>4.72</span>", "<span data-toggle='tooltip' data-placement='right' title='原始值：529'>529.0</span>", "<span data-toggle='tooltip' data-placement='right' title='原始值：91.7'>91.7</span>", "<span data-toggle='tooltip' data-placement='right' title='原始值：8.2'>8.20</span>", "<span data-toggle='tooltip' data-placement='right' title='原始值：0.49064'>0.491</span>", "<span data-toggle='tooltip' data-placement='right' title='原始值：0.15152'>0.152</span>", "<span data-toggle='tooltip' data-placement='right' title='原始值：2.14542'>2.15</span>", "*", "*", "正常"], ["浙江省", "太湖流域", "<span data-toggle='tooltip' data-placement='right' title='所在地市:嘉兴市&#10;所属河流:京杭运河'>王江泾</span>", "11-09 08:00", "Ⅲ", "<span data-toggle='tooltip' data-placement='right' title='原始值：19.36'>19.4</span>", "<span data-toggle='tooltip' data-placement='right' title='原始值：7.02'>7.02</span>", "<span data-toggle='tooltip' data-placement='right' title='原始值：5.51'>5.51</span>", "<span data-toggle='tooltip' data-placement='right' title='原始值：631.33'>631.3</span>", "<span data-toggle='tooltip' data-placement='right' title='原始值：126.37'>126.4</span>", "<span data-toggle='tooltip' data-placement='right' title='原始值：5.263'>5.26</span>", "<span data-toggle='tooltip' data-placement='right' title='原始值：0.061'>0.061</span>", "<span data-toggle='tooltip' data-placement='right' title='原始值：0.078'>0.078</span>", "<span data-toggle='tooltip' data-placement='right' title='原始值：1.261'>1.26</span>", "*", "*", "正常"], ["浙江省", "太湖流域", "<span data-toggle='tooltip' data-placement='right' title='所在地市:湖州市&#10;所属河流:西苕溪'>新港口(新塘港)</span>", "11-09 08:00", "Ⅱ", "<span data-toggle='tooltip' data-placement='right' title='原始值：17.5959'>17.6</span>", "<span data-toggle='tooltip' data-placement='right' title='原始值：8.33745'>8.34</span>", "<span data-toggle='tooltip' data-placement='right' title='原始值：9.30317'>9.30</span>", "<span data-toggle='tooltip' data-placement='right' title='原始值：350.093'>350.1</span>", "<span data-toggle='tooltip' data-placement='right' title='原始值：115.053'>115.1</span>", "<span data-toggle='tooltip' data-placement='right' title='原始值：2.49139'>2.49</span>", "<span data-toggle='tooltip' data-placement='right' title='原始值：0.2211'>0.221</span>", "<span data-toggle='tooltip' data-placement='right' title='原始值：0.05878'>0.059</span>", "<span data-toggle='tooltip' data-placement='right' title='原始值：6.99474'>6.99</span>", "<span data-toggle='tooltip' data-placement='right' title='原始值：0.03378'>0.034</span>", "*", "正常"], ["安徽省", "巢湖流域", "<span data-toggle='tooltip' data-placement='right' title='所在地市:合肥市&#10;所属河流:巢湖'>湖滨(老)</span>", "11-09 08:00", "Ⅳ", "<span data-toggle='tooltip' data-placement='right' title='原始值：17.82629'>17.8</span>", "<span data-toggle='tooltip' data-placement='right' title='原始值：7.07531'>7.08</span>", "<span data-toggle='tooltip' data-placement='right' title='原始值：8.95189'>8.95</span>", "<span data-toggle='tooltip' data-placement='right' title='原始值：286.0414'>286.0</span>", "<span data-toggle='tooltip' data-placement='right' title='原始值：60.71164'>60.7</span>", "<span data-toggle='tooltip' data-placement='right' title='原始值：5.81'>5.81</span>", "<span data-toggle='tooltip' data-placement='right' title='原始值：0.14'>0.140</span>", "<span data-toggle='tooltip' data-placement='right' title='原始值：0.0957'>0.096</span>", "<span data-toggle='tooltip' data-placement='right' title='原始值：2.073'>2.07</span>", "<span data-toggle='tooltip' data-placement='right' title='原始值：0.09211'>0.092</span>", "*", "正常"], ["安徽省", "巢湖流域", "<span data-toggle='tooltip' data-placement='right' title='所在地市:芜湖市&#10;所属河流:巢湖'>裕溪口(老)</span>", null, "", "--", "--", "--", "--", "--", "--", "--", "--", "--", "--", "*", "维护"], ["安徽省", "淮河流域", "<span data-toggle='tooltip' data-placement='right' title='所在地市:蚌埠市&#10;所属河流:淮河'>蚌埠闸上(蚌埠闸)</span>", "11-09 08:00", "Ⅲ", "<span data-toggle='tooltip' data-placement='right' title='原始值：20.38'>20.4</span>", "<span data-toggle='tooltip' data-placement='right' title='原始值：7.63'>7.63</span>", "<span data-toggle='tooltip' data-placement='right' title='原始值：9.06'>9.06</span>", "<span data-toggle='tooltip' data-placement='right' title='原始值：444.98'>445.0</span>", "<span data-toggle='tooltip' data-placement='right' title='原始值：54.32'>54.3</span>", "<span data-toggle='tooltip' data-placement='right' title='原始值：3.602'>3.60</span>", "<span data-toggle='tooltip' data-placement='right' title='原始值：0.01'>0.010</span>", "<span data-toggle='tooltip' data-placement='right' title='原始值：0.131'>0.131</span>", "<span data-toggle='tooltip' data-placement='right' title='原始值：1.619'>1.62</span>", "*", "*", "正常"], ["安徽省", "淮河流域", "<span data-toggle='tooltip' data-placement='right' title='所在地市:淮南市&#10;所属河流:淮河'>石头埠(老)</span>", "11-09 08:00", "Ⅳ", "<span data-toggle='tooltip' data-placement='right' title='原始值：17.99266'>18.0</span>", "<span data-toggle='tooltip' data-placement='right' title='原始值：7.21914'>7.22</span>", "<span data-toggle='tooltip' data-placement='right' title='原始值：3.46166'>3.46</span>", "<span data-toggle='tooltip' data-placement='right' title='原始值：238.4082'>238.4</span>", "<span data-toggle='tooltip' data-placement='right' title='原始值：50.96709'>51.0</span>", "<span data-toggle='tooltip' data-placement='right' title='原始值：3.95'>3.95</span>", "<span data-toggle='tooltip' data-placement='right' title='原始值：0.15'>0.150</span>", "*", "*", "*", "*", "正常"], ["安徽省", "淮河流域", "<span data-toggle='tooltip' data-placement='right' title='所在地市:淮北市&#10;所属河流:沱河'>小王桥</span>", "11-09 08:00", "", "<span data-toggle='tooltip' data-placement='right' title='原始值：16.64'>16.6</span>", "<span data-toggle='tooltip' data-placement='right' title='原始值：8.11'>8.11</span>", "<span data-toggle='tooltip' data-placement='right' title='原始值：7.51'>7.51</span>", "<span data-toggle='tooltip' data-placement='right' title='原始值：1732.51'>1732.5</span>", "<span data-toggle='tooltip' data-placement='right' title='原始值：15.97'>16.0</span>", "<span data-toggle='tooltip' data-placement='right' title='原始值：7.542'>7.54</span>", "<span data-toggle='tooltip' data-placement='right' title='原始值：0.06'>0.060</span>", "<span data-toggle='tooltip' data-placement='right' title='极值过滤'>--</span>", "<span data-toggle='tooltip' data-placement='right' title='极值过滤'>--</span>", "*", "*", "维护"], ["安徽省", "长江流域", "<span data-toggle='tooltip' data-placement='right' title='所在地市:安庆市&#10;所属河流:长江'>皖河口</span>", "11-09 08:00", "Ⅱ", "<span data-toggle='tooltip' data-placement='right' title='原始值：19.75'>19.8</span>", "<span data-toggle='tooltip' data-placement='right' title='原始值：7.486'>7.49</span>", "<span data-toggle='tooltip' data-placement='right' title='原始值：7.41'>7.41</span>", "<span data-toggle='tooltip' data-placement='right' title='原始值：277.32'>277.3</span>", "<span data-toggle='tooltip' data-placement='right' title='原始值：31.93'>31.9</span>", "<span data-toggle='tooltip' data-placement='right' title='原始值：1.662'>1.66</span>", "<span data-toggle='tooltip' data-placement='right' title='原始值：0.021'>0.021</span>", "<span data-toggle='tooltip' data-placement='right' title='原始值：0.0563'>0.056</span>", "<span data-toggle='tooltip' data-placement='right' title='原始值：1.983'>1.98</span>", "*", "*", "正常"], ["安徽省", "淮河流域", "<span data-toggle='tooltip' data-placement='right' title='所在地市:滁州市&#10;所属河流:淮河'>小柳巷</span>", "11-09 08:00", "Ⅲ", "<span data-toggle='tooltip' data-placement='right' title='原始值：17.8'>17.8</span>", "<span data-toggle='tooltip' data-placement='right' title='原始值：7.79'>7.79</span>", "<span data-toggle='tooltip' data-placement='right' title='原始值：8.58'>8.58</span>", "<span data-toggle='tooltip' data-placement='right' title='原始值：436.6'>436.6</span>", "<span data-toggle='tooltip' data-placement='right' title='原始值：158.81'>158.8</span>", "<span data-toggle='tooltip' data-placement='right' title='原始值：2.38'>2.38</span>", "<span data-toggle='tooltip' data-placement='right' title='原始值：0.038'>0.038</span>", "<span data-toggle='tooltip' data-placement='right' title='原始值：0.122'>0.122</span>", "<span data-toggle='tooltip' data-placement='right' title='原始值：1.691'>1.69</span>", "*", "*", "正常"], ["安徽省", "淮河流域", "<span data-toggle='tooltip' data-placement='right' title='所在地市:阜阳市&#10;所属河流:黑茨河'>张大桥</span>", null, "", "--", "--", "--", "--", "--", "--", "--", "--", "--", "*", "*", "停站"], ["安徽省", "淮河流域", "<span data-toggle='tooltip' data-placement='right' title='所在地市:阜阳市&#10;所属河流:淮河'>王家坝</span>", "11-09 08:00", "Ⅱ", "<span data-toggle='tooltip' data-placement='right' title='原始值：17.96'>18.0</span>", "<span data-toggle='tooltip' data-placement='right' title='原始值：7.16029'>7.16</span>", "<span data-toggle='tooltip' data-placement='right' title='原始值：7.08072'>7.08</span>", "<span data-toggle='tooltip' data-placement='right' title='原始值：319.866'>319.9</span>", "<span data-toggle='tooltip' data-placement='right' title='原始值：19.59713'>19.6</span>", "<span data-toggle='tooltip' data-placement='right' title='原始值：3.73'>3.73</span>", "<span data-toggle='tooltip' data-placement='right' title='原始值：0.246'>0.246</span>", "<span data-toggle='tooltip' data-placement='right' title='原始值：0.08186'>0.082</span>", "<span data-toggle='tooltip' data-placement='right' title='原始值：2.09312'>2.09</span>", "*", "*", "正常"], ["安徽省", "淮河流域", "<span data-toggle='tooltip' data-placement='right' title='所在地市:阜阳市&#10;所属河流:颍河'>界首七渡口(七渡口)</span>", "11-09 08:00", "Ⅳ", "<span data-toggle='tooltip' data-placement='right' title='原始值：17.16798'>17.2</span>", "<span data-toggle='tooltip' data-placement='right' title='原始值：7.49482'>7.49</span>", "<span data-toggle='tooltip' data-placement='right' title='原始值：3.94947'>3.95</span>", "<span data-toggle='tooltip' data-placement='right' title='原始值：799.4741'>799.5</span>", "<span data-toggle='tooltip' data-placement='right' title='原始值：22.12068'>22.1</span>", "<span data-toggle='tooltip' data-placement='right' title='原始值：4'>4.00</span>", "<span data-toggle='tooltip' data-placement='right' title='原始值：0.18'>0.180</span>", "<span data-toggle='tooltip' data-placement='right' title='原始值：0.09476'>0.095</span>", "<span data-toggle='tooltip' data-placement='right' title='原始值：3.59552'>3.60</span>", "*", "*", "正常"], ["安徽省", "淮河流域", "<span data-toggle='tooltip' data-placement='right' title='所在地市:阜阳市&#10;所属河流:泉河'>许庄(徐庄)</span>", "11-09 08:00", "Ⅱ", "<span data-toggle='tooltip' data-placement='right' title='原始值：13.2'>13.2</span>", "<span data-toggle='tooltip' data-placement='right' title='原始值：7.86'>7.86</span>", "<span data-toggle='tooltip' data-placement='right' title='原始值：8.19'>8.19</span>", "<span data-toggle='tooltip' data-placement='right' title='原始值：955.4'>955.4</span>", "<span data-toggle='tooltip' data-placement='right' title='原始值：111.27'>111.3</span>", "<span data-toggle='tooltip' data-placement='right' title='原始值：3.29'>3.29</span>", "<span data-toggle='tooltip' data-placement='right' title='原始值：0.04'>0.040</span>", "<span data-toggle='tooltip' data-placement='right' title='原始值：0.033'>0.033</span>", "<span data-toggle='tooltip' data-placement='right' title='原始值：0.995'>1.00</span>", "*", "*", "正常"], ["安徽省", "淮河流域", "<span data-toggle='tooltip' data-placement='right' title='所在地市:宿州市&#10;所属河流:奎河'>杨庄</span>", "11-09 08:00", "Ⅲ", "<span data-toggle='tooltip' data-placement='right' title='原始值：14.81'>14.8</span>", "<span data-toggle='tooltip' data-placement='right' title='原始值：7.96'>7.96</span>", "<span data-toggle='tooltip' data-placement='right' title='原始值：9.14'>9.14</span>", "<span data-toggle='tooltip' data-placement='right' title='原始值：953.8'>953.8</span>", "<span data-toggle='tooltip' data-placement='right' title='原始值：77.4'>77.4</span>", "<span data-toggle='tooltip' data-placement='right' title='原始值：4.17'>4.17</span>", "<span data-toggle='tooltip' data-placement='right' title='原始值：0.292'>0.292</span>", "*", "*", "*", "*", "正常"], ["安徽省", "淮河流域", "<span data-toggle='tooltip' data-placement='right' title='所在地市:宿州市&#10;所属河流:新汴河'>泗县公路桥</span>", null, "", "--", "--", "--", "--", "--", "--", "--", "*", "*", "*", "*", "维护"], ["安徽省", "淮河流域", "<span data-toggle='tooltip' data-placement='right' title='所在地市:亳州市&#10;所属河流:包河'>颜集</span>", "11-09 08:00", "Ⅳ", "<span data-toggle='tooltip' data-placement='right' title='原始值：13'>13.0</span>", "<span data-toggle='tooltip' data-placement='right' title='原始值：8.15'>8.15</span>", "<span data-toggle='tooltip' data-placement='right' title='原始值：8.02'>8.02</span>", "<span data-toggle='tooltip' data-placement='right' title='原始值：1742.2'>1742.2</span>", "<span data-toggle='tooltip' data-placement='right' title='原始值：162.51'>162.5</span>", "<span data-toggle='tooltip' data-placement='right' title='原始值：6.09'>6.09</span>", "<span data-toggle='tooltip' data-placement='right' title='原始值：0.27'>0.270</span>", "<span data-toggle='tooltip' data-placement='right' title='原始值：0.164'>0.164</span>", "<span data-toggle='tooltip' data-placement='right' title='原始值：4.657'>4.66</span>", "*", "*", "正常"], ["福建省", "浙闽片河流", "<span data-toggle='tooltip' data-placement='right' title='所在地市:福州市&#10;所属河流:闽江'>白岩潭</span>", null, "", "--", "--", "--", "--", "--", "--", "--", "--", "--", "*", "*", "停站"], ["江西省", "长江流域", "<span data-toggle='tooltip' data-placement='right' title='所在地市:南昌市&#10;所属河流:赣江南支'>滁槎</span>", "11-09 08:00", "Ⅲ", "<span data-toggle='tooltip' data-placement='right' title='原始值：19.965'>20.0</span>", "<span data-toggle='tooltip' data-placement='right' title='原始值：7.81524'>7.82</span>", "<span data-toggle='tooltip' data-placement='right' title='原始值：8.14511'>8.15</span>", "<span data-toggle='tooltip' data-placement='right' title='原始值：112.3108'>112.3</span>", "<span data-toggle='tooltip' data-placement='right' title='原始值：63.84811'>63.8</span>", "<span data-toggle='tooltip' data-placement='right' title='原始值：4.38'>4.38</span>", "<span data-toggle='tooltip' data-placement='right' title='原始值：0.44'>0.440</span>", "<span data-toggle='tooltip' data-placement='right' title='原始值：0.07525'>0.075</span>", "<span data-toggle='tooltip' data-placement='right' title='原始值：1.6075'>1.61</span>", "*", "*", "正常"], ["江西省", "长江流域", "<span data-toggle='tooltip' data-placement='right' title='所在地市:九江市&#10;所属河流:长江'>姚港(河西水厂)</span>", "11-09 08:00", "Ⅱ", "<span data-toggle='tooltip' data-placement='right' title='原始值：19.05'>19.0</span>", "<span data-toggle='tooltip' data-placement='right' title='原始值：7.49'>7.49</span>", "<span data-toggle='tooltip' data-placement='right' title='原始值：8.38'>8.38</span>", "<span data-toggle='tooltip' data-placement='right' title='原始值：318.44'>318.4</span>", "<span data-toggle='tooltip' data-placement='right' title='原始值：38.23'>38.2</span>", "<span data-toggle='tooltip' data-placement='right' title='原始值：0.827'>0.83</span>", "<span data-toggle='tooltip' data-placement='right' title='原始值：0.009'>0.009</span>", "<span data-toggle='tooltip' data-placement='right' title='原始值：0.07'>0.070</span>", "<span data-toggle='tooltip' data-placement='right' title='原始值：1.32'>1.32</span>", "*", "*", "正常"], ["江西省", "长江流域", "<span data-toggle='tooltip' data-placement='right' title='所在地市:九江市&#10;所属河流:鄱阳湖'>蛤蟆石</span>", "11-09 08:00", "Ⅲ", "<span data-toggle='tooltip' data-placement='right' title='原始值：18.93'>18.9</span>", "<span data-toggle='tooltip' data-placement='right' title='原始值：7.34'>7.34</span>", "<span data-toggle='tooltip' data-placement='right' title='原始值：8.9'>8.90</span>", "<span data-toggle='tooltip' data-placement='right' title='原始值：147.12'>147.1</span>", "<span data-toggle='tooltip' data-placement='right' title='原始值：101.93'>101.9</span>", "<span data-toggle='tooltip' data-placement='right' title='原始值：2.061'>2.06</span>", "<span data-toggle='tooltip' data-placement='right' title='原始值：0.012'>0.012</span>", "<span data-toggle='tooltip' data-placement='right' title='原始值：0.0497'>0.050</span>", "<span data-toggle='tooltip' data-placement='right' title='原始值：1.309'>1.31</span>", "<span data-toggle='tooltip' data-placement='right' title='原始值：0.0029'>0.003</span>", "<span data-toggle='tooltip' data-placement='right' title='原始值：2623116'>2623116</span>", "正常"], ["山东省", "黄河流域", "<span data-toggle='tooltip' data-placement='right' title='所在地市:济南市&#10;所属河流:黄河'>泺口</span>", "11-09 08:00", "Ⅱ", "<span data-toggle='tooltip' data-placement='right' title='原始值：12.6386'>12.6</span>", "<span data-toggle='tooltip' data-placement='right' title='原始值：8.32778'>8.33</span>", "<span data-toggle='tooltip' data-placement='right' title='原始值：10.3271'>10.33</span>", "<span data-toggle='tooltip' data-placement='right' title='原始值：784.528'>784.5</span>", "<span data-toggle='tooltip' data-placement='right' title='原始值：454.17'>454.2</span>", "<span data-toggle='tooltip' data-placement='right' title='原始值：2.72'>2.72</span>", "<span data-toggle='tooltip' data-placement='right' title='原始值：0.09132'>0.091</span>", "<span data-toggle='tooltip' data-placement='right' title='原始值：0.00642'>0.006</span>", "<span data-toggle='tooltip' data-placement='right' title='原始值：3.039'>3.04</span>", "*", "*", "正常"], ["山东省", "淮河流域", "<span data-toggle='tooltip' data-placement='right' title='所在地市:枣庄市&#10;所属河流:京杭大运河（韩庄运河）'>台儿庄大桥</span>", "11-09 08:00", "Ⅱ", "<span data-toggle='tooltip' data-placement='right' title='原始值：15.44'>15.4</span>", "<span data-toggle='tooltip' data-placement='right' title='原始值：7.83306'>7.83</span>", "<span data-toggle='tooltip' data-placement='right' title='原始值：8.38643'>8.39</span>", "<span data-toggle='tooltip' data-placement='right' title='原始值：936.1718'>936.2</span>", "<span data-toggle='tooltip' data-placement='right' title='原始值：30.36654'>30.4</span>", "<span data-toggle='tooltip' data-placement='right' title='原始值：2.87403'>2.87</span>", "<span data-toggle='tooltip' data-placement='right' title='原始值：0.06119'>0.061</span>", "<span data-toggle='tooltip' data-placement='right' title='原始值：0.0576'>0.058</span>", "<span data-toggle='tooltip' data-placement='right' title='原始值：3.33575'>3.34</span>", "*", "*", "正常"], ["山东省", "淮河流域", "<span data-toggle='tooltip' data-placement='right' title='所在地市:临沂市&#10;所属河流:沭河'>清泉寺</span>", "11-09 08:00", "Ⅳ", "<span data-toggle='tooltip' data-placement='right' title='原始值：14.47246'>14.5</span>", "<span data-toggle='tooltip' data-placement='right' title='原始值：8.31732'>8.32</span>", "<span data-toggle='tooltip' data-placement='right' title='原始值：9.10815'>9.11</span>", "<span data-toggle='tooltip' data-placement='right' title='原始值：896.8502'>896.9</span>", "<span data-toggle='tooltip' data-placement='right' title='原始值：19.86538'>19.9</span>", "<span data-toggle='tooltip' data-placement='right' title='原始值：6.3'>6.30</span>", "<span data-toggle='tooltip' data-placement='right' title='原始值：0.31'>0.310</span>", "*", "*", "*", "*", "正常"], ["山东省", "淮河流域", "<span data-toggle='tooltip' data-placement='right' title='所在地市:临沂市&#10;所属河流:沂河'>重坊桥</span>", "11-09 08:00", "Ⅱ", "<span data-toggle='tooltip' data-placement='right' title='原始值：14.98704'>15.0</span>", "<span data-toggle='tooltip' data-placement='right' title='原始值：7.81463'>7.81</span>", "<span data-toggle='tooltip' data-placement='right' title='原始值：9.18759'>9.19</span>", "<span data-toggle='tooltip' data-placement='right' title='原始值：794.9074'>794.9</span>", "<span data-toggle='tooltip' data-placement='right' title='原始值：5.50926'>5.5</span>", "<span data-toggle='tooltip' data-placement='right' title='原始值：2.69'>2.69</span>", "<span data-toggle='tooltip' data-placement='right' title='原始值：0.19979'>0.200</span>", "*", "*", "*", "*", "正常"], ["山东省", "淮河流域", "<span data-toggle='tooltip' data-placement='right' title='所在地市:临沂市&#10;所属河流:白马河'>捷庄(涝沟桥)</span>", "11-09 08:00", "Ⅲ", "<span data-toggle='tooltip' data-placement='right' title='原始值：14.9'>14.9</span>", "<span data-toggle='tooltip' data-placement='right' title='原始值：8.45996'>8.46</span>", "<span data-toggle='tooltip' data-placement='right' title='原始值：13.08464'>13.08</span>", "<span data-toggle='tooltip' data-placement='right' title='原始值：797'>797.0</span>", "<span data-toggle='tooltip' data-placement='right' title='原始值：10.35237'>10.4</span>", "<span data-toggle='tooltip' data-placement='right' title='原始值：4.75'>4.75</span>", "<span data-toggle='tooltip' data-placement='right' title='原始值：0.04308'>0.043</span>", "<span data-toggle='tooltip' data-placement='right' title='原始值：0.0758'>0.076</span>", "<span data-toggle='tooltip' data-placement='right' title='原始值：6.52568'>6.53</span>", "*", "*", "正常"], ["山东省", "海河流域", "<span data-toggle='tooltip' data-placement='right' title='所在地市:聊城市&#10;所属河流:卫运河'>秤勾湾(秤钩湾)</span>", null, "", "--", "--", "--", "--", "--", "--", "--", "--", "--", "*", "*", "停站"], ["河南省", "长江流域", "<span data-toggle='tooltip' data-placement='right' title='所在地市:南阳市&#10;所属河流:丹江口水库'>陶岔</span>", "11-09 08:00", "Ⅰ", "<span data-toggle='tooltip' data-placement='right' title='原始值：20.57'>20.6</span>", "<span data-toggle='tooltip' data-placement='right' title='原始值：7.78109'>7.78</span>", "<span data-toggle='tooltip' data-placement='right' title='原始值：8.24648'>8.25</span>", "<span data-toggle='tooltip' data-placement='right' title='原始值：278.582'>278.6</span>", "<span data-toggle='tooltip' data-placement='right' title='原始值：2.78448'>2.8</span>", "<span data-toggle='tooltip' data-placement='right' title='原始值：1.91'>1.91</span>", "<span data-toggle='tooltip' data-placement='right' title='原始值：0.06623'>0.066</span>", "<span data-toggle='tooltip' data-placement='right' title='原始值：0.00639'>0.006</span>", "<span data-toggle='tooltip' data-placement='right' title='原始值：1.00829'>1.01</span>", "<span data-toggle='tooltip' data-placement='right' title='原始值：0.00551'>0.006</span>", "<span data-toggle='tooltip' data-placement='right' title='原始值：1824406'>1824406</span>", "正常"], ["河南省", "淮河流域", "<span data-toggle='tooltip' data-placement='right' title='所在地市:商丘市&#10;所属河流:浍河'>黄口</span>", "11-09 08:00", "Ⅲ", "<span data-toggle='tooltip' data-placement='right' title='原始值：12.80313'>12.8</span>", "<span data-toggle='tooltip' data-placement='right' title='原始值：7.38'>7.38</span>", "<span data-toggle='tooltip' data-placement='right' title='原始值：9.72968'>9.73</span>", "<span data-toggle='tooltip' data-placement='right' title='原始值：1853'>1853.0</span>", "<span data-toggle='tooltip' data-placement='right' title='原始值：33.03126'>33.0</span>", "<span data-toggle='tooltip' data-placement='right' title='原始值：4.34'>4.34</span>", "<span data-toggle='tooltip' data-placement='right' title='原始值：0.002'>0.002</span>", "<span data-toggle='tooltip' data-placement='right' title='原始值：0.056'>0.056</span>", "<span data-toggle='tooltip' data-placement='right' title='原始值：8.94858'>8.95</span>", "*", "*", "正常"], ["河南省", "淮河流域", "<span data-toggle='tooltip' data-placement='right' title='所在地市:信阳市&#10;所属河流:史灌河'>蒋集</span>", "11-09 08:00", "Ⅱ", "<span data-toggle='tooltip' data-placement='right' title='原始值：17.5875'>17.6</span>", "<span data-toggle='tooltip' data-placement='right' title='原始值：7.14186'>7.14</span>", "<span data-toggle='tooltip' data-placement='right' title='原始值：7.13988'>7.14</span>", "<span data-toggle='tooltip' data-placement='right' title='原始值：194.0313'>194.0</span>", "<span data-toggle='tooltip' data-placement='right' title='原始值：459.2955'>459.3</span>", "<span data-toggle='tooltip' data-placement='right' title='原始值：3.2'>3.20</span>", "<span data-toggle='tooltip' data-placement='right' title='原始值：0.05889'>0.059</span>", "*", "*", "*", "*", "正常"], ["河南省", "淮河流域", "<span data-toggle='tooltip' data-placement='right' title='所在地市:信阳市&#10;所属河流:淮河'>淮滨水文站(淮滨)</span>", "11-09 08:00", "Ⅱ", "<span data-toggle='tooltip' data-placement='right' title='原始值：14.9'>14.9</span>", "<span data-toggle='tooltip' data-placement='right' title='原始值：7.08'>7.08</span>", "<span data-toggle='tooltip' data-placement='right' title='原始值：8.61938'>8.62</span>", "<span data-toggle='tooltip' data-placement='right' title='原始值：250'>250.0</span>", "<span data-toggle='tooltip' data-placement='right' title='原始值：49.0256'>49.0</span>", "<span data-toggle='tooltip' data-placement='right' title='原始值：2.52275'>2.52</span>", "<span data-toggle='tooltip' data-placement='right' title='原始值：0.002'>0.002</span>", "<span data-toggle='tooltip' data-placement='right' title='原始值：0.08797'>0.088</span>", "<span data-toggle='tooltip' data-placement='right' title='原始值：1.70588'>1.71</span>", "*", "*", "正常"], ["河南省", "淮河流域", "<span data-toggle='tooltip' data-placement='right' title='所在地市:周口市&#10;所属河流:沙河'>沈丘闸</span>", "11-09 08:00", "Ⅲ", "<span data-toggle='tooltip' data-placement='right' title='原始值：16.75232'>16.8</span>", "<span data-toggle='tooltip' data-placement='right' title='原始值：7.41695'>7.42</span>", "<span data-toggle='tooltip' data-placement='right' title='原始值：5.41788'>5.42</span>", "<span data-toggle='tooltip' data-placement='right' title='原始值：1159.568'>1159.6</span>", "<span data-toggle='tooltip' data-placement='right' title='原始值：28.80428'>28.8</span>", "<span data-toggle='tooltip' data-placement='right' title='原始值：4.54'>4.54</span>", "<span data-toggle='tooltip' data-placement='right' title='原始值：0.59'>0.590</span>", "*", "*", "*", "*", "正常"], ["河南省", "淮河流域", "<span data-toggle='tooltip' data-placement='right' title='所在地市:周口市&#10;所属河流:涡河'>鹿邑付桥(鹿邑付桥闸)</span>", "11-09 08:00", "Ⅳ", "<span data-toggle='tooltip' data-placement='right' title='原始值：16.86867'>16.9</span>", "<span data-toggle='tooltip' data-placement='right' title='原始值：8.58006'>8.58</span>", "<span data-toggle='tooltip' data-placement='right' title='原始值：10.69547'>10.70</span>", "<span data-toggle='tooltip' data-placement='right' title='原始值：1399.404'>1399.4</span>", "<span data-toggle='tooltip' data-placement='right' title='原始值：11.78046'>11.8</span>", "<span data-toggle='tooltip' data-placement='right' title='原始值：6.87'>6.87</span>", "<span data-toggle='tooltip' data-placement='right' title='原始值：0.98'>0.980</span>", "<span data-toggle='tooltip' data-placement='right' title='原始值：0.1092'>0.109</span>", "<span data-toggle='tooltip' data-placement='right' title='原始值：0.89385'>0.89</span>", "*", "*", "正常"], ["河南省", "淮河流域", "<span data-toggle='tooltip' data-placement='right' title='所在地市:驻马店市&#10;所属河流:洪河'>新蔡班台(班台)</span>", "11-09 04:00", "Ⅲ", "<span data-toggle='tooltip' data-placement='right' title='原始值：17.88256'>17.9</span>", "<span data-toggle='tooltip' data-placement='right' title='原始值：7.64473'>7.64</span>", "<span data-toggle='tooltip' data-placement='right' title='原始值：10.20796'>10.21</span>", "<span data-toggle='tooltip' data-placement='right' title='原始值：883.7646'>883.8</span>", "<span data-toggle='tooltip' data-placement='right' title='原始值：9.00554'>9.0</span>", "<span data-toggle='tooltip' data-placement='right' title='原始值：2.525'>2.52</span>", "<span data-toggle='tooltip' data-placement='right' title='原始值：0.15'>0.150</span>", "<span data-toggle='tooltip' data-placement='right' title='原始值：0.13556'>0.136</span>", "<span data-toggle='tooltip' data-placement='right' title='原始值：4.0203'>4.02</span>", "*", "*", "正常"], ["河南省", "黄河流域", "<span data-toggle='tooltip' data-placement='right' title='所在地市:济源市&#10;所属河流:黄河'>小浪底水库(小浪底)</span>", "11-09 08:00", "Ⅱ", "<span data-toggle='tooltip' data-placement='right' title='原始值：17.2'>17.2</span>", "<span data-toggle='tooltip' data-placement='right' title='原始值：7.92607'>7.93</span>", "<span data-toggle='tooltip' data-placement='right' title='原始值：6.6306'>6.63</span>", "<span data-toggle='tooltip' data-placement='right' title='原始值：729.6935'>729.7</span>", "<span data-toggle='tooltip' data-placement='right' title='原始值：9.83854'>9.8</span>", "<span data-toggle='tooltip' data-placement='right' title='原始值：1.2275'>1.23</span>", "<span data-toggle='tooltip' data-placement='right' title='原始值：0.12'>0.120</span>", "<span data-toggle='tooltip' data-placement='right' title='原始值：0.05'>0.050</span>", "<span data-toggle='tooltip' data-placement='right' title='原始值：3.875'>3.88</span>", "*", "*", "正常"], ["湖北省", "长江流域", "<span data-toggle='tooltip' data-placement='right' title='所在地市:武汉市&#10;所属河流:汉江'>宗关</span>", "11-09 08:00", "", "<span data-toggle='tooltip' data-placement='right' title='原始值：19.24'>19.2</span>", "<span data-toggle='tooltip' data-placement='right' title='原始值：7.842566'>7.84</span>", "<span data-toggle='tooltip' data-placement='right' title='原始值：8.091528'>8.09</span>", "<span data-toggle='tooltip' data-placement='right' title='原始值：400.657'>400.7</span>", "<span data-toggle='tooltip' data-placement='right' title='原始值：70.51668'>70.5</span>", "<span data-toggle='tooltip' data-placement='right' title='原始值：4.46'>4.46</span>", "<span data-toggle='tooltip' data-placement='right' title='原始值：0.069'>0.069</span>", "<span data-toggle='tooltip' data-placement='right' title='极值过滤'>--</span>", "<span data-toggle='tooltip' data-placement='right' title='原始值：2.557031'>2.56</span>", "<span data-toggle='tooltip' data-placement='right' title='原始值：0.0025469'>0.003</span>", "*", "维护"], ["湖北省", "长江流域", "<span data-toggle='tooltip' data-placement='right' title='所在地市:十堰市&#10;所属河流:丹江口水库'>坝上中(胡家岭)</span>", "11-09 08:00", "Ⅱ", "<span data-toggle='tooltip' data-placement='right' title='原始值：20.47'>20.5</span>", "<span data-toggle='tooltip' data-placement='right' title='原始值：7.878322'>7.88</span>", "<span data-toggle='tooltip' data-placement='right' title='原始值：7.524575'>7.52</span>", "<span data-toggle='tooltip' data-placement='right' title='原始值：245.327'>245.3</span>", "<span data-toggle='tooltip' data-placement='right' title='原始值：1.866811'>1.9</span>", "<span data-toggle='tooltip' data-placement='right' title='原始值：1.81'>1.81</span>", "<span data-toggle='tooltip' data-placement='right' title='原始值：0.08'>0.080</span>", "<span data-toggle='tooltip' data-placement='right' title='原始值：0.013'>0.013</span>", "<span data-toggle='tooltip' data-placement='right' title='原始值：1.228'>1.23</span>", "<span data-toggle='tooltip' data-placement='right' title='原始值：0.0400831'>0.040</span>", "<span data-toggle='tooltip' data-placement='right' title='原始值：9680000'>9680000</span>", "正常"], ["湖北省", "长江流域", "<span data-toggle='tooltip' data-placement='right' title='所在地市:宜昌市&#10;所属河流:长江'>南津关</span>", "11-09 08:00", "Ⅱ", "<span data-toggle='tooltip' data-placement='right' title='原始值：19.84'>19.8</span>", "<span data-toggle='tooltip' data-placement='right' title='原始值：7.926944'>7.93</span>", "<span data-toggle='tooltip' data-placement='right' title='原始值：8.183665'>8.18</span>", "<span data-toggle='tooltip' data-placement='right' title='原始值：364.465'>364.5</span>", "<span data-toggle='tooltip' data-placement='right' title='原始值：2.745919'>2.7</span>", "<span data-toggle='tooltip' data-placement='right' title='原始值：1.25'>1.25</span>", "<span data-toggle='tooltip' data-placement='right' title='原始值：0.005'>0.005</span>", "<span data-toggle='tooltip' data-placement='right' title='原始值：0.04'>0.040</span>", "<span data-toggle='tooltip' data-placement='right' title='原始值：1.573'>1.57</span>", "<span data-toggle='tooltip' data-placement='right' title='原始值：0.0008562'>0.001</span>", "*", "正常"], ["湖南省", "长江流域", "<span data-toggle='tooltip' data-placement='right' title='所在地市:长沙市&#10;所属河流:湘江'>新港</span>", null, "", "--", "--", "--", "--", "--", "--", "--", "--", "--", "*", "*", "停站"], ["湖南省", "长江流域", "<span data-toggle='tooltip' data-placement='right' title='所在地市:岳阳市&#10;所属河流:洞庭湖'>岳阳楼</span>", "11-09 08:00", "Ⅴ", "<span data-toggle='tooltip' data-placement='right' title='原始值：18.03'>18.0</span>", "<span data-toggle='tooltip' data-placement='right' title='原始值：7.853623'>7.85</span>", "<span data-toggle='tooltip' data-placement='right' title='原始值：7.628072'>7.63</span>", "<span data-toggle='tooltip' data-placement='right' title='原始值：255.9857'>256.0</span>", "<span data-toggle='tooltip' data-placement='right' title='原始值：47.07525'>47.1</span>", "<span data-toggle='tooltip' data-placement='right' title='原始值：1.79'>1.79</span>", "<span data-toggle='tooltip' data-placement='right' title='原始值：0.017'>0.017</span>", "<span data-toggle='tooltip' data-placement='right' title='原始值：0.105'>0.105</span>", "<span data-toggle='tooltip' data-placement='right' title='原始值：2.689'>2.69</span>", "<span data-toggle='tooltip' data-placement='right' title='原始值：0.0032344'>0.003</span>", "<span data-toggle='tooltip' data-placement='right' title='原始值：273.224'>273</span>", "正常"], ["湖南省", "长江流域", "<span data-toggle='tooltip' data-placement='right' title='所在地市:岳阳市&#10;所属河流:长江'>城陵矶</span>", "11-09 08:00", "Ⅲ", "<span data-toggle='tooltip' data-placement='right' title='原始值：19.14'>19.1</span>", "<span data-toggle='tooltip' data-placement='right' title='原始值：8.046227'>8.05</span>", "<span data-toggle='tooltip' data-placement='right' title='原始值：8.867715'>8.87</span>", "<span data-toggle='tooltip' data-placement='right' title='原始值：267.042'>267.0</span>", "<span data-toggle='tooltip' data-placement='right' title='原始值：59.66625'>59.7</span>", "<span data-toggle='tooltip' data-placement='right' title='原始值：2.28'>2.28</span>", "<span data-toggle='tooltip' data-placement='right' title='原始值：0.013'>0.013</span>", "<span data-toggle='tooltip' data-placement='right' title='原始值：0.122'>0.122</span>", "<span data-toggle='tooltip' data-placement='right' title='原始值：1.3503'>1.35</span>", "*", "*", "正常"], ["广东省", "珠江流域", "<span data-toggle='tooltip' data-placement='right' title='所在地市:清远市&#10;所属河流:北江'>七星岗</span>", "11-09 08:00", "Ⅱ", "<span data-toggle='tooltip' data-placement='right' title='原始值：24.83617'>24.8</span>", "<span data-toggle='tooltip' data-placement='right' title='原始值：7.64462'>7.64</span>", "<span data-toggle='tooltip' data-placement='right' title='原始值：7.97105'>7.97</span>", "<span data-toggle='tooltip' data-placement='right' title='原始值：254.9975'>255.0</span>", "<span data-toggle='tooltip' data-placement='right' title='原始值：14.144'>14.1</span>", "<span data-toggle='tooltip' data-placement='right' title='原始值：1.08'>1.08</span>", "<span data-toggle='tooltip' data-placement='right' title='原始值：0.16091'>0.161</span>", "<span data-toggle='tooltip' data-placement='right' title='原始值：0.02495'>0.025</span>", "<span data-toggle='tooltip' data-placement='right' title='原始值：2.3819'>2.38</span>", "*", "*", "正常"], ["广东省", "珠江流域", "<span data-toggle='tooltip' data-placement='right' title='所在地市:中山市&#10;所属河流:西江'>横栏</span>", "11-09 08:00", "Ⅲ", "<span data-toggle='tooltip' data-placement='right' title='原始值：23.7'>23.7</span>", "<span data-toggle='tooltip' data-placement='right' title='原始值：7.73'>7.73</span>", "<span data-toggle='tooltip' data-placement='right' title='原始值：5.91'>5.91</span>", "<span data-toggle='tooltip' data-placement='right' title='原始值：296'>296.0</span>", "<span data-toggle='tooltip' data-placement='right' title='原始值：5.7'>5.7</span>", "<span data-toggle='tooltip' data-placement='right' title='原始值：1.47'>1.47</span>", "<span data-toggle='tooltip' data-placement='right' title='原始值：0.12337'>0.123</span>", "*", "*", "*", "*", "正常"], ["广西壮族自治区", "珠江流域", "<span data-toggle='tooltip' data-placement='right' title='所在地市:南宁市&#10;所属河流:邕江'>老口</span>", "11-09 08:00", "Ⅱ", "<span data-toggle='tooltip' data-placement='right' title='原始值：23.26701'>23.3</span>", "<span data-toggle='tooltip' data-placement='right' title='原始值：7.83035'>7.83</span>", "<span data-toggle='tooltip' data-placement='right' title='原始值：7.48831'>7.49</span>", "<span data-toggle='tooltip' data-placement='right' title='原始值：357.6869'>357.7</span>", "<span data-toggle='tooltip' data-placement='right' title='原始值：8.07808'>8.1</span>", "<span data-toggle='tooltip' data-placement='right' title='原始值：0.42116'>0.42</span>", "<span data-toggle='tooltip' data-placement='right' title='原始值：0.09293'>0.093</span>", "<span data-toggle='tooltip' data-placement='right' title='原始值：0.02587'>0.026</span>", "<span data-toggle='tooltip' data-placement='right' title='原始值：2.28951'>2.29</span>", "*", "*", "正常"], ["广西壮族自治区", "珠江流域", "<span data-toggle='tooltip' data-placement='right' title='所在地市:桂林市&#10;所属河流:漓江'>阳朔</span>", null, "", "--", "--", "--", "--", "--", "--", "--", "--", "--", "*", "*", "停站"], ["广西壮族自治区", "珠江流域", "<span data-toggle='tooltip' data-placement='right' title='所在地市:梧州市&#10;所属河流:浔江'>界首</span>", null, "", "--", "--", "--", "--", "--", "--", "--", "--", "--", "*", "*", "停站"], ["广西壮族自治区", "珠江流域", "<span data-toggle='tooltip' data-placement='right' title='所在地市:贵港市&#10;所属河流:浔江'>石嘴</span>", "11-09 08:00", "Ⅱ", "<span data-toggle='tooltip' data-placement='right' title='原始值：26.24998'>26.2</span>", "<span data-toggle='tooltip' data-placement='right' title='原始值：8.05822'>8.06</span>", "<span data-toggle='tooltip' data-placement='right' title='原始值：8.36035'>8.36</span>", "<span data-toggle='tooltip' data-placement='right' title='原始值：288.1094'>288.1</span>", "<span data-toggle='tooltip' data-placement='right' title='原始值：17.5779'>17.6</span>", "<span data-toggle='tooltip' data-placement='right' title='原始值：2.09'>2.09</span>", "<span data-toggle='tooltip' data-placement='right' title='原始值：0.17'>0.170</span>", "<span data-toggle='tooltip' data-placement='right' title='原始值：0.01833'>0.018</span>", "<span data-toggle='tooltip' data-placement='right' title='原始值：1.4313'>1.43</span>", "*", "*", "正常"], ["广西壮族自治区", "珠江流域", "<span data-toggle='tooltip' data-placement='right' title='所在地市:崇左市&#10;所属河流:平而河'>平而关</span>", "11-09 08:00", "Ⅳ", "<span data-toggle='tooltip' data-placement='right' title='原始值：22.6631'>22.7</span>", "<span data-toggle='tooltip' data-placement='right' title='原始值：8.05439'>8.05</span>", "<span data-toggle='tooltip' data-placement='right' title='原始值：8.46039'>8.46</span>", "<span data-toggle='tooltip' data-placement='right' title='原始值：239.1014'>239.1</span>", "<span data-toggle='tooltip' data-placement='right' title='原始值：20.63541'>20.6</span>", "<span data-toggle='tooltip' data-placement='right' title='原始值：0.92'>0.92</span>", "<span data-toggle='tooltip' data-placement='right' title='原始值：1.13'>1.130</span>", "*", "*", "*", "*", "正常"], ["重庆市", "长江流域", "<span data-toggle='tooltip' data-placement='right' title='所在地市:永川区&#10;所属河流:长江'>朱沱</span>", null, "", "--", "--", "--", "--", "--", "--", "--", "--", "--", "*", "*", "停站"], ["四川省", "长江流域", "<span data-toggle='tooltip' data-placement='right' title='所在地市:攀枝花市&#10;所属河流:金沙江'>龙洞</span>", "11-09 08:00", "Ⅰ", "<span data-toggle='tooltip' data-placement='right' title='原始值：17.98'>18.0</span>", "<span data-toggle='tooltip' data-placement='right' title='原始值：8.35345'>8.35</span>", "<span data-toggle='tooltip' data-placement='right' title='原始值：8.756469'>8.76</span>", "<span data-toggle='tooltip' data-placement='right' title='原始值：826.914'>826.9</span>", "<span data-toggle='tooltip' data-placement='right' title='原始值：6.301347'>6.3</span>", "<span data-toggle='tooltip' data-placement='right' title='原始值：0.86'>0.86</span>", "<span data-toggle='tooltip' data-placement='right' title='原始值：0.006'>0.006</span>", "<span data-toggle='tooltip' data-placement='right' title='原始值：0.0059354'>0.006</span>", "<span data-toggle='tooltip' data-placement='right' title='原始值：0.53306'>0.53</span>", "*", "*", "正常"], ["四川省", "长江流域", "<span data-toggle='tooltip' data-placement='right' title='所在地市:泸州市&#10;所属河流:沱江'>沱江大桥(沱江二桥)</span>", "11-09 08:00", "Ⅱ", "<span data-toggle='tooltip' data-placement='right' title='原始值：18.75'>18.8</span>", "<span data-toggle='tooltip' data-placement='right' title='原始值：8.295467'>8.30</span>", "<span data-toggle='tooltip' data-placement='right' title='原始值：8.898278'>8.90</span>", "<span data-toggle='tooltip' data-placement='right' title='原始值：521.8842'>521.9</span>", "<span data-toggle='tooltip' data-placement='right' title='原始值：17.684'>17.7</span>", "<span data-toggle='tooltip' data-placement='right' title='原始值：2.1'>2.10</span>", "<span data-toggle='tooltip' data-placement='right' title='原始值：0.012'>0.012</span>", "<span data-toggle='tooltip' data-placement='right' title='原始值：0.0966707'>0.097</span>", "<span data-toggle='tooltip' data-placement='right' title='原始值：3.324876'>3.32</span>", "*", "*", "正常"], ["四川省", "长江流域", "<span data-toggle='tooltip' data-placement='right' title='所在地市:广元市&#10;所属河流:嘉陵江'>清风峡</span>", "11-09 04:00", "Ⅰ", "<span data-toggle='tooltip' data-placement='right' title='原始值：13.2852'>13.3</span>", "<span data-toggle='tooltip' data-placement='right' title='原始值：8.40999'>8.41</span>", "<span data-toggle='tooltip' data-placement='right' title='原始值：10.89566'>10.90</span>", "<span data-toggle='tooltip' data-placement='right' title='原始值：398.0926'>398.1</span>", "<span data-toggle='tooltip' data-placement='right' title='原始值：47.83057'>47.8</span>", "<span data-toggle='tooltip' data-placement='right' title='原始值：0.76'>0.76</span>", "<span data-toggle='tooltip' data-placement='right' title='原始值：0.03877'>0.039</span>", "*", "*", "*", "*", "正常"], ["四川省", "长江流域", "<span data-toggle='tooltip' data-placement='right' title='所在地市:乐山市&#10;所属河流:岷江'>岷江大桥</span>", null, "", "--", "--", "--", "--", "--", "--", "--", "--", "--", "*", "*", "停站"], ["四川省", "长江流域", "<span data-toggle='tooltip' data-placement='right' title='所在地市:宜宾市&#10;所属河流:岷江'>凉姜沟</span>", "11-09 08:00", "Ⅱ", "<span data-toggle='tooltip' data-placement='right' title='原始值：17.01'>17.0</span>", "<span data-toggle='tooltip' data-placement='right' title='原始值：7.949057'>7.95</span>", "<span data-toggle='tooltip' data-placement='right' title='原始值：9.187174'>9.19</span>", "<span data-toggle='tooltip' data-placement='right' title='原始值：269.3026'>269.3</span>", "<span data-toggle='tooltip' data-placement='right' title='原始值：32.36131'>32.4</span>", "<span data-toggle='tooltip' data-placement='right' title='原始值：1.53'>1.53</span>", "<span data-toggle='tooltip' data-placement='right' title='原始值：0.111'>0.111</span>", "<span data-toggle='tooltip' data-placement='right' title='原始值：0.0869684'>0.087</span>", "<span data-toggle='tooltip' data-placement='right' title='原始值：1.573287'>1.57</span>", "*", "*", "正常"], ["云南省", "滇池流域", "<span data-toggle='tooltip' data-placement='right' title='所在地市:昆明市&#10;所属河流:滇池'>西苑隧道</span>", "11-09 08:00", "Ⅳ", "<span data-toggle='tooltip' data-placement='right' title='原始值：17.22'>17.2</span>", "<span data-toggle='tooltip' data-placement='right' title='原始值：7.6116'>7.61</span>", "<span data-toggle='tooltip' data-placement='right' title='原始值：6.205'>6.20</span>", "<span data-toggle='tooltip' data-placement='right' title='原始值：742.466'>742.5</span>", "<span data-toggle='tooltip' data-placement='right' title='原始值：18.278'>18.3</span>", "<span data-toggle='tooltip' data-placement='right' title='原始值：7.82'>7.82</span>", "<span data-toggle='tooltip' data-placement='right' title='原始值：0.01728'>0.017</span>", "<span data-toggle='tooltip' data-placement='right' title='原始值：0.03966'>0.040</span>", "<span data-toggle='tooltip' data-placement='right' title='原始值：3.15666'>3.16</span>", "<span data-toggle='tooltip' data-placement='right' title='原始值：0.00254'>0.003</span>", "<span data-toggle='tooltip' data-placement='right' title='原始值：4311895'>4311895</span>", "正常"], ["云南省", "滇池流域", "<span data-toggle='tooltip' data-placement='right' title='所在地市:昆明市&#10;所属河流:滇池'>观音山</span>", "11-09 08:00", "劣Ⅴ", "<span data-toggle='tooltip' data-placement='right' title='原始值：18.20087'>18.2</span>", "<span data-toggle='tooltip' data-placement='right' title='原始值：9.50487'>9.50</span>", "<span data-toggle='tooltip' data-placement='right' title='原始值：8.2606'>8.26</span>", "<span data-toggle='tooltip' data-placement='right' title='原始值：390.0615'>390.1</span>", "<span data-toggle='tooltip' data-placement='right' title='原始值：40.31961'>40.3</span>", "<span data-toggle='tooltip' data-placement='right' title='原始值：7.55094'>7.55</span>", "<span data-toggle='tooltip' data-placement='right' title='原始值：0.72'>0.720</span>", "<span data-toggle='tooltip' data-placement='right' title='原始值：0.0774'>0.077</span>", "<span data-toggle='tooltip' data-placement='right' title='原始值：1.162'>1.16</span>", "<span data-toggle='tooltip' data-placement='right' title='原始值：0.00317'>0.003</span>", "<span data-toggle='tooltip' data-placement='right' title='原始值：1.889161E+07'>18891610</span>", "正常"], ["云南省", "西南诸河", "<span data-toggle='tooltip' data-placement='right' title='所在地市:红河哈尼族彝族自治州&#10;所属河流:红河'>河口县医院(河口)</span>", "11-09 08:00", "Ⅱ", "<span data-toggle='tooltip' data-placement='right' title='原始值：22.08819'>22.1</span>", "<span data-toggle='tooltip' data-placement='right' title='原始值：7.12174'>7.12</span>", "<span data-toggle='tooltip' data-placement='right' title='原始值：8.29694'>8.30</span>", "<span data-toggle='tooltip' data-placement='right' title='原始值：204.2404'>204.2</span>", "<span data-toggle='tooltip' data-placement='right' title='原始值：91.87794'>91.9</span>", "<span data-toggle='tooltip' data-placement='right' title='原始值：1.90484'>1.90</span>", "<span data-toggle='tooltip' data-placement='right' title='原始值：0.11448'>0.114</span>", "<span data-toggle='tooltip' data-placement='right' title='原始值：0.06197'>0.062</span>", "<span data-toggle='tooltip' data-placement='right' title='原始值：1.27874'>1.28</span>", "*", "*", "正常"], ["云南省", "西南诸河", "<span data-toggle='tooltip' data-placement='right' title='所在地市:西双版纳傣族自治州&#10;所属河流:澜沧江'>橄榄坝</span>", "11-09 08:00", "Ⅰ", "<span data-toggle='tooltip' data-placement='right' title='原始值：19.49999'>19.5</span>", "<span data-toggle='tooltip' data-placement='right' title='原始值：7.68156'>7.68</span>", "<span data-toggle='tooltip' data-placement='right' title='原始值：8.38213'>8.38</span>", "<span data-toggle='tooltip' data-placement='right' title='原始值：474.1116'>474.1</span>", "<span data-toggle='tooltip' data-placement='right' title='原始值：13.48603'>13.5</span>", "<span data-toggle='tooltip' data-placement='right' title='原始值：1.51'>1.51</span>", "<span data-toggle='tooltip' data-placement='right' title='原始值：0.12626'>0.126</span>", "*", "*", "*", "*", "正常"], ["陕西省", "黄河流域", "<span data-toggle='tooltip' data-placement='right' title='所在地市:渭南市&#10;所属河流:渭河'>潼关吊桥</span>", "11-09 08:00", "Ⅲ", "<span data-toggle='tooltip' data-placement='right' title='原始值：14.9'>14.9</span>", "<span data-toggle='tooltip' data-placement='right' title='原始值：8.34'>8.34</span>", "<span data-toggle='tooltip' data-placement='right' title='原始值：8.19'>8.19</span>", "<span data-toggle='tooltip' data-placement='right' title='原始值：1038'>1038.0</span>", "<span data-toggle='tooltip' data-placement='right' title='原始值：469.2079'>469.2</span>", "<span data-toggle='tooltip' data-placement='right' title='原始值：4.98'>4.98</span>", "<span data-toggle='tooltip' data-placement='right' title='原始值：0.15'>0.150</span>", "<span data-toggle='tooltip' data-placement='right' title='原始值：0.15176'>0.152</span>", "<span data-toggle='tooltip' data-placement='right' title='原始值：6.94223'>6.94</span>", "*", "*", "正常"], ["甘肃省", "黄河流域", "<span data-toggle='tooltip' data-placement='right' title='所在地市:兰州市&#10;所属河流:黄河'>新城桥</span>", null, "", "--", "--", "--", "--", "--", "--", "--", "--", "--", "*", "*", "停站"], ["宁夏回族自治区", "黄河流域", "<span data-toggle='tooltip' data-placement='right' title='所在地市:中卫市&#10;所属河流:黄河'>中卫下河沿(新墩)</span>", "11-09 08:00", "Ⅱ", "<span data-toggle='tooltip' data-placement='right' title='原始值：12.90696'>12.9</span>", "<span data-toggle='tooltip' data-placement='right' title='原始值：6.75137'>6.75</span>", "<span data-toggle='tooltip' data-placement='right' title='原始值：8.91857'>8.92</span>", "<span data-toggle='tooltip' data-placement='right' title='原始值：557.2971'>557.3</span>", "<span data-toggle='tooltip' data-placement='right' title='原始值：82.03302'>82.0</span>", "<span data-toggle='tooltip' data-placement='right' title='原始值：1.6'>1.60</span>", "<span data-toggle='tooltip' data-placement='right' title='原始值：0.02'>0.020</span>", "<span data-toggle='tooltip' data-placement='right' title='原始值：0.0486'>0.049</span>", "<span data-toggle='tooltip' data-placement='right' title='原始值：1.8353'>1.84</span>", "*", "*", "正常"]]}