{"result": 1, "total": 1, "records": 98, "thead": ["省份", "流域", "断面名称", "监测时间", "水质类别", "水温<br/><span class='unit'>(℃)</span>", "pH<br/><span class='unit'>(无量纲)</span>", "溶解氧<br/><span class='unit'>(mg/L)</span>", "电导率<br/><span class='unit'>(μS/cm)</span>", "浊度<br/><span class='unit'>(NTU)</span>", "高锰酸盐指数<br/><span class='unit'>(mg/L)</span>", "氨氮<br/><span class='unit'>(mg/L)</span>", "总磷<br/><span class='unit'>(mg/L)</span>", "总氮<br/><span class='unit'>(mg/L)</span>", "叶绿素α<br/><span class='unit'>(mg/L)</span>", "藻密度<br/><span class='unit'>(cells/L)</span>", "站点情况"], "tbody": [["北京市", "海河流域", "<span data-toggle='tooltip' data-placement='right' title='所在地市:门头沟区&#10;所属河流:永定河'>沿河城</span>", "11-15 08:00", "Ⅱ", "<span data-toggle='tooltip' data-placement='right' title='原始值：8.36228'>8.4</span>", "<span data-toggle='tooltip' data-placement='right' title='原始值：8.14045'>8.14</span>", "<span data-toggle='tooltip' data-placement='right' title='原始值：10.94781'>10.95</span>", "<span data-toggle='tooltip' data-placement='right' title='原始值：1218.245'>1218.2</span>", "<span data-toggle='tooltip' data-placement='right' title='原始值：2.77833'>2.8</span>", "<span data-toggle='tooltip' data-placement='right' title='原始值：2.025'>2.02</span>", "<span data-toggle='tooltip' data-placement='right' title='原始值：0.19'>0.190</span>", "<span data-toggle='tooltip' data-placement='right' title='原始值：0.01669'>0.017</span>", "<span data-toggle='tooltip' data-placement='right' title='原始值：1.62732'>1.63</span>", "*", "*", "正常"], ["北京市", "海河流域", "<span data-toggle='tooltip' data-placement='right' title='所在地市:密云区&#10;所属河流:潮河'>古北口</span>", "11-15 08:00", "", "<span data-toggle='tooltip' data-placement='right' title='原始值：6.76568'>6.8</span>", "<span data-toggle='tooltip' data-placement='right' title='原始值：8.01679'>8.02</span>", "<span data-toggle='tooltip' data-placement='right' title='原始值：11.80007'>11.80</span>", "<span data-toggle='tooltip' data-placement='right' title='原始值：755.1036'>755.1</span>", "<span data-toggle='tooltip' data-placement='right' title='原始值：2.18643'>2.2</span>", "<span data-toggle='tooltip' data-placement='right' title='原始值：0.495'>0.50</span>", "<span data-toggle='tooltip' data-placement='right' title='原始值：0.15'>0.150</span>", "<span data-toggle='tooltip' data-placement='right' title='极值过滤'>--</span>", "<span data-toggle='tooltip' data-placement='right' title='原始值：10.0498'>10.05</span>", "*", "*", "维护"], ["天津市", "海河流域", "<span data-toggle='tooltip' data-placement='right' title='所在地市:河北区&#10;所属河流:海河'>三岔口</span>", "11-15 08:00", "Ⅰ", "<span data-toggle='tooltip' data-placement='right' title='原始值：13.6173'>13.6</span>", "<span data-toggle='tooltip' data-placement='right' title='原始值：7.9878'>7.99</span>", "<span data-toggle='tooltip' data-placement='right' title='原始值：9.614'>9.61</span>", "<span data-toggle='tooltip' data-placement='right' title='原始值：377.2932'>377.3</span>", "<span data-toggle='tooltip' data-placement='right' title='原始值：7.004'>7.0</span>", "<span data-toggle='tooltip' data-placement='right' title='原始值：1.05'>1.05</span>", "<span data-toggle='tooltip' data-placement='right' title='原始值：0.15'>0.150</span>", "<span data-toggle='tooltip' data-placement='right' title='原始值：0.0012'>0.001</span>", "<span data-toggle='tooltip' data-placement='right' title='原始值：1.0972'>1.10</span>", "*", "*", "正常"], ["天津市", "海河流域", "<span data-toggle='tooltip' data-placement='right' title='所在地市:蓟州区&#10;所属河流:果河'>果河桥</span>", "11-15 08:00", "Ⅱ", "<span data-toggle='tooltip' data-placement='right' title='原始值：11.4'>11.4</span>", "<span data-toggle='tooltip' data-placement='right' title='原始值：8.25'>8.25</span>", "<span data-toggle='tooltip' data-placement='right' title='原始值：10.471'>10.47</span>", "<span data-toggle='tooltip' data-placement='right' title='原始值：594.486'>594.5</span>", "<span data-toggle='tooltip' data-placement='right' title='原始值：5.6'>5.6</span>", "<span data-toggle='tooltip' data-placement='right' title='原始值：2.1743'>2.17</span>", "<span data-toggle='tooltip' data-placement='right' title='原始值：0.23'>0.230</span>", "<span data-toggle='tooltip' data-placement='right' title='原始值：0.056'>0.056</span>", "<span data-toggle='tooltip' data-placement='right' title='原始值：3.4618'>3.46</span>", "*", "*", "正常"], ["河北省", "海河流域", "<span data-toggle='tooltip' data-placement='right' title='所在地市:石家庄市&#10;所属河流:滹沱河'>岗南水库</span>", "11-15 08:00", "Ⅲ", "<span data-toggle='tooltip' data-placement='right' title='原始值：16.33864'>16.3</span>", "<span data-toggle='tooltip' data-placement='right' title='原始值：8.59896'>8.60</span>", "<span data-toggle='tooltip' data-placement='right' title='原始值：9.23043'>9.23</span>", "<span data-toggle='tooltip' data-placement='right' title='原始值：573.5935'>573.6</span>", "<span data-toggle='tooltip' data-placement='right' title='原始值：2.80749'>2.8</span>", "<span data-toggle='tooltip' data-placement='right' title='原始值：2.33396'>2.33</span>", "<span data-toggle='tooltip' data-placement='right' title='原始值：0.08'>0.080</span>", "<span data-toggle='tooltip' data-placement='right' title='原始值：0.02604'>0.026</span>", "<span data-toggle='tooltip' data-placement='right' title='原始值：2.5586'>2.56</span>", "*", "*", "正常"], ["河北省", "海河流域", "<span data-toggle='tooltip' data-placement='right' title='所在地市:张家口市&#10;所属河流:永定河'>八号桥</span>", null, "", "--", "--", "--", "--", "--", "--", "--", "--", "--", "*", "*", "停站"], ["山西省", "黄河流域", "<span data-toggle='tooltip' data-placement='right' title='所在地市:运城市&#10;所属河流:汾河'>河津大桥</span>", "11-15 08:00", "Ⅳ", "<span data-toggle='tooltip' data-placement='right' title='原始值：14.84666'>14.8</span>", "<span data-toggle='tooltip' data-placement='right' title='原始值：8.16444'>8.16</span>", "<span data-toggle='tooltip' data-placement='right' title='原始值：9.73215'>9.73</span>", "<span data-toggle='tooltip' data-placement='right' title='原始值：1802.179'>1802.2</span>", "<span data-toggle='tooltip' data-placement='right' title='原始值：269.6461'>269.6</span>", "<span data-toggle='tooltip' data-placement='right' title='原始值：8.3'>8.30</span>", "<span data-toggle='tooltip' data-placement='right' title='原始值：0.12'>0.120</span>", "*", "*", "*", "*", "正常"], ["山西省", "黄河流域", "<span data-toggle='tooltip' data-placement='right' title='所在地市:忻州市&#10;所属河流:黄河'>万家寨水库</span>", "11-15 08:00", "Ⅲ", "<span data-toggle='tooltip' data-placement='right' title='原始值：20.02283'>20.0</span>", "<span data-toggle='tooltip' data-placement='right' title='原始值：8.21922'>8.22</span>", "<span data-toggle='tooltip' data-placement='right' title='原始值：10.53372'>10.53</span>", "<span data-toggle='tooltip' data-placement='right' title='原始值：678.0573'>678.1</span>", "<span data-toggle='tooltip' data-placement='right' title='原始值：10.21139'>10.2</span>", "<span data-toggle='tooltip' data-placement='right' title='原始值：4.61'>4.61</span>", "<span data-toggle='tooltip' data-placement='right' title='原始值：0.39'>0.390</span>", "<span data-toggle='tooltip' data-placement='right' title='原始值：0.03625'>0.036</span>", "<span data-toggle='tooltip' data-placement='right' title='原始值：2.1'>2.10</span>", "*", "*", "正常"], ["内蒙古自治区", "黄河流域", "<span data-toggle='tooltip' data-placement='right' title='所在地市:包头市&#10;所属河流:黄河'>画匠营子</span>", "11-15 08:00", "Ⅱ", "<span data-toggle='tooltip' data-placement='right' title='原始值：10.86498'>10.9</span>", "<span data-toggle='tooltip' data-placement='right' title='原始值：8.04588'>8.05</span>", "<span data-toggle='tooltip' data-placement='right' title='原始值：9.58831'>9.59</span>", "<span data-toggle='tooltip' data-placement='right' title='原始值：767.8329'>767.8</span>", "<span data-toggle='tooltip' data-placement='right' title='原始值：1506.608'>1506.6</span>", "<span data-toggle='tooltip' data-placement='right' title='原始值：3.95361'>3.95</span>", "<span data-toggle='tooltip' data-placement='right' title='原始值：0.05769'>0.058</span>", "*", "*", "*", "*", "正常"], ["内蒙古自治区", "黄河流域", "<span data-toggle='tooltip' data-placement='right' title='所在地市:乌海市&#10;所属河流:黄河'>海勃湾</span>", "11-15 08:00", "Ⅱ", "<span data-toggle='tooltip' data-placement='right' title='原始值：11.90258'>11.9</span>", "<span data-toggle='tooltip' data-placement='right' title='原始值：7.97624'>7.98</span>", "<span data-toggle='tooltip' data-placement='right' title='原始值：8.45433'>8.45</span>", "<span data-toggle='tooltip' data-placement='right' title='原始值：652.3004'>652.3</span>", "<span data-toggle='tooltip' data-placement='right' title='原始值：101.0464'>101.0</span>", "<span data-toggle='tooltip' data-placement='right' title='原始值：2.94'>2.94</span>", "<span data-toggle='tooltip' data-placement='right' title='原始值：0.09'>0.090</span>", "*", "*", "*", "*", "正常"], ["内蒙古自治区", "松花江流域", "<span data-toggle='tooltip' data-placement='right' title='所在地市:呼伦贝尔市&#10;所属河流:额尔古纳河'>黑山头</span>", null, "", "--", "--", "--", "--", "--", "--", "--", "--", "--", "*", "*", "停站"], ["辽宁省", "辽河流域", "<span data-toggle='tooltip' data-placement='right' title='所在地市:抚顺市&#10;所属河流:浑河'>大伙房水库</span>", null, "", "--", "--", "--", "--", "--", "--", "--", "--", "--", "--", "*", "停站"], ["辽宁省", "辽河流域", "<span data-toggle='tooltip' data-placement='right' title='所在地市:丹东市&#10;所属河流:鸭绿江'>江桥</span>", "11-15 08:00", "Ⅱ", "<span data-toggle='tooltip' data-placement='right' title='原始值：12.25'>12.2</span>", "<span data-toggle='tooltip' data-placement='right' title='原始值：6.73'>6.73</span>", "<span data-toggle='tooltip' data-placement='right' title='原始值：8.94'>8.94</span>", "<span data-toggle='tooltip' data-placement='right' title='原始值：158'>158.0</span>", "<span data-toggle='tooltip' data-placement='right' title='原始值：7.99976'>8.0</span>", "<span data-toggle='tooltip' data-placement='right' title='原始值：0.87'>0.87</span>", "<span data-toggle='tooltip' data-placement='right' title='原始值：0.03864'>0.039</span>", "<span data-toggle='tooltip' data-placement='right' title='原始值：0.0253'>0.025</span>", "<span data-toggle='tooltip' data-placement='right' title='原始值：2.36006'>2.36</span>", "*", "*", "正常"], ["辽宁省", "辽河流域", "<span data-toggle='tooltip' data-placement='right' title='所在地市:营口市&#10;所属河流:大辽河'>辽河公园</span>", "11-15 04:00", "劣Ⅴ", "<span data-toggle='tooltip' data-placement='right' title='原始值：17.28006'>17.3</span>", "<span data-toggle='tooltip' data-placement='right' title='原始值：7.54119'>7.54</span>", "<span data-toggle='tooltip' data-placement='right' title='原始值：6.99271'>6.99</span>", "<span data-toggle='tooltip' data-placement='right' title='极值过滤'>--</span>", "<span data-toggle='tooltip' data-placement='right' title='原始值：221.1923'>221.2</span>", "<span data-toggle='tooltip' data-placement='right' title='原始值：29.92215'>29.92</span>", "<span data-toggle='tooltip' data-placement='right' title='原始值：0.19058'>0.191</span>", "<span data-toggle='tooltip' data-placement='right' title='原始值：0.23919'>0.239</span>", "<span data-toggle='tooltip' data-placement='right' title='原始值：4.42506'>4.43</span>", "*", "*", "维护"], ["辽宁省", "辽河流域", "<span data-toggle='tooltip' data-placement='right' title='所在地市:辽阳市&#10;所属河流:太子河'>汤河水库</span>", null, "", "--", "--", "--", "--", "--", "--", "--", "--", "--", "*", "*", "停站"], ["辽宁省", "辽河流域", "<span data-toggle='tooltip' data-placement='right' title='所在地市:盘锦市&#10;所属河流:辽河'>盘锦兴安(兴安)</span>", null, "", "--", "--", "--", "--", "--", "--", "--", "--", "--", "*", "*", "停站"], ["辽宁省", "辽河流域", "<span data-toggle='tooltip' data-placement='right' title='所在地市:铁岭市&#10;所属河流:辽河'>珠尔山</span>", "11-15 08:00", "Ⅲ", "<span data-toggle='tooltip' data-placement='right' title='原始值：6.27191'>6.3</span>", "<span data-toggle='tooltip' data-placement='right' title='原始值：8.17264'>8.17</span>", "<span data-toggle='tooltip' data-placement='right' title='原始值：15.53132'>15.53</span>", "<span data-toggle='tooltip' data-placement='right' title='原始值：611.3226'>611.3</span>", "<span data-toggle='tooltip' data-placement='right' title='原始值：11.92748'>11.9</span>", "<span data-toggle='tooltip' data-placement='right' title='原始值：4.36943'>4.37</span>", "<span data-toggle='tooltip' data-placement='right' title='原始值：0.17'>0.170</span>", "<span data-toggle='tooltip' data-placement='right' title='原始值：0.10035'>0.100</span>", "<span data-toggle='tooltip' data-placement='right' title='原始值：5.09717'>5.10</span>", "*", "*", "正常"], ["吉林省", "松花江流域", "<span data-toggle='tooltip' data-placement='right' title='所在地市:长春市&#10;所属河流:松花江'>松花江村</span>", null, "", "--", "--", "--", "--", "--", "--", "--", "--", "--", "*", "*", "停站"], ["吉林省", "松花江流域", "<span data-toggle='tooltip' data-placement='right' title='所在地市:白城市&#10;所属河流:嫩江'>白沙滩</span>", null, "", "--", "--", "--", "--", "--", "--", "--", "--", "--", "*", "*", "停站"], ["吉林省", "松花江流域", "<span data-toggle='tooltip' data-placement='right' title='所在地市:延边朝鲜族自治州&#10;所属河流:图们江'>圈河</span>", "11-15 08:00", "Ⅱ", "<span data-toggle='tooltip' data-placement='right' title='原始值：13.8'>13.8</span>", "<span data-toggle='tooltip' data-placement='right' title='原始值：7.63'>7.63</span>", "<span data-toggle='tooltip' data-placement='right' title='原始值：9.29'>9.29</span>", "<span data-toggle='tooltip' data-placement='right' title='原始值：211'>211.0</span>", "<span data-toggle='tooltip' data-placement='right' title='原始值：115.0001'>115.0</span>", "<span data-toggle='tooltip' data-placement='right' title='原始值：3.65'>3.65</span>", "<span data-toggle='tooltip' data-placement='right' title='原始值：0.07862'>0.079</span>", "<span data-toggle='tooltip' data-placement='right' title='原始值：0.06275'>0.063</span>", "<span data-toggle='tooltip' data-placement='right' title='原始值：2.95895'>2.96</span>", "*", "*", "正常"], ["黑龙江省", "松花江流域", "<span data-toggle='tooltip' data-placement='right' title='所在地市:大庆市&#10;所属河流:松花江'>肇源</span>", null, "", "--", "--", "--", "--", "--", "--", "--", "--", "--", "*", "*", "停站"], ["黑龙江省", "松花江流域", "<span data-toggle='tooltip' data-placement='right' title='所在地市:佳木斯市&#10;所属河流:乌苏里江'>乌苏镇</span>", null, "", "--", "--", "--", "--", "--", "--", "--", "--", "--", "*", "*", "停站"], ["黑龙江省", "松花江流域", "<span data-toggle='tooltip' data-placement='right' title='所在地市:佳木斯市&#10;所属河流:松花江'>同江</span>", "11-15 08:00", "Ⅲ", "<span data-toggle='tooltip' data-placement='right' title='原始值：5.12168'>5.1</span>", "<span data-toggle='tooltip' data-placement='right' title='原始值：7.21876'>7.22</span>", "<span data-toggle='tooltip' data-placement='right' title='原始值：11.50002'>11.50</span>", "<span data-toggle='tooltip' data-placement='right' title='原始值：245.1174'>245.1</span>", "<span data-toggle='tooltip' data-placement='right' title='原始值：66.50211'>66.5</span>", "<span data-toggle='tooltip' data-placement='right' title='原始值：5.72366'>5.72</span>", "<span data-toggle='tooltip' data-placement='right' title='原始值：0.14351'>0.144</span>", "<span data-toggle='tooltip' data-placement='right' title='原始值：0.09277'>0.093</span>", "<span data-toggle='tooltip' data-placement='right' title='原始值：1.60862'>1.61</span>", "*", "*", "正常"], ["黑龙江省", "松花江流域", "<span data-toggle='tooltip' data-placement='right' title='所在地市:黑河市&#10;所属河流:黑龙江'>黑河下(黑河)</span>", null, "", "--", "--", "--", "--", "--", "--", "--", "--", "--", "*", "*", "停站"], ["上海市", "长江流域", "<span data-toggle='tooltip' data-placement='right' title='所在地市:青浦区&#10;所属河流:淀山湖'>急水港桥</span>", null, "", "--", "--", "--", "--", "--", "--", "--", "--", "--", "--", "--", "停站"], ["江苏省", "长江流域", "<span data-toggle='tooltip' data-placement='right' title='所在地市:南京市&#10;所属河流:长江'>林山</span>", null, "", "--", "--", "--", "--", "--", "--", "--", "--", "--", "*", "*", "停站"], ["江苏省", "太湖流域", "<span data-toggle='tooltip' data-placement='right' title='所在地市:无锡市&#10;所属河流:太湖'>沙渚</span>", "11-15 08:00", "Ⅲ", "<span data-toggle='tooltip' data-placement='right' title='原始值：19.48861'>19.5</span>", "<span data-toggle='tooltip' data-placement='right' title='原始值：8.046899'>8.05</span>", "<span data-toggle='tooltip' data-placement='right' title='原始值：8.52518'>8.53</span>", "<span data-toggle='tooltip' data-placement='right' title='原始值：406.3733'>406.4</span>", "<span data-toggle='tooltip' data-placement='right' title='原始值：67.64453'>67.6</span>", "<span data-toggle='tooltip' data-placement='right' title='原始值：4.65037'>4.65</span>", "<span data-toggle='tooltip' data-placement='right' title='原始值：0.11'>0.110</span>", "<span data-toggle='tooltip' data-placement='right' title='原始值：0.0735'>0.074</span>", "<span data-toggle='tooltip' data-placement='right' title='原始值：1.467'>1.47</span>", "<span data-toggle='tooltip' data-placement='right' title='原始值：0.021526'>0.022</span>", "*", "正常"], ["江苏省", "淮河流域", "<span data-toggle='tooltip' data-placement='right' title='所在地市:徐州市&#10;所属河流:武河'>小红圈</span>", "11-15 08:00", "Ⅱ", "<span data-toggle='tooltip' data-placement='right' title='原始值：13.12'>13.1</span>", "<span data-toggle='tooltip' data-placement='right' title='原始值：8.3'>8.30</span>", "<span data-toggle='tooltip' data-placement='right' title='原始值：14.83'>14.83</span>", "<span data-toggle='tooltip' data-placement='right' title='原始值：735.7'>735.7</span>", "<span data-toggle='tooltip' data-placement='right' title='原始值：10.22'>10.2</span>", "<span data-toggle='tooltip' data-placement='right' title='原始值：2.18'>2.18</span>", "<span data-toggle='tooltip' data-placement='right' title='原始值：0.054'>0.054</span>", "*", "*", "*", "*", "正常"], ["江苏省", "淮河流域", "<span data-toggle='tooltip' data-placement='right' title='所在地市:徐州市&#10;所属河流:沿河'>李集桥</span>", "11-15 08:00", "Ⅲ", "<span data-toggle='tooltip' data-placement='right' title='原始值：15.4'>15.4</span>", "<span data-toggle='tooltip' data-placement='right' title='原始值：7.95'>7.95</span>", "<span data-toggle='tooltip' data-placement='right' title='原始值：8.08'>8.08</span>", "<span data-toggle='tooltip' data-placement='right' title='原始值：1041.1'>1041.1</span>", "<span data-toggle='tooltip' data-placement='right' title='原始值：43.22'>43.2</span>", "<span data-toggle='tooltip' data-placement='right' title='原始值：5.27'>5.27</span>", "<span data-toggle='tooltip' data-placement='right' title='原始值：0.01'>0.010</span>", "<span data-toggle='tooltip' data-placement='right' title='原始值：0.069'>0.069</span>", "<span data-toggle='tooltip' data-placement='right' title='原始值：1.206'>1.21</span>", "*", "*", "正常"], ["江苏省", "淮河流域", "<span data-toggle='tooltip' data-placement='right' title='所在地市:徐州市&#10;所属河流:邳苍分洪道'>艾山西大桥</span>", "11-15 08:00", "Ⅱ", "<span data-toggle='tooltip' data-placement='right' title='原始值：13.9755'>14.0</span>", "<span data-toggle='tooltip' data-placement='right' title='原始值：8.50314'>8.50</span>", "<span data-toggle='tooltip' data-placement='right' title='原始值：10.7629'>10.76</span>", "<span data-toggle='tooltip' data-placement='right' title='原始值：738.168'>738.2</span>", "<span data-toggle='tooltip' data-placement='right' title='原始值：6.95977'>7.0</span>", "<span data-toggle='tooltip' data-placement='right' title='原始值：2.6'>2.60</span>", "<span data-toggle='tooltip' data-placement='right' title='原始值：0.1'>0.100</span>", "<span data-toggle='tooltip' data-placement='right' title='原始值：0.01582'>0.016</span>", "<span data-toggle='tooltip' data-placement='right' title='原始值：9.66906'>9.67</span>", "*", "*", "正常"], ["江苏省", "太湖流域", "<span data-toggle='tooltip' data-placement='right' title='所在地市:苏州市&#10;所属河流:太湖'>兰山嘴(老)</span>", null, "", "--", "--", "--", "--", "--", "--", "--", "--", "--", "--", "*", "维护"], ["江苏省", "太湖流域", "<span data-toggle='tooltip' data-placement='right' title='所在地市:苏州市&#10;所属河流:太湖'>西山</span>", "11-15 08:00", "Ⅳ", "<span data-toggle='tooltip' data-placement='right' title='原始值：17.18937'>17.2</span>", "<span data-toggle='tooltip' data-placement='right' title='原始值：7.95058'>7.95</span>", "<span data-toggle='tooltip' data-placement='right' title='原始值：9.08574'>9.09</span>", "<span data-toggle='tooltip' data-placement='right' title='原始值：470.8832'>470.9</span>", "<span data-toggle='tooltip' data-placement='right' title='原始值：58.24872'>58.2</span>", "<span data-toggle='tooltip' data-placement='right' title='原始值：2.89'>2.89</span>", "<span data-toggle='tooltip' data-placement='right' title='原始值：0.02'>0.020</span>", "<span data-toggle='tooltip' data-placement='right' title='原始值：0.0921'>0.092</span>", "<span data-toggle='tooltip' data-placement='right' title='原始值：0.3842'>0.38</span>", "<span data-toggle='tooltip' data-placement='right' title='原始值：0.00317'>0.003</span>", "*", "正常"], ["江苏省", "淮河流域", "<span data-toggle='tooltip' data-placement='right' title='所在地市:连云港市&#10;所属河流:新沭河'>大兴桥</span>", "11-15 04:00", "Ⅲ", "<span data-toggle='tooltip' data-placement='right' title='原始值：15.4'>15.4</span>", "<span data-toggle='tooltip' data-placement='right' title='原始值：8.42'>8.42</span>", "<span data-toggle='tooltip' data-placement='right' title='原始值：11.53'>11.53</span>", "<span data-toggle='tooltip' data-placement='right' title='原始值：766.7'>766.7</span>", "<span data-toggle='tooltip' data-placement='right' title='原始值：38.53'>38.5</span>", "<span data-toggle='tooltip' data-placement='right' title='原始值：4.99'>4.99</span>", "<span data-toggle='tooltip' data-placement='right' title='原始值：0.052'>0.052</span>", "*", "*", "*", "*", "正常"], ["江苏省", "淮河流域", "<span data-toggle='tooltip' data-placement='right' title='所在地市:淮安市&#10;所属河流:淮河'>淮河大桥</span>", "11-15 08:00", "Ⅲ", "<span data-toggle='tooltip' data-placement='right' title='原始值：16.31005'>16.3</span>", "<span data-toggle='tooltip' data-placement='right' title='原始值：8.21384'>8.21</span>", "<span data-toggle='tooltip' data-placement='right' title='原始值：8.6208'>8.62</span>", "<span data-toggle='tooltip' data-placement='right' title='原始值：457.3306'>457.3</span>", "<span data-toggle='tooltip' data-placement='right' title='原始值：43.99867'>44.0</span>", "<span data-toggle='tooltip' data-placement='right' title='原始值：3.16'>3.16</span>", "<span data-toggle='tooltip' data-placement='right' title='原始值：0.13'>0.130</span>", "<span data-toggle='tooltip' data-placement='right' title='原始值：0.117'>0.117</span>", "<span data-toggle='tooltip' data-placement='right' title='原始值：1.929'>1.93</span>", "*", "*", "正常"], ["江苏省", "长江流域", "<span data-toggle='tooltip' data-placement='right' title='所在地市:扬州市&#10;所属河流:夹江'>三江营</span>", "11-15 08:00", "Ⅱ", "<span data-toggle='tooltip' data-placement='right' title='原始值：18.45'>18.4</span>", "<span data-toggle='tooltip' data-placement='right' title='原始值：7.85'>7.85</span>", "<span data-toggle='tooltip' data-placement='right' title='原始值：7.35'>7.35</span>", "<span data-toggle='tooltip' data-placement='right' title='原始值：304.06'>304.1</span>", "<span data-toggle='tooltip' data-placement='right' title='原始值：60.86'>60.9</span>", "<span data-toggle='tooltip' data-placement='right' title='原始值：2.015'>2.02</span>", "<span data-toggle='tooltip' data-placement='right' title='原始值：0.04'>0.040</span>", "<span data-toggle='tooltip' data-placement='right' title='原始值：0.076'>0.076</span>", "<span data-toggle='tooltip' data-placement='right' title='原始值：1.76'>1.76</span>", "*", "*", "正常"], ["江苏省", "淮河流域", "<span data-toggle='tooltip' data-placement='right' title='所在地市:宿迁市&#10;所属河流:新濉河'>大屈</span>", "11-15 08:00", "Ⅳ", "<span data-toggle='tooltip' data-placement='right' title='原始值：15.3'>15.3</span>", "<span data-toggle='tooltip' data-placement='right' title='原始值：8.31'>8.31</span>", "<span data-toggle='tooltip' data-placement='right' title='原始值：11.05'>11.05</span>", "<span data-toggle='tooltip' data-placement='right' title='原始值：830.8'>830.8</span>", "<span data-toggle='tooltip' data-placement='right' title='原始值：37.52'>37.5</span>", "<span data-toggle='tooltip' data-placement='right' title='原始值：6.46'>6.46</span>", "<span data-toggle='tooltip' data-placement='right' title='原始值：0.08'>0.080</span>", "<span data-toggle='tooltip' data-placement='right' title='原始值：0.02'>0.020</span>", "<span data-toggle='tooltip' data-placement='right' title='原始值：1.205'>1.20</span>", "*", "*", "正常"], ["浙江省", "浙闽片河流", "<span data-toggle='tooltip' data-placement='right' title='所在地市:杭州市&#10;所属河流:新安江'>街口(鸠坑口)</span>", "11-15 08:00", "Ⅱ", "<span data-toggle='tooltip' data-placement='right' title='原始值：20.86'>20.9</span>", "<span data-toggle='tooltip' data-placement='right' title='原始值：6.77'>6.77</span>", "<span data-toggle='tooltip' data-placement='right' title='原始值：6.03'>6.03</span>", "<span data-toggle='tooltip' data-placement='right' title='原始值：157.88'>157.9</span>", "<span data-toggle='tooltip' data-placement='right' title='原始值：27.6'>27.6</span>", "<span data-toggle='tooltip' data-placement='right' title='原始值：1.359'>1.36</span>", "<span data-toggle='tooltip' data-placement='right' title='原始值：0.003'>0.003</span>", "<span data-toggle='tooltip' data-placement='right' title='原始值：0.015'>0.015</span>", "<span data-toggle='tooltip' data-placement='right' title='原始值：1.345'>1.34</span>", "*", "*", "正常"], ["浙江省", "太湖流域", "<span data-toggle='tooltip' data-placement='right' title='所在地市:嘉兴市&#10;所属河流:斜路港河'>斜路港</span>", "11-15 04:00", "", "<span data-toggle='tooltip' data-placement='right' title='原始值：20.8'>20.8</span>", "<span data-toggle='tooltip' data-placement='right' title='原始值：7.15'>7.15</span>", "<span data-toggle='tooltip' data-placement='right' title='原始值：5.98'>5.98</span>", "<span data-toggle='tooltip' data-placement='right' title='原始值：562'>562.0</span>", "<span data-toggle='tooltip' data-placement='right' title='原始值：75.1'>75.1</span>", "<span data-toggle='tooltip' data-placement='right' title='极值过滤'>--</span>", "<span data-toggle='tooltip' data-placement='right' title='原始值：0.21392'>0.214</span>", "<span data-toggle='tooltip' data-placement='right' title='原始值：0.11528'>0.115</span>", "<span data-toggle='tooltip' data-placement='right' title='原始值：2.06149'>2.06</span>", "*", "*", "维护"], ["浙江省", "太湖流域", "<span data-toggle='tooltip' data-placement='right' title='所在地市:嘉兴市&#10;所属河流:京杭运河'>王江泾</span>", "11-15 08:00", "Ⅲ", "<span data-toggle='tooltip' data-placement='right' title='原始值：19.54'>19.5</span>", "<span data-toggle='tooltip' data-placement='right' title='原始值：6.97'>6.97</span>", "<span data-toggle='tooltip' data-placement='right' title='原始值：5.91'>5.91</span>", "<span data-toggle='tooltip' data-placement='right' title='原始值：648.63'>648.6</span>", "<span data-toggle='tooltip' data-placement='right' title='原始值：127.45'>127.4</span>", "<span data-toggle='tooltip' data-placement='right' title='原始值：4.885'>4.88</span>", "<span data-toggle='tooltip' data-placement='right' title='原始值：0.147'>0.147</span>", "<span data-toggle='tooltip' data-placement='right' title='原始值：0.086'>0.086</span>", "<span data-toggle='tooltip' data-placement='right' title='原始值：1.477'>1.48</span>", "*", "*", "正常"], ["浙江省", "太湖流域", "<span data-toggle='tooltip' data-placement='right' title='所在地市:湖州市&#10;所属河流:西苕溪'>新港口(新塘港)</span>", "11-15 08:00", "Ⅱ", "<span data-toggle='tooltip' data-placement='right' title='原始值：16.7592'>16.8</span>", "<span data-toggle='tooltip' data-placement='right' title='原始值：8.24044'>8.24</span>", "<span data-toggle='tooltip' data-placement='right' title='原始值：8.68803'>8.69</span>", "<span data-toggle='tooltip' data-placement='right' title='原始值：354.647'>354.6</span>", "<span data-toggle='tooltip' data-placement='right' title='原始值：141.966'>142.0</span>", "<span data-toggle='tooltip' data-placement='right' title='原始值：2.36255'>2.36</span>", "<span data-toggle='tooltip' data-placement='right' title='原始值：0.23758'>0.238</span>", "<span data-toggle='tooltip' data-placement='right' title='原始值：0.0804'>0.080</span>", "<span data-toggle='tooltip' data-placement='right' title='原始值：6.70634'>6.71</span>", "<span data-toggle='tooltip' data-placement='right' title='原始值：0.01717'>0.017</span>", "*", "正常"], ["安徽省", "巢湖流域", "<span data-toggle='tooltip' data-placement='right' title='所在地市:合肥市&#10;所属河流:巢湖'>湖滨(老)</span>", "11-15 08:00", "Ⅳ", "<span data-toggle='tooltip' data-placement='right' title='原始值：16.49001'>16.5</span>", "<span data-toggle='tooltip' data-placement='right' title='原始值：6.80592'>6.81</span>", "<span data-toggle='tooltip' data-placement='right' title='原始值：7.75387'>7.75</span>", "<span data-toggle='tooltip' data-placement='right' title='原始值：315.4735'>315.5</span>", "<span data-toggle='tooltip' data-placement='right' title='原始值：84.6265'>84.6</span>", "<span data-toggle='tooltip' data-placement='right' title='原始值：4.27'>4.27</span>", "<span data-toggle='tooltip' data-placement='right' title='原始值：0.19'>0.190</span>", "<span data-toggle='tooltip' data-placement='right' title='原始值：0.086'>0.086</span>", "<span data-toggle='tooltip' data-placement='right' title='原始值：1.897'>1.90</span>", "<span data-toggle='tooltip' data-placement='right' title='原始值：0.05551'>0.056</span>", "*", "正常"], ["安徽省", "巢湖流域", "<span data-toggle='tooltip' data-placement='right' title='所在地市:芜湖市&#10;所属河流:巢湖'>裕溪口(老)</span>", null, "", "--", "--", "--", "--", "--", "--", "--", "--", "--", "--", "*", "维护"], ["安徽省", "淮河流域", "<span data-toggle='tooltip' data-placement='right' title='所在地市:蚌埠市&#10;所属河流:淮河'>蚌埠闸上(蚌埠闸)</span>", "11-15 08:00", "Ⅲ", "<span data-toggle='tooltip' data-placement='right' title='原始值：20.13'>20.1</span>", "<span data-toggle='tooltip' data-placement='right' title='原始值：7.66'>7.66</span>", "<span data-toggle='tooltip' data-placement='right' title='原始值：9.06'>9.06</span>", "<span data-toggle='tooltip' data-placement='right' title='原始值：435.23'>435.2</span>", "<span data-toggle='tooltip' data-placement='right' title='原始值：58.02'>58.0</span>", "<span data-toggle='tooltip' data-placement='right' title='原始值：4.331'>4.33</span>", "<span data-toggle='tooltip' data-placement='right' title='原始值：0.035'>0.035</span>", "<span data-toggle='tooltip' data-placement='right' title='原始值：0.117'>0.117</span>", "<span data-toggle='tooltip' data-placement='right' title='原始值：1.547'>1.55</span>", "*", "*", "正常"], ["安徽省", "淮河流域", "<span data-toggle='tooltip' data-placement='right' title='所在地市:淮南市&#10;所属河流:淮河'>石头埠(老)</span>", "11-15 08:00", "", "<span data-toggle='tooltip' data-placement='right' title='原始值：18.17883'>18.2</span>", "<span data-toggle='tooltip' data-placement='right' title='原始值：7.29623'>7.30</span>", "<span data-toggle='tooltip' data-placement='right' title='原始值：3.64941'>3.65</span>", "<span data-toggle='tooltip' data-placement='right' title='原始值：326.6819'>326.7</span>", "<span data-toggle='tooltip' data-placement='right' title='原始值：29.07057'>29.1</span>", "<span data-toggle='tooltip' data-placement='right' title='极值过滤'>--</span>", "<span data-toggle='tooltip' data-placement='right' title='原始值：0.16'>0.160</span>", "*", "*", "*", "*", "维护"], ["安徽省", "淮河流域", "<span data-toggle='tooltip' data-placement='right' title='所在地市:淮北市&#10;所属河流:沱河'>小王桥</span>", "11-15 08:00", "", "<span data-toggle='tooltip' data-placement='right' title='原始值：15.69'>15.7</span>", "<span data-toggle='tooltip' data-placement='right' title='原始值：8.18'>8.18</span>", "<span data-toggle='tooltip' data-placement='right' title='原始值：7.85'>7.85</span>", "<span data-toggle='tooltip' data-placement='right' title='原始值：1824.78'>1824.8</span>", "<span data-toggle='tooltip' data-placement='right' title='原始值：12.37'>12.4</span>", "<span data-toggle='tooltip' data-placement='right' title='原始值：7.084'>7.08</span>", "<span data-toggle='tooltip' data-placement='right' title='原始值：0.018'>0.018</span>", "<span data-toggle='tooltip' data-placement='right' title='原始值：0.116'>0.116</span>", "<span data-toggle='tooltip' data-placement='right' title='原始值：1.038'>1.04</span>", "*", "*", "维护"], ["安徽省", "长江流域", "<span data-toggle='tooltip' data-placement='right' title='所在地市:安庆市&#10;所属河流:长江'>皖河口</span>", "11-15 08:00", "Ⅱ", "<span data-toggle='tooltip' data-placement='right' title='原始值：19.22'>19.2</span>", "<span data-toggle='tooltip' data-placement='right' title='原始值：7.504'>7.50</span>", "<span data-toggle='tooltip' data-placement='right' title='原始值：7.61'>7.61</span>", "<span data-toggle='tooltip' data-placement='right' title='原始值：280.74'>280.7</span>", "<span data-toggle='tooltip' data-placement='right' title='原始值：24.83'>24.8</span>", "<span data-toggle='tooltip' data-placement='right' title='原始值：1.886'>1.89</span>", "<span data-toggle='tooltip' data-placement='right' title='原始值：0.02'>0.020</span>", "<span data-toggle='tooltip' data-placement='right' title='原始值：0.0576'>0.058</span>", "<span data-toggle='tooltip' data-placement='right' title='原始值：1.936'>1.94</span>", "*", "*", "正常"], ["安徽省", "淮河流域", "<span data-toggle='tooltip' data-placement='right' title='所在地市:滁州市&#10;所属河流:淮河'>小柳巷</span>", "11-15 08:00", "Ⅲ", "<span data-toggle='tooltip' data-placement='right' title='原始值：17.3'>17.3</span>", "<span data-toggle='tooltip' data-placement='right' title='原始值：7.92'>7.92</span>", "<span data-toggle='tooltip' data-placement='right' title='原始值：8.98'>8.98</span>", "<span data-toggle='tooltip' data-placement='right' title='原始值：464.6'>464.6</span>", "<span data-toggle='tooltip' data-placement='right' title='原始值：120.6'>120.6</span>", "<span data-toggle='tooltip' data-placement='right' title='原始值：2.33'>2.33</span>", "<span data-toggle='tooltip' data-placement='right' title='原始值：0.041'>0.041</span>", "<span data-toggle='tooltip' data-placement='right' title='原始值：0.134'>0.134</span>", "<span data-toggle='tooltip' data-placement='right' title='原始值：1.806'>1.81</span>", "*", "*", "正常"], ["安徽省", "淮河流域", "<span data-toggle='tooltip' data-placement='right' title='所在地市:阜阳市&#10;所属河流:黑茨河'>张大桥</span>", null, "", "--", "--", "--", "--", "--", "--", "--", "--", "--", "*", "*", "停站"], ["安徽省", "淮河流域", "<span data-toggle='tooltip' data-placement='right' title='所在地市:阜阳市&#10;所属河流:淮河'>王家坝</span>", "11-15 08:00", "Ⅲ", "<span data-toggle='tooltip' data-placement='right' title='原始值：17.27'>17.3</span>", "<span data-toggle='tooltip' data-placement='right' title='原始值：7.40673'>7.41</span>", "<span data-toggle='tooltip' data-placement='right' title='原始值：8.01643'>8.02</span>", "<span data-toggle='tooltip' data-placement='right' title='原始值：398.3969'>398.4</span>", "<span data-toggle='tooltip' data-placement='right' title='原始值：12.26923'>12.3</span>", "<span data-toggle='tooltip' data-placement='right' title='原始值：2.79'>2.79</span>", "<span data-toggle='tooltip' data-placement='right' title='原始值：0.331'>0.331</span>", "<span data-toggle='tooltip' data-placement='right' title='原始值：0.10375'>0.104</span>", "<span data-toggle='tooltip' data-placement='right' title='原始值：2.33484'>2.33</span>", "*", "*", "正常"], ["安徽省", "淮河流域", "<span data-toggle='tooltip' data-placement='right' title='所在地市:阜阳市&#10;所属河流:颍河'>界首七渡口(七渡口)</span>", "11-15 08:00", "Ⅱ", "<span data-toggle='tooltip' data-placement='right' title='原始值：16.59447'>16.6</span>", "<span data-toggle='tooltip' data-placement='right' title='原始值：6.19378'>6.19</span>", "<span data-toggle='tooltip' data-placement='right' title='原始值：6.80833'>6.81</span>", "<span data-toggle='tooltip' data-placement='right' title='原始值：826.6148'>826.6</span>", "<span data-toggle='tooltip' data-placement='right' title='原始值：19.51066'>19.5</span>", "<span data-toggle='tooltip' data-placement='right' title='原始值：3.02'>3.02</span>", "<span data-toggle='tooltip' data-placement='right' title='原始值：0.19'>0.190</span>", "<span data-toggle='tooltip' data-placement='right' title='原始值：0.07121'>0.071</span>", "<span data-toggle='tooltip' data-placement='right' title='原始值：4.69967'>4.70</span>", "*", "*", "正常"], ["安徽省", "淮河流域", "<span data-toggle='tooltip' data-placement='right' title='所在地市:阜阳市&#10;所属河流:泉河'>许庄(徐庄)</span>", "11-15 08:00", "Ⅱ", "<span data-toggle='tooltip' data-placement='right' title='原始值：13.2'>13.2</span>", "<span data-toggle='tooltip' data-placement='right' title='原始值：7.82'>7.82</span>", "<span data-toggle='tooltip' data-placement='right' title='原始值：6.2'>6.20</span>", "<span data-toggle='tooltip' data-placement='right' title='原始值：1021.7'>1021.7</span>", "<span data-toggle='tooltip' data-placement='right' title='原始值：8.88'>8.9</span>", "<span data-toggle='tooltip' data-placement='right' title='原始值：2.34'>2.34</span>", "<span data-toggle='tooltip' data-placement='right' title='原始值：0.03'>0.030</span>", "<span data-toggle='tooltip' data-placement='right' title='原始值：0.054'>0.054</span>", "<span data-toggle='tooltip' data-placement='right' title='原始值：1.179'>1.18</span>", "*", "*", "正常"], ["安徽省", "淮河流域", "<span data-toggle='tooltip' data-placement='right' title='所在地市:宿州市&#10;所属河流:奎河'>杨庄</span>", "11-15 08:00", "Ⅳ", "<span data-toggle='tooltip' data-placement='right' title='原始值：16.08'>16.1</span>", "<span data-toggle='tooltip' data-placement='right' title='原始值：7.78'>7.78</span>", "<span data-toggle='tooltip' data-placement='right' title='原始值：7.23'>7.23</span>", "<span data-toggle='tooltip' data-placement='right' title='原始值：1001.1'>1001.1</span>", "<span data-toggle='tooltip' data-placement='right' title='原始值：45.33'>45.3</span>", "<span data-toggle='tooltip' data-placement='right' title='原始值：3.92'>3.92</span>", "<span data-toggle='tooltip' data-placement='right' title='原始值：1.238'>1.238</span>", "*", "*", "*", "*", "正常"], ["安徽省", "淮河流域", "<span data-toggle='tooltip' data-placement='right' title='所在地市:宿州市&#10;所属河流:新汴河'>泗县公路桥</span>", "11-15 08:00", "Ⅳ", "<span data-toggle='tooltip' data-placement='right' title='原始值：16.02'>16.0</span>", "<span data-toggle='tooltip' data-placement='right' title='原始值：8.46'>8.46</span>", "<span data-toggle='tooltip' data-placement='right' title='原始值：10.2'>10.20</span>", "<span data-toggle='tooltip' data-placement='right' title='原始值：979.9'>979.9</span>", "<span data-toggle='tooltip' data-placement='right' title='原始值：28.42'>28.4</span>", "<span data-toggle='tooltip' data-placement='right' title='原始值：6.06'>6.06</span>", "<span data-toggle='tooltip' data-placement='right' title='原始值：0.062'>0.062</span>", "*", "*", "*", "*", "正常"], ["安徽省", "淮河流域", "<span data-toggle='tooltip' data-placement='right' title='所在地市:亳州市&#10;所属河流:包河'>颜集</span>", "11-15 08:00", "Ⅲ", "<span data-toggle='tooltip' data-placement='right' title='原始值：13.6'>13.6</span>", "<span data-toggle='tooltip' data-placement='right' title='原始值：8.29'>8.29</span>", "<span data-toggle='tooltip' data-placement='right' title='原始值：8.53'>8.53</span>", "<span data-toggle='tooltip' data-placement='right' title='原始值：1839.7'>1839.7</span>", "<span data-toggle='tooltip' data-placement='right' title='原始值：273.9'>273.9</span>", "<span data-toggle='tooltip' data-placement='right' title='原始值：4.93'>4.93</span>", "<span data-toggle='tooltip' data-placement='right' title='原始值：0.22'>0.220</span>", "<span data-toggle='tooltip' data-placement='right' title='原始值：0.142'>0.142</span>", "<span data-toggle='tooltip' data-placement='right' title='原始值：3.944'>3.94</span>", "*", "*", "正常"], ["福建省", "浙闽片河流", "<span data-toggle='tooltip' data-placement='right' title='所在地市:福州市&#10;所属河流:闽江'>白岩潭</span>", "11-15 08:00", "Ⅱ", "<span data-toggle='tooltip' data-placement='right' title='原始值：20.95'>21.0</span>", "<span data-toggle='tooltip' data-placement='right' title='原始值：7.21'>7.21</span>", "<span data-toggle='tooltip' data-placement='right' title='原始值：7.73'>7.73</span>", "<span data-toggle='tooltip' data-placement='right' title='原始值：1413.4'>1413.4</span>", "<span data-toggle='tooltip' data-placement='right' title='原始值：112.23'>112.2</span>", "<span data-toggle='tooltip' data-placement='right' title='原始值：2.52'>2.52</span>", "<span data-toggle='tooltip' data-placement='right' title='原始值：0.12'>0.120</span>", "*", "*", "*", "*", "正常"], ["江西省", "长江流域", "<span data-toggle='tooltip' data-placement='right' title='所在地市:南昌市&#10;所属河流:赣江南支'>滁槎</span>", "11-15 08:00", "Ⅱ", "<span data-toggle='tooltip' data-placement='right' title='原始值：18.97523'>19.0</span>", "<span data-toggle='tooltip' data-placement='right' title='原始值：6.64285'>6.64</span>", "<span data-toggle='tooltip' data-placement='right' title='原始值：7.96093'>7.96</span>", "<span data-toggle='tooltip' data-placement='right' title='原始值：113.2146'>113.2</span>", "<span data-toggle='tooltip' data-placement='right' title='原始值：56.36352'>56.4</span>", "<span data-toggle='tooltip' data-placement='right' title='原始值：2.21'>2.21</span>", "<span data-toggle='tooltip' data-placement='right' title='原始值：0.19'>0.190</span>", "<span data-toggle='tooltip' data-placement='right' title='原始值：0.0715'>0.072</span>", "<span data-toggle='tooltip' data-placement='right' title='极值过滤'>--</span>", "*", "*", "维护"], ["江西省", "长江流域", "<span data-toggle='tooltip' data-placement='right' title='所在地市:九江市&#10;所属河流:长江'>姚港(河西水厂)</span>", "11-15 08:00", "Ⅱ", "<span data-toggle='tooltip' data-placement='right' title='原始值：18.87'>18.9</span>", "<span data-toggle='tooltip' data-placement='right' title='原始值：7.49'>7.49</span>", "<span data-toggle='tooltip' data-placement='right' title='原始值：8.6'>8.60</span>", "<span data-toggle='tooltip' data-placement='right' title='原始值：325.23'>325.2</span>", "<span data-toggle='tooltip' data-placement='right' title='原始值：36.19'>36.2</span>", "<span data-toggle='tooltip' data-placement='right' title='原始值：1.207'>1.21</span>", "<span data-toggle='tooltip' data-placement='right' title='原始值：0.011'>0.011</span>", "<span data-toggle='tooltip' data-placement='right' title='原始值：0.073'>0.073</span>", "<span data-toggle='tooltip' data-placement='right' title='原始值：1.33'>1.33</span>", "*", "*", "正常"], ["江西省", "长江流域", "<span data-toggle='tooltip' data-placement='right' title='所在地市:九江市&#10;所属河流:鄱阳湖'>蛤蟆石</span>", "11-15 08:00", "Ⅲ", "<span data-toggle='tooltip' data-placement='right' title='原始值：18.1'>18.1</span>", "<span data-toggle='tooltip' data-placement='right' title='原始值：7.38'>7.38</span>", "<span data-toggle='tooltip' data-placement='right' title='原始值：9.02'>9.02</span>", "<span data-toggle='tooltip' data-placement='right' title='原始值：162.27'>162.3</span>", "<span data-toggle='tooltip' data-placement='right' title='原始值：64.13'>64.1</span>", "<span data-toggle='tooltip' data-placement='right' title='原始值：1.887'>1.89</span>", "<span data-toggle='tooltip' data-placement='right' title='原始值：0.016'>0.016</span>", "<span data-toggle='tooltip' data-placement='right' title='原始值：0.0429'>0.043</span>", "<span data-toggle='tooltip' data-placement='right' title='原始值：1.309'>1.31</span>", "<span data-toggle='tooltip' data-placement='right' title='原始值：0.00346'>0.003</span>", "<span data-toggle='tooltip' data-placement='right' title='原始值：1222400'>1222400</span>", "正常"], ["山东省", "黄河流域", "<span data-toggle='tooltip' data-placement='right' title='所在地市:济南市&#10;所属河流:黄河'>泺口</span>", "11-15 08:00", "Ⅱ", "<span data-toggle='tooltip' data-placement='right' title='原始值：13.7369'>13.7</span>", "<span data-toggle='tooltip' data-placement='right' title='原始值：8.38347'>8.38</span>", "<span data-toggle='tooltip' data-placement='right' title='原始值：10.2344'>10.23</span>", "<span data-toggle='tooltip' data-placement='right' title='原始值：784.851'>784.9</span>", "<span data-toggle='tooltip' data-placement='right' title='原始值：425.659'>425.7</span>", "<span data-toggle='tooltip' data-placement='right' title='原始值：2.99'>2.99</span>", "<span data-toggle='tooltip' data-placement='right' title='原始值：0.12154'>0.122</span>", "<span data-toggle='tooltip' data-placement='right' title='原始值：0.01534'>0.015</span>", "<span data-toggle='tooltip' data-placement='right' title='原始值：3.568'>3.57</span>", "*", "*", "正常"], ["山东省", "淮河流域", "<span data-toggle='tooltip' data-placement='right' title='所在地市:枣庄市&#10;所属河流:京杭大运河（韩庄运河）'>台儿庄大桥</span>", "11-15 08:00", "Ⅱ", "<span data-toggle='tooltip' data-placement='right' title='原始值：14.78063'>14.8</span>", "<span data-toggle='tooltip' data-placement='right' title='原始值：7.83048'>7.83</span>", "<span data-toggle='tooltip' data-placement='right' title='原始值：8.25271'>8.25</span>", "<span data-toggle='tooltip' data-placement='right' title='原始值：946.407'>946.4</span>", "<span data-toggle='tooltip' data-placement='right' title='原始值：26.83515'>26.8</span>", "<span data-toggle='tooltip' data-placement='right' title='原始值：2.71922'>2.72</span>", "<span data-toggle='tooltip' data-placement='right' title='原始值：0.06885'>0.069</span>", "<span data-toggle='tooltip' data-placement='right' title='原始值：0.05262'>0.053</span>", "<span data-toggle='tooltip' data-placement='right' title='原始值：3.36506'>3.37</span>", "*", "*", "正常"], ["山东省", "淮河流域", "<span data-toggle='tooltip' data-placement='right' title='所在地市:临沂市&#10;所属河流:沭河'>清泉寺</span>", "11-15 08:00", "Ⅲ", "<span data-toggle='tooltip' data-placement='right' title='原始值：14.26998'>14.3</span>", "<span data-toggle='tooltip' data-placement='right' title='原始值：7.87185'>7.87</span>", "<span data-toggle='tooltip' data-placement='right' title='原始值：6.98409'>6.98</span>", "<span data-toggle='tooltip' data-placement='right' title='原始值：931.6047'>931.6</span>", "<span data-toggle='tooltip' data-placement='right' title='原始值：9.98749'>10.0</span>", "<span data-toggle='tooltip' data-placement='right' title='原始值：4.74'>4.74</span>", "<span data-toggle='tooltip' data-placement='right' title='原始值：0.36'>0.360</span>", "*", "*", "*", "*", "正常"], ["山东省", "淮河流域", "<span data-toggle='tooltip' data-placement='right' title='所在地市:临沂市&#10;所属河流:沂河'>重坊桥</span>", "11-15 08:00", "Ⅱ", "<span data-toggle='tooltip' data-placement='right' title='原始值：15.05794'>15.1</span>", "<span data-toggle='tooltip' data-placement='right' title='原始值：7.70515'>7.71</span>", "<span data-toggle='tooltip' data-placement='right' title='原始值：8.97841'>8.98</span>", "<span data-toggle='tooltip' data-placement='right' title='原始值：822.6168'>822.6</span>", "<span data-toggle='tooltip' data-placement='right' title='原始值：7.28317'>7.3</span>", "<span data-toggle='tooltip' data-placement='right' title='原始值：3.11'>3.11</span>", "<span data-toggle='tooltip' data-placement='right' title='原始值：0.14915'>0.149</span>", "*", "*", "*", "*", "正常"], ["山东省", "淮河流域", "<span data-toggle='tooltip' data-placement='right' title='所在地市:临沂市&#10;所属河流:白马河'>捷庄(涝沟桥)</span>", "11-15 08:00", "Ⅲ", "<span data-toggle='tooltip' data-placement='right' title='原始值：15.1'>15.1</span>", "<span data-toggle='tooltip' data-placement='right' title='原始值：8.37'>8.37</span>", "<span data-toggle='tooltip' data-placement='right' title='原始值：12.34109'>12.34</span>", "<span data-toggle='tooltip' data-placement='right' title='原始值：792.875'>792.9</span>", "<span data-toggle='tooltip' data-placement='right' title='原始值：11.2254'>11.2</span>", "<span data-toggle='tooltip' data-placement='right' title='原始值：4.85'>4.85</span>", "<span data-toggle='tooltip' data-placement='right' title='原始值：0.03534'>0.035</span>", "<span data-toggle='tooltip' data-placement='right' title='原始值：0.0573'>0.057</span>", "<span data-toggle='tooltip' data-placement='right' title='原始值：5.72196'>5.72</span>", "*", "*", "正常"], ["山东省", "海河流域", "<span data-toggle='tooltip' data-placement='right' title='所在地市:聊城市&#10;所属河流:卫运河'>秤勾湾(秤钩湾)</span>", null, "", "--", "--", "--", "--", "--", "--", "--", "--", "--", "*", "*", "停站"], ["河南省", "长江流域", "<span data-toggle='tooltip' data-placement='right' title='所在地市:南阳市&#10;所属河流:丹江口水库'>陶岔</span>", "11-15 08:00", "Ⅰ", "<span data-toggle='tooltip' data-placement='right' title='原始值：19.72'>19.7</span>", "<span data-toggle='tooltip' data-placement='right' title='原始值：7.81572'>7.82</span>", "<span data-toggle='tooltip' data-placement='right' title='原始值：8.38198'>8.38</span>", "<span data-toggle='tooltip' data-placement='right' title='原始值：279.5999'>279.6</span>", "<span data-toggle='tooltip' data-placement='right' title='原始值：2.19374'>2.2</span>", "<span data-toggle='tooltip' data-placement='right' title='原始值：1.61'>1.61</span>", "<span data-toggle='tooltip' data-placement='right' title='原始值：0.04241'>0.042</span>", "<span data-toggle='tooltip' data-placement='right' title='原始值：0.0071'>0.007</span>", "<span data-toggle='tooltip' data-placement='right' title='原始值：0.9617'>0.96</span>", "<span data-toggle='tooltip' data-placement='right' title='原始值：0.00591'>0.006</span>", "<span data-toggle='tooltip' data-placement='right' title='原始值：1839402'>1839402</span>", "正常"], ["河南省", "淮河流域", "<span data-toggle='tooltip' data-placement='right' title='所在地市:商丘市&#10;所属河流:浍河'>黄口</span>", "11-15 08:00", "Ⅲ", "<span data-toggle='tooltip' data-placement='right' title='原始值：13.4'>13.4</span>", "<span data-toggle='tooltip' data-placement='right' title='原始值：7.54063'>7.54</span>", "<span data-toggle='tooltip' data-placement='right' title='原始值：8.87935'>8.88</span>", "<span data-toggle='tooltip' data-placement='right' title='原始值：1971.939'>1971.9</span>", "<span data-toggle='tooltip' data-placement='right' title='原始值：36.15624'>36.2</span>", "<span data-toggle='tooltip' data-placement='right' title='原始值：4.49'>4.49</span>", "<span data-toggle='tooltip' data-placement='right' title='原始值：0.07001'>0.070</span>", "<span data-toggle='tooltip' data-placement='right' title='原始值：0.0764'>0.076</span>", "<span data-toggle='tooltip' data-placement='right' title='原始值：8.03997'>8.04</span>", "*", "*", "正常"], ["河南省", "淮河流域", "<span data-toggle='tooltip' data-placement='right' title='所在地市:信阳市&#10;所属河流:史灌河'>蒋集</span>", "11-15 08:00", "Ⅱ", "<span data-toggle='tooltip' data-placement='right' title='原始值：17'>17.0</span>", "<span data-toggle='tooltip' data-placement='right' title='原始值：7.0209'>7.02</span>", "<span data-toggle='tooltip' data-placement='right' title='原始值：7.25988'>7.26</span>", "<span data-toggle='tooltip' data-placement='right' title='原始值：192.0011'>192.0</span>", "<span data-toggle='tooltip' data-placement='right' title='原始值：445.403'>445.4</span>", "<span data-toggle='tooltip' data-placement='right' title='原始值：3.22'>3.22</span>", "<span data-toggle='tooltip' data-placement='right' title='原始值：0.06209'>0.062</span>", "*", "*", "*", "*", "正常"], ["河南省", "淮河流域", "<span data-toggle='tooltip' data-placement='right' title='所在地市:信阳市&#10;所属河流:淮河'>淮滨水文站(淮滨)</span>", "11-15 08:00", "Ⅱ", "<span data-toggle='tooltip' data-placement='right' title='原始值：14.6'>14.6</span>", "<span data-toggle='tooltip' data-placement='right' title='原始值：7.23'>7.23</span>", "<span data-toggle='tooltip' data-placement='right' title='原始值：8.82936'>8.83</span>", "<span data-toggle='tooltip' data-placement='right' title='原始值：279.0625'>279.1</span>", "<span data-toggle='tooltip' data-placement='right' title='原始值：57.8697'>57.9</span>", "<span data-toggle='tooltip' data-placement='right' title='原始值：2.28367'>2.28</span>", "<span data-toggle='tooltip' data-placement='right' title='原始值：0.14134'>0.141</span>", "<span data-toggle='tooltip' data-placement='right' title='原始值：0.09357'>0.094</span>", "<span data-toggle='tooltip' data-placement='right' title='原始值：1.70954'>1.71</span>", "*", "*", "正常"], ["河南省", "淮河流域", "<span data-toggle='tooltip' data-placement='right' title='所在地市:周口市&#10;所属河流:沙河'>沈丘闸</span>", "11-15 08:00", "劣Ⅴ", "<span data-toggle='tooltip' data-placement='right' title='原始值：15.16809'>15.2</span>", "<span data-toggle='tooltip' data-placement='right' title='原始值：7.46993'>7.47</span>", "<span data-toggle='tooltip' data-placement='right' title='原始值：5.66122'>5.66</span>", "<span data-toggle='tooltip' data-placement='right' title='原始值：1040.8'>1040.8</span>", "<span data-toggle='tooltip' data-placement='right' title='原始值：21.02039'>21.0</span>", "<span data-toggle='tooltip' data-placement='right' title='原始值：4.025'>4.02</span>", "<span data-toggle='tooltip' data-placement='right' title='原始值：3.63'>3.630</span>", "*", "*", "*", "*", "正常"], ["河南省", "淮河流域", "<span data-toggle='tooltip' data-placement='right' title='所在地市:周口市&#10;所属河流:涡河'>鹿邑付桥(鹿邑付桥闸)</span>", "11-15 08:00", "Ⅳ", "<span data-toggle='tooltip' data-placement='right' title='原始值：16.08201'>16.1</span>", "<span data-toggle='tooltip' data-placement='right' title='原始值：8.47999'>8.48</span>", "<span data-toggle='tooltip' data-placement='right' title='原始值：8.76903'>8.77</span>", "<span data-toggle='tooltip' data-placement='right' title='原始值：1423.789'>1423.8</span>", "<span data-toggle='tooltip' data-placement='right' title='原始值：13.10266'>13.1</span>", "<span data-toggle='tooltip' data-placement='right' title='原始值：6.445'>6.44</span>", "<span data-toggle='tooltip' data-placement='right' title='原始值：0.08'>0.080</span>", "<span data-toggle='tooltip' data-placement='right' title='原始值：0.1086'>0.109</span>", "<span data-toggle='tooltip' data-placement='right' title='原始值：1.00067'>1.00</span>", "*", "*", "正常"], ["河南省", "淮河流域", "<span data-toggle='tooltip' data-placement='right' title='所在地市:驻马店市&#10;所属河流:洪河'>新蔡班台(班台)</span>", "11-15 08:00", "Ⅱ", "<span data-toggle='tooltip' data-placement='right' title='原始值：18.66986'>18.7</span>", "<span data-toggle='tooltip' data-placement='right' title='原始值：7.42637'>7.43</span>", "<span data-toggle='tooltip' data-placement='right' title='原始值：9.05624'>9.06</span>", "<span data-toggle='tooltip' data-placement='right' title='原始值：828.549'>828.5</span>", "<span data-toggle='tooltip' data-placement='right' title='原始值：20.01087'>20.0</span>", "<span data-toggle='tooltip' data-placement='right' title='原始值：2.285'>2.28</span>", "<span data-toggle='tooltip' data-placement='right' title='原始值：0.08'>0.080</span>", "<span data-toggle='tooltip' data-placement='right' title='原始值：0.08762'>0.088</span>", "<span data-toggle='tooltip' data-placement='right' title='原始值：3.58935'>3.59</span>", "*", "*", "正常"], ["河南省", "黄河流域", "<span data-toggle='tooltip' data-placement='right' title='所在地市:济源市&#10;所属河流:黄河'>小浪底水库(小浪底)</span>", "11-15 08:00", "Ⅱ", "<span data-toggle='tooltip' data-placement='right' title='原始值：13.9712'>14.0</span>", "<span data-toggle='tooltip' data-placement='right' title='原始值：8.12875'>8.13</span>", "<span data-toggle='tooltip' data-placement='right' title='原始值：8.95644'>8.96</span>", "<span data-toggle='tooltip' data-placement='right' title='原始值：728.3616'>728.4</span>", "<span data-toggle='tooltip' data-placement='right' title='原始值：10.70102'>10.7</span>", "<span data-toggle='tooltip' data-placement='right' title='原始值：1.425'>1.42</span>", "<span data-toggle='tooltip' data-placement='right' title='原始值：0.13'>0.130</span>", "<span data-toggle='tooltip' data-placement='right' title='原始值：0.0385'>0.038</span>", "<span data-toggle='tooltip' data-placement='right' title='原始值：3.27'>3.27</span>", "*", "*", "正常"], ["湖北省", "长江流域", "<span data-toggle='tooltip' data-placement='right' title='所在地市:武汉市&#10;所属河流:汉江'>宗关</span>", "11-15 08:00", "Ⅲ", "<span data-toggle='tooltip' data-placement='right' title='原始值：18.94'>18.9</span>", "<span data-toggle='tooltip' data-placement='right' title='原始值：7.899914'>7.90</span>", "<span data-toggle='tooltip' data-placement='right' title='原始值：8.537532'>8.54</span>", "<span data-toggle='tooltip' data-placement='right' title='原始值：394.7689'>394.8</span>", "<span data-toggle='tooltip' data-placement='right' title='原始值：37.97084'>38.0</span>", "<span data-toggle='tooltip' data-placement='right' title='原始值：4.21'>4.21</span>", "<span data-toggle='tooltip' data-placement='right' title='原始值：0.085'>0.085</span>", "<span data-toggle='tooltip' data-placement='right' title='原始值：0.111'>0.111</span>", "<span data-toggle='tooltip' data-placement='right' title='原始值：3.097963'>3.10</span>", "<span data-toggle='tooltip' data-placement='right' title='原始值：0.0032812'>0.003</span>", "*", "正常"], ["湖北省", "长江流域", "<span data-toggle='tooltip' data-placement='right' title='所在地市:十堰市&#10;所属河流:丹江口水库'>坝上中(胡家岭)</span>", "11-15 08:00", "Ⅰ", "<span data-toggle='tooltip' data-placement='right' title='原始值：20'>20.0</span>", "<span data-toggle='tooltip' data-placement='right' title='原始值：7.788576'>7.79</span>", "<span data-toggle='tooltip' data-placement='right' title='原始值：7.636149'>7.64</span>", "<span data-toggle='tooltip' data-placement='right' title='原始值：247.202'>247.2</span>", "<span data-toggle='tooltip' data-placement='right' title='原始值：1.783198'>1.8</span>", "<span data-toggle='tooltip' data-placement='right' title='原始值：1.98'>1.98</span>", "<span data-toggle='tooltip' data-placement='right' title='原始值：0.051'>0.051</span>", "<span data-toggle='tooltip' data-placement='right' title='原始值：0.009'>0.009</span>", "<span data-toggle='tooltip' data-placement='right' title='原始值：1.241'>1.24</span>", "<span data-toggle='tooltip' data-placement='right' title='原始值：0.0073489'>0.007</span>", "<span data-toggle='tooltip' data-placement='right' title='原始值：9339000'>9339000</span>", "正常"], ["湖北省", "长江流域", "<span data-toggle='tooltip' data-placement='right' title='所在地市:宜昌市&#10;所属河流:长江'>南津关</span>", "11-15 08:00", "Ⅱ", "<span data-toggle='tooltip' data-placement='right' title='原始值：19.59'>19.6</span>", "<span data-toggle='tooltip' data-placement='right' title='原始值：7.9391'>7.94</span>", "<span data-toggle='tooltip' data-placement='right' title='原始值：8.343118'>8.34</span>", "<span data-toggle='tooltip' data-placement='right' title='原始值：369.447'>369.4</span>", "<span data-toggle='tooltip' data-placement='right' title='原始值：2.953155'>3.0</span>", "<span data-toggle='tooltip' data-placement='right' title='原始值：1.31'>1.31</span>", "<span data-toggle='tooltip' data-placement='right' title='原始值：0.005'>0.005</span>", "<span data-toggle='tooltip' data-placement='right' title='原始值：0.044'>0.044</span>", "<span data-toggle='tooltip' data-placement='right' title='原始值：1.61'>1.61</span>", "<span data-toggle='tooltip' data-placement='right' title='原始值：0.001492'>0.001</span>", "*", "正常"], ["湖南省", "长江流域", "<span data-toggle='tooltip' data-placement='right' title='所在地市:长沙市&#10;所属河流:湘江'>新港</span>", null, "", "--", "--", "--", "--", "--", "--", "--", "--", "--", "*", "*", "停站"], ["湖南省", "长江流域", "<span data-toggle='tooltip' data-placement='right' title='所在地市:岳阳市&#10;所属河流:洞庭湖'>岳阳楼</span>", "11-15 08:00", "Ⅴ", "<span data-toggle='tooltip' data-placement='right' title='原始值：18.13'>18.1</span>", "<span data-toggle='tooltip' data-placement='right' title='原始值：7.85822'>7.86</span>", "<span data-toggle='tooltip' data-placement='right' title='原始值：7.521299'>7.52</span>", "<span data-toggle='tooltip' data-placement='right' title='原始值：265.1595'>265.2</span>", "<span data-toggle='tooltip' data-placement='right' title='原始值：43.25115'>43.3</span>", "<span data-toggle='tooltip' data-placement='right' title='原始值：1.75'>1.75</span>", "<span data-toggle='tooltip' data-placement='right' title='原始值：0.007'>0.007</span>", "<span data-toggle='tooltip' data-placement='right' title='原始值：0.11'>0.110</span>", "<span data-toggle='tooltip' data-placement='right' title='原始值：2.786'>2.79</span>", "<span data-toggle='tooltip' data-placement='right' title='原始值：0.0032812'>0.003</span>", "<span data-toggle='tooltip' data-placement='right' title='原始值：326.819'>327</span>", "正常"], ["湖南省", "长江流域", "<span data-toggle='tooltip' data-placement='right' title='所在地市:岳阳市&#10;所属河流:长江'>城陵矶</span>", "11-15 08:00", "", "<span data-toggle='tooltip' data-placement='right' title='原始值：19.04'>19.0</span>", "<span data-toggle='tooltip' data-placement='right' title='原始值：8.148263'>8.15</span>", "<span data-toggle='tooltip' data-placement='right' title='原始值：8.815752'>8.82</span>", "<span data-toggle='tooltip' data-placement='right' title='原始值：282.094'>282.1</span>", "<span data-toggle='tooltip' data-placement='right' title='原始值：58.71201'>58.7</span>", "<span data-toggle='tooltip' data-placement='right' title='原始值：2.37'>2.37</span>", "<span data-toggle='tooltip' data-placement='right' title='极值过滤'>--</span>", "<span data-toggle='tooltip' data-placement='right' title='原始值：0.124'>0.124</span>", "<span data-toggle='tooltip' data-placement='right' title='原始值：1.341'>1.34</span>", "*", "*", "维护"], ["广东省", "珠江流域", "<span data-toggle='tooltip' data-placement='right' title='所在地市:清远市&#10;所属河流:北江'>七星岗</span>", "11-15 08:00", "Ⅲ", "<span data-toggle='tooltip' data-placement='right' title='原始值：23.63291'>23.6</span>", "<span data-toggle='tooltip' data-placement='right' title='原始值：7.5666'>7.57</span>", "<span data-toggle='tooltip' data-placement='right' title='原始值：8.04723'>8.05</span>", "<span data-toggle='tooltip' data-placement='right' title='原始值：247.6228'>247.6</span>", "<span data-toggle='tooltip' data-placement='right' title='原始值：9.59652'>9.6</span>", "<span data-toggle='tooltip' data-placement='right' title='原始值：1.05'>1.05</span>", "<span data-toggle='tooltip' data-placement='right' title='原始值：0.10803'>0.108</span>", "<span data-toggle='tooltip' data-placement='right' title='原始值：0.1948'>0.195</span>", "<span data-toggle='tooltip' data-placement='right' title='原始值：2.2762'>2.28</span>", "*", "*", "正常"], ["广东省", "珠江流域", "<span data-toggle='tooltip' data-placement='right' title='所在地市:中山市&#10;所属河流:西江'>横栏</span>", "11-15 08:00", "Ⅱ", "<span data-toggle='tooltip' data-placement='right' title='原始值：22.7'>22.7</span>", "<span data-toggle='tooltip' data-placement='right' title='原始值：7.79'>7.79</span>", "<span data-toggle='tooltip' data-placement='right' title='原始值：6.71'>6.71</span>", "<span data-toggle='tooltip' data-placement='right' title='原始值：297'>297.0</span>", "<span data-toggle='tooltip' data-placement='right' title='原始值：9.5'>9.5</span>", "<span data-toggle='tooltip' data-placement='right' title='原始值：1.45'>1.45</span>", "<span data-toggle='tooltip' data-placement='right' title='原始值：0.13925'>0.139</span>", "*", "*", "*", "*", "正常"], ["广西壮族自治区", "珠江流域", "<span data-toggle='tooltip' data-placement='right' title='所在地市:南宁市&#10;所属河流:邕江'>老口</span>", "11-15 08:00", "Ⅱ", "<span data-toggle='tooltip' data-placement='right' title='原始值：22.84408'>22.8</span>", "<span data-toggle='tooltip' data-placement='right' title='原始值：7.84403'>7.84</span>", "<span data-toggle='tooltip' data-placement='right' title='原始值：7.7579'>7.76</span>", "<span data-toggle='tooltip' data-placement='right' title='原始值：352.9983'>353.0</span>", "<span data-toggle='tooltip' data-placement='right' title='原始值：6.97107'>7.0</span>", "<span data-toggle='tooltip' data-placement='right' title='原始值：0.32195'>0.32</span>", "<span data-toggle='tooltip' data-placement='right' title='原始值：0.07851'>0.079</span>", "<span data-toggle='tooltip' data-placement='right' title='原始值：0.02128'>0.021</span>", "<span data-toggle='tooltip' data-placement='right' title='原始值：2.13788'>2.14</span>", "*", "*", "正常"], ["广西壮族自治区", "珠江流域", "<span data-toggle='tooltip' data-placement='right' title='所在地市:桂林市&#10;所属河流:漓江'>阳朔</span>", null, "", "--", "--", "--", "--", "--", "--", "--", "--", "--", "*", "*", "停站"], ["广西壮族自治区", "珠江流域", "<span data-toggle='tooltip' data-placement='right' title='所在地市:梧州市&#10;所属河流:浔江'>界首</span>", null, "", "--", "--", "--", "--", "--", "--", "--", "--", "--", "*", "*", "停站"], ["广西壮族自治区", "珠江流域", "<span data-toggle='tooltip' data-placement='right' title='所在地市:贵港市&#10;所属河流:浔江'>石嘴</span>", "11-15 08:00", "Ⅱ", "<span data-toggle='tooltip' data-placement='right' title='原始值：25.40351'>25.4</span>", "<span data-toggle='tooltip' data-placement='right' title='原始值：8.04061'>8.04</span>", "<span data-toggle='tooltip' data-placement='right' title='原始值：8.66654'>8.67</span>", "<span data-toggle='tooltip' data-placement='right' title='原始值：281.9727'>282.0</span>", "<span data-toggle='tooltip' data-placement='right' title='原始值：13.69979'>13.7</span>", "<span data-toggle='tooltip' data-placement='right' title='原始值：1.06'>1.06</span>", "<span data-toggle='tooltip' data-placement='right' title='原始值：0.19'>0.190</span>", "<span data-toggle='tooltip' data-placement='right' title='原始值：0.02096'>0.021</span>", "<span data-toggle='tooltip' data-placement='right' title='原始值：1.1213'>1.12</span>", "*", "*", "正常"], ["广西壮族自治区", "珠江流域", "<span data-toggle='tooltip' data-placement='right' title='所在地市:崇左市&#10;所属河流:平而河'>平而关</span>", "11-15 08:00", "Ⅰ", "<span data-toggle='tooltip' data-placement='right' title='原始值：22.29667'>22.3</span>", "<span data-toggle='tooltip' data-placement='right' title='原始值：8.10062'>8.10</span>", "<span data-toggle='tooltip' data-placement='right' title='原始值：8.58323'>8.58</span>", "<span data-toggle='tooltip' data-placement='right' title='原始值：232.5858'>232.6</span>", "<span data-toggle='tooltip' data-placement='right' title='原始值：19.58803'>19.6</span>", "<span data-toggle='tooltip' data-placement='right' title='原始值：0.81'>0.81</span>", "<span data-toggle='tooltip' data-placement='right' title='原始值：0.13'>0.130</span>", "*", "*", "*", "*", "正常"], ["重庆市", "长江流域", "<span data-toggle='tooltip' data-placement='right' title='所在地市:永川区&#10;所属河流:长江'>朱沱</span>", "11-15 08:00", "Ⅱ", "<span data-toggle='tooltip' data-placement='right' title='原始值：18.49'>18.5</span>", "<span data-toggle='tooltip' data-placement='right' title='原始值：8.07'>8.07</span>", "<span data-toggle='tooltip' data-placement='right' title='原始值：10.39'>10.39</span>", "<span data-toggle='tooltip' data-placement='right' title='原始值：382.79'>382.8</span>", "<span data-toggle='tooltip' data-placement='right' title='原始值：22.02'>22.0</span>", "<span data-toggle='tooltip' data-placement='right' title='原始值：1.38'>1.38</span>", "<span data-toggle='tooltip' data-placement='right' title='原始值：0.007'>0.007</span>", "<span data-toggle='tooltip' data-placement='right' title='原始值：0.043'>0.043</span>", "<span data-toggle='tooltip' data-placement='right' title='原始值：1.369'>1.37</span>", "*", "*", "正常"], ["四川省", "长江流域", "<span data-toggle='tooltip' data-placement='right' title='所在地市:攀枝花市&#10;所属河流:金沙江'>龙洞</span>", "11-15 08:00", "Ⅰ", "<span data-toggle='tooltip' data-placement='right' title='原始值：17.81'>17.8</span>", "<span data-toggle='tooltip' data-placement='right' title='原始值：8.381043'>8.38</span>", "<span data-toggle='tooltip' data-placement='right' title='原始值：8.621691'>8.62</span>", "<span data-toggle='tooltip' data-placement='right' title='原始值：846.55'>846.6</span>", "<span data-toggle='tooltip' data-placement='right' title='原始值：11.91238'>11.9</span>", "<span data-toggle='tooltip' data-placement='right' title='原始值：0.24'>0.24</span>", "<span data-toggle='tooltip' data-placement='right' title='原始值：0.011'>0.011</span>", "<span data-toggle='tooltip' data-placement='right' title='原始值：0.0054519'>0.005</span>", "<span data-toggle='tooltip' data-placement='right' title='原始值：0.758756'>0.76</span>", "*", "*", "正常"], ["四川省", "长江流域", "<span data-toggle='tooltip' data-placement='right' title='所在地市:泸州市&#10;所属河流:沱江'>沱江大桥(沱江二桥)</span>", "11-15 08:00", "Ⅱ", "<span data-toggle='tooltip' data-placement='right' title='原始值：18.98'>19.0</span>", "<span data-toggle='tooltip' data-placement='right' title='原始值：8.191468'>8.19</span>", "<span data-toggle='tooltip' data-placement='right' title='原始值：9.201738'>9.20</span>", "<span data-toggle='tooltip' data-placement='right' title='原始值：522.2224'>522.2</span>", "<span data-toggle='tooltip' data-placement='right' title='原始值：61.33601'>61.3</span>", "<span data-toggle='tooltip' data-placement='right' title='原始值：1.95'>1.95</span>", "<span data-toggle='tooltip' data-placement='right' title='原始值：0.01'>0.010</span>", "<span data-toggle='tooltip' data-placement='right' title='原始值：0.0925535'>0.093</span>", "<span data-toggle='tooltip' data-placement='right' title='原始值：3.27402'>3.27</span>", "*", "*", "正常"], ["四川省", "长江流域", "<span data-toggle='tooltip' data-placement='right' title='所在地市:广元市&#10;所属河流:嘉陵江'>清风峡</span>", "11-15 08:00", "Ⅰ", "<span data-toggle='tooltip' data-placement='right' title='原始值：14.18981'>14.2</span>", "<span data-toggle='tooltip' data-placement='right' title='原始值：8.34999'>8.35</span>", "<span data-toggle='tooltip' data-placement='right' title='原始值：10.68898'>10.69</span>", "<span data-toggle='tooltip' data-placement='right' title='原始值：396'>396.0</span>", "<span data-toggle='tooltip' data-placement='right' title='原始值：54.25464'>54.3</span>", "<span data-toggle='tooltip' data-placement='right' title='原始值：0.66'>0.66</span>", "<span data-toggle='tooltip' data-placement='right' title='原始值：0.11774'>0.118</span>", "*", "*", "*", "*", "正常"], ["四川省", "长江流域", "<span data-toggle='tooltip' data-placement='right' title='所在地市:乐山市&#10;所属河流:岷江'>岷江大桥</span>", null, "", "--", "--", "--", "--", "--", "--", "--", "--", "--", "*", "*", "停站"], ["四川省", "长江流域", "<span data-toggle='tooltip' data-placement='right' title='所在地市:宜宾市&#10;所属河流:岷江'>凉姜沟</span>", null, "", "--", "--", "--", "--", "--", "--", "--", "--", "--", "*", "*", "维护"], ["云南省", "滇池流域", "<span data-toggle='tooltip' data-placement='right' title='所在地市:昆明市&#10;所属河流:滇池'>西苑隧道</span>", "11-15 08:00", "Ⅳ", "<span data-toggle='tooltip' data-placement='right' title='原始值：16.29'>16.3</span>", "<span data-toggle='tooltip' data-placement='right' title='原始值：7.79827'>7.80</span>", "<span data-toggle='tooltip' data-placement='right' title='原始值：8.387'>8.39</span>", "<span data-toggle='tooltip' data-placement='right' title='原始值：629.082'>629.1</span>", "<span data-toggle='tooltip' data-placement='right' title='原始值：23.135'>23.1</span>", "<span data-toggle='tooltip' data-placement='right' title='原始值：8.53'>8.53</span>", "<span data-toggle='tooltip' data-placement='right' title='原始值：0.01664'>0.017</span>", "<span data-toggle='tooltip' data-placement='right' title='原始值：0.03446'>0.034</span>", "<span data-toggle='tooltip' data-placement='right' title='原始值：3.2856'>3.29</span>", "<span data-toggle='tooltip' data-placement='right' title='原始值：0.01127'>0.011</span>", "<span data-toggle='tooltip' data-placement='right' title='原始值：2.019666E+07'>20196660</span>", "正常"], ["云南省", "滇池流域", "<span data-toggle='tooltip' data-placement='right' title='所在地市:昆明市&#10;所属河流:滇池'>观音山</span>", "11-15 08:00", "劣Ⅴ", "<span data-toggle='tooltip' data-placement='right' title='原始值：17.705'>17.7</span>", "<span data-toggle='tooltip' data-placement='right' title='原始值：9.354'>9.35</span>", "<span data-toggle='tooltip' data-placement='right' title='原始值：9.227'>9.23</span>", "<span data-toggle='tooltip' data-placement='right' title='原始值：384.2'>384.2</span>", "<span data-toggle='tooltip' data-placement='right' title='原始值：34.978'>35.0</span>", "<span data-toggle='tooltip' data-placement='right' title='原始值：7.102'>7.10</span>", "<span data-toggle='tooltip' data-placement='right' title='原始值：0.73'>0.730</span>", "<span data-toggle='tooltip' data-placement='right' title='原始值：0.063'>0.063</span>", "<span data-toggle='tooltip' data-placement='right' title='原始值：1.11'>1.11</span>", "<span data-toggle='tooltip' data-placement='right' title='原始值：0.003'>0.003</span>", "<span data-toggle='tooltip' data-placement='right' title='原始值：1.367982E+07'>13679820</span>", "正常"], ["云南省", "西南诸河", "<span data-toggle='tooltip' data-placement='right' title='所在地市:红河哈尼族彝族自治州&#10;所属河流:红河'>河口县医院(河口)</span>", "11-15 08:00", "", "<span data-toggle='tooltip' data-placement='right' title='原始值：22.35665'>22.4</span>", "<span data-toggle='tooltip' data-placement='right' title='原始值：6.8146'>6.81</span>", "<span data-toggle='tooltip' data-placement='right' title='原始值：8.55309'>8.55</span>", "<span data-toggle='tooltip' data-placement='right' title='原始值：198.5875'>198.6</span>", "<span data-toggle='tooltip' data-placement='right' title='原始值：94.96929'>95.0</span>", "<span data-toggle='tooltip' data-placement='right' title='原始值：1.82972'>1.83</span>", "<span data-toggle='tooltip' data-placement='right' title='原始值：0.0992'>0.099</span>", "<span data-toggle='tooltip' data-placement='right' title='极值过滤'>--</span>", "<span data-toggle='tooltip' data-placement='right' title='原始值：1.30843'>1.31</span>", "*", "*", "维护"], ["云南省", "西南诸河", "<span data-toggle='tooltip' data-placement='right' title='所在地市:西双版纳傣族自治州&#10;所属河流:澜沧江'>橄榄坝</span>", "11-15 08:00", "", "<span data-toggle='tooltip' data-placement='right' title='原始值：19.12644'>19.1</span>", "<span data-toggle='tooltip' data-placement='right' title='原始值：7.67775'>7.68</span>", "<span data-toggle='tooltip' data-placement='right' title='原始值：8.81575'>8.82</span>", "<span data-toggle='tooltip' data-placement='right' title='原始值：482.1431'>482.1</span>", "<span data-toggle='tooltip' data-placement='right' title='原始值：10.36369'>10.4</span>", "<span data-toggle='tooltip' data-placement='right' title='极值过滤'>--</span>", "<span data-toggle='tooltip' data-placement='right' title='原始值：0.1061'>0.106</span>", "*", "*", "*", "*", "维护"], ["陕西省", "黄河流域", "<span data-toggle='tooltip' data-placement='right' title='所在地市:渭南市&#10;所属河流:渭河'>潼关吊桥</span>", "11-15 08:00", "Ⅲ", "<span data-toggle='tooltip' data-placement='right' title='原始值：14.20001'>14.2</span>", "<span data-toggle='tooltip' data-placement='right' title='原始值：8.43'>8.43</span>", "<span data-toggle='tooltip' data-placement='right' title='原始值：8.83129'>8.83</span>", "<span data-toggle='tooltip' data-placement='right' title='原始值：996.9999'>997.0</span>", "<span data-toggle='tooltip' data-placement='right' title='原始值：462.7939'>462.8</span>", "<span data-toggle='tooltip' data-placement='right' title='原始值：4.16'>4.16</span>", "<span data-toggle='tooltip' data-placement='right' title='原始值：0.15'>0.150</span>", "<span data-toggle='tooltip' data-placement='right' title='原始值：0.14317'>0.143</span>", "<span data-toggle='tooltip' data-placement='right' title='原始值：7.19334'>7.19</span>", "*", "*", "正常"], ["甘肃省", "黄河流域", "<span data-toggle='tooltip' data-placement='right' title='所在地市:兰州市&#10;所属河流:黄河'>新城桥</span>", null, "", "--", "--", "--", "--", "--", "--", "--", "--", "--", "*", "*", "停站"], ["宁夏回族自治区", "黄河流域", "<span data-toggle='tooltip' data-placement='right' title='所在地市:中卫市&#10;所属河流:黄河'>中卫下河沿(新墩)</span>", "11-15 08:00", "Ⅳ", "<span data-toggle='tooltip' data-placement='right' title='原始值：13.69084'>13.7</span>", "<span data-toggle='tooltip' data-placement='right' title='原始值：6.73325'>6.73</span>", "<span data-toggle='tooltip' data-placement='right' title='原始值：8.57302'>8.57</span>", "<span data-toggle='tooltip' data-placement='right' title='原始值：645.28'>645.3</span>", "<span data-toggle='tooltip' data-placement='right' title='原始值：595.6904'>595.7</span>", "<span data-toggle='tooltip' data-placement='right' title='原始值：3.94'>3.94</span>", "<span data-toggle='tooltip' data-placement='right' title='原始值：0.11'>0.110</span>", "<span data-toggle='tooltip' data-placement='right' title='原始值：0.2988'>0.299</span>", "<span data-toggle='tooltip' data-placement='right' title='原始值：2.4591'>2.46</span>", "*", "*", "正常"]]}