{"result": 1, "total": 1, "records": 98, "thead": ["省份", "流域", "断面名称", "监测时间", "水质类别", "水温<br/><span class='unit'>(℃)</span>", "pH<br/><span class='unit'>(无量纲)</span>", "溶解氧<br/><span class='unit'>(mg/L)</span>", "电导率<br/><span class='unit'>(μS/cm)</span>", "浊度<br/><span class='unit'>(NTU)</span>", "高锰酸盐指数<br/><span class='unit'>(mg/L)</span>", "氨氮<br/><span class='unit'>(mg/L)</span>", "总磷<br/><span class='unit'>(mg/L)</span>", "总氮<br/><span class='unit'>(mg/L)</span>", "叶绿素α<br/><span class='unit'>(mg/L)</span>", "藻密度<br/><span class='unit'>(cells/L)</span>", "站点情况"], "tbody": [["北京市", "海河流域", "<span data-toggle='tooltip' data-placement='right' title='所在地市:门头沟区&#10;所属河流:永定河'>沿河城</span>", "11-14 08:00", "Ⅱ", "<span data-toggle='tooltip' data-placement='right' title='原始值：8.02314'>8.0</span>", "<span data-toggle='tooltip' data-placement='right' title='原始值：8.16212'>8.16</span>", "<span data-toggle='tooltip' data-placement='right' title='原始值：11.08076'>11.08</span>", "<span data-toggle='tooltip' data-placement='right' title='原始值：1213.035'>1213.0</span>", "<span data-toggle='tooltip' data-placement='right' title='原始值：3.31516'>3.3</span>", "<span data-toggle='tooltip' data-placement='right' title='原始值：2.12561'>2.13</span>", "<span data-toggle='tooltip' data-placement='right' title='原始值：0.27'>0.270</span>", "<span data-toggle='tooltip' data-placement='right' title='原始值：0.01723'>0.017</span>", "<span data-toggle='tooltip' data-placement='right' title='原始值：1.55478'>1.55</span>", "*", "*", "正常"], ["北京市", "海河流域", "<span data-toggle='tooltip' data-placement='right' title='所在地市:密云区&#10;所属河流:潮河'>古北口</span>", "11-14 08:00", "Ⅰ", "<span data-toggle='tooltip' data-placement='right' title='原始值：6.77715'>6.8</span>", "<span data-toggle='tooltip' data-placement='right' title='原始值：8.02874'>8.03</span>", "<span data-toggle='tooltip' data-placement='right' title='原始值：11.85615'>11.86</span>", "<span data-toggle='tooltip' data-placement='right' title='原始值：752.9275'>752.9</span>", "<span data-toggle='tooltip' data-placement='right' title='原始值：2.9065'>2.9</span>", "<span data-toggle='tooltip' data-placement='right' title='原始值：0.4575'>0.46</span>", "<span data-toggle='tooltip' data-placement='right' title='原始值：0.06'>0.060</span>", "<span data-toggle='tooltip' data-placement='right' title='原始值：0.0031'>0.003</span>", "<span data-toggle='tooltip' data-placement='right' title='原始值：9.9562'>9.96</span>", "*", "*", "正常"], ["天津市", "海河流域", "<span data-toggle='tooltip' data-placement='right' title='所在地市:河北区&#10;所属河流:海河'>三岔口</span>", "11-14 08:00", "Ⅰ", "<span data-toggle='tooltip' data-placement='right' title='原始值：13.514'>13.5</span>", "<span data-toggle='tooltip' data-placement='right' title='原始值：8.0306'>8.03</span>", "<span data-toggle='tooltip' data-placement='right' title='原始值：9.854'>9.85</span>", "<span data-toggle='tooltip' data-placement='right' title='原始值：340.3597'>340.4</span>", "<span data-toggle='tooltip' data-placement='right' title='原始值：7.054'>7.1</span>", "<span data-toggle='tooltip' data-placement='right' title='原始值：1.06'>1.06</span>", "<span data-toggle='tooltip' data-placement='right' title='原始值：0.13'>0.130</span>", "<span data-toggle='tooltip' data-placement='right' title='原始值：0.006'>0.006</span>", "<span data-toggle='tooltip' data-placement='right' title='原始值：1.0951'>1.10</span>", "*", "*", "正常"], ["天津市", "海河流域", "<span data-toggle='tooltip' data-placement='right' title='所在地市:蓟州区&#10;所属河流:果河'>果河桥</span>", "11-14 08:00", "Ⅱ", "<span data-toggle='tooltip' data-placement='right' title='原始值：11.4'>11.4</span>", "<span data-toggle='tooltip' data-placement='right' title='原始值：8.32'>8.32</span>", "<span data-toggle='tooltip' data-placement='right' title='原始值：10.776'>10.78</span>", "<span data-toggle='tooltip' data-placement='right' title='原始值：589.602'>589.6</span>", "<span data-toggle='tooltip' data-placement='right' title='原始值：6.1'>6.1</span>", "<span data-toggle='tooltip' data-placement='right' title='原始值：2.1568'>2.16</span>", "<span data-toggle='tooltip' data-placement='right' title='原始值：0.24'>0.240</span>", "<span data-toggle='tooltip' data-placement='right' title='原始值：0.0611'>0.061</span>", "<span data-toggle='tooltip' data-placement='right' title='原始值：3.455'>3.46</span>", "*", "*", "正常"], ["河北省", "海河流域", "<span data-toggle='tooltip' data-placement='right' title='所在地市:石家庄市&#10;所属河流:滹沱河'>岗南水库</span>", "11-14 08:00", "Ⅱ", "<span data-toggle='tooltip' data-placement='right' title='原始值：16.66488'>16.7</span>", "<span data-toggle='tooltip' data-placement='right' title='原始值：8.60509'>8.61</span>", "<span data-toggle='tooltip' data-placement='right' title='原始值：9.3575'>9.36</span>", "<span data-toggle='tooltip' data-placement='right' title='原始值：573.1823'>573.2</span>", "<span data-toggle='tooltip' data-placement='right' title='原始值：2.43393'>2.4</span>", "<span data-toggle='tooltip' data-placement='right' title='原始值：2.29836'>2.30</span>", "<span data-toggle='tooltip' data-placement='right' title='原始值：0.08'>0.080</span>", "<span data-toggle='tooltip' data-placement='right' title='原始值：0.01854'>0.019</span>", "<span data-toggle='tooltip' data-placement='right' title='原始值：2.57218'>2.57</span>", "*", "*", "正常"], ["河北省", "海河流域", "<span data-toggle='tooltip' data-placement='right' title='所在地市:张家口市&#10;所属河流:永定河'>八号桥</span>", null, "", "--", "--", "--", "--", "--", "--", "--", "--", "--", "*", "*", "停站"], ["山西省", "黄河流域", "<span data-toggle='tooltip' data-placement='right' title='所在地市:运城市&#10;所属河流:汾河'>河津大桥</span>", "11-14 08:00", "Ⅳ", "<span data-toggle='tooltip' data-placement='right' title='原始值：14.91489'>14.9</span>", "<span data-toggle='tooltip' data-placement='right' title='原始值：8.13855'>8.14</span>", "<span data-toggle='tooltip' data-placement='right' title='原始值：10.32585'>10.33</span>", "<span data-toggle='tooltip' data-placement='right' title='原始值：1695.536'>1695.5</span>", "<span data-toggle='tooltip' data-placement='right' title='原始值：198.6902'>198.7</span>", "<span data-toggle='tooltip' data-placement='right' title='原始值：8.45'>8.45</span>", "<span data-toggle='tooltip' data-placement='right' title='原始值：0.09'>0.090</span>", "*", "*", "*", "*", "正常"], ["山西省", "黄河流域", "<span data-toggle='tooltip' data-placement='right' title='所在地市:忻州市&#10;所属河流:黄河'>万家寨水库</span>", "11-14 08:00", "Ⅲ", "<span data-toggle='tooltip' data-placement='right' title='原始值：15.12146'>15.1</span>", "<span data-toggle='tooltip' data-placement='right' title='原始值：8.28892'>8.29</span>", "<span data-toggle='tooltip' data-placement='right' title='原始值：10.73347'>10.73</span>", "<span data-toggle='tooltip' data-placement='right' title='原始值：660.9946'>661.0</span>", "<span data-toggle='tooltip' data-placement='right' title='原始值：13.04562'>13.0</span>", "<span data-toggle='tooltip' data-placement='right' title='原始值：4.16'>4.16</span>", "<span data-toggle='tooltip' data-placement='right' title='原始值：0.4'>0.400</span>", "<span data-toggle='tooltip' data-placement='right' title='原始值：0.021'>0.021</span>", "<span data-toggle='tooltip' data-placement='right' title='原始值：2.1875'>2.19</span>", "*", "*", "正常"], ["内蒙古自治区", "黄河流域", "<span data-toggle='tooltip' data-placement='right' title='所在地市:包头市&#10;所属河流:黄河'>画匠营子</span>", "11-14 08:00", "Ⅲ", "<span data-toggle='tooltip' data-placement='right' title='原始值：10.98794'>11.0</span>", "<span data-toggle='tooltip' data-placement='right' title='原始值：8.06198'>8.06</span>", "<span data-toggle='tooltip' data-placement='right' title='原始值：9.54156'>9.54</span>", "<span data-toggle='tooltip' data-placement='right' title='原始值：773.7643'>773.8</span>", "<span data-toggle='tooltip' data-placement='right' title='原始值：1464.7'>1464.7</span>", "<span data-toggle='tooltip' data-placement='right' title='原始值：4.11994'>4.12</span>", "<span data-toggle='tooltip' data-placement='right' title='原始值：0.04921'>0.049</span>", "*", "*", "*", "*", "正常"], ["内蒙古自治区", "黄河流域", "<span data-toggle='tooltip' data-placement='right' title='所在地市:乌海市&#10;所属河流:黄河'>海勃湾</span>", "11-14 08:00", "Ⅱ", "<span data-toggle='tooltip' data-placement='right' title='原始值：11.85798'>11.9</span>", "<span data-toggle='tooltip' data-placement='right' title='原始值：8.03096'>8.03</span>", "<span data-toggle='tooltip' data-placement='right' title='原始值：8.62432'>8.62</span>", "<span data-toggle='tooltip' data-placement='right' title='原始值：646.5819'>646.6</span>", "<span data-toggle='tooltip' data-placement='right' title='原始值：97.87754'>97.9</span>", "<span data-toggle='tooltip' data-placement='right' title='原始值：2.8'>2.80</span>", "<span data-toggle='tooltip' data-placement='right' title='原始值：0.13'>0.130</span>", "*", "*", "*", "*", "正常"], ["内蒙古自治区", "松花江流域", "<span data-toggle='tooltip' data-placement='right' title='所在地市:呼伦贝尔市&#10;所属河流:额尔古纳河'>黑山头</span>", null, "", "--", "--", "--", "--", "--", "--", "--", "--", "--", "*", "*", "停站"], ["辽宁省", "辽河流域", "<span data-toggle='tooltip' data-placement='right' title='所在地市:抚顺市&#10;所属河流:浑河'>大伙房水库</span>", null, "", "--", "--", "--", "--", "--", "--", "--", "--", "--", "--", "*", "停站"], ["辽宁省", "辽河流域", "<span data-toggle='tooltip' data-placement='right' title='所在地市:丹东市&#10;所属河流:鸭绿江'>江桥</span>", "11-14 08:00", "Ⅱ", "<span data-toggle='tooltip' data-placement='right' title='原始值：12.5'>12.5</span>", "<span data-toggle='tooltip' data-placement='right' title='原始值：6.72'>6.72</span>", "<span data-toggle='tooltip' data-placement='right' title='原始值：8.64'>8.64</span>", "<span data-toggle='tooltip' data-placement='right' title='原始值：152'>152.0</span>", "<span data-toggle='tooltip' data-placement='right' title='原始值：6'>6.0</span>", "<span data-toggle='tooltip' data-placement='right' title='原始值：0.84'>0.84</span>", "<span data-toggle='tooltip' data-placement='right' title='原始值：0.07236'>0.072</span>", "<span data-toggle='tooltip' data-placement='right' title='原始值：0.02494'>0.025</span>", "<span data-toggle='tooltip' data-placement='right' title='原始值：2.15219'>2.15</span>", "*", "*", "正常"], ["辽宁省", "辽河流域", "<span data-toggle='tooltip' data-placement='right' title='所在地市:营口市&#10;所属河流:大辽河'>辽河公园</span>", "11-14 08:00", "Ⅳ", "<span data-toggle='tooltip' data-placement='right' title='原始值：12.95889'>13.0</span>", "<span data-toggle='tooltip' data-placement='right' title='原始值：7.77609'>7.78</span>", "<span data-toggle='tooltip' data-placement='right' title='原始值：8.83969'>8.84</span>", "<span data-toggle='tooltip' data-placement='right' title='原始值：3307.924'>3307.9</span>", "<span data-toggle='tooltip' data-placement='right' title='原始值：153.0641'>153.1</span>", "<span data-toggle='tooltip' data-placement='right' title='原始值：6.17905'>6.18</span>", "<span data-toggle='tooltip' data-placement='right' title='原始值：0.22114'>0.221</span>", "<span data-toggle='tooltip' data-placement='right' title='原始值：0.16067'>0.161</span>", "<span data-toggle='tooltip' data-placement='right' title='原始值：6.28342'>6.28</span>", "*", "*", "正常"], ["辽宁省", "辽河流域", "<span data-toggle='tooltip' data-placement='right' title='所在地市:辽阳市&#10;所属河流:太子河'>汤河水库</span>", null, "", "--", "--", "--", "--", "--", "--", "--", "--", "--", "*", "*", "停站"], ["辽宁省", "辽河流域", "<span data-toggle='tooltip' data-placement='right' title='所在地市:盘锦市&#10;所属河流:辽河'>盘锦兴安(兴安)</span>", null, "", "--", "--", "--", "--", "--", "--", "--", "--", "--", "*", "*", "停站"], ["辽宁省", "辽河流域", "<span data-toggle='tooltip' data-placement='right' title='所在地市:铁岭市&#10;所属河流:辽河'>珠尔山</span>", "11-14 08:00", "Ⅲ", "<span data-toggle='tooltip' data-placement='right' title='原始值：5.02697'>5.0</span>", "<span data-toggle='tooltip' data-placement='right' title='原始值：8.25689'>8.26</span>", "<span data-toggle='tooltip' data-placement='right' title='原始值：16.10644'>16.11</span>", "<span data-toggle='tooltip' data-placement='right' title='原始值：631.3401'>631.3</span>", "<span data-toggle='tooltip' data-placement='right' title='原始值：11.26143'>11.3</span>", "<span data-toggle='tooltip' data-placement='right' title='原始值：4.68973'>4.69</span>", "<span data-toggle='tooltip' data-placement='right' title='原始值：0.18'>0.180</span>", "<span data-toggle='tooltip' data-placement='right' title='原始值：0.10239'>0.102</span>", "<span data-toggle='tooltip' data-placement='right' title='原始值：4.78355'>4.78</span>", "*", "*", "正常"], ["吉林省", "松花江流域", "<span data-toggle='tooltip' data-placement='right' title='所在地市:长春市&#10;所属河流:松花江'>松花江村</span>", null, "", "--", "--", "--", "--", "--", "--", "--", "--", "--", "*", "*", "停站"], ["吉林省", "松花江流域", "<span data-toggle='tooltip' data-placement='right' title='所在地市:白城市&#10;所属河流:嫩江'>白沙滩</span>", null, "", "--", "--", "--", "--", "--", "--", "--", "--", "--", "*", "*", "停站"], ["吉林省", "松花江流域", "<span data-toggle='tooltip' data-placement='right' title='所在地市:延边朝鲜族自治州&#10;所属河流:图们江'>圈河</span>", "11-14 08:00", "Ⅱ", "<span data-toggle='tooltip' data-placement='right' title='原始值：13.35'>13.4</span>", "<span data-toggle='tooltip' data-placement='right' title='原始值：7.625'>7.62</span>", "<span data-toggle='tooltip' data-placement='right' title='原始值：9.44'>9.44</span>", "<span data-toggle='tooltip' data-placement='right' title='原始值：213'>213.0</span>", "<span data-toggle='tooltip' data-placement='right' title='原始值：102'>102.0</span>", "<span data-toggle='tooltip' data-placement='right' title='原始值：3.69'>3.69</span>", "<span data-toggle='tooltip' data-placement='right' title='原始值：0.02029'>0.020</span>", "<span data-toggle='tooltip' data-placement='right' title='原始值：0.05877'>0.059</span>", "<span data-toggle='tooltip' data-placement='right' title='原始值：2.58042'>2.58</span>", "*", "*", "正常"], ["黑龙江省", "松花江流域", "<span data-toggle='tooltip' data-placement='right' title='所在地市:大庆市&#10;所属河流:松花江'>肇源</span>", null, "", "--", "--", "--", "--", "--", "--", "--", "--", "--", "*", "*", "停站"], ["黑龙江省", "松花江流域", "<span data-toggle='tooltip' data-placement='right' title='所在地市:佳木斯市&#10;所属河流:乌苏里江'>乌苏镇</span>", null, "", "--", "--", "--", "--", "--", "--", "--", "--", "--", "*", "*", "停站"], ["黑龙江省", "松花江流域", "<span data-toggle='tooltip' data-placement='right' title='所在地市:佳木斯市&#10;所属河流:松花江'>同江</span>", "11-14 08:00", "Ⅳ", "<span data-toggle='tooltip' data-placement='right' title='原始值：4.13343'>4.1</span>", "<span data-toggle='tooltip' data-placement='right' title='原始值：7.50001'>7.50</span>", "<span data-toggle='tooltip' data-placement='right' title='原始值：12.31252'>12.31</span>", "<span data-toggle='tooltip' data-placement='right' title='原始值：245.1174'>245.1</span>", "<span data-toggle='tooltip' data-placement='right' title='原始值：73.00211'>73.0</span>", "<span data-toggle='tooltip' data-placement='right' title='原始值：6.07309'>6.07</span>", "<span data-toggle='tooltip' data-placement='right' title='原始值：0.16342'>0.163</span>", "<span data-toggle='tooltip' data-placement='right' title='原始值：0.10254'>0.103</span>", "<span data-toggle='tooltip' data-placement='right' title='原始值：1.87665'>1.88</span>", "*", "*", "正常"], ["黑龙江省", "松花江流域", "<span data-toggle='tooltip' data-placement='right' title='所在地市:黑河市&#10;所属河流:黑龙江'>黑河下(黑河)</span>", null, "", "--", "--", "--", "--", "--", "--", "--", "--", "--", "*", "*", "停站"], ["上海市", "长江流域", "<span data-toggle='tooltip' data-placement='right' title='所在地市:青浦区&#10;所属河流:淀山湖'>急水港桥</span>", null, "", "--", "--", "--", "--", "--", "--", "--", "--", "--", "--", "--", "停站"], ["江苏省", "长江流域", "<span data-toggle='tooltip' data-placement='right' title='所在地市:南京市&#10;所属河流:长江'>林山</span>", null, "", "--", "--", "--", "--", "--", "--", "--", "--", "--", "*", "*", "停站"], ["江苏省", "太湖流域", "<span data-toggle='tooltip' data-placement='right' title='所在地市:无锡市&#10;所属河流:太湖'>沙渚</span>", null, "", "--", "--", "--", "--", "--", "--", "--", "--", "--", "--", "*", "维护"], ["江苏省", "淮河流域", "<span data-toggle='tooltip' data-placement='right' title='所在地市:徐州市&#10;所属河流:武河'>小红圈</span>", "11-14 08:00", "Ⅱ", "<span data-toggle='tooltip' data-placement='right' title='原始值：13.02'>13.0</span>", "<span data-toggle='tooltip' data-placement='right' title='原始值：7.93'>7.93</span>", "<span data-toggle='tooltip' data-placement='right' title='原始值：15.03'>15.03</span>", "<span data-toggle='tooltip' data-placement='right' title='原始值：726.7'>726.7</span>", "<span data-toggle='tooltip' data-placement='right' title='原始值：7.1'>7.1</span>", "<span data-toggle='tooltip' data-placement='right' title='原始值：2.1'>2.10</span>", "<span data-toggle='tooltip' data-placement='right' title='原始值：0.053'>0.053</span>", "*", "*", "*", "*", "正常"], ["江苏省", "淮河流域", "<span data-toggle='tooltip' data-placement='right' title='所在地市:徐州市&#10;所属河流:沿河'>李集桥</span>", "11-14 08:00", "Ⅲ", "<span data-toggle='tooltip' data-placement='right' title='原始值：15.42'>15.4</span>", "<span data-toggle='tooltip' data-placement='right' title='原始值：7.93'>7.93</span>", "<span data-toggle='tooltip' data-placement='right' title='原始值：8.13'>8.13</span>", "<span data-toggle='tooltip' data-placement='right' title='原始值：1043.4'>1043.4</span>", "<span data-toggle='tooltip' data-placement='right' title='原始值：31.71'>31.7</span>", "<span data-toggle='tooltip' data-placement='right' title='原始值：5.7'>5.70</span>", "<span data-toggle='tooltip' data-placement='right' title='原始值：0.014'>0.014</span>", "<span data-toggle='tooltip' data-placement='right' title='原始值：0.06'>0.060</span>", "<span data-toggle='tooltip' data-placement='right' title='原始值：1.218'>1.22</span>", "*", "*", "正常"], ["江苏省", "淮河流域", "<span data-toggle='tooltip' data-placement='right' title='所在地市:徐州市&#10;所属河流:邳苍分洪道'>艾山西大桥</span>", "11-14 08:00", "Ⅱ", "<span data-toggle='tooltip' data-placement='right' title='原始值：14.2895'>14.3</span>", "<span data-toggle='tooltip' data-placement='right' title='原始值：8.51318'>8.51</span>", "<span data-toggle='tooltip' data-placement='right' title='原始值：11.8081'>11.81</span>", "<span data-toggle='tooltip' data-placement='right' title='原始值：726.141'>726.1</span>", "<span data-toggle='tooltip' data-placement='right' title='原始值：5.61008'>5.6</span>", "<span data-toggle='tooltip' data-placement='right' title='原始值：2.81'>2.81</span>", "<span data-toggle='tooltip' data-placement='right' title='原始值：0.1'>0.100</span>", "<span data-toggle='tooltip' data-placement='right' title='原始值：0.02312'>0.023</span>", "<span data-toggle='tooltip' data-placement='right' title='原始值：9.208'>9.21</span>", "*", "*", "正常"], ["江苏省", "太湖流域", "<span data-toggle='tooltip' data-placement='right' title='所在地市:苏州市&#10;所属河流:太湖'>兰山嘴(老)</span>", "11-14 08:00", "Ⅳ", "<span data-toggle='tooltip' data-placement='right' title='原始值：18.36868'>18.4</span>", "<span data-toggle='tooltip' data-placement='right' title='原始值：7.4216'>7.42</span>", "<span data-toggle='tooltip' data-placement='right' title='原始值：7.61322'>7.61</span>", "<span data-toggle='tooltip' data-placement='right' title='原始值：354.5982'>354.6</span>", "<span data-toggle='tooltip' data-placement='right' title='原始值：172.7717'>172.8</span>", "<span data-toggle='tooltip' data-placement='right' title='原始值：5'>5.00</span>", "<span data-toggle='tooltip' data-placement='right' title='原始值：0.42'>0.420</span>", "<span data-toggle='tooltip' data-placement='right' title='原始值：0.25949'>0.259</span>", "<span data-toggle='tooltip' data-placement='right' title='原始值：9.96856'>9.97</span>", "<span data-toggle='tooltip' data-placement='right' title='原始值：0.05747'>0.057</span>", "*", "正常"], ["江苏省", "太湖流域", "<span data-toggle='tooltip' data-placement='right' title='所在地市:苏州市&#10;所属河流:太湖'>西山</span>", "11-14 08:00", "Ⅳ", "<span data-toggle='tooltip' data-placement='right' title='原始值：17.13881'>17.1</span>", "<span data-toggle='tooltip' data-placement='right' title='原始值：8.00282'>8.00</span>", "<span data-toggle='tooltip' data-placement='right' title='原始值：9.08275'>9.08</span>", "<span data-toggle='tooltip' data-placement='right' title='原始值：256.4926'>256.5</span>", "<span data-toggle='tooltip' data-placement='right' title='原始值：58.12583'>58.1</span>", "<span data-toggle='tooltip' data-placement='right' title='原始值：2.8'>2.80</span>", "<span data-toggle='tooltip' data-placement='right' title='原始值：0.06'>0.060</span>", "<span data-toggle='tooltip' data-placement='right' title='原始值：0.089'>0.089</span>", "<span data-toggle='tooltip' data-placement='right' title='原始值：0.3794'>0.38</span>", "<span data-toggle='tooltip' data-placement='right' title='原始值：0.00209'>0.002</span>", "*", "正常"], ["江苏省", "淮河流域", "<span data-toggle='tooltip' data-placement='right' title='所在地市:连云港市&#10;所属河流:新沭河'>大兴桥</span>", "11-14 08:00", "Ⅲ", "<span data-toggle='tooltip' data-placement='right' title='原始值：15.5'>15.5</span>", "<span data-toggle='tooltip' data-placement='right' title='原始值：8.3'>8.30</span>", "<span data-toggle='tooltip' data-placement='right' title='原始值：10.7'>10.70</span>", "<span data-toggle='tooltip' data-placement='right' title='原始值：750.7'>750.7</span>", "<span data-toggle='tooltip' data-placement='right' title='原始值：18.75'>18.8</span>", "<span data-toggle='tooltip' data-placement='right' title='原始值：4.55'>4.55</span>", "<span data-toggle='tooltip' data-placement='right' title='原始值：0.062'>0.062</span>", "*", "*", "*", "*", "正常"], ["江苏省", "淮河流域", "<span data-toggle='tooltip' data-placement='right' title='所在地市:淮安市&#10;所属河流:淮河'>淮河大桥</span>", "11-14 08:00", "Ⅲ", "<span data-toggle='tooltip' data-placement='right' title='原始值：16.303'>16.3</span>", "<span data-toggle='tooltip' data-placement='right' title='原始值：8.19914'>8.20</span>", "<span data-toggle='tooltip' data-placement='right' title='原始值：8.5423'>8.54</span>", "<span data-toggle='tooltip' data-placement='right' title='原始值：459.197'>459.2</span>", "<span data-toggle='tooltip' data-placement='right' title='原始值：41.6182'>41.6</span>", "<span data-toggle='tooltip' data-placement='right' title='原始值：3.28'>3.28</span>", "<span data-toggle='tooltip' data-placement='right' title='原始值：0.13'>0.130</span>", "<span data-toggle='tooltip' data-placement='right' title='原始值：0.1044'>0.104</span>", "<span data-toggle='tooltip' data-placement='right' title='原始值：1.856'>1.86</span>", "*", "*", "正常"], ["江苏省", "长江流域", "<span data-toggle='tooltip' data-placement='right' title='所在地市:扬州市&#10;所属河流:夹江'>三江营</span>", "11-14 08:00", "Ⅱ", "<span data-toggle='tooltip' data-placement='right' title='原始值：18.57'>18.6</span>", "<span data-toggle='tooltip' data-placement='right' title='原始值：7.83'>7.83</span>", "<span data-toggle='tooltip' data-placement='right' title='原始值：7.31'>7.31</span>", "<span data-toggle='tooltip' data-placement='right' title='原始值：304.03'>304.0</span>", "<span data-toggle='tooltip' data-placement='right' title='原始值：46.99'>47.0</span>", "<span data-toggle='tooltip' data-placement='right' title='原始值：2.019'>2.02</span>", "<span data-toggle='tooltip' data-placement='right' title='原始值：0.043'>0.043</span>", "<span data-toggle='tooltip' data-placement='right' title='原始值：0.071'>0.071</span>", "<span data-toggle='tooltip' data-placement='right' title='原始值：1.7'>1.70</span>", "*", "*", "正常"], ["江苏省", "淮河流域", "<span data-toggle='tooltip' data-placement='right' title='所在地市:宿迁市&#10;所属河流:新濉河'>大屈</span>", "11-14 08:00", "Ⅲ", "<span data-toggle='tooltip' data-placement='right' title='原始值：15.1'>15.1</span>", "<span data-toggle='tooltip' data-placement='right' title='原始值：8.3'>8.30</span>", "<span data-toggle='tooltip' data-placement='right' title='原始值：11.52'>11.52</span>", "<span data-toggle='tooltip' data-placement='right' title='原始值：840'>840.0</span>", "<span data-toggle='tooltip' data-placement='right' title='原始值：26.02'>26.0</span>", "<span data-toggle='tooltip' data-placement='right' title='原始值：4.67'>4.67</span>", "<span data-toggle='tooltip' data-placement='right' title='原始值：0.06'>0.060</span>", "<span data-toggle='tooltip' data-placement='right' title='原始值：0.027'>0.027</span>", "<span data-toggle='tooltip' data-placement='right' title='原始值：1.228'>1.23</span>", "*", "*", "正常"], ["浙江省", "浙闽片河流", "<span data-toggle='tooltip' data-placement='right' title='所在地市:杭州市&#10;所属河流:新安江'>街口(鸠坑口)</span>", "11-14 08:00", "Ⅱ", "<span data-toggle='tooltip' data-placement='right' title='原始值：20.86'>20.9</span>", "<span data-toggle='tooltip' data-placement='right' title='原始值：6.74'>6.74</span>", "<span data-toggle='tooltip' data-placement='right' title='原始值：6'>6.00</span>", "<span data-toggle='tooltip' data-placement='right' title='原始值：157.79'>157.8</span>", "<span data-toggle='tooltip' data-placement='right' title='原始值：27.27'>27.3</span>", "<span data-toggle='tooltip' data-placement='right' title='原始值：0.828'>0.83</span>", "<span data-toggle='tooltip' data-placement='right' title='原始值：0.002'>0.002</span>", "<span data-toggle='tooltip' data-placement='right' title='原始值：0.014'>0.014</span>", "<span data-toggle='tooltip' data-placement='right' title='原始值：1.181'>1.18</span>", "*", "*", "正常"], ["浙江省", "太湖流域", "<span data-toggle='tooltip' data-placement='right' title='所在地市:嘉兴市&#10;所属河流:斜路港河'>斜路港</span>", "11-14 08:00", "Ⅳ", "<span data-toggle='tooltip' data-placement='right' title='原始值：20.3'>20.3</span>", "<span data-toggle='tooltip' data-placement='right' title='原始值：7.28'>7.28</span>", "<span data-toggle='tooltip' data-placement='right' title='原始值：3.58'>3.58</span>", "<span data-toggle='tooltip' data-placement='right' title='原始值：545'>545.0</span>", "<span data-toggle='tooltip' data-placement='right' title='原始值：94.5'>94.5</span>", "<span data-toggle='tooltip' data-placement='right' title='原始值：4.44'>4.44</span>", "<span data-toggle='tooltip' data-placement='right' title='原始值：0.1531'>0.153</span>", "<span data-toggle='tooltip' data-placement='right' title='原始值：0.12078'>0.121</span>", "<span data-toggle='tooltip' data-placement='right' title='原始值：0.74922'>0.75</span>", "*", "*", "正常"], ["浙江省", "太湖流域", "<span data-toggle='tooltip' data-placement='right' title='所在地市:嘉兴市&#10;所属河流:京杭运河'>王江泾</span>", "11-14 08:00", "Ⅲ", "<span data-toggle='tooltip' data-placement='right' title='原始值：19.29'>19.3</span>", "<span data-toggle='tooltip' data-placement='right' title='原始值：6.94'>6.94</span>", "<span data-toggle='tooltip' data-placement='right' title='原始值：5.59'>5.59</span>", "<span data-toggle='tooltip' data-placement='right' title='原始值：635.71'>635.7</span>", "<span data-toggle='tooltip' data-placement='right' title='原始值：99.77'>99.8</span>", "<span data-toggle='tooltip' data-placement='right' title='原始值：4.809'>4.81</span>", "<span data-toggle='tooltip' data-placement='right' title='原始值：0.128'>0.128</span>", "<span data-toggle='tooltip' data-placement='right' title='原始值：0.07'>0.070</span>", "<span data-toggle='tooltip' data-placement='right' title='原始值：1.596'>1.60</span>", "*", "*", "正常"], ["浙江省", "太湖流域", "<span data-toggle='tooltip' data-placement='right' title='所在地市:湖州市&#10;所属河流:西苕溪'>新港口(新塘港)</span>", "11-14 08:00", "Ⅲ", "<span data-toggle='tooltip' data-placement='right' title='原始值：17.5318'>17.5</span>", "<span data-toggle='tooltip' data-placement='right' title='原始值：8.28638'>8.29</span>", "<span data-toggle='tooltip' data-placement='right' title='原始值：8.89617'>8.90</span>", "<span data-toggle='tooltip' data-placement='right' title='原始值：352.881'>352.9</span>", "<span data-toggle='tooltip' data-placement='right' title='原始值：127.119'>127.1</span>", "<span data-toggle='tooltip' data-placement='right' title='原始值：2.31386'>2.31</span>", "<span data-toggle='tooltip' data-placement='right' title='原始值：0.16205'>0.162</span>", "<span data-toggle='tooltip' data-placement='right' title='原始值：0.16163'>0.162</span>", "<span data-toggle='tooltip' data-placement='right' title='原始值：4.4831'>4.48</span>", "<span data-toggle='tooltip' data-placement='right' title='原始值：0.01022'>0.010</span>", "*", "正常"], ["安徽省", "巢湖流域", "<span data-toggle='tooltip' data-placement='right' title='所在地市:合肥市&#10;所属河流:巢湖'>湖滨(老)</span>", "11-14 08:00", "Ⅳ", "<span data-toggle='tooltip' data-placement='right' title='原始值：16.44413'>16.4</span>", "<span data-toggle='tooltip' data-placement='right' title='原始值：6.81079'>6.81</span>", "<span data-toggle='tooltip' data-placement='right' title='原始值：7.45758'>7.46</span>", "<span data-toggle='tooltip' data-placement='right' title='原始值：319.17'>319.2</span>", "<span data-toggle='tooltip' data-placement='right' title='原始值：89.45976'>89.5</span>", "<span data-toggle='tooltip' data-placement='right' title='原始值：4.51'>4.51</span>", "<span data-toggle='tooltip' data-placement='right' title='原始值：0.15'>0.150</span>", "<span data-toggle='tooltip' data-placement='right' title='原始值：0.0804'>0.080</span>", "<span data-toggle='tooltip' data-placement='right' title='原始值：1.865'>1.86</span>", "<span data-toggle='tooltip' data-placement='right' title='原始值：0.04167'>0.042</span>", "*", "正常"], ["安徽省", "巢湖流域", "<span data-toggle='tooltip' data-placement='right' title='所在地市:芜湖市&#10;所属河流:巢湖'>裕溪口(老)</span>", null, "", "--", "--", "--", "--", "--", "--", "--", "--", "--", "--", "*", "维护"], ["安徽省", "淮河流域", "<span data-toggle='tooltip' data-placement='right' title='所在地市:蚌埠市&#10;所属河流:淮河'>蚌埠闸上(蚌埠闸)</span>", "11-14 08:00", "Ⅲ", "<span data-toggle='tooltip' data-placement='right' title='原始值：20.18'>20.2</span>", "<span data-toggle='tooltip' data-placement='right' title='原始值：7.68'>7.68</span>", "<span data-toggle='tooltip' data-placement='right' title='原始值：9.1'>9.10</span>", "<span data-toggle='tooltip' data-placement='right' title='原始值：435.46'>435.5</span>", "<span data-toggle='tooltip' data-placement='right' title='原始值：58.46'>58.5</span>", "<span data-toggle='tooltip' data-placement='right' title='原始值：4.055'>4.06</span>", "<span data-toggle='tooltip' data-placement='right' title='原始值：0.037'>0.037</span>", "<span data-toggle='tooltip' data-placement='right' title='原始值：0.132'>0.132</span>", "<span data-toggle='tooltip' data-placement='right' title='原始值：1.581'>1.58</span>", "*", "*", "正常"], ["安徽省", "淮河流域", "<span data-toggle='tooltip' data-placement='right' title='所在地市:淮南市&#10;所属河流:淮河'>石头埠(老)</span>", "11-14 08:00", "Ⅳ", "<span data-toggle='tooltip' data-placement='right' title='原始值：18.07061'>18.1</span>", "<span data-toggle='tooltip' data-placement='right' title='原始值：7.27901'>7.28</span>", "<span data-toggle='tooltip' data-placement='right' title='原始值：3.45634'>3.46</span>", "<span data-toggle='tooltip' data-placement='right' title='原始值：293.5511'>293.6</span>", "<span data-toggle='tooltip' data-placement='right' title='原始值：40.12673'>40.1</span>", "<span data-toggle='tooltip' data-placement='right' title='原始值：3.98'>3.98</span>", "<span data-toggle='tooltip' data-placement='right' title='原始值：0.16'>0.160</span>", "*", "*", "*", "*", "正常"], ["安徽省", "淮河流域", "<span data-toggle='tooltip' data-placement='right' title='所在地市:淮北市&#10;所属河流:沱河'>小王桥</span>", "11-14 08:00", "Ⅳ", "<span data-toggle='tooltip' data-placement='right' title='原始值：15.54'>15.5</span>", "<span data-toggle='tooltip' data-placement='right' title='原始值：8.28'>8.28</span>", "<span data-toggle='tooltip' data-placement='right' title='原始值：9.14'>9.14</span>", "<span data-toggle='tooltip' data-placement='right' title='原始值：1751.21'>1751.2</span>", "<span data-toggle='tooltip' data-placement='right' title='原始值：10.78'>10.8</span>", "<span data-toggle='tooltip' data-placement='right' title='原始值：7.682'>7.68</span>", "<span data-toggle='tooltip' data-placement='right' title='原始值：0.009'>0.009</span>", "<span data-toggle='tooltip' data-placement='right' title='原始值：0.116'>0.116</span>", "<span data-toggle='tooltip' data-placement='right' title='原始值：1.137'>1.14</span>", "*", "*", "正常"], ["安徽省", "长江流域", "<span data-toggle='tooltip' data-placement='right' title='所在地市:安庆市&#10;所属河流:长江'>皖河口</span>", "11-14 08:00", "Ⅱ", "<span data-toggle='tooltip' data-placement='right' title='原始值：19.05'>19.0</span>", "<span data-toggle='tooltip' data-placement='right' title='原始值：7.525'>7.52</span>", "<span data-toggle='tooltip' data-placement='right' title='原始值：7.71'>7.71</span>", "<span data-toggle='tooltip' data-placement='right' title='原始值：281.38'>281.4</span>", "<span data-toggle='tooltip' data-placement='right' title='原始值：29.67'>29.7</span>", "<span data-toggle='tooltip' data-placement='right' title='原始值：1.862'>1.86</span>", "<span data-toggle='tooltip' data-placement='right' title='原始值：0.028'>0.028</span>", "<span data-toggle='tooltip' data-placement='right' title='原始值：0.0589'>0.059</span>", "<span data-toggle='tooltip' data-placement='right' title='原始值：2.027'>2.03</span>", "*", "*", "正常"], ["安徽省", "淮河流域", "<span data-toggle='tooltip' data-placement='right' title='所在地市:滁州市&#10;所属河流:淮河'>小柳巷</span>", "11-14 08:00", "Ⅲ", "<span data-toggle='tooltip' data-placement='right' title='原始值：17.2'>17.2</span>", "<span data-toggle='tooltip' data-placement='right' title='原始值：7.9'>7.90</span>", "<span data-toggle='tooltip' data-placement='right' title='原始值：9.02'>9.02</span>", "<span data-toggle='tooltip' data-placement='right' title='原始值：461'>461.0</span>", "<span data-toggle='tooltip' data-placement='right' title='原始值：122.92'>122.9</span>", "<span data-toggle='tooltip' data-placement='right' title='原始值：2.55'>2.55</span>", "<span data-toggle='tooltip' data-placement='right' title='原始值：0.062'>0.062</span>", "<span data-toggle='tooltip' data-placement='right' title='原始值：0.127'>0.127</span>", "<span data-toggle='tooltip' data-placement='right' title='原始值：1.823'>1.82</span>", "*", "*", "正常"], ["安徽省", "淮河流域", "<span data-toggle='tooltip' data-placement='right' title='所在地市:阜阳市&#10;所属河流:黑茨河'>张大桥</span>", null, "", "--", "--", "--", "--", "--", "--", "--", "--", "--", "*", "*", "停站"], ["安徽省", "淮河流域", "<span data-toggle='tooltip' data-placement='right' title='所在地市:阜阳市&#10;所属河流:淮河'>王家坝</span>", "11-14 08:00", "Ⅲ", "<span data-toggle='tooltip' data-placement='right' title='原始值：17.28'>17.3</span>", "<span data-toggle='tooltip' data-placement='right' title='原始值：7.4496'>7.45</span>", "<span data-toggle='tooltip' data-placement='right' title='原始值：8.60743'>8.61</span>", "<span data-toggle='tooltip' data-placement='right' title='原始值：408.4884'>408.5</span>", "<span data-toggle='tooltip' data-placement='right' title='原始值：12.4854'>12.5</span>", "<span data-toggle='tooltip' data-placement='right' title='原始值：2.82'>2.82</span>", "<span data-toggle='tooltip' data-placement='right' title='原始值：0.301'>0.301</span>", "<span data-toggle='tooltip' data-placement='right' title='原始值：0.10548'>0.105</span>", "<span data-toggle='tooltip' data-placement='right' title='原始值：2.36126'>2.36</span>", "*", "*", "正常"], ["安徽省", "淮河流域", "<span data-toggle='tooltip' data-placement='right' title='所在地市:阜阳市&#10;所属河流:颍河'>界首七渡口(七渡口)</span>", "11-14 08:00", "Ⅱ", "<span data-toggle='tooltip' data-placement='right' title='原始值：16.74389'>16.7</span>", "<span data-toggle='tooltip' data-placement='right' title='原始值：7.73031'>7.73</span>", "<span data-toggle='tooltip' data-placement='right' title='原始值：6.63398'>6.63</span>", "<span data-toggle='tooltip' data-placement='right' title='原始值：821.6401'>821.6</span>", "<span data-toggle='tooltip' data-placement='right' title='原始值：18.97624'>19.0</span>", "<span data-toggle='tooltip' data-placement='right' title='原始值：3.77'>3.77</span>", "<span data-toggle='tooltip' data-placement='right' title='原始值：0.18'>0.180</span>", "<span data-toggle='tooltip' data-placement='right' title='原始值：0.08945'>0.089</span>", "<span data-toggle='tooltip' data-placement='right' title='原始值：4.3039'>4.30</span>", "*", "*", "正常"], ["安徽省", "淮河流域", "<span data-toggle='tooltip' data-placement='right' title='所在地市:阜阳市&#10;所属河流:泉河'>许庄(徐庄)</span>", "11-14 08:00", "Ⅱ", "<span data-toggle='tooltip' data-placement='right' title='原始值：13.2'>13.2</span>", "<span data-toggle='tooltip' data-placement='right' title='原始值：7.98'>7.98</span>", "<span data-toggle='tooltip' data-placement='right' title='原始值：7.96'>7.96</span>", "<span data-toggle='tooltip' data-placement='right' title='原始值：997'>997.0</span>", "<span data-toggle='tooltip' data-placement='right' title='原始值：44.55'>44.6</span>", "<span data-toggle='tooltip' data-placement='right' title='原始值：3.21'>3.21</span>", "<span data-toggle='tooltip' data-placement='right' title='原始值：0.01'>0.010</span>", "<span data-toggle='tooltip' data-placement='right' title='原始值：0.055'>0.055</span>", "<span data-toggle='tooltip' data-placement='right' title='原始值：1.101'>1.10</span>", "*", "*", "正常"], ["安徽省", "淮河流域", "<span data-toggle='tooltip' data-placement='right' title='所在地市:宿州市&#10;所属河流:奎河'>杨庄</span>", "11-14 08:00", "Ⅲ", "<span data-toggle='tooltip' data-placement='right' title='原始值：14.57'>14.6</span>", "<span data-toggle='tooltip' data-placement='right' title='原始值：7.93'>7.93</span>", "<span data-toggle='tooltip' data-placement='right' title='原始值：6.38'>6.38</span>", "<span data-toggle='tooltip' data-placement='right' title='原始值：966'>966.0</span>", "<span data-toggle='tooltip' data-placement='right' title='原始值：56.53'>56.5</span>", "<span data-toggle='tooltip' data-placement='right' title='原始值：4.13'>4.13</span>", "<span data-toggle='tooltip' data-placement='right' title='原始值：0.466'>0.466</span>", "*", "*", "*", "*", "正常"], ["安徽省", "淮河流域", "<span data-toggle='tooltip' data-placement='right' title='所在地市:宿州市&#10;所属河流:新汴河'>泗县公路桥</span>", "11-14 08:00", "Ⅳ", "<span data-toggle='tooltip' data-placement='right' title='原始值：15.91'>15.9</span>", "<span data-toggle='tooltip' data-placement='right' title='原始值：8.46'>8.46</span>", "<span data-toggle='tooltip' data-placement='right' title='原始值：10.16'>10.16</span>", "<span data-toggle='tooltip' data-placement='right' title='原始值：978.9'>978.9</span>", "<span data-toggle='tooltip' data-placement='right' title='原始值：24.87'>24.9</span>", "<span data-toggle='tooltip' data-placement='right' title='原始值：6.14'>6.14</span>", "<span data-toggle='tooltip' data-placement='right' title='原始值：0.057'>0.057</span>", "*", "*", "*", "*", "正常"], ["安徽省", "淮河流域", "<span data-toggle='tooltip' data-placement='right' title='所在地市:亳州市&#10;所属河流:包河'>颜集</span>", "11-14 08:00", "Ⅲ", "<span data-toggle='tooltip' data-placement='right' title='原始值：13.6'>13.6</span>", "<span data-toggle='tooltip' data-placement='right' title='原始值：8.33'>8.33</span>", "<span data-toggle='tooltip' data-placement='right' title='原始值：8.8'>8.80</span>", "<span data-toggle='tooltip' data-placement='right' title='原始值：1846.4'>1846.4</span>", "<span data-toggle='tooltip' data-placement='right' title='原始值：148.19'>148.2</span>", "<span data-toggle='tooltip' data-placement='right' title='原始值：5.2'>5.20</span>", "<span data-toggle='tooltip' data-placement='right' title='原始值：0.28'>0.280</span>", "<span data-toggle='tooltip' data-placement='right' title='原始值：0.133'>0.133</span>", "<span data-toggle='tooltip' data-placement='right' title='原始值：4.461'>4.46</span>", "*", "*", "正常"], ["福建省", "浙闽片河流", "<span data-toggle='tooltip' data-placement='right' title='所在地市:福州市&#10;所属河流:闽江'>白岩潭</span>", "11-14 08:00", "Ⅱ", "<span data-toggle='tooltip' data-placement='right' title='原始值：21.28'>21.3</span>", "<span data-toggle='tooltip' data-placement='right' title='原始值：7.2'>7.20</span>", "<span data-toggle='tooltip' data-placement='right' title='原始值：7.69'>7.69</span>", "<span data-toggle='tooltip' data-placement='right' title='原始值：2131.6'>2131.6</span>", "<span data-toggle='tooltip' data-placement='right' title='原始值：89.95'>90.0</span>", "<span data-toggle='tooltip' data-placement='right' title='原始值：2.52'>2.52</span>", "<span data-toggle='tooltip' data-placement='right' title='原始值：0.126'>0.126</span>", "*", "*", "*", "*", "正常"], ["江西省", "长江流域", "<span data-toggle='tooltip' data-placement='right' title='所在地市:南昌市&#10;所属河流:赣江南支'>滁槎</span>", "11-14 08:00", "Ⅱ", "<span data-toggle='tooltip' data-placement='right' title='原始值：18.65241'>18.7</span>", "<span data-toggle='tooltip' data-placement='right' title='原始值：6.86718'>6.87</span>", "<span data-toggle='tooltip' data-placement='right' title='原始值：8.53095'>8.53</span>", "<span data-toggle='tooltip' data-placement='right' title='原始值：107.8288'>107.8</span>", "<span data-toggle='tooltip' data-placement='right' title='原始值：70.44286'>70.4</span>", "<span data-toggle='tooltip' data-placement='right' title='原始值：3.17'>3.17</span>", "<span data-toggle='tooltip' data-placement='right' title='原始值：0.17'>0.170</span>", "<span data-toggle='tooltip' data-placement='right' title='原始值：0.05975'>0.060</span>", "<span data-toggle='tooltip' data-placement='right' title='原始值：1.66281'>1.66</span>", "*", "*", "正常"], ["江西省", "长江流域", "<span data-toggle='tooltip' data-placement='right' title='所在地市:九江市&#10;所属河流:长江'>姚港(河西水厂)</span>", "11-14 08:00", "Ⅱ", "<span data-toggle='tooltip' data-placement='right' title='原始值：18.81'>18.8</span>", "<span data-toggle='tooltip' data-placement='right' title='原始值：7.49'>7.49</span>", "<span data-toggle='tooltip' data-placement='right' title='原始值：8.56'>8.56</span>", "<span data-toggle='tooltip' data-placement='right' title='原始值：325.3'>325.3</span>", "<span data-toggle='tooltip' data-placement='right' title='原始值：37.88'>37.9</span>", "<span data-toggle='tooltip' data-placement='right' title='原始值：1.341'>1.34</span>", "<span data-toggle='tooltip' data-placement='right' title='原始值：0.011'>0.011</span>", "<span data-toggle='tooltip' data-placement='right' title='原始值：0.071'>0.071</span>", "<span data-toggle='tooltip' data-placement='right' title='原始值：1.34'>1.34</span>", "*", "*", "正常"], ["江西省", "长江流域", "<span data-toggle='tooltip' data-placement='right' title='所在地市:九江市&#10;所属河流:鄱阳湖'>蛤蟆石</span>", "11-14 08:00", "Ⅲ", "<span data-toggle='tooltip' data-placement='right' title='原始值：18.2'>18.2</span>", "<span data-toggle='tooltip' data-placement='right' title='原始值：7.35'>7.35</span>", "<span data-toggle='tooltip' data-placement='right' title='原始值：8.89'>8.89</span>", "<span data-toggle='tooltip' data-placement='right' title='原始值：149.02'>149.0</span>", "<span data-toggle='tooltip' data-placement='right' title='原始值：52.45'>52.4</span>", "<span data-toggle='tooltip' data-placement='right' title='原始值：1.783'>1.78</span>", "<span data-toggle='tooltip' data-placement='right' title='原始值：0.023'>0.023</span>", "<span data-toggle='tooltip' data-placement='right' title='原始值：0.0385'>0.038</span>", "<span data-toggle='tooltip' data-placement='right' title='原始值：1.215'>1.22</span>", "<span data-toggle='tooltip' data-placement='right' title='原始值：0.00317'>0.003</span>", "<span data-toggle='tooltip' data-placement='right' title='原始值：1256800'>1256800</span>", "正常"], ["山东省", "黄河流域", "<span data-toggle='tooltip' data-placement='right' title='所在地市:济南市&#10;所属河流:黄河'>泺口</span>", "11-14 08:00", "Ⅱ", "<span data-toggle='tooltip' data-placement='right' title='原始值：13.458'>13.5</span>", "<span data-toggle='tooltip' data-placement='right' title='原始值：8.41106'>8.41</span>", "<span data-toggle='tooltip' data-placement='right' title='原始值：10.3215'>10.32</span>", "<span data-toggle='tooltip' data-placement='right' title='原始值：781.672'>781.7</span>", "<span data-toggle='tooltip' data-placement='right' title='原始值：407.507'>407.5</span>", "<span data-toggle='tooltip' data-placement='right' title='原始值：2.43'>2.43</span>", "<span data-toggle='tooltip' data-placement='right' title='原始值：0.13092'>0.131</span>", "<span data-toggle='tooltip' data-placement='right' title='原始值：0.01528'>0.015</span>", "<span data-toggle='tooltip' data-placement='right' title='原始值：2.984'>2.98</span>", "*", "*", "正常"], ["山东省", "淮河流域", "<span data-toggle='tooltip' data-placement='right' title='所在地市:枣庄市&#10;所属河流:京杭大运河（韩庄运河）'>台儿庄大桥</span>", "11-14 08:00", "Ⅱ", "<span data-toggle='tooltip' data-placement='right' title='原始值：14.9'>14.9</span>", "<span data-toggle='tooltip' data-placement='right' title='原始值：7.81393'>7.81</span>", "<span data-toggle='tooltip' data-placement='right' title='原始值：8.24004'>8.24</span>", "<span data-toggle='tooltip' data-placement='right' title='原始值：947.3336'>947.3</span>", "<span data-toggle='tooltip' data-placement='right' title='原始值：23.64157'>23.6</span>", "<span data-toggle='tooltip' data-placement='right' title='原始值：2.64554'>2.65</span>", "<span data-toggle='tooltip' data-placement='right' title='原始值：0.1007'>0.101</span>", "<span data-toggle='tooltip' data-placement='right' title='原始值：0.04934'>0.049</span>", "<span data-toggle='tooltip' data-placement='right' title='原始值：3.37303'>3.37</span>", "*", "*", "正常"], ["山东省", "淮河流域", "<span data-toggle='tooltip' data-placement='right' title='所在地市:临沂市&#10;所属河流:沭河'>清泉寺</span>", "11-14 08:00", "Ⅲ", "<span data-toggle='tooltip' data-placement='right' title='原始值：14.47233'>14.5</span>", "<span data-toggle='tooltip' data-placement='right' title='原始值：7.99465'>7.99</span>", "<span data-toggle='tooltip' data-placement='right' title='原始值：7.66566'>7.67</span>", "<span data-toggle='tooltip' data-placement='right' title='原始值：925.5387'>925.5</span>", "<span data-toggle='tooltip' data-placement='right' title='原始值：8.35138'>8.4</span>", "<span data-toggle='tooltip' data-placement='right' title='原始值：4.88'>4.88</span>", "<span data-toggle='tooltip' data-placement='right' title='原始值：0.35'>0.350</span>", "*", "*", "*", "*", "正常"], ["山东省", "淮河流域", "<span data-toggle='tooltip' data-placement='right' title='所在地市:临沂市&#10;所属河流:沂河'>重坊桥</span>", "11-14 08:00", "Ⅱ", "<span data-toggle='tooltip' data-placement='right' title='原始值：15.25278'>15.3</span>", "<span data-toggle='tooltip' data-placement='right' title='原始值：7.64807'>7.65</span>", "<span data-toggle='tooltip' data-placement='right' title='原始值：8.76417'>8.76</span>", "<span data-toggle='tooltip' data-placement='right' title='原始值：817.0833'>817.1</span>", "<span data-toggle='tooltip' data-placement='right' title='原始值：5.26481'>5.3</span>", "<span data-toggle='tooltip' data-placement='right' title='原始值：3.02'>3.02</span>", "<span data-toggle='tooltip' data-placement='right' title='原始值：0.1348'>0.135</span>", "*", "*", "*", "*", "正常"], ["山东省", "淮河流域", "<span data-toggle='tooltip' data-placement='right' title='所在地市:临沂市&#10;所属河流:白马河'>捷庄(涝沟桥)</span>", "11-14 08:00", "Ⅲ", "<span data-toggle='tooltip' data-placement='right' title='原始值：15.1'>15.1</span>", "<span data-toggle='tooltip' data-placement='right' title='原始值：8.4'>8.40</span>", "<span data-toggle='tooltip' data-placement='right' title='原始值：12.74358'>12.74</span>", "<span data-toggle='tooltip' data-placement='right' title='原始值：793'>793.0</span>", "<span data-toggle='tooltip' data-placement='right' title='原始值：9.84687'>9.8</span>", "<span data-toggle='tooltip' data-placement='right' title='原始值：4.73'>4.73</span>", "<span data-toggle='tooltip' data-placement='right' title='原始值：0.03953'>0.040</span>", "<span data-toggle='tooltip' data-placement='right' title='原始值：0.05687'>0.057</span>", "<span data-toggle='tooltip' data-placement='right' title='原始值：5.79197'>5.79</span>", "*", "*", "正常"], ["山东省", "海河流域", "<span data-toggle='tooltip' data-placement='right' title='所在地市:聊城市&#10;所属河流:卫运河'>秤勾湾(秤钩湾)</span>", null, "", "--", "--", "--", "--", "--", "--", "--", "--", "--", "*", "*", "停站"], ["河南省", "长江流域", "<span data-toggle='tooltip' data-placement='right' title='所在地市:南阳市&#10;所属河流:丹江口水库'>陶岔</span>", "11-14 04:00", "Ⅱ", "<span data-toggle='tooltip' data-placement='right' title='原始值：20.09'>20.1</span>", "<span data-toggle='tooltip' data-placement='right' title='原始值：7.79197'>7.79</span>", "<span data-toggle='tooltip' data-placement='right' title='原始值：8.33489'>8.33</span>", "<span data-toggle='tooltip' data-placement='right' title='原始值：275.5599'>275.6</span>", "<span data-toggle='tooltip' data-placement='right' title='原始值：2.16857'>2.2</span>", "<span data-toggle='tooltip' data-placement='right' title='原始值：2.23'>2.23</span>", "<span data-toggle='tooltip' data-placement='right' title='原始值：0.05363'>0.054</span>", "<span data-toggle='tooltip' data-placement='right' title='原始值：0.00738'>0.007</span>", "<span data-toggle='tooltip' data-placement='right' title='原始值：0.93678'>0.94</span>", "<span data-toggle='tooltip' data-placement='right' title='原始值：0.00613'>0.006</span>", "<span data-toggle='tooltip' data-placement='right' title='原始值：1820036'>1820036</span>", "正常"], ["河南省", "淮河流域", "<span data-toggle='tooltip' data-placement='right' title='所在地市:商丘市&#10;所属河流:浍河'>黄口</span>", "11-14 08:00", "Ⅲ", "<span data-toggle='tooltip' data-placement='right' title='原始值：13.40002'>13.4</span>", "<span data-toggle='tooltip' data-placement='right' title='原始值：7.60016'>7.60</span>", "<span data-toggle='tooltip' data-placement='right' title='原始值：9.06484'>9.06</span>", "<span data-toggle='tooltip' data-placement='right' title='原始值：2031'>2031.0</span>", "<span data-toggle='tooltip' data-placement='right' title='原始值：39.48243'>39.5</span>", "<span data-toggle='tooltip' data-placement='right' title='原始值：4.95'>4.95</span>", "<span data-toggle='tooltip' data-placement='right' title='原始值：0.05911'>0.059</span>", "<span data-toggle='tooltip' data-placement='right' title='原始值：0.0778'>0.078</span>", "<span data-toggle='tooltip' data-placement='right' title='原始值：7.28468'>7.28</span>", "*", "*", "正常"], ["河南省", "淮河流域", "<span data-toggle='tooltip' data-placement='right' title='所在地市:信阳市&#10;所属河流:史灌河'>蒋集</span>", "11-14 08:00", "Ⅱ", "<span data-toggle='tooltip' data-placement='right' title='原始值：17.22498'>17.2</span>", "<span data-toggle='tooltip' data-placement='right' title='原始值：6.98558'>6.99</span>", "<span data-toggle='tooltip' data-placement='right' title='原始值：7.275'>7.28</span>", "<span data-toggle='tooltip' data-placement='right' title='原始值：193.4744'>193.5</span>", "<span data-toggle='tooltip' data-placement='right' title='原始值：498.2198'>498.2</span>", "<span data-toggle='tooltip' data-placement='right' title='原始值：3.23'>3.23</span>", "<span data-toggle='tooltip' data-placement='right' title='原始值：0.03796'>0.038</span>", "*", "*", "*", "*", "正常"], ["河南省", "淮河流域", "<span data-toggle='tooltip' data-placement='right' title='所在地市:信阳市&#10;所属河流:淮河'>淮滨水文站(淮滨)</span>", "11-14 08:00", "Ⅱ", "<span data-toggle='tooltip' data-placement='right' title='原始值：14.6'>14.6</span>", "<span data-toggle='tooltip' data-placement='right' title='原始值：7.22'>7.22</span>", "<span data-toggle='tooltip' data-placement='right' title='原始值：8.85998'>8.86</span>", "<span data-toggle='tooltip' data-placement='right' title='原始值：276'>276.0</span>", "<span data-toggle='tooltip' data-placement='right' title='原始值：62.44896'>62.4</span>", "<span data-toggle='tooltip' data-placement='right' title='原始值：2.3946'>2.39</span>", "<span data-toggle='tooltip' data-placement='right' title='原始值：0.14065'>0.141</span>", "<span data-toggle='tooltip' data-placement='right' title='原始值：0.09587'>0.096</span>", "<span data-toggle='tooltip' data-placement='right' title='原始值：1.72271'>1.72</span>", "*", "*", "正常"], ["河南省", "淮河流域", "<span data-toggle='tooltip' data-placement='right' title='所在地市:周口市&#10;所属河流:沙河'>沈丘闸</span>", "11-14 08:00", "Ⅲ", "<span data-toggle='tooltip' data-placement='right' title='原始值：15.4072'>15.4</span>", "<span data-toggle='tooltip' data-placement='right' title='原始值：7.42467'>7.42</span>", "<span data-toggle='tooltip' data-placement='right' title='原始值：5.27285'>5.27</span>", "<span data-toggle='tooltip' data-placement='right' title='原始值：1040'>1040.0</span>", "<span data-toggle='tooltip' data-placement='right' title='原始值：22.00348'>22.0</span>", "<span data-toggle='tooltip' data-placement='right' title='原始值：3.825'>3.82</span>", "<span data-toggle='tooltip' data-placement='right' title='原始值：0.48'>0.480</span>", "*", "*", "*", "*", "正常"], ["河南省", "淮河流域", "<span data-toggle='tooltip' data-placement='right' title='所在地市:周口市&#10;所属河流:涡河'>鹿邑付桥(鹿邑付桥闸)</span>", "11-14 08:00", "Ⅳ", "<span data-toggle='tooltip' data-placement='right' title='原始值：16.09915'>16.1</span>", "<span data-toggle='tooltip' data-placement='right' title='原始值：8.54143'>8.54</span>", "<span data-toggle='tooltip' data-placement='right' title='原始值：9.68309'>9.68</span>", "<span data-toggle='tooltip' data-placement='right' title='原始值：1420.031'>1420.0</span>", "<span data-toggle='tooltip' data-placement='right' title='原始值：12.015'>12.0</span>", "<span data-toggle='tooltip' data-placement='right' title='原始值：6.505'>6.50</span>", "<span data-toggle='tooltip' data-placement='right' title='原始值：0.05'>0.050</span>", "<span data-toggle='tooltip' data-placement='right' title='原始值：0.1042'>0.104</span>", "<span data-toggle='tooltip' data-placement='right' title='原始值：0.90204'>0.90</span>", "*", "*", "正常"], ["河南省", "淮河流域", "<span data-toggle='tooltip' data-placement='right' title='所在地市:驻马店市&#10;所属河流:洪河'>新蔡班台(班台)</span>", "11-14 08:00", "Ⅱ", "<span data-toggle='tooltip' data-placement='right' title='原始值：17.09643'>17.1</span>", "<span data-toggle='tooltip' data-placement='right' title='原始值：7.61567'>7.62</span>", "<span data-toggle='tooltip' data-placement='right' title='原始值：10.52292'>10.52</span>", "<span data-toggle='tooltip' data-placement='right' title='原始值：875.3948'>875.4</span>", "<span data-toggle='tooltip' data-placement='right' title='原始值：5.08685'>5.1</span>", "<span data-toggle='tooltip' data-placement='right' title='原始值：2.395'>2.40</span>", "<span data-toggle='tooltip' data-placement='right' title='原始值：0.2'>0.200</span>", "<span data-toggle='tooltip' data-placement='right' title='原始值：0.09826'>0.098</span>", "<span data-toggle='tooltip' data-placement='right' title='原始值：4.06342'>4.06</span>", "*", "*", "正常"], ["河南省", "黄河流域", "<span data-toggle='tooltip' data-placement='right' title='所在地市:济源市&#10;所属河流:黄河'>小浪底水库(小浪底)</span>", "11-14 08:00", "Ⅱ", "<span data-toggle='tooltip' data-placement='right' title='原始值：14.05372'>14.1</span>", "<span data-toggle='tooltip' data-placement='right' title='原始值：8.14902'>8.15</span>", "<span data-toggle='tooltip' data-placement='right' title='原始值：8.92529'>8.93</span>", "<span data-toggle='tooltip' data-placement='right' title='原始值：726.5305'>726.5</span>", "<span data-toggle='tooltip' data-placement='right' title='原始值：9.87757'>9.9</span>", "<span data-toggle='tooltip' data-placement='right' title='原始值：1.3425'>1.34</span>", "<span data-toggle='tooltip' data-placement='right' title='原始值：0.17'>0.170</span>", "<span data-toggle='tooltip' data-placement='right' title='原始值：0.0385'>0.038</span>", "<span data-toggle='tooltip' data-placement='right' title='原始值：3.235'>3.24</span>", "*", "*", "正常"], ["湖北省", "长江流域", "<span data-toggle='tooltip' data-placement='right' title='所在地市:武汉市&#10;所属河流:汉江'>宗关</span>", "11-14 08:00", "Ⅲ", "<span data-toggle='tooltip' data-placement='right' title='原始值：18.94'>18.9</span>", "<span data-toggle='tooltip' data-placement='right' title='原始值：7.893018'>7.89</span>", "<span data-toggle='tooltip' data-placement='right' title='原始值：8.6782'>8.68</span>", "<span data-toggle='tooltip' data-placement='right' title='原始值：390.959'>391.0</span>", "<span data-toggle='tooltip' data-placement='right' title='原始值：34.2801'>34.3</span>", "<span data-toggle='tooltip' data-placement='right' title='原始值：4.42'>4.42</span>", "<span data-toggle='tooltip' data-placement='right' title='原始值：0.054'>0.054</span>", "<span data-toggle='tooltip' data-placement='right' title='原始值：0.115'>0.115</span>", "<span data-toggle='tooltip' data-placement='right' title='原始值：3.078889'>3.08</span>", "<span data-toggle='tooltip' data-placement='right' title='原始值：0.0031406'>0.003</span>", "*", "正常"], ["湖北省", "长江流域", "<span data-toggle='tooltip' data-placement='right' title='所在地市:十堰市&#10;所属河流:丹江口水库'>坝上中(胡家岭)</span>", "11-14 08:00", "Ⅱ", "<span data-toggle='tooltip' data-placement='right' title='原始值：20'>20.0</span>", "<span data-toggle='tooltip' data-placement='right' title='原始值：7.781762'>7.78</span>", "<span data-toggle='tooltip' data-placement='right' title='原始值：7.603345'>7.60</span>", "<span data-toggle='tooltip' data-placement='right' title='原始值：247.267'>247.3</span>", "<span data-toggle='tooltip' data-placement='right' title='原始值：2.14428'>2.1</span>", "<span data-toggle='tooltip' data-placement='right' title='原始值：1.78'>1.78</span>", "<span data-toggle='tooltip' data-placement='right' title='原始值：0.113'>0.113</span>", "<span data-toggle='tooltip' data-placement='right' title='原始值：0.013'>0.013</span>", "<span data-toggle='tooltip' data-placement='right' title='原始值：1.333'>1.33</span>", "<span data-toggle='tooltip' data-placement='right' title='原始值：0.0066202'>0.007</span>", "<span data-toggle='tooltip' data-placement='right' title='原始值：9003000'>9003000</span>", "正常"], ["湖北省", "长江流域", "<span data-toggle='tooltip' data-placement='right' title='所在地市:宜昌市&#10;所属河流:长江'>南津关</span>", "11-14 08:00", "Ⅱ", "<span data-toggle='tooltip' data-placement='right' title='原始值：19.59'>19.6</span>", "<span data-toggle='tooltip' data-placement='right' title='原始值：7.927927'>7.93</span>", "<span data-toggle='tooltip' data-placement='right' title='原始值：8.320964'>8.32</span>", "<span data-toggle='tooltip' data-placement='right' title='原始值：369.238'>369.2</span>", "<span data-toggle='tooltip' data-placement='right' title='原始值：3.020289'>3.0</span>", "<span data-toggle='tooltip' data-placement='right' title='原始值：1.33'>1.33</span>", "<span data-toggle='tooltip' data-placement='right' title='原始值：0.004'>0.004</span>", "<span data-toggle='tooltip' data-placement='right' title='原始值：0.042'>0.042</span>", "<span data-toggle='tooltip' data-placement='right' title='原始值：1.572'>1.57</span>", "<span data-toggle='tooltip' data-placement='right' title='原始值：0.0016532'>0.002</span>", "*", "正常"], ["湖南省", "长江流域", "<span data-toggle='tooltip' data-placement='right' title='所在地市:长沙市&#10;所属河流:湘江'>新港</span>", null, "", "--", "--", "--", "--", "--", "--", "--", "--", "--", "*", "*", "停站"], ["湖南省", "长江流域", "<span data-toggle='tooltip' data-placement='right' title='所在地市:岳阳市&#10;所属河流:洞庭湖'>岳阳楼</span>", "11-14 08:00", "Ⅴ", "<span data-toggle='tooltip' data-placement='right' title='原始值：18.03'>18.0</span>", "<span data-toggle='tooltip' data-placement='right' title='原始值：7.88623'>7.89</span>", "<span data-toggle='tooltip' data-placement='right' title='原始值：7.795793'>7.80</span>", "<span data-toggle='tooltip' data-placement='right' title='原始值：265.7641'>265.8</span>", "<span data-toggle='tooltip' data-placement='right' title='原始值：46.51265'>46.5</span>", "<span data-toggle='tooltip' data-placement='right' title='原始值：1.83'>1.83</span>", "<span data-toggle='tooltip' data-placement='right' title='原始值：0.015'>0.015</span>", "<span data-toggle='tooltip' data-placement='right' title='原始值：0.111'>0.111</span>", "<span data-toggle='tooltip' data-placement='right' title='原始值：2.766'>2.77</span>", "<span data-toggle='tooltip' data-placement='right' title='原始值：0.0033438'>0.003</span>", "<span data-toggle='tooltip' data-placement='right' title='原始值：291.081'>291</span>", "正常"], ["湖南省", "长江流域", "<span data-toggle='tooltip' data-placement='right' title='所在地市:岳阳市&#10;所属河流:长江'>城陵矶</span>", "11-14 08:00", "Ⅲ", "<span data-toggle='tooltip' data-placement='right' title='原始值：19.04'>19.0</span>", "<span data-toggle='tooltip' data-placement='right' title='原始值：8.177314'>8.18</span>", "<span data-toggle='tooltip' data-placement='right' title='原始值：8.933029'>8.93</span>", "<span data-toggle='tooltip' data-placement='right' title='原始值：285.566'>285.6</span>", "<span data-toggle='tooltip' data-placement='right' title='原始值：51.76248'>51.8</span>", "<span data-toggle='tooltip' data-placement='right' title='原始值：2.33'>2.33</span>", "<span data-toggle='tooltip' data-placement='right' title='原始值：0.019'>0.019</span>", "<span data-toggle='tooltip' data-placement='right' title='原始值：0.114'>0.114</span>", "<span data-toggle='tooltip' data-placement='right' title='原始值：1.3984'>1.40</span>", "*", "*", "正常"], ["广东省", "珠江流域", "<span data-toggle='tooltip' data-placement='right' title='所在地市:清远市&#10;所属河流:北江'>七星岗</span>", "11-14 08:00", "Ⅰ", "<span data-toggle='tooltip' data-placement='right' title='原始值：23.84469'>23.8</span>", "<span data-toggle='tooltip' data-placement='right' title='原始值：7.62716'>7.63</span>", "<span data-toggle='tooltip' data-placement='right' title='原始值：8.20052'>8.20</span>", "<span data-toggle='tooltip' data-placement='right' title='原始值：246.0026'>246.0</span>", "<span data-toggle='tooltip' data-placement='right' title='原始值：18.06699'>18.1</span>", "<span data-toggle='tooltip' data-placement='right' title='原始值：0.7'>0.70</span>", "<span data-toggle='tooltip' data-placement='right' title='原始值：0.12886'>0.129</span>", "<span data-toggle='tooltip' data-placement='right' title='原始值：0.01948'>0.019</span>", "<span data-toggle='tooltip' data-placement='right' title='原始值：1.5799'>1.58</span>", "*", "*", "正常"], ["广东省", "珠江流域", "<span data-toggle='tooltip' data-placement='right' title='所在地市:中山市&#10;所属河流:西江'>横栏</span>", "11-14 08:00", "Ⅱ", "<span data-toggle='tooltip' data-placement='right' title='原始值：22.8'>22.8</span>", "<span data-toggle='tooltip' data-placement='right' title='原始值：7.8'>7.80</span>", "<span data-toggle='tooltip' data-placement='right' title='原始值：7.03'>7.03</span>", "<span data-toggle='tooltip' data-placement='right' title='原始值：301'>301.0</span>", "<span data-toggle='tooltip' data-placement='right' title='原始值：10.4'>10.4</span>", "<span data-toggle='tooltip' data-placement='right' title='原始值：1.59'>1.59</span>", "<span data-toggle='tooltip' data-placement='right' title='原始值：0.15406'>0.154</span>", "*", "*", "*", "*", "正常"], ["广西壮族自治区", "珠江流域", "<span data-toggle='tooltip' data-placement='right' title='所在地市:南宁市&#10;所属河流:邕江'>老口</span>", "11-14 08:00", "Ⅱ", "<span data-toggle='tooltip' data-placement='right' title='原始值：22.79846'>22.8</span>", "<span data-toggle='tooltip' data-placement='right' title='原始值：7.86512'>7.87</span>", "<span data-toggle='tooltip' data-placement='right' title='原始值：7.83085'>7.83</span>", "<span data-toggle='tooltip' data-placement='right' title='原始值：359.8275'>359.8</span>", "<span data-toggle='tooltip' data-placement='right' title='原始值：6.5624'>6.6</span>", "<span data-toggle='tooltip' data-placement='right' title='原始值：0.44344'>0.44</span>", "<span data-toggle='tooltip' data-placement='right' title='原始值：0.07851'>0.079</span>", "<span data-toggle='tooltip' data-placement='right' title='原始值：0.02115'>0.021</span>", "<span data-toggle='tooltip' data-placement='right' title='原始值：2.21142'>2.21</span>", "*", "*", "正常"], ["广西壮族自治区", "珠江流域", "<span data-toggle='tooltip' data-placement='right' title='所在地市:桂林市&#10;所属河流:漓江'>阳朔</span>", null, "", "--", "--", "--", "--", "--", "--", "--", "--", "--", "*", "*", "停站"], ["广西壮族自治区", "珠江流域", "<span data-toggle='tooltip' data-placement='right' title='所在地市:梧州市&#10;所属河流:浔江'>界首</span>", null, "", "--", "--", "--", "--", "--", "--", "--", "--", "--", "*", "*", "停站"], ["广西壮族自治区", "珠江流域", "<span data-toggle='tooltip' data-placement='right' title='所在地市:贵港市&#10;所属河流:浔江'>石嘴</span>", "11-14 08:00", "Ⅱ", "<span data-toggle='tooltip' data-placement='right' title='原始值：25.7139'>25.7</span>", "<span data-toggle='tooltip' data-placement='right' title='原始值：8.03818'>8.04</span>", "<span data-toggle='tooltip' data-placement='right' title='原始值：8.67576'>8.68</span>", "<span data-toggle='tooltip' data-placement='right' title='原始值：284.7834'>284.8</span>", "<span data-toggle='tooltip' data-placement='right' title='原始值：14.53539'>14.5</span>", "<span data-toggle='tooltip' data-placement='right' title='原始值：0.94'>0.94</span>", "<span data-toggle='tooltip' data-placement='right' title='原始值：0.19'>0.190</span>", "<span data-toggle='tooltip' data-placement='right' title='原始值：0.03682'>0.037</span>", "<span data-toggle='tooltip' data-placement='right' title='原始值：1.0979'>1.10</span>", "*", "*", "正常"], ["广西壮族自治区", "珠江流域", "<span data-toggle='tooltip' data-placement='right' title='所在地市:崇左市&#10;所属河流:平而河'>平而关</span>", "11-14 08:00", "Ⅰ", "<span data-toggle='tooltip' data-placement='right' title='原始值：21.11054'>21.1</span>", "<span data-toggle='tooltip' data-placement='right' title='原始值：8.18948'>8.19</span>", "<span data-toggle='tooltip' data-placement='right' title='原始值：8.91564'>8.92</span>", "<span data-toggle='tooltip' data-placement='right' title='原始值：241.061'>241.1</span>", "<span data-toggle='tooltip' data-placement='right' title='原始值：17.68721'>17.7</span>", "<span data-toggle='tooltip' data-placement='right' title='原始值：0.7'>0.70</span>", "<span data-toggle='tooltip' data-placement='right' title='原始值：0.02'>0.020</span>", "*", "*", "*", "*", "正常"], ["重庆市", "长江流域", "<span data-toggle='tooltip' data-placement='right' title='所在地市:永川区&#10;所属河流:长江'>朱沱</span>", "11-14 08:00", "", "<span data-toggle='tooltip' data-placement='right' title='原始值：18.85'>18.8</span>", "<span data-toggle='tooltip' data-placement='right' title='原始值：8.05'>8.05</span>", "<span data-toggle='tooltip' data-placement='right' title='原始值：10.13'>10.13</span>", "<span data-toggle='tooltip' data-placement='right' title='原始值：381.98'>382.0</span>", "<span data-toggle='tooltip' data-placement='right' title='原始值：22.05'>22.0</span>", "<span data-toggle='tooltip' data-placement='right' title='原始值：1.634'>1.63</span>", "<span data-toggle='tooltip' data-placement='right' title='原始值：0.004'>0.004</span>", "<span data-toggle='tooltip' data-placement='right' title='极值过滤'>--</span>", "<span data-toggle='tooltip' data-placement='right' title='极值过滤'>--</span>", "*", "*", "维护"], ["四川省", "长江流域", "<span data-toggle='tooltip' data-placement='right' title='所在地市:攀枝花市&#10;所属河流:金沙江'>龙洞</span>", "11-14 08:00", "Ⅰ", "<span data-toggle='tooltip' data-placement='right' title='原始值：17.92'>17.9</span>", "<span data-toggle='tooltip' data-placement='right' title='原始值：8.372001'>8.37</span>", "<span data-toggle='tooltip' data-placement='right' title='原始值：8.614635'>8.61</span>", "<span data-toggle='tooltip' data-placement='right' title='原始值：837.245'>837.2</span>", "<span data-toggle='tooltip' data-placement='right' title='原始值：11.34088'>11.3</span>", "<span data-toggle='tooltip' data-placement='right' title='原始值：0.26'>0.26</span>", "<span data-toggle='tooltip' data-placement='right' title='原始值：0.013'>0.013</span>", "<span data-toggle='tooltip' data-placement='right' title='原始值：0.0053162'>0.005</span>", "<span data-toggle='tooltip' data-placement='right' title='原始值：0.718788'>0.72</span>", "*", "*", "正常"], ["四川省", "长江流域", "<span data-toggle='tooltip' data-placement='right' title='所在地市:泸州市&#10;所属河流:沱江'>沱江大桥(沱江二桥)</span>", "11-14 08:00", "Ⅱ", "<span data-toggle='tooltip' data-placement='right' title='原始值：18.99'>19.0</span>", "<span data-toggle='tooltip' data-placement='right' title='原始值：8.209495'>8.21</span>", "<span data-toggle='tooltip' data-placement='right' title='原始值：9.361649'>9.36</span>", "<span data-toggle='tooltip' data-placement='right' title='原始值：521.7952'>521.8</span>", "<span data-toggle='tooltip' data-placement='right' title='原始值：17.95061'>18.0</span>", "<span data-toggle='tooltip' data-placement='right' title='原始值：1.94'>1.94</span>", "<span data-toggle='tooltip' data-placement='right' title='原始值：0.011'>0.011</span>", "<span data-toggle='tooltip' data-placement='right' title='原始值：0.0853225'>0.085</span>", "<span data-toggle='tooltip' data-placement='right' title='原始值：3.316317'>3.32</span>", "*", "*", "正常"], ["四川省", "长江流域", "<span data-toggle='tooltip' data-placement='right' title='所在地市:广元市&#10;所属河流:嘉陵江'>清风峡</span>", "11-14 04:00", "Ⅰ", "<span data-toggle='tooltip' data-placement='right' title='原始值：13.82872'>13.8</span>", "<span data-toggle='tooltip' data-placement='right' title='原始值：8.38'>8.38</span>", "<span data-toggle='tooltip' data-placement='right' title='原始值：10.69'>10.69</span>", "<span data-toggle='tooltip' data-placement='right' title='原始值：407'>407.0</span>", "<span data-toggle='tooltip' data-placement='right' title='原始值：54.83521'>54.8</span>", "<span data-toggle='tooltip' data-placement='right' title='原始值：0.6'>0.60</span>", "<span data-toggle='tooltip' data-placement='right' title='原始值：0.12889'>0.129</span>", "*", "*", "*", "*", "正常"], ["四川省", "长江流域", "<span data-toggle='tooltip' data-placement='right' title='所在地市:乐山市&#10;所属河流:岷江'>岷江大桥</span>", null, "", "--", "--", "--", "--", "--", "--", "--", "--", "--", "*", "*", "停站"], ["四川省", "长江流域", "<span data-toggle='tooltip' data-placement='right' title='所在地市:宜宾市&#10;所属河流:岷江'>凉姜沟</span>", "11-14 08:00", "Ⅱ", "<span data-toggle='tooltip' data-placement='right' title='原始值：17.62'>17.6</span>", "<span data-toggle='tooltip' data-placement='right' title='原始值：7.961603'>7.96</span>", "<span data-toggle='tooltip' data-placement='right' title='原始值：8.500316'>8.50</span>", "<span data-toggle='tooltip' data-placement='right' title='原始值：286.0032'>286.0</span>", "<span data-toggle='tooltip' data-placement='right' title='原始值：19.24324'>19.2</span>", "<span data-toggle='tooltip' data-placement='right' title='原始值：1.42'>1.42</span>", "<span data-toggle='tooltip' data-placement='right' title='原始值：0.096'>0.096</span>", "<span data-toggle='tooltip' data-placement='right' title='原始值：0.0664534'>0.066</span>", "<span data-toggle='tooltip' data-placement='right' title='原始值：1.382474'>1.38</span>", "*", "*", "正常"], ["云南省", "滇池流域", "<span data-toggle='tooltip' data-placement='right' title='所在地市:昆明市&#10;所属河流:滇池'>西苑隧道</span>", "11-14 08:00", "Ⅳ", "<span data-toggle='tooltip' data-placement='right' title='原始值：16.25'>16.2</span>", "<span data-toggle='tooltip' data-placement='right' title='原始值：7.81079'>7.81</span>", "<span data-toggle='tooltip' data-placement='right' title='原始值：8.291'>8.29</span>", "<span data-toggle='tooltip' data-placement='right' title='原始值：658.933'>658.9</span>", "<span data-toggle='tooltip' data-placement='right' title='原始值：24.96'>25.0</span>", "<span data-toggle='tooltip' data-placement='right' title='原始值：8.8'>8.80</span>", "<span data-toggle='tooltip' data-placement='right' title='原始值：0.01993'>0.020</span>", "<span data-toggle='tooltip' data-placement='right' title='原始值：0.03668'>0.037</span>", "<span data-toggle='tooltip' data-placement='right' title='原始值：3.28935'>3.29</span>", "<span data-toggle='tooltip' data-placement='right' title='原始值：0.02615'>0.026</span>", "<span data-toggle='tooltip' data-placement='right' title='原始值：3.203967E+07'>32039670</span>", "正常"], ["云南省", "滇池流域", "<span data-toggle='tooltip' data-placement='right' title='所在地市:昆明市&#10;所属河流:滇池'>观音山</span>", "11-14 08:00", "劣Ⅴ", "<span data-toggle='tooltip' data-placement='right' title='原始值：18.056'>18.1</span>", "<span data-toggle='tooltip' data-placement='right' title='原始值：9.144'>9.14</span>", "<span data-toggle='tooltip' data-placement='right' title='原始值：8.171'>8.17</span>", "<span data-toggle='tooltip' data-placement='right' title='原始值：388.064'>388.1</span>", "<span data-toggle='tooltip' data-placement='right' title='原始值：32.318'>32.3</span>", "<span data-toggle='tooltip' data-placement='right' title='原始值：6.74'>6.74</span>", "<span data-toggle='tooltip' data-placement='right' title='原始值：0.86'>0.860</span>", "<span data-toggle='tooltip' data-placement='right' title='原始值：0.058'>0.058</span>", "<span data-toggle='tooltip' data-placement='right' title='原始值：1.203'>1.20</span>", "<span data-toggle='tooltip' data-placement='right' title='原始值：0.003'>0.003</span>", "<span data-toggle='tooltip' data-placement='right' title='原始值：1.374058E+07'>13740580</span>", "正常"], ["云南省", "西南诸河", "<span data-toggle='tooltip' data-placement='right' title='所在地市:红河哈尼族彝族自治州&#10;所属河流:红河'>河口县医院(河口)</span>", "11-14 08:00", "", "<span data-toggle='tooltip' data-placement='right' title='原始值：22.64593'>22.6</span>", "<span data-toggle='tooltip' data-placement='right' title='原始值：6.97543'>6.98</span>", "<span data-toggle='tooltip' data-placement='right' title='原始值：8.39582'>8.40</span>", "<span data-toggle='tooltip' data-placement='right' title='原始值：200.6058'>200.6</span>", "<span data-toggle='tooltip' data-placement='right' title='原始值：91.40254'>91.4</span>", "<span data-toggle='tooltip' data-placement='right' title='原始值：1.94992'>1.95</span>", "<span data-toggle='tooltip' data-placement='right' title='原始值：0.11147'>0.111</span>", "<span data-toggle='tooltip' data-placement='right' title='极值过滤'>--</span>", "<span data-toggle='tooltip' data-placement='right' title='原始值：1.39835'>1.40</span>", "*", "*", "维护"], ["云南省", "西南诸河", "<span data-toggle='tooltip' data-placement='right' title='所在地市:西双版纳傣族自治州&#10;所属河流:澜沧江'>橄榄坝</span>", "11-14 08:00", "Ⅱ", "<span data-toggle='tooltip' data-placement='right' title='原始值：19.26879'>19.3</span>", "<span data-toggle='tooltip' data-placement='right' title='原始值：7.67969'>7.68</span>", "<span data-toggle='tooltip' data-placement='right' title='原始值：8.79769'>8.80</span>", "<span data-toggle='tooltip' data-placement='right' title='原始值：491.554'>491.6</span>", "<span data-toggle='tooltip' data-placement='right' title='原始值：10.20594'>10.2</span>", "<span data-toggle='tooltip' data-placement='right' title='原始值：2.4'>2.40</span>", "<span data-toggle='tooltip' data-placement='right' title='原始值：0.10178'>0.102</span>", "*", "*", "*", "*", "正常"], ["陕西省", "黄河流域", "<span data-toggle='tooltip' data-placement='right' title='所在地市:渭南市&#10;所属河流:渭河'>潼关吊桥</span>", "11-14 08:00", "Ⅳ", "<span data-toggle='tooltip' data-placement='right' title='原始值：14.10039'>14.1</span>", "<span data-toggle='tooltip' data-placement='right' title='原始值：8.45'>8.45</span>", "<span data-toggle='tooltip' data-placement='right' title='原始值：8.86996'>8.87</span>", "<span data-toggle='tooltip' data-placement='right' title='原始值：1121.75'>1121.8</span>", "<span data-toggle='tooltip' data-placement='right' title='原始值：1024.533'>1024.5</span>", "<span data-toggle='tooltip' data-placement='right' title='原始值：6.08'>6.08</span>", "<span data-toggle='tooltip' data-placement='right' title='原始值：0.14'>0.140</span>", "<span data-toggle='tooltip' data-placement='right' title='原始值：0.21487'>0.215</span>", "<span data-toggle='tooltip' data-placement='right' title='原始值：7.04934'>7.05</span>", "*", "*", "正常"], ["甘肃省", "黄河流域", "<span data-toggle='tooltip' data-placement='right' title='所在地市:兰州市&#10;所属河流:黄河'>新城桥</span>", null, "", "--", "--", "--", "--", "--", "--", "--", "--", "--", "*", "*", "停站"], ["宁夏回族自治区", "黄河流域", "<span data-toggle='tooltip' data-placement='right' title='所在地市:中卫市&#10;所属河流:黄河'>中卫下河沿(新墩)</span>", "11-14 08:00", "Ⅱ", "<span data-toggle='tooltip' data-placement='right' title='原始值：13.39256'>13.4</span>", "<span data-toggle='tooltip' data-placement='right' title='原始值：6.81414'>6.81</span>", "<span data-toggle='tooltip' data-placement='right' title='原始值：8.83939'>8.84</span>", "<span data-toggle='tooltip' data-placement='right' title='原始值：649.6292'>649.6</span>", "<span data-toggle='tooltip' data-placement='right' title='原始值：254.3782'>254.4</span>", "<span data-toggle='tooltip' data-placement='right' title='原始值：2.05'>2.05</span>", "<span data-toggle='tooltip' data-placement='right' title='原始值：0.09'>0.090</span>", "<span data-toggle='tooltip' data-placement='right' title='原始值：0.0947'>0.095</span>", "<span data-toggle='tooltip' data-placement='right' title='原始值：1.8765'>1.88</span>", "*", "*", "正常"]]}