省份,流域,断面名称,监测时间,水质类别,水温(℃),pH(无量纲),溶解氧(mg/L),电导率(μS/cm),浊度(NTU),高锰酸盐指数(mg/L),氨氮(mg/L),总磷(mg/L),总氮(mg/L),叶绿素α(mg/L),藻密度(cells/L),站点情况
云南省,滇池流域,王大桥,04-01 04:00,劣Ⅴ,15.0,7.75,2.52,455.2,11.6,3.92,3.046,0.206,4.74,*,*,正常
云南省,滇池流域,王大桥,*,*,--,--,--,--,--,--,--,--,--,*,*,维护
云南省,滇池流域,王大桥,*,*,--,--,--,--,--,--,--,--,--,*,*,维护
云南省,滇池流域,王大桥,*,*,--,--,--,--,--,--,--,--,--,*,*,不具备运行条件
云南省,滇池流域,王大桥,*,*,--,--,--,--,--,--,--,--,--,*,*,不具备运行条件
